1A22.A.B_A	1A22.A.B_B	CA171A	1.019411
1A22.A.B_A	1A22.A.B_B	CB67A	0.000000
1A22.A.B_A	1A22.A.B_B	CB81A	0.000000
1A22.A.B_A	1A22.A.B_B	DA160A	0.974370
1A22.A.B_A	1A22.A.B_B	DA26A	-0.211313
1A22.A.B_A	1A22.A.B_B	DB119A	1.531305
1A22.A.B_A	1A22.A.B_B	DB160A	-0.046188
1A22.A.B_A	1A22.A.B_B	DB85A	0.984745
1A22.A.B_A	1A22.A.B_B	DB91A	1.085717
1A22.A.B_A	1A22.A.B_B	EA163A	-0.910037
1A22.A.B_A	1A22.A.B_B	EA175A	-0.074272
1A22.A.B_A	1A22.A.B_B	EA56A	0.624571
1A22.A.B_A	1A22.A.B_B	EA65A	-0.393725
1A22.A.B_A	1A22.A.B_B	EA66A	0.436234
1A22.A.B_A	1A22.A.B_B	EB10A	0.705528
1A22.A.B_A	1A22.A.B_B	EB128A	0.082802
1A22.A.B_A	1A22.A.B_B	EB12A	1.373793
1A22.A.B_A	1A22.A.B_B	EB130A	-0.079111
1A22.A.B_A	1A22.A.B_B	EB135A	0.199344
1A22.A.B_A	1A22.A.B_B	EB162A	-0.079111
1A22.A.B_A	1A22.A.B_B	EB164A	-0.062421
1A22.A.B_A	1A22.A.B_B	EB179A	0.108017
1A22.A.B_A	1A22.A.B_B	EB34A	-0.098667
1A22.A.B_A	1A22.A.B_B	EB38A	-0.079111
1A22.A.B_A	1A22.A.B_B	EB41A	0.783077
1A22.A.B_A	1A22.A.B_B	EB50A	0.177798
1A22.A.B_A	1A22.A.B_B	EB79A	-0.202294
1A22.A.B_A	1A22.A.B_B	EB86A	0.786411
1A22.A.B_A	1A22.A.B_B	FA10A	1.049799
1A22.A.B_A	1A22.A.B_B	FA165A	1.024455
1A22.A.B_A	1A22.A.B_B	FA165Y	1.269933
1A22.A.B_A	1A22.A.B_B	FA180A	0.191828
1A22.A.B_A	1A22.A.B_B	FA25A	-0.423821
1A22.A.B_A	1A22.A.B_B	FA54A	0.879362
1A22.A.B_A	1A22.A.B_B	FB55S	-0.041053
1A22.A.B_A	1A22.A.B_B	FB59A	-0.015000
1A22.A.B_A	1A22.A.B_B	GA176A	0.346296
1A22.A.B_A	1A22.A.B_B	HA18A	-0.346373
1A22.A.B_A	1A22.A.B_B	HA21A	0.155438
1A22.A.B_A	1A22.A.B_B	IA168A	0.698028
1A22.A.B_A	1A22.A.B_B	IA4A	0.410656
1A22.A.B_A	1A22.A.B_B	IA58A	1.659799
1A22.A.B_A	1A22.A.B_B	IA58L	0.316418
1A22.A.B_A	1A22.A.B_B	IB120A	2.154394
1A22.A.B_A	1A22.A.B_B	IB62A	1.272705
1A22.A.B_A	1A22.A.B_B	IB64A	1.350494
1A22.A.B_A	1A22.A.B_B	IB87A	0.588454
1A22.A.B_A	1A22.A.B_B	KA157A	-0.052375
1A22.A.B_A	1A22.A.B_B	KA161A	1.779152
1A22.A.B_A	1A22.A.B_B	KA70A	0.521570
1A22.A.B_A	1A22.A.B_B	KB122A	-0.008843
1A22.A.B_A	1A22.A.B_B	KB134A	0.000000
1A22.A.B_A	1A22.A.B_B	KB158A	0.240219
1A22.A.B_A	1A22.A.B_B	KB161A	0.199344
1A22.A.B_A	1A22.A.B_B	KB170A	0.642630
1A22.A.B_A	1A22.A.B_B	KB40A	0.143934
1A22.A.B_A	1A22.A.B_B	KB69A	0.042847
1A22.A.B_A	1A22.A.B_B	KB80A	0.079457
1A22.A.B_A	1A22.A.B_B	LA15A	0.152751
1A22.A.B_A	1A22.A.B_B	LA45A	1.224517
1A22.A.B_A	1A22.A.B_B	LA6A	0.639143
1A22.A.B_A	1A22.A.B_B	LA73A	-0.206355
1A22.A.B_A	1A22.A.B_B	LA9A	-0.035917
1A22.A.B_A	1A22.A.B_B	MA14A	0.234353
1A22.A.B_A	1A22.A.B_B	NA12A	0.096285
1A22.A.B_A	1A22.A.B_B	NA63A	0.510328
1A22.A.B_A	1A22.A.B_B	NB173A	0.287041
1A22.A.B_A	1A22.A.B_B	NB31A	0.003612
1A22.A.B_A	1A22.A.B_B	NB56A	-0.255218
1A22.A.B_A	1A22.A.B_B	PA2A	-0.054727
1A22.A.B_A	1A22.A.B_B	PA48A	0.410656
1A22.A.B_A	1A22.A.B_B	PA59A	0.383925
1A22.A.B_A	1A22.A.B_B	PA5A	0.436234
1A22.A.B_A	1A22.A.B_B	PA61A	1.209325
1A22.A.B_A	1A22.A.B_B	PB65A	2.966264
1A22.A.B_A	1A22.A.B_B	PB9A	0.259645
1A22.A.B_A	1A22.A.B_B	QA170A	0.274082
1A22.A.B_A	1A22.A.B_B	QA22A	-0.219837
1A22.A.B_A	1A22.A.B_B	QA29A	-0.589047
1A22.A.B_A	1A22.A.B_B	QA46A	0.108017
1A22.A.B_A	1A22.A.B_B	QA68A	0.787916
1A22.A.B_A	1A22.A.B_B	QA69A	-0.054727
1A22.A.B_A	1A22.A.B_B	QB121A	0.008587
1A22.A.B_A	1A22.A.B_B	QB171A	0.884437
1A22.A.B_A	1A22.A.B_B	QB33A	-0.193698
1A22.A.B_A	1A22.A.B_B	QB37A	-0.410656
1A22.A.B_A	1A22.A.B_B	QB89A	-0.030389
1A22.A.B_A	1A22.A.B_B	RA156A	0.059761
1A22.A.B_A	1A22.A.B_B	RA167A	2.425703
1A22.A.B_A	1A22.A.B_B	RA167K	0.953515
1A22.A.B_A	1A22.A.B_B	RA167N	1.269933
1A22.A.B_A	1A22.A.B_B	RA16A	0.240219
1A22.A.B_A	1A22.A.B_B	RA172A	0.489546
1A22.A.B_A	1A22.A.B_B	RA19A	0.050096
1A22.A.B_A	1A22.A.B_B	RA64A	1.721932
1A22.A.B_A	1A22.A.B_B	RA64K	-0.314372
1A22.A.B_A	1A22.A.B_B	RA8A	0.204301
1A22.A.B_A	1A22.A.B_B	RB11A	1.524245
1A22.A.B_A	1A22.A.B_B	RB11L	0.521570
1A22.A.B_A	1A22.A.B_B	RB11M	1.000400
1A22.A.B_A	1A22.A.B_B	RB166A	0.056467
1A22.A.B_A	1A22.A.B_B	RB168A	-0.190523
1A22.A.B_A	1A22.A.B_B	RB172A	0.261142
1A22.A.B_A	1A22.A.B_B	RB29A	0.554108
1A22.A.B_A	1A22.A.B_B	RB30A	0.567586
1A22.A.B_A	1A22.A.B_B	RB7A	0.269124
1A22.A.B_A	1A22.A.B_B	SA173A	-0.054727
1A22.A.B_A	1A22.A.B_B	SA177A	-0.206355
1A22.A.B_A	1A22.A.B_B	SA51A	0.348235
1A22.A.B_A	1A22.A.B_B	SA55A	0.110914
1A22.A.B_A	1A22.A.B_B	SA57A	0.204301
1A22.A.B_A	1A22.A.B_B	SA62A	0.397291
1A22.A.B_A	1A22.A.B_B	SA71A	0.410656
1A22.A.B_A	1A22.A.B_B	SA7A	0.346296
1A22.A.B_A	1A22.A.B_B	SB15A	-0.015000
1A22.A.B_A	1A22.A.B_B	SB174A	0.033864
1A22.A.B_A	1A22.A.B_B	SB57A	-0.168411
1A22.A.B_A	1A22.A.B_B	SB58A	-0.506941
1A22.A.B_A	1A22.A.B_B	SB61A	0.020845
1A22.A.B_A	1A22.A.B_B	SB83A	0.225940
1A22.A.B_A	1A22.A.B_B	TA164A	1.907029
1A22.A.B_A	1A22.A.B_B	TA164S	1.690717
1A22.A.B_A	1A22.A.B_B	TA3A	-0.054727
1A22.A.B_A	1A22.A.B_B	TB149A	0.191049
1A22.A.B_A	1A22.A.B_B	TB150A	-0.108445
1A22.A.B_A	1A22.A.B_B	TB19A	0.069781
1A22.A.B_A	1A22.A.B_B	TB32A	-0.084168
1A22.A.B_A	1A22.A.B_B	TB36A	-0.025458
1A22.A.B_A	1A22.A.B_B	TB60A	1.423664
1A22.A.B_A	1A22.A.B_B	VA169A	0.000000
1A22.A.B_A	1A22.A.B_B	VA174A	0.879362
1A22.A.B_A	1A22.A.B_B	VB126A	-0.670132
1A22.A.B_A	1A22.A.B_B	VB84A	1.142183
1A22.A.B_A	1A22.A.B_B	VB88A	-0.046188
1A22.A.B_A	1A22.A.B_B	WB124A	4.731656
1A22.A.B_A	1A22.A.B_B	WB35A	0.544846
1A22.A.B_A	1A22.A.B_B	WB39A	0.049679
1A22.A.B_A	1A22.A.B_B	WB63A	4.683514
1A22.A.B_A	1A22.A.B_B	WB63F	2.784809
1A22.A.B_A	1A22.A.B_B	YA153A	0.348235
1A22.A.B_A	1A22.A.B_B	YA42A	0.199344
1A22.A.B_A	1A22.A.B_B	YB54A	0.199344
1A22.A.B_A	1A22.A.B_B	DA11A,MA14V,HA18Q,RA19H,FA25A,QA29K,EA33R	0.747160
1A22.A.B_A	1A22.A.B_B	DB107A,RB111A,EB113A	0.314372
1A22.A.B_A	1A22.A.B_B	DB78A,EB79A,KB80A	0.209830
1A22.A.B_A	1A22.A.B_B	EA56D,RA64M	2.003314
1A22.A.B_A	1A22.A.B_B	EA88G,QA91Y,FA92H,RA94T,SA95E	0.191828
1A22.A.B_A	1A22.A.B_B	EB138A,KB140A,KB142A,DB145A	0.120233
1A22.A.B_A	1A22.A.B_B	EB79A,KB80A	-0.344761
1A22.A.B_A	1A22.A.B_B	FA25A,YA42A,QA46A	0.198171
1A22.A.B_A	1A22.A.B_B	FA54H,SA55T,EA56S,IA58L,PA59A,SA62E,NA63D,RA64K,EA66Q,TA67A,KA70M,SA71N,NA72Q,LA73K,EA74D	2.496773
1A22.A.B_A	1A22.A.B_B	FA97R,AA98G,NA99M,SA100Q,LA101D,VA102A,YA103P,GA104E	0.263008
1A22.A.B_A	1A22.A.B_B	KA157A,EA163A	-0.769763
1A22.A.B_A	1A22.A.B_B	KA161A,FA165A	3.780828
1A22.A.B_A	1A22.A.B_B	KB158A,DB160A,KB161A,EB162A,EB164A	1.120238
1A22.A.B_A	1A22.A.B_B	KB2A,KB5A	0.240219
1A22.A.B_A	1A22.A.B_B	NA109D,VA110D,DA112H	0.346296
1A22.A.B_A	1A22.A.B_B	NA12H,FA25L	0.838487
1A22.A.B_A	1A22.A.B_B	NA12R,MA14V,LA15V,RA16L,RA19Y	1.680589
1A22.A.B_A	1A22.A.B_B	NA12R,MA14V,LA15V,RA16L,RA19Y,FA25S,DA26E,QA29S,EA30Q,EA33K	1.398035
1A22.A.B_A	1A22.A.B_B	NB31A,TB32A,QB33A,EB34A	-0.136574
1A22.A.B_A	1A22.A.B_B	NB31A,TB32A,QB33A,EB34A,WB35A,WB39A	0.166065
1A22.A.B_A	1A22.A.B_B	PA48A,TA50A,SA51A,LA52F	0.602485
1A22.A.B_A	1A22.A.B_B	QA22N,FA25S,DA26E,QA29S,EA30Q,EA33K	-0.094238
1A22.A.B_A	1A22.A.B_B	QA46H,NA47D,PA48S,QA49E,LA52F	1.182001
1A22.A.B_A	1A22.A.B_B	QB121A,KB122A,VB126A	-0.872230
1A22.A.B_A	1A22.A.B_B	QB171A,RB172A,NB173A	1.103567
1A22.A.B_A	1A22.A.B_B	RA127D,LA128V,EA129H	0.316418
1A22.A.B_A	1A22.A.B_B	RA156K,DA160H,IA168V,QA170K	1.953914
1A22.A.B_A	1A22.A.B_B	RA64A,DA160A	3.322751
1A22.A.B_A	1A22.A.B_B	RB116A,DB119A,KB122A	-0.062421
1A22.A.B_A	1A22.A.B_B	RB172A,NB173A	0.902598
1A22.A.B_A	1A22.A.B_B	RB29A,RB30A,EB34A	0.953515
1A22.A.B_A	1A22.A.B_B	SA57T,TA60A,SA62T,NA63G,RA64K,EA65D,TA67A,KA70R,NA72D,LA73V	1.680589
1A22.A.B_A	1A22.A.B_B	SB57A,SB61A	-0.569590
1A22.A.B_A	1A22.A.B_B	SB57A,SB61A,EB79A,KB80A	-0.895466
1A22.A.B_A	1A22.A.B_B	SB57A,SB61A,EB79A,KB80A,QB121A,KB122A,VB126A	-1.400088
1A22.A.B_A	1A22.A.B_B	YA111V,LA113I,KA115E,DA116Q,EA118K,EA119R,QA122E,TA123G,GA126L,RA127I,EA129S	0.251723
1A22.A.B_A	1A22.A.B_B	YA42A,QA46A	0.289800
1ACB.E.I_E	1ACB.E.I_I	LB38D	6.866746
1ACB.E.I_E	1ACB.E.I_I	LB38E	6.646428
1ACB.E.I_E	1ACB.E.I_I	LB38G	6.118069
1ACB.E.I_E	1ACB.E.I_I	LB38I	4.290150
1ACB.E.I_E	1ACB.E.I_I	LB38P	6.949068
1ACB.E.I_E	1ACB.E.I_I	LB38S	5.020848
1AK4.A.D_A	1AK4.A.D_D	AB88G	2.654847
1AK4.A.D_A	1AK4.A.D_D	AB88V	0.769763
1AK4.A.D_A	1AK4.A.D_D	AB92G	0.581094
1AK4.A.D_A	1AK4.A.D_D	AB92V	0.359106
1AK4.A.D_A	1AK4.A.D_D	GB89A	2.077467
1AK4.A.D_A	1AK4.A.D_D	GB89V	3.030982
1AK4.A.D_A	1AK4.A.D_D	HB87A	1.009981
1AK4.A.D_A	1AK4.A.D_D	HB87Q	0.972941
1AK4.A.D_A	1AK4.A.D_D	HB87R	1.645703
1AK4.A.D_A	1AK4.A.D_D	IB91A	0.240219
1AK4.A.D_A	1AK4.A.D_D	IB91V	0.000000
1AK4.A.D_A	1AK4.A.D_D	PB85A	1.085717
1AK4.A.D_A	1AK4.A.D_D	PB90A	2.173011
1AK4.A.D_A	1AK4.A.D_D	PB90V	3.030982
1AK4.A.D_A	1AK4.A.D_D	PB93A	0.682907
1AK4.A.D_A	1AK4.A.D_D	VB86A	0.991751
1AK4.A.D_A	1AK4.A.D_D	LB83T,VB86P,HB87A,AB88M,IB91L,AB92P,MB96I	0.742202
1AO7.ABC.DE_ABC	1AO7.ABC.DE_DE	AA149G	-0.154496
1AO7.ABC.DE_ABC	1AO7.ABC.DE_DE	AA150G	0.061950
1AO7.ABC.DE_ABC	1AO7.ABC.DE_DE	AA150P	1.003967
1AO7.ABC.DE_ABC	1AO7.ABC.DE_DE	AA158G	0.311991
1AO7.ABC.DE_ABC	1AO7.ABC.DE_DE	AA69G	1.366800
1AO7.ABC.DE_ABC	1AO7.ABC.DE_DE	AB165P	-0.325517
1AO7.ABC.DE_ABC	1AO7.ABC.DE_DE	AB211K	0.061574
1AO7.ABC.DE_ABC	1AO7.ABC.DE_DE	AB211M	-0.310481
1AO7.ABC.DE_ABC	1AO7.ABC.DE_DE	DA61A	0.379559
1AO7.ABC.DE_ABC	1AO7.ABC.DE_DE	DB26A	0.979000
1AO7.ABC.DE_ABC	1AO7.ABC.DE_DE	DB26M	0.211313
1AO7.ABC.DE_ABC	1AO7.ABC.DE_DE	DB26V	1.364171
1AO7.ABC.DE_ABC	1AO7.ABC.DE_DE	DB26W	-1.080450
1AO7.ABC.DE_ABC	1AO7.ABC.DE_DE	DB93A	0.779626
1AO7.ABC.DE_ABC	1AO7.ABC.DE_DE	DB93N	2.459521
1AO7.ABC.DE_ABC	1AO7.ABC.DE_DE	EA154A	0.361549
1AO7.ABC.DE_ABC	1AO7.ABC.DE_DE	EA166A	2.200084
1AO7.ABC.DE_ABC	1AO7.ABC.DE_DE	EA55A	0.855644
1AO7.ABC.DE_ABC	1AO7.ABC.DE_DE	EA58A	-0.487530
1AO7.ABC.DE_ABC	1AO7.ABC.DE_DE	EA63A	0.158537
1AO7.ABC.DE_ABC	1AO7.ABC.DE_DE	EB143A	2.022149
1AO7.ABC.DE_ABC	1AO7.ABC.DE_DE	GB212S	-0.326497
1AO7.ABC.DE_ABC	1AO7.ABC.DE_DE	GB213A	-1.091030
1AO7.ABC.DE_ABC	1AO7.ABC.DE_DE	GB213P	0.449733
1AO7.ABC.DE_ABC	1AO7.ABC.DE_DE	GB28A	0.542858
1AO7.ABC.DE_ABC	1AO7.ABC.DE_DE	GB28I	-0.279584
1AO7.ABC.DE_ABC	1AO7.ABC.DE_DE	GB28L	-0.466841
1AO7.ABC.DE_ABC	1AO7.ABC.DE_DE	GB28M	-0.518673
1AO7.ABC.DE_ABC	1AO7.ABC.DE_DE	GB28R	2.317686
1AO7.ABC.DE_ABC	1AO7.ABC.DE_DE	GB28T	-0.759230
1AO7.ABC.DE_ABC	1AO7.ABC.DE_DE	GB28V	0.542858
1AO7.ABC.DE_ABC	1AO7.ABC.DE_DE	HA151A	-0.302640
1AO7.ABC.DE_ABC	1AO7.ABC.DE_DE	HA70A	3.155595
1AO7.ABC.DE_ABC	1AO7.ABC.DE_DE	HA74A	1.604390
1AO7.ABC.DE_ABC	1AO7.ABC.DE_DE	IB167R	1.364171
1AO7.ABC.DE_ABC	1AO7.ABC.DE_DE	KA146A	0.462206
1AO7.ABC.DE_ABC	1AO7.ABC.DE_DE	KA66A	2.627111
1AO7.ABC.DE_ABC	1AO7.ABC.DE_DE	KA68A	0.193545
1AO7.ABC.DE_ABC	1AO7.ABC.DE_DE	KB66A	1.211536
1AO7.ABC.DE_ABC	1AO7.ABC.DE_DE	KB66H	0.953515
1AO7.ABC.DE_ABC	1AO7.ABC.DE_DE	KB97P	-0.267779
1AO7.ABC.DE_ABC	1AO7.ABC.DE_DE	LA375A	0.939034
1AO7.ABC.DE_ABC	1AO7.ABC.DE_DE	NB52A	0.354919
1AO7.ABC.DE_ABC	1AO7.ABC.DE_DE	PB215A	1.157746
1AO7.ABC.DE_ABC	1AO7.ABC.DE_DE	QA155A	0.231625
1AO7.ABC.DE_ABC	1AO7.ABC.DE_DE	QA43A	0.028906
1AO7.ABC.DE_ABC	1AO7.ABC.DE_DE	QA72A	0.186956
1AO7.ABC.DE_ABC	1AO7.ABC.DE_DE	QB30E	0.410656
1AO7.ABC.DE_ABC	1AO7.ABC.DE_DE	QB30L	1.685457
1AO7.ABC.DE_ABC	1AO7.ABC.DE_DE	QB30N	0.713296
1AO7.ABC.DE_ABC	1AO7.ABC.DE_DE	QB30V	-0.092118
1AO7.ABC.DE_ABC	1AO7.ABC.DE_DE	RA170A	-0.076653
1AO7.ABC.DE_ABC	1AO7.ABC.DE_DE	RA65A	3.043512
1AO7.ABC.DE_ABC	1AO7.ABC.DE_DE	RA75A	0.534724
1AO7.ABC.DE_ABC	1AO7.ABC.DE_DE	RB207A	0.389991
1AO7.ABC.DE_ABC	1AO7.ABC.DE_DE	RB214A	0.064695
1AO7.ABC.DE_ABC	1AO7.ABC.DE_DE	RB214P	-1.941686
1AO7.ABC.DE_ABC	1AO7.ABC.DE_DE	RB214Q	0.410656
1AO7.ABC.DE_ABC	1AO7.ABC.DE_DE	RB27A	0.490461
1AO7.ABC.DE_ABC	1AO7.ABC.DE_DE	RB27F	-0.199344
1AO7.ABC.DE_ABC	1AO7.ABC.DE_DE	RB27P	0.308001
1AO7.ABC.DE_ABC	1AO7.ABC.DE_DE	SB29A	0.302640
1AO7.ABC.DE_ABC	1AO7.ABC.DE_DE	SB31A	0.846152
1AO7.ABC.DE_ABC	1AO7.ABC.DE_DE	SB51M	-0.377734
1AO7.ABC.DE_ABC	1AO7.ABC.DE_DE	SB94A	-0.237595
1AO7.ABC.DE_ABC	1AO7.ABC.DE_DE	SB94N	1.907029
1AO7.ABC.DE_ABC	1AO7.ABC.DE_DE	SB94T	-0.493487
1AO7.ABC.DE_ABC	1AO7.ABC.DE_DE	SB94Y	2.317686
1AO7.ABC.DE_ABC	1AO7.ABC.DE_DE	TA163A	0.581570
1AO7.ABC.DE_ABC	1AO7.ABC.DE_DE	TA64A	-0.076041
1AO7.ABC.DE_ABC	1AO7.ABC.DE_DE	TA73A	0.766695
1AO7.ABC.DE_ABC	1AO7.ABC.DE_DE	TA80A	0.075735
1AO7.ABC.DE_ABC	1AO7.ABC.DE_DE	TB91A	0.957615
1AO7.ABC.DE_ABC	1AO7.ABC.DE_DE	TB92A	1.946656
1AO7.ABC.DE_ABC	1AO7.ABC.DE_DE	VA152A	-0.194249
1AO7.ABC.DE_ABC	1AO7.ABC.DE_DE	VA381R	1.225423
1AO7.ABC.DE_ABC	1AO7.ABC.DE_DE	VA67A	-0.558203
1AO7.ABC.DE_ABC	1AO7.ABC.DE_DE	VA76A	0.596872
1AO7.ABC.DE_ABC	1AO7.ABC.DE_DE	WA167A	1.313164
1AO7.ABC.DE_ABC	1AO7.ABC.DE_DE	WB95A	2.224471
1AO7.ABC.DE_ABC	1AO7.ABC.DE_DE	YA159A	3.245335
1AO7.ABC.DE_ABC	1AO7.ABC.DE_DE	YA379A	1.586162
1AO7.ABC.DE_ABC	1AO7.ABC.DE_DE	YA379F	0.086851
1AO7.ABC.DE_ABC	1AO7.ABC.DE_DE	YA379W	0.889024
1AO7.ABC.DE_ABC	1AO7.ABC.DE_DE	YA382A	3.167533
1AO7.ABC.DE_ABC	1AO7.ABC.DE_DE	YB50A	0.491139
1AO7.ABC.DE_ABC	1AO7.ABC.DE_DE	AB211M,GB212S	-1.044842
1AO7.ABC.DE_ABC	1AO7.ABC.DE_DE	AB211M,GB212S,GB213A	-3.546847
1AO7.ABC.DE_ABC	1AO7.ABC.DE_DE	AB211M,GB212S,GB213A,RB214E	-3.903845
1AO7.ABC.DE_ABC	1AO7.ABC.DE_DE	AB211M,GB212S,GB213A,RB214Q	-3.941193
1AO7.ABC.DE_ABC	1AO7.ABC.DE_DE	DB26A,EA58A	0.749596
1AO7.ABC.DE_ABC	1AO7.ABC.DE_DE	DB26W,AB211M,GB212S,GB213A,RB214Q	-4.038617
1AO7.ABC.DE_ABC	1AO7.ABC.DE_DE	DB26W,GB28M,SB51M,SB94T	-1.078705
1AO7.ABC.DE_ABC	1AO7.ABC.DE_DE	DB26W,GB28T,SB51M,SB94T	-1.237639
1AO7.ABC.DE_ABC	1AO7.ABC.DE_DE	DB26W,RB27F,GB28T,SB51M,SB94T	-2.014892
1AO7.ABC.DE_ABC	1AO7.ABC.DE_DE	DB26W,RB27F,GB28T,SB51M,SB94T,KB97P,AB165P,RB214P	-4.622057
1AO7.ABC.DE_ABC	1AO7.ABC.DE_DE	DB26W,RB27F,GB28T,SB51M,SB94T,RB214P	-3.373856
1AO7.ABC.DE_ABC	1AO7.ABC.DE_DE	DB26W,RB27F,SB51M,AB211M,GB212S,GB213A,RB214Q	-3.710763
1AO7.ABC.DE_ABC	1AO7.ABC.DE_DE	DB26W,RB27F,SB51M,SB94T	-2.717164
1AO7.ABC.DE_ABC	1AO7.ABC.DE_DE	DB26W,RB27F,SB51M,SB94T,AB211M,GB212S,GB213A,RB214Q	-3.451118
1AO7.ABC.DE_ABC	1AO7.ABC.DE_DE	DB26W,RB27F,SB51M,SB94T,VA381R	-1.393077
1AO7.ABC.DE_ABC	1AO7.ABC.DE_DE	DB93A,QA72A	1.060843
1AO7.ABC.DE_ABC	1AO7.ABC.DE_DE	DB93N,RA65A	3.084350
1AO7.ABC.DE_ABC	1AO7.ABC.DE_DE	EA63Q,KA66A	1.130372
1AO7.ABC.DE_ABC	1AO7.ABC.DE_DE	EA63Q,QB30V	-0.006823
1AO7.ABC.DE_ABC	1AO7.ABC.DE_DE	EA63Q,QB30V,KA66A	1.855068
1AO7.ABC.DE_ABC	1AO7.ABC.DE_DE	EB143A,YA382A	3.425438
1AO7.ABC.DE_ABC	1AO7.ABC.DE_DE	GB212S,GB213A,RB214E	-3.454111
1AO7.ABC.DE_ABC	1AO7.ABC.DE_DE	GB213A,RB214Q	-1.563515
1AO7.ABC.DE_ABC	1AO7.ABC.DE_DE	GB28I,SB94A	-0.383096
1AO7.ABC.DE_ABC	1AO7.ABC.DE_DE	GB28I,SB94T	-0.899618
1AO7.ABC.DE_ABC	1AO7.ABC.DE_DE	GB28L,SB94A	-0.508603
1AO7.ABC.DE_ABC	1AO7.ABC.DE_DE	GB28L,SB94T	-1.028609
1AO7.ABC.DE_ABC	1AO7.ABC.DE_DE	GB28M,SB51M,SB94T	-2.126458
1AO7.ABC.DE_ABC	1AO7.ABC.DE_DE	GB28M,SB94A	-0.804623
1AO7.ABC.DE_ABC	1AO7.ABC.DE_DE	GB28M,SB94T	-1.747267
1AO7.ABC.DE_ABC	1AO7.ABC.DE_DE	GB28T,AB211M,GB212S,GB213A	-3.861774
1AO7.ABC.DE_ABC	1AO7.ABC.DE_DE	GB28T,AB211M,GB212S,GB213A,RB214Q	-3.965981
1AO7.ABC.DE_ABC	1AO7.ABC.DE_DE	GB28T,SB51M,SB94T	-1.604390
1AO7.ABC.DE_ABC	1AO7.ABC.DE_DE	KB66A,EA166A	3.033763
1AO7.ABC.DE_ABC	1AO7.ABC.DE_DE	KB66A,TA163A	0.978101
1AO7.ABC.DE_ABC	1AO7.ABC.DE_DE	KB97P,AB165P,RB214P	-1.631951
1AO7.ABC.DE_ABC	1AO7.ABC.DE_DE	KB97P,RB214P	-1.221294
1AO7.ABC.DE_ABC	1AO7.ABC.DE_DE	NB52A,EA166A	3.143156
1AO7.ABC.DE_ABC	1AO7.ABC.DE_DE	PB215A,QA155A	0.930361
1AO7.ABC.DE_ABC	1AO7.ABC.DE_DE	PB215A,YA379A	2.259469
1AO7.ABC.DE_ABC	1AO7.ABC.DE_DE	QB30L,LA375A	2.893427
1AO7.ABC.DE_ABC	1AO7.ABC.DE_DE	QB30V,LA375A	0.723712
1AO7.ABC.DE_ABC	1AO7.ABC.DE_DE	QB30V,YA159A	3.330276
1AO7.ABC.DE_ABC	1AO7.ABC.DE_DE	RB207A,YA379A	1.595050
1AO7.ABC.DE_ABC	1AO7.ABC.DE_DE	RB207A,YA379F	0.605980
1AO7.ABC.DE_ABC	1AO7.ABC.DE_DE	RB214A,YA379A	1.885943
1AO7.ABC.DE_ABC	1AO7.ABC.DE_DE	RB27A,RA170A	1.186508
1AO7.ABC.DE_ABC	1AO7.ABC.DE_DE	RB27F,GB28M,SB51M,SB94T	-1.803733
1AO7.ABC.DE_ABC	1AO7.ABC.DE_DE	RB27F,GB28T,SB51M,SB94T	-1.604390
1AO7.ABC.DE_ABC	1AO7.ABC.DE_DE	SB31A,YA379A	1.709491
1AO7.ABC.DE_ABC	1AO7.ABC.DE_DE	SB31A,YA379F	-0.040546
1AO7.ABC.DE_ABC	1AO7.ABC.DE_DE	SB94A,YA379A	1.861012
1AO7.ABC.DE_ABC	1AO7.ABC.DE_DE	TB91A,YA379A	3.030982
1AO7.ABC.DE_ABC	1AO7.ABC.DE_DE	TB92A,RA65A	2.423471
1AO7.ABC.DE_ABC	1AO7.ABC.DE_DE	WB95A,AA69G	2.905459
1AO7.ABC.DE_ABC	1AO7.ABC.DE_DE	YB50A,QA155A	0.082009
1B2S.A.D_A	1B2S.A.D_D	AA27K	-3.866295
1B2S.A.D_A	1B2S.A.D_D	AB43T	-0.342976
1B2S.A.D_A	1B2S.A.D_D	AA27K,AB43T	-5.723925
1B41.A.B_A	1B41.A.B_B	AB12S	0.706960
1B41.A.B_A	1B41.A.B_B	HB29K	-0.887951
1B41.A.B_A	1B41.A.B_B	HB29R	-0.409397
1B41.A.B_A	1B41.A.B_B	KB32R	0.391440
1B41.A.B_A	1B41.A.B_B	LB35W	1.304545
1B41.A.B_A	1B41.A.B_B	MB33F	0.778860
1B41.A.B_A	1B41.A.B_B	MB33L	1.811486
1B41.A.B_A	1B41.A.B_B	MB33Q	1.595926
1B41.A.B_A	1B41.A.B_B	MB33Y	0.706960
1B41.A.B_A	1B41.A.B_B	NB47F	-0.141732
1B41.A.B_A	1B41.A.B_B	NB47R	-0.030389
1B41.A.B_A	1B41.A.B_B	NB47W	0.036658
1B41.A.B_A	1B41.A.B_B	RB11K	0.625112
1B41.A.B_A	1B41.A.B_B	RB27F	2.108171
1B41.A.B_A	1B41.A.B_B	RB27M	1.483632
1B41.A.B_A	1B41.A.B_B	RB27Y	2.396639
1B41.A.B_A	1B41.A.B_B	TB8V	1.136426
1B41.A.B_A	1B41.A.B_B	TB9I	0.024689
1B41.A.B_A	1B41.A.B_B	TB9N	3.610972
1B41.A.B_A	1B41.A.B_B	VB34T	1.214378
1B41.A.B_A	1B41.A.B_B	TB8V,TB9I	0.394686
1B41.A.B_A	1B41.A.B_B	TB8V,TB9N	2.427800
1BD2.ABC.DE_ABC	1BD2.ABC.DE_DE	DB30N	1.937420
1BD2.ABC.DE_ABC	1BD2.ABC.DE_DE	EB218A	2.835139
1BD2.ABC.DE_ABC	1BD2.ABC.DE_DE	EB93A	1.315691
1BD2.ABC.DE_ABC	1BD2.ABC.DE_DE	RA65A	2.499233
1BD2.ABC.DE_ABC	1BD2.ABC.DE_DE	YA379A	3.342017
1BD2.ABC.DE_ABC	1BD2.ABC.DE_DE	YA379F	0.740059
1BD2.ABC.DE_ABC	1BD2.ABC.DE_DE	YA379W	1.928575
1BD2.ABC.DE_ABC	1BD2.ABC.DE_DE	YA382A	2.760374
1BD2.ABC.DE_ABC	1BD2.ABC.DE_DE	YB289A	0.307979
1BD2.ABC.DE_ABC	1BD2.ABC.DE_DE	DB30N,YA379A	1.477002
1BD2.ABC.DE_ABC	1BD2.ABC.DE_DE	DB30N,YA379F	2.499721
1BD2.ABC.DE_ABC	1BD2.ABC.DE_DE	EA63Q,KA66A	1.961498
1BD2.ABC.DE_ABC	1BD2.ABC.DE_DE	EB218A,YA382A	3.966677
1BD2.ABC.DE_ABC	1BD2.ABC.DE_DE	EB93A,RA65A	3.115254
1BD2.ABC.DE_ABC	1BD2.ABC.DE_DE	YB289A,YA379A	2.686992
1BD2.ABC.DE_ABC	1BD2.ABC.DE_DE	YB289A,YA379F	0.894865
1BJ1.HL.VW_HL	1BJ1.HL.VW_VW	HA101Y	-1.584305
1BJ1.HL.VW_HL	1BJ1.HL.VW_VW	HA107A	0.790006
1BJ1.HL.VW_HL	1BJ1.HL.VW_VW	NA31H	-0.762992
1BJ1.HL.VW_HL	1BJ1.HL.VW_VW	SA105T	-0.390571
1BJ1.HL.VW_HL	1BJ1.HL.VW_VW	TA28D	-0.220134
1BJ1.HL.VW_HL	1BJ1.HL.VW_VW	TA59A	0.851048
1BJ1.HL.VW_HL	1BJ1.HL.VW_VW	YA27A	2.243533
1BJ1.HL.VW_HL	1BJ1.HL.VW_VW	YA54A	1.328254
1BJ1.HL.VW_HL	1BJ1.HL.VW_VW	YA54W	-0.137331
1BJ1.HL.VW_HL	1BJ1.HL.VW_VW	YA99A	4.440749
1BJ1.HL.VW_HL	1BJ1.HL.VW_VW	HA101Y,SA105T	-1.344086
1BJ1.HL.VW_HL	1BJ1.HL.VW_VW	HA101Y,YA103I,GA104A,SA105K	-0.431446
1BJ1.HL.VW_HL	1BJ1.HL.VW_VW	HA101Y,YA103R,GA104D,SA105N	-0.995851
1BJ1.HL.VW_HL	1BJ1.HL.VW_VW	HA101Y,YA103R,GA104N,SA105T	-0.762992
1BJ1.HL.VW_HL	1BJ1.HL.VW_VW	HA101Y,YA103R,SA105T	-1.173648
1BJ1.HL.VW_HL	1BJ1.HL.VW_VW	HA101Y,YA103W,SA105T	-1.041446
1BJ1.HL.VW_HL	1BJ1.HL.VW_VW	LA72I,TA74K	0.076552
1BJ1.HL.VW_HL	1BJ1.HL.VW_VW	LA72V,TA74V	0.670960
1BJ1.HL.VW_HL	1BJ1.HL.VW_VW	MA222L,TA28D,NA31H,HA101Y,SA105T	-1.629380
1BJ1.HL.VW_HL	1BJ1.HL.VW_VW	TA28D,NA31H	-0.693211
1BJ1.HL.VW_HL	1BJ1.HL.VW_VW	TA28D,NA31H,HA101Y,SA105T	-1.754742
1BJ1.HL.VW_HL	1BJ1.HL.VW_VW	TA28D,NA31H,YA54W,HA101Y,SA105T	-1.204037
1BP3.A.B_A	1BP3.A.B_B	DA167A	0.067783
1BP3.A.B_A	1BP3.A.B_B	DA26E	0.383096
1BP3.A.B_A	1BP3.A.B_B	EA170A	1.831813
1BP3.A.B_A	1BP3.A.B_B	EA182A	0.000000
1BP3.A.B_A	1BP3.A.B_B	EA56A	-0.118888
1BP3.A.B_A	1BP3.A.B_B	EA65A	0.546438
1BP3.A.B_A	1BP3.A.B_B	EA66A	0.067783
1BP3.A.B_A	1BP3.A.B_B	FA10A	0.000000
1BP3.A.B_A	1BP3.A.B_B	FA172A	1.927937
1BP3.A.B_A	1BP3.A.B_B	FA25A	1.150288
1BP3.A.B_A	1BP3.A.B_B	FA54A	0.209515
1BP3.A.B_A	1BP3.A.B_B	GA183A	0.000000
1BP3.A.B_A	1BP3.A.B_B	HA18A	1.549382
1BP3.A.B_A	1BP3.A.B_B	HA21A	1.247039
1BP3.A.B_A	1BP3.A.B_B	IA175A	0.354190
1BP3.A.B_A	1BP3.A.B_B	IA175M	-0.164483
1BP3.A.B_A	1BP3.A.B_B	IA58A	1.757411
1BP3.A.B_A	1BP3.A.B_B	KA164A	1.728154
1BP3.A.B_A	1BP3.A.B_B	KA168A	2.606432
1BP3.A.B_A	1BP3.A.B_B	KA70A	0.246173
1BP3.A.B_A	1BP3.A.B_B	LA15A	0.000000
1BP3.A.B_A	1BP3.A.B_B	LA73A	0.354190
1BP3.A.B_A	1BP3.A.B_B	NA12A	-0.296685
1BP3.A.B_A	1BP3.A.B_B	NA63A	0.856173
1BP3.A.B_A	1BP3.A.B_B	PA59A	0.156818
1BP3.A.B_A	1BP3.A.B_B	QA177A	0.000000
1BP3.A.B_A	1BP3.A.B_B	QA68A	0.113971
1BP3.A.B_A	1BP3.A.B_B	QA69A	-0.213883
1BP3.A.B_A	1BP3.A.B_B	RA163A	3.024936
1BP3.A.B_A	1BP3.A.B_B	RA16A	0.000000
1BP3.A.B_A	1BP3.A.B_B	RA174A	1.150288
1BP3.A.B_A	1BP3.A.B_B	RA179A	0.567474
1BP3.A.B_A	1BP3.A.B_B	RA19A	0.000000
1BP3.A.B_A	1BP3.A.B_B	RA64A	0.354190
1BP3.A.B_A	1BP3.A.B_B	SA180A	-0.118888
1BP3.A.B_A	1BP3.A.B_B	SA184A	-0.296685
1BP3.A.B_A	1BP3.A.B_B	SA55A	0.246173
1BP3.A.B_A	1BP3.A.B_B	SA57A	0.034860
1BP3.A.B_A	1BP3.A.B_B	SA62A	1.415721
1BP3.A.B_A	1BP3.A.B_B	SA71A	0.613835
1BP3.A.B_A	1BP3.A.B_B	TA171S	0.494239
1BP3.A.B_A	1BP3.A.B_B	VA176A	-0.296685
1BP3.A.B_A	1BP3.A.B_B	VA181A	0.280694
1BP3.A.B_A	1BP3.A.B_B	YA156A	0.209515
1BP3.A.B_A	1BP3.A.B_B	YA160A	0.445517
1BP3.A.B_A	1BP3.A.B_B	DA11A,MA14V,HA18Q,RA19H,FA25A,QA29K,EA33R	3.605305
1BP3.A.B_A	1BP3.A.B_B	EA56D,RA64M	0.445517
1BP3.A.B_A	1BP3.A.B_B	EA88G,QA91Y,FA92H,RA94T,SA95E	0.209515
1BP3.A.B_A	1BP3.A.B_B	FA54H,SA55T,EA56S,IA58L,PA59A,SA62E,NA63D,RA64K,EA66Q,TA67A,KA70M,SA71N,NA72Q,LA73K,EA74D	0.354190
1BP3.A.B_A	1BP3.A.B_B	FA97R,AA98G,NA99M,SA100Q,LA101D,VA102A,YA103P,GA104E	0.383096
1BP3.A.B_A	1BP3.A.B_B	KA164A,EA170A	5.407962
1BP3.A.B_A	1BP3.A.B_B	KA168A,FA172A	5.354871
1BP3.A.B_A	1BP3.A.B_B	NA12R,MA14V,LA15V,RA16L,RA19Y	0.383096
1BP3.A.B_A	1BP3.A.B_B	PA48A,TA50A,SA51A,LA52F	0.246173
1BP3.A.B_A	1BP3.A.B_B	QA22N,FA25S,DA26E,QA29S,EA30Q,EA33K	1.610344
1BP3.A.B_A	1BP3.A.B_B	QA46H,NA47D,PA48S,QA49E,LA52F	0.246173
1BP3.A.B_A	1BP3.A.B_B	RA64A,DA167A	0.378624
1BP3.A.B_A	1BP3.A.B_B	SA57T,TA60A,SA62T,NA63G,RA64K,EA65D,TA67A,KA70R,NA72D,LA73V	2.299455
1BP3.A.B_A	1BP3.A.B_B	YA111V,LA113I,KA115E,DA116Q,EA118K,EA119R,RA120L,QA122E,TA123G,GA126L,RA127I,EA129S	-0.392970
1C1Y.A.B_A	1C1Y.A.B_B	DA38A	2.620325
1C1Y.A.B_A	1C1Y.A.B_B	KA31E	-1.774828
1C1Y.A.B_A	1C1Y.A.B_B	KB11A	1.108953
1C1Y.A.B_A	1C1Y.A.B_B	KB11E	0.891094
1C1Y.A.B_A	1C1Y.A.B_B	KB11M	0.713296
1C1Y.A.B_A	1C1Y.A.B_B	KB30A	1.312621
1C1Y.A.B_A	1C1Y.A.B_B	KB30E	2.232905
1C1Y.A.B_A	1C1Y.A.B_B	NB10A	0.501983
1C1Y.A.B_A	1C1Y.A.B_B	NB10D	1.476288
1C1Y.A.B_A	1C1Y.A.B_B	QB12A	1.580890
1C1Y.A.B_A	1C1Y.A.B_B	RB13A	1.455498
1C1Y.A.B_A	1C1Y.A.B_B	RB35L	2.620325
1C1Y.A.B_A	1C1Y.A.B_B	RB5A	1.907029
1C1Y.A.B_A	1C1Y.A.B_B	TB14A	1.455498
1C1Y.A.B_A	1C1Y.A.B_B	VB15A	1.123952
1C1Y.A.B_A	1C1Y.A.B_B	KA31E,EA30D	-2.015046
1C1Y.A.B_A	1C1Y.A.B_B	KB30A,RB35G	2.620325
1C1Y.A.B_A	1C1Y.A.B_B	RB5A,NB10D	2.752527
1CBW.FGH.I_FGH	1CBW.FGH.I_I	FB33A	0.142877
1CBW.FGH.I_FGH	1CBW.FGH.I_I	GB12A	0.643666
1CBW.FGH.I_FGH	1CBW.FGH.I_I	GB36A	0.932698
1CBW.FGH.I_FGH	1CBW.FGH.I_I	GB37A	0.811234
1CBW.FGH.I_FGH	1CBW.FGH.I_I	IB18A	1.415721
1CBW.FGH.I_FGH	1CBW.FGH.I_I	IB19A	0.121245
1CBW.FGH.I_FGH	1CBW.FGH.I_I	KB15A	2.076119
1CBW.FGH.I_FGH	1CBW.FGH.I_I	KB15D	5.270803
1CBW.FGH.I_FGH	1CBW.FGH.I_I	KB15E	3.906632
1CBW.FGH.I_FGH	1CBW.FGH.I_I	KB15F	-1.984657
1CBW.FGH.I_FGH	1CBW.FGH.I_I	KB15G	4.156491
1CBW.FGH.I_FGH	1CBW.FGH.I_I	KB15H	0.100170
1CBW.FGH.I_FGH	1CBW.FGH.I_I	KB15I	2.961591
1CBW.FGH.I_FGH	1CBW.FGH.I_I	KB15L	-1.597415
1CBW.FGH.I_FGH	1CBW.FGH.I_I	KB15M	-1.441799
1CBW.FGH.I_FGH	1CBW.FGH.I_I	KB15N	1.337599
1CBW.FGH.I_FGH	1CBW.FGH.I_I	KB15Q	0.308843
1CBW.FGH.I_FGH	1CBW.FGH.I_I	KB15R	-0.620486
1CBW.FGH.I_FGH	1CBW.FGH.I_I	KB15S	3.425839
1CBW.FGH.I_FGH	1CBW.FGH.I_I	KB15T	2.107856
1CBW.FGH.I_FGH	1CBW.FGH.I_I	KB15V	2.157552
1CBW.FGH.I_FGH	1CBW.FGH.I_I	KB15W	-2.461035
1CBW.FGH.I_FGH	1CBW.FGH.I_I	KB15Y	-2.641487
1CBW.FGH.I_FGH	1CBW.FGH.I_I	KB46A	0.121245
1CBW.FGH.I_FGH	1CBW.FGH.I_I	PB13A	-0.078099
1CBW.FGH.I_FGH	1CBW.FGH.I_I	RB17A	0.527460
1CBW.FGH.I_FGH	1CBW.FGH.I_I	RB20A	0.327579
1CBW.FGH.I_FGH	1CBW.FGH.I_I	RB39A	0.210964
1CBW.FGH.I_FGH	1CBW.FGH.I_I	TB11A	0.210964
1CBW.FGH.I_FGH	1CBW.FGH.I_I	VB34A	0.025775
1CBW.FGH.I_FGH	1CBW.FGH.I_I	YB35A	0.843117
1CT0.E.I_E	1CT0.E.I_I	SB13L	-4.158235
1CT2.E.I_E	1CT2.E.I_I	TB13L	-3.204720
1CZ8.HL.VW_HL	1CZ8.HL.VW_VW	LA222M	0.040875
1CZ8.HL.VW_HL	1CZ8.HL.VW_VW	LA222M,DA28T,HA31N	0.451531
1CZ8.HL.VW_HL	1CZ8.HL.VW_VW	LA222M,DA28T,HA31N,TA105K,YA103I,GA104A	1.364171
1CZ8.HL.VW_HL	1CZ8.HL.VW_VW	LA222M,DA28T,HA31N,TA105N,YA103R,GA104D	0.799767
1CZ8.HL.VW_HL	1CZ8.HL.VW_VW	LA222M,DA28T,HA31N,TA105S	0.211313
1CZ8.HL.VW_HL	1CZ8.HL.VW_VW	LA222M,DA28T,HA31N,YA101H	1.405046
1CZ8.HL.VW_HL	1CZ8.HL.VW_VW	LA222M,DA28T,HA31N,YA101H,TA105S	2.311466
1CZ8.HL.VW_HL	1CZ8.HL.VW_VW	LA222M,DA28T,HA31N,YA101H,TA105S,LA72I,TA74K	1.872169
1CZ8.HL.VW_HL	1CZ8.HL.VW_VW	LA222M,DA28T,HA31N,YA101H,TA105S,LA72V,TA74V	2.466578
1CZ8.HL.VW_HL	1CZ8.HL.VW_VW	LA222M,DA28T,HA31N,YA101H,TA105S,YA54W	1.658286
1CZ8.HL.VW_HL	1CZ8.HL.VW_VW	LA222M,DA28T,HA31N,YA103R	0.621969
1CZ8.HL.VW_HL	1CZ8.HL.VW_VW	LA222M,DA28T,HA31N,YA103R,GA104N	1.032626
1CZ8.HL.VW_HL	1CZ8.HL.VW_VW	LA222M,DA28T,HA31N,YA103W	0.754171
1CZ8.HL.VW_HL	1CZ8.HL.VW_VW	LA222M,DA28T,YA101H,TA105S	1.032626
1CZ8.HL.VW_HL	1CZ8.HL.VW_VW	LA222M,HA31N,YA101H,TA105S	1.575484
1CZ8.HL.VW_HL	1CZ8.HL.VW_VW	LA222M,YA101H,TA105S	1.102406
1CZ8.HL.VW_HL	1CZ8.HL.VW_VW	LA222M,YA54W	0.591580
1DAN.HL.UT_HL	1DAN.HL.UT_UT	DB155A	1.419978
1DAN.HL.UT_HL	1DAN.HL.UT_UT	DB169A	1.989497
1DAN.HL.UT_HL	1DAN.HL.UT_UT	DB169E	1.380300
1DAN.HL.UT_HL	1DAN.HL.UT_UT	DB172A	0.242044
1DAN.HL.UT_HL	1DAN.HL.UT_UT	DB39A	-0.026554
1DAN.HL.UT_HL	1DAN.HL.UT_UT	DB55A	-0.010675
1DAN.HL.UT_HL	1DAN.HL.UT_UT	EB114A	-0.004828
1DAN.HL.UT_HL	1DAN.HL.UT_UT	EB135A	0.657886
1DAN.HL.UT_HL	1DAN.HL.UT_UT	EB137A	0.101408
1DAN.HL.UT_HL	1DAN.HL.UT_UT	EB15A	-0.059836
1DAN.HL.UT_HL	1DAN.HL.UT_UT	EB173A	0.000000
1DAN.HL.UT_HL	1DAN.HL.UT_UT	EB38A	0.085805
1DAN.HL.UT_HL	1DAN.HL.UT_UT	EB9A	-0.175590
1DAN.HL.UT_HL	1DAN.HL.UT_UT	FB161A	0.437911
1DAN.HL.UT_HL	1DAN.HL.UT_UT	FB187A	1.105437
1DAN.HL.UT_HL	1DAN.HL.UT_UT	FB50A	1.748603
1DAN.HL.UT_HL	1DAN.HL.UT_UT	FB57A	-0.059836
1DAN.HL.UT_HL	1DAN.HL.UT_UT	GB154A	0.064695
1DAN.HL.UT_HL	1DAN.HL.UT_UT	GB70R	-0.162793
1DAN.HL.UT_HL	1DAN.HL.UT_UT	IB133A	0.645076
1DAN.HL.UT_HL	1DAN.HL.UT_UT	IB149A	-0.126532
1DAN.HL.UT_HL	1DAN.HL.UT_UT	IB174A	0.000000
1DAN.HL.UT_HL	1DAN.HL.UT_UT	IB62A	0.178794
1DAN.HL.UT_HL	1DAN.HL.UT_UT	KA189A	-0.186670
1DAN.HL.UT_HL	1DAN.HL.UT_UT	KB126A	-0.397342
1DAN.HL.UT_HL	1DAN.HL.UT_UT	KB131A	2.513255
1DAN.HL.UT_HL	1DAN.HL.UT_UT	KB131R	1.685741
1DAN.HL.UT_HL	1DAN.HL.UT_UT	KB139A	0.116610
1DAN.HL.UT_HL	1DAN.HL.UT_UT	KB152A	0.321569
1DAN.HL.UT_HL	1DAN.HL.UT_UT	KB157A	0.563316
1DAN.HL.UT_HL	1DAN.HL.UT_UT	KB159A	0.667607
1DAN.HL.UT_HL	1DAN.HL.UT_UT	KB179A	-0.070382
1DAN.HL.UT_HL	1DAN.HL.UT_UT	KB32A	-0.123609
1DAN.HL.UT_HL	1DAN.HL.UT_UT	KB75A	0.116610
1DAN.HL.UT_HL	1DAN.HL.UT_UT	KB87A	0.017064
1DAN.HL.UT_HL	1DAN.HL.UT_UT	LA135A	0.015800
1DAN.HL.UT_HL	1DAN.HL.UT_UT	LB170A	0.000000
1DAN.HL.UT_HL	1DAN.HL.UT_UT	LB183A	-0.059836
1DAN.HL.UT_HL	1DAN.HL.UT_UT	LB43A	-0.027561
1DAN.HL.UT_HL	1DAN.HL.UT_UT	LB82A	0.079952
1DAN.HL.UT_HL	1DAN.HL.UT_UT	MA154A	0.744485
1DAN.HL.UT_HL	1DAN.HL.UT_UT	NB105A	0.000000
1DAN.HL.UT_HL	1DAN.HL.UT_UT	NB129A	0.180215
1DAN.HL.UT_HL	1DAN.HL.UT_UT	NB17A	0.000000
1DAN.HL.UT_HL	1DAN.HL.UT_UT	NB48A	0.000000
1DAN.HL.UT_HL	1DAN.HL.UT_UT	PB2A	-0.185827
1DAN.HL.UT_HL	1DAN.HL.UT_UT	QB148A	0.637864
1DAN.HL.UT_HL	1DAN.HL.UT_UT	QB180A	0.000000
1DAN.HL.UT_HL	1DAN.HL.UT_UT	QB20A	1.305465
1DAN.HL.UT_HL	1DAN.HL.UT_UT	RA125A	0.749025
1DAN.HL.UT_HL	1DAN.HL.UT_UT	RB102A	0.460604
1DAN.HL.UT_HL	1DAN.HL.UT_UT	RB41A	0.000000
1DAN.HL.UT_HL	1DAN.HL.UT_UT	RB45A	0.752724
1DAN.HL.UT_HL	1DAN.HL.UT_UT	RB46A	-0.059836
1DAN.HL.UT_HL	1DAN.HL.UT_UT	RB54A	-0.002892
1DAN.HL.UT_HL	1DAN.HL.UT_UT	SB101A	-0.002892
1DAN.HL.UT_HL	1DAN.HL.UT_UT	SB127A	-0.129807
1DAN.HL.UT_HL	1DAN.HL.UT_UT	SB153A	-0.069300
1DAN.HL.UT_HL	1DAN.HL.UT_UT	SB158A	-0.041485
1DAN.HL.UT_HL	1DAN.HL.UT_UT	SB69A	0.022644
1DAN.HL.UT_HL	1DAN.HL.UT_UT	TB103A	0.109843
1DAN.HL.UT_HL	1DAN.HL.UT_UT	TB109A	0.135272
1DAN.HL.UT_HL	1DAN.HL.UT_UT	TB128A	0.120547
1DAN.HL.UT_HL	1DAN.HL.UT_UT	TB132A	-0.159008
1DAN.HL.UT_HL	1DAN.HL.UT_UT	TB163A	0.404857
1DAN.HL.UT_HL	1DAN.HL.UT_UT	TB16A	-0.059836
1DAN.HL.UT_HL	1DAN.HL.UT_UT	TB171A	2.224076
1DAN.HL.UT_HL	1DAN.HL.UT_UT	TB42A	0.000000
1DAN.HL.UT_HL	1DAN.HL.UT_UT	TB49A	-0.015592
1DAN.HL.UT_HL	1DAN.HL.UT_UT	TB73A	0.211986
1DAN.HL.UT_HL	1DAN.HL.UT_UT	TB78A	-0.025549
1DAN.HL.UT_HL	1DAN.HL.UT_UT	VB104A	0.109843
1DAN.HL.UT_HL	1DAN.HL.UT_UT	VB113A	0.690600
1DAN.HL.UT_HL	1DAN.HL.UT_UT	VB144A	-0.185827
1DAN.HL.UT_HL	1DAN.HL.UT_UT	VB147A	-0.126532
1DAN.HL.UT_HL	1DAN.HL.UT_UT	VB175A	0.000000
1DAN.HL.UT_HL	1DAN.HL.UT_UT	VB56A	0.199540
1DAN.HL.UT_HL	1DAN.HL.UT_UT	VB85A	0.109843
1DAN.HL.UT_HL	1DAN.HL.UT_UT	WB125F	0.691750
1DAN.HL.UT_HL	1DAN.HL.UT_UT	WB136F	0.615198
1DAN.HL.UT_HL	1DAN.HL.UT_UT	WB156A	1.935552
1DAN.HL.UT_HL	1DAN.HL.UT_UT	WB156F	1.270596
1DAN.HL.UT_HL	1DAN.HL.UT_UT	WB68F	0.122896
1DAN.HL.UT_HL	1DAN.HL.UT_UT	YB162A	-0.126532
1DAN.HL.UT_HL	1DAN.HL.UT_UT	YB189A	0.627639
1DAN.HL.UT_HL	1DAN.HL.UT_UT	YB4A	0.667917
1DAN.HL.UT_HL	1DAN.HL.UT_UT	YB66L	0.154846
1DAN.HL.UT_HL	1DAN.HL.UT_UT	YB67A	0.000000
1DAN.HL.UT_HL	1DAN.HL.UT_UT	YB91A	-0.329865
1DAN.HL.UT_HL	1DAN.HL.UT_UT	CB160S,CB168S	-0.325876
1DAN.HL.UT_HL	1DAN.HL.UT_UT	DB155A,DB169A	3.857964
1DAN.HL.UT_HL	1DAN.HL.UT_UT	DB155A,FB50A	3.173305
1DAN.HL.UT_HL	1DAN.HL.UT_UT	DB155A,KB131A	3.996229
1DAN.HL.UT_HL	1DAN.HL.UT_UT	DB155A,KB131A,FB50A	5.735139
1DAN.HL.UT_HL	1DAN.HL.UT_UT	DB155A,TB171A	4.159248
1DAN.HL.UT_HL	1DAN.HL.UT_UT	DB155A,WB156A	1.507211
1DAN.HL.UT_HL	1DAN.HL.UT_UT	DB165A,EB167A	0.433301
1DAN.HL.UT_HL	1DAN.HL.UT_UT	DB172A,EB173A	0.304560
1DAN.HL.UT_HL	1DAN.HL.UT_UT	EB40A,RB41F	-0.021546
1DAN.HL.UT_HL	1DAN.HL.UT_UT	EB89A,NB90A	-0.093575
1DAN.HL.UT_HL	1DAN.HL.UT_UT	KB107A,DB110A	0.042668
1DAN.HL.UT_HL	1DAN.HL.UT_UT	KB152A,DB155A	1.571431
1DAN.HL.UT_HL	1DAN.HL.UT_UT	KB157A,KB159A	1.135854
1DAN.HL.UT_HL	1DAN.HL.UT_UT	KB176A,DB177A	-0.504232
1DAN.HL.UT_HL	1DAN.HL.UT_UT	KB179A,QB180A	-0.206115
1DAN.HL.UT_HL	1DAN.HL.UT_UT	KB59A,DB60A	-0.101513
1DAN.HL.UT_HL	1DAN.HL.UT_UT	KB71A,KB72A	-0.239738
1DAN.HL.UT_HL	1DAN.HL.UT_UT	LB14A,EB15A	-0.462906
1DAN.HL.UT_HL	1DAN.HL.UT_UT	NB105A,RB106A	0.399981
1DAN.HL.UT_HL	1DAN.HL.UT_UT	NB17A,QB20A	0.414491
1DAN.HL.UT_HL	1DAN.HL.UT_UT	NB79A,EB80A	-0.024546
1DAN.HL.UT_HL	1DAN.HL.UT_UT	QB24A,EB27A	0.033650
1DAN.HL.UT_HL	1DAN.HL.UT_UT	RB46A,NB47A,NB48A	0.206581
1DAN.HL.UT_HL	1DAN.HL.UT_UT	SB101A,RB102A	0.638566
1DAN.HL.UT_HL	1DAN.HL.UT_UT	TB103A,VB104A	-0.149029
1DAN.HL.UT_HL	1DAN.HL.UT_UT	TB171A,FB50A	4.325087
1DAN.HL.UT_HL	1DAN.HL.UT_UT	TB171A,KB131A	3.054656
1DAN.HL.UT_HL	1DAN.HL.UT_UT	WB156R,SB158G	1.481607
1DQJ.AB.C_AB	1DQJ.AB.C_C	DA246A	2.014335
1DQJ.AB.C_AB	1DQJ.AB.C_C	DB101A	1.377167
1DQJ.AB.C_AB	1DQJ.AB.C_C	KB96A	6.158576
1DQJ.AB.C_AB	1DQJ.AB.C_C	KB97A	3.521282
1DQJ.AB.C_AB	1DQJ.AB.C_C	LB75A	1.453057
1DQJ.AB.C_AB	1DQJ.AB.C_C	NA31A	2.014335
1DQJ.AB.C_AB	1DQJ.AB.C_C	NA32A	4.092513
1DQJ.AB.C_AB	1DQJ.AB.C_C	NB93A	0.650164
1DQJ.AB.C_AB	1DQJ.AB.C_C	RB21A	1.214314
1DQJ.AB.C_AB	1DQJ.AB.C_C	SA91A	1.432529
1DQJ.AB.C_AB	1DQJ.AB.C_C	SB100A	0.775930
1DQJ.AB.C_AB	1DQJ.AB.C_C	TB89A	0.841220
1DQJ.AB.C_AB	1DQJ.AB.C_C	WA312A	4.933734
1DQJ.AB.C_AB	1DQJ.AB.C_C	WB62A	0.758418
1DQJ.AB.C_AB	1DQJ.AB.C_C	WB63A	1.346872
1DQJ.AB.C_AB	1DQJ.AB.C_C	YA247A	5.526939
1DQJ.AB.C_AB	1DQJ.AB.C_C	YA264A	6.891110
1DQJ.AB.C_AB	1DQJ.AB.C_C	YA267A	1.180807
1DQJ.AB.C_AB	1DQJ.AB.C_C	YA50A	2.679498
1DQJ.AB.C_AB	1DQJ.AB.C_C	YA96A	1.135559
1DQJ.AB.C_AB	1DQJ.AB.C_C	YB20A	3.287180
1DQJ.AB.C_AB	1DQJ.AB.C_C	DA246A,KB97A	1.122886
1DQJ.AB.C_AB	1DQJ.AB.C_C	NA32A,KB96A	5.804446
1DQJ.AB.C_AB	1DQJ.AB.C_C	SA91A,RB21A	3.172151
1DQJ.AB.C_AB	1DQJ.AB.C_C	SA91A,YB20A	3.574692
1DQJ.AB.C_AB	1DQJ.AB.C_C	WA312A,KB97A	6.663068
1DQJ.AB.C_AB	1DQJ.AB.C_C	WA312A,SB100A	5.364647
1DQJ.AB.C_AB	1DQJ.AB.C_C	WA312A,YB20A	5.114386
1DQJ.AB.C_AB	1DQJ.AB.C_C	YA267A,DB101A	2.728342
1DQJ.AB.C_AB	1DQJ.AB.C_C	YA267A,LB75A	1.217407
1DQJ.AB.C_AB	1DQJ.AB.C_C	YA267A,WB62A	1.286884
1DQJ.AB.C_AB	1DQJ.AB.C_C	YA267A,WB63A	2.200217
1DQJ.AB.C_AB	1DQJ.AB.C_C	YA96A,RB21A	3.486760
1DQJ.AB.C_AB	1DQJ.AB.C_C	YA96A,SB100A	0.913856
1EAW.A.B_A	1EAW.A.B_B	DA214A	2.229134
1EAW.A.B_A	1EAW.A.B_B	DA46A	-0.171631
1EAW.A.B_A	1EAW.A.B_B	DA47A	1.502775
1EAW.A.B_A	1EAW.A.B_B	DA91A	0.654440
1EAW.A.B_A	1EAW.A.B_B	EA163A	0.703682
1EAW.A.B_A	1EAW.A.B_B	FA50A	-0.428813
1EAW.A.B_A	1EAW.A.B_B	FA89A	0.728594
1EAW.A.B_A	1EAW.A.B_B	FA92A	0.892020
1EAW.A.B_A	1EAW.A.B_B	HA138A	-0.014480
1EAW.A.B_A	1EAW.A.B_B	IA26A	-0.822506
1EAW.A.B_A	1EAW.A.B_B	IA45A	-0.194358
1EAW.A.B_A	1EAW.A.B_B	KA221A	0.476050
1EAW.A.B_A	1EAW.A.B_B	LA147A	0.502154
1EAW.A.B_A	1EAW.A.B_B	NA90A	0.308098
1EAW.A.B_A	1EAW.A.B_B	QA140A	0.306679
1EAW.A.B_A	1EAW.A.B_B	QA168A	0.565085
1EAW.A.B_A	1EAW.A.B_B	QA169A	-0.133097
1EAW.A.B_A	1EAW.A.B_B	QA218A	0.144238
1EAW.A.B_A	1EAW.A.B_B	QA23A	-0.518912
1EAW.A.B_A	1EAW.A.B_B	RA219A	-0.088552
1EAW.A.B_A	1EAW.A.B_B	RA48A	0.587615
1EAW.A.B_A	1EAW.A.B_B	RA51A	0.231008
1EAW.A.B_A	1EAW.A.B_B	RA82A	-0.149744
1EAW.A.B_A	1EAW.A.B_B	TA144A	0.089451
1EAW.A.B_A	1EAW.A.B_B	TA93A	0.254741
1EAW.A.B_A	1EAW.A.B_B	YA141A	0.502154
1EAW.A.B_A	1EAW.A.B_B	YA52A	-0.078941
1EFN.A.B_A	1EFN.A.B_B	IA12A	1.451027
1EFN.A.B_A	1EFN.A.B_B	TA13H	1.243549
1EFN.A.B_A	1EFN.A.B_B	TA13H,EA14H	0.983903
1F47.A.B_A	1F47.A.B_B	DA4A	0.691506
1F47.A.B_A	1F47.A.B_B	DA7A	1.733659
1F47.A.B_A	1F47.A.B_B	DA7G	1.139342
1F47.A.B_A	1F47.A.B_B	DA7S	2.064861
1F47.A.B_A	1F47.A.B_B	FA11A	2.445483
1F47.A.B_A	1F47.A.B_B	IA8A	2.516245
1F47.A.B_A	1F47.A.B_B	KA14A	-0.042641
1F47.A.B_A	1F47.A.B_B	LA12A	2.295326
1F47.A.B_A	1F47.A.B_B	LA6A	0.925431
1F47.A.B_A	1F47.A.B_B	PA9A	-0.057565
1F47.A.B_A	1F47.A.B_B	QA15A	-0.045596
1F47.A.B_A	1F47.A.B_B	YA5A	0.869367
1F5R.A.I_A	1F5R.A.I_I	KA129Q	-1.171374
1FC2.C.D_C	1FC2.C.D_D	FA1M	0.912640
1FC2.C.D_C	1FC2.C.D_D	FA26A	0.013662
1FC2.C.D_C	1FC2.C.D_D	FA26W	0.000000
1FC2.C.D_C	1FC2.C.D_D	IA12W	3.138999
1FC2.C.D_C	1FC2.C.D_D	IA27A	3.731126
1FC2.C.D_C	1FC2.C.D_D	KA31A	1.379295
1FC2.C.D_C	1FC2.C.D_D	KA3D	1.061531
1FC2.C.D_C	1FC2.C.D_D	LA13D	1.127632
1FC2.C.D_C	1FC2.C.D_D	LA40W	0.000000
1FC2.C.D_C	1FC2.C.D_D	NA24A	0.593990
1FC2.C.D_C	1FC2.C.D_D	NA24F	0.845498
1FC2.C.D_C	1FC2.C.D_D	NA2F	-0.108017
1FC2.C.D_C	1FC2.C.D_D	NA2Q	0.000000
1FC2.C.D_C	1FC2.C.D_D	NA7F	0.091327
1FC2.C.D_C	1FC2.C.D_D	QA28K	0.170438
1FC2.C.D_C	1FC2.C.D_D	QA28L	0.458078
1FC2.C.D_C	1FC2.C.D_D	YA10F	1.027668
1FC2.C.D_C	1FC2.C.D_D	YA10W	0.410656
1FCC.A.C_A	1FCC.A.C_C	DB40A	0.272251
1FCC.A.C_A	1FCC.A.C_C	EB27A	4.938011
1FCC.A.C_A	1FCC.A.C_C	EB42A	0.385442
1FCC.A.C_A	1FCC.A.C_C	KB28A	1.256154
1FCC.A.C_A	1FCC.A.C_C	KB31A	3.477555
1FCC.A.C_A	1FCC.A.C_C	NB35A	2.365107
1FCC.A.C_A	1FCC.A.C_C	TB25A	0.240219
1FCC.A.C_A	1FCC.A.C_C	WB43A	3.773184
1FCC.A.C_A	1FCC.A.C_C	TB44A,YB45A	1.954451
1FR2.A.B_A	1FR2.A.B_B	AA39E	-2.084014
1FSS.A.B_A	1FSS.A.B_B	AB12S	0.324643
1FSS.A.B_A	1FSS.A.B_B	HB29K	-0.619686
1FSS.A.B_A	1FSS.A.B_B	HB29R	-1.273071
1FSS.A.B_A	1FSS.A.B_B	KB32R	1.134917
1FSS.A.B_A	1FSS.A.B_B	LB35W	1.451827
1FSS.A.B_A	1FSS.A.B_B	MB33F	0.937282
1FSS.A.B_A	1FSS.A.B_B	MB33L	0.963045
1FSS.A.B_A	1FSS.A.B_B	MB33Q	1.572595
1FSS.A.B_A	1FSS.A.B_B	MB33Y	1.395360
1FSS.A.B_A	1FSS.A.B_B	NB47F	0.492762
1FSS.A.B_A	1FSS.A.B_B	NB47R	-0.534906
1FSS.A.B_A	1FSS.A.B_B	NB47W	0.115969
1FSS.A.B_A	1FSS.A.B_B	RB11K	0.316524
1FSS.A.B_A	1FSS.A.B_B	RB27F	2.436282
1FSS.A.B_A	1FSS.A.B_B	RB27M	2.664139
1FSS.A.B_A	1FSS.A.B_B	RB27Y	2.629225
1FSS.A.B_A	1FSS.A.B_B	TB8V	-0.084445
1FSS.A.B_A	1FSS.A.B_B	TB9I	-0.232266
1FSS.A.B_A	1FSS.A.B_B	TB9N	1.251458
1FSS.A.B_A	1FSS.A.B_B	VB34T	1.585959
1FSS.A.B_A	1FSS.A.B_B	TB8V,TB9I	0.441845
1FSS.A.B_A	1FSS.A.B_B	TB8V,TB9N	0.357937
1FSS.A.B_A	1FSS.A.B_B	TB8V,TB9N,RB11K,HB29R	-0.391847
1FSS.A.B_A	1FSS.A.B_B	TB8V,TB9N,RB11K,HB29R,KB32R	0.801886
1GC1.G.C_G	1GC1.G.C_C	DB10A	0.000000
1GC1.G.C_G	1GC1.G.C_C	DB53A	0.302640
1GC1.G.C_G	1GC1.G.C_C	DB56A	-0.069781
1GC1.G.C_G	1GC1.G.C_C	DB63A	-0.319330
1GC1.G.C_G	1GC1.G.C_C	DB88A	-0.069781
1GC1.G.C_G	1GC1.G.C_C	EB77A	0.562285
1GC1.G.C_G	1GC1.G.C_C	EB85A	1.323296
1GC1.G.C_G	1GC1.G.C_C	EB87A	0.217859
1GC1.G.C_G	1GC1.G.C_C	EB91A	-0.128102
1GC1.G.C_G	1GC1.G.C_C	EB92A	0.016233
1GC1.G.C_G	1GC1.G.C_C	HB27A	0.282555
1GC1.G.C_G	1GC1.G.C_C	KB1A	0.062421
1GC1.G.C_G	1GC1.G.C_C	KB21A	-0.128102
1GC1.G.C_G	1GC1.G.C_C	KB22A	0.240219
1GC1.G.C_G	1GC1.G.C_C	KB29A	0.536239
1GC1.G.C_G	1GC1.G.C_C	KB2A	-0.016690
1GC1.G.C_G	1GC1.G.C_C	KB35A	0.322066
1GC1.G.C_G	1GC1.G.C_C	KB46A	1.431019
1GC1.G.C_G	1GC1.G.C_C	KB50A	0.047421
1GC1.G.C_G	1GC1.G.C_C	KB72A	-0.016690
1GC1.G.C_G	1GC1.G.C_C	KB75A	0.157965
1GC1.G.C_G	1GC1.G.C_C	KB7A	0.997890
1GC1.G.C_G	1GC1.G.C_C	KB8A	0.105268
1GC1.G.C_G	1GC1.G.C_C	KB90A	0.047421
1GC1.G.C_G	1GC1.G.C_C	LB44A	1.056020
1GC1.G.C_G	1GC1.G.C_C	LB51A	1.234023
1GC1.G.C_G	1GC1.G.C_C	NB30A	0.170438
1GC1.G.C_G	1GC1.G.C_C	NB32A	0.182654
1GC1.G.C_G	1GC1.G.C_C	NB39A	0.465625
1GC1.G.C_G	1GC1.G.C_C	NB52A	0.708338
1GC1.G.C_G	1GC1.G.C_C	NB66A	-0.033864
1GC1.G.C_G	1GC1.G.C_C	NB73A	-0.108017
1GC1.G.C_G	1GC1.G.C_C	QB20A	-0.016690
1GC1.G.C_G	1GC1.G.C_C	QB25A	0.032032
1GC1.G.C_G	1GC1.G.C_C	QB33A	0.105268
1GC1.G.C_G	1GC1.G.C_C	QB40A	-0.410656
1GC1.G.C_G	1GC1.G.C_C	QB64A	0.442689
1GC1.G.C_G	1GC1.G.C_C	QB89A	0.170438
1GC1.G.C_G	1GC1.G.C_C	QB89L	-0.310926
1GC1.G.C_G	1GC1.G.C_C	QB94A	-0.108017
1GC1.G.C_G	1GC1.G.C_C	RB58A	0.132202
1GC1.G.C_G	1GC1.G.C_C	RB59A	1.175914
1GC1.G.C_G	1GC1.G.C_C	SB19A	0.000000
1GC1.G.C_G	1GC1.G.C_C	SB23A	0.292682
1GC1.G.C_G	1GC1.G.C_C	SB31A	0.105268
1GC1.G.C_G	1GC1.G.C_C	SB42A	0.000000
1GC1.G.C_G	1GC1.G.C_C	SB49A	0.611174
1GC1.G.C_G	1GC1.G.C_C	SB60A	-0.088590
1GC1.G.C_G	1GC1.G.C_C	TB11A	0.000000
1GC1.G.C_G	1GC1.G.C_C	TB15A	0.322066
1GC1.G.C_G	1GC1.G.C_C	TB17A	-0.128102
1GC1.G.C_G	1GC1.G.C_C	TB45A	-0.148892
1GC1.G.C_G	1GC1.G.C_C	VB86A	-0.069781
1GC1.G.C_G	1GC1.G.C_C	YB82A	1.290676
1GC1.G.C_G	1GC1.G.C_C	QB40A,DB63A	-0.499247
1GC1.G.C_G	1GC1.G.C_C	QB40A,DB63A,QB89L	-0.848247
1GCQ.AB.C_AB	1GCQ.AB.C_C	AB42G	1.353496
1GCQ.AB.C_AB	1GCQ.AB.C_C	GB21V	-0.025215
1GCQ.AB.C_AB	1GCQ.AB.C_C	PB18A	0.120808
1GCQ.AB.C_AB	1GCQ.AB.C_C	PB19A	0.085250
1GCQ.AB.C_AB	1GCQ.AB.C_C	PB5A	0.767836
1GCQ.AB.C_AB	1GCQ.AB.C_C	PB67A	1.316456
1GCQ.AB.C_AB	1GCQ.AB.C_C	WB47Y	2.147248
1GL0.E.I_E	1GL0.E.I_I	MB28K	-0.557858
1GL0.E.I_E	1GL0.E.I_I	MB28K,LB27R	3.837295
1HE8.A.B_A	1HE8.A.B_B	KA80V	0.475352
1HE8.A.B_A	1HE8.A.B_B	KA80V,DA117A	0.944329
1HE8.A.B_A	1HE8.A.B_B	KA80V,DA95A	1.038295
1HE8.A.B_A	1HE8.A.B_B	KA80V,EA124K	-0.098972
1HE8.A.B_A	1HE8.A.B_B	KA80V,EA606A	0.454562
1HE8.A.B_A	1HE8.A.B_B	KA80V,EA606K	-0.458078
1HE8.A.B_A	1HE8.A.B_B	KA80V,FA78S	2.162248
1HE8.A.B_A	1HE8.A.B_B	KA80V,KA108A	2.162248
1HE8.A.B_A	1HE8.A.B_B	KA80V,KA108E	2.162248
1HE8.A.B_A	1HE8.A.B_B	KA80V,KA111A	1.967625
1HE8.A.B_A	1HE8.A.B_B	KA80V,KA112A	2.162248
1HE8.A.B_A	1HE8.A.B_B	KA80V,KA113A	1.675856
1HE8.A.B_A	1HE8.A.B_B	KA80V,KA91A	1.523105
1HE8.A.B_A	1HE8.A.B_B	KA80V,RA83A	1.897844
1HE8.A.B_A	1HE8.A.B_B	KA80V,TA89D	2.162248
1JCK.A.B_A	1JCK.A.B_B	FB176A	1.960891
1JCK.A.B_A	1JCK.A.B_B	GB102A	0.013021
1JCK.A.B_A	1JCK.A.B_B	KB103A	0.403100
1JCK.A.B_A	1JCK.A.B_B	NB23A	2.077467
1JCK.A.B_A	1JCK.A.B_B	NB60A	1.329281
1JCK.A.B_A	1JCK.A.B_B	QB210A	2.077467
1JCK.A.B_A	1JCK.A.B_B	TB20A	1.489069
1JCK.A.B_A	1JCK.A.B_B	VB91A	2.081586
1JCK.A.B_A	1JCK.A.B_B	YB26A	1.761360
1JCK.A.B_A	1JCK.A.B_B	YB90A	2.336804
1JRH.LH.I_LH	1JRH.LH.I_I	DA223A	1.886944
1JRH.LH.I_LH	1JRH.LH.I_I	DA224A	1.666811
1JRH.LH.I_LH	1JRH.LH.I_I	DA225A	1.855479
1JRH.LH.I_LH	1JRH.LH.I_I	DA28A	0.434841
1JRH.LH.I_LH	1JRH.LH.I_I	EA27A	0.542858
1JRH.LH.I_LH	1JRH.LH.I_I	EB35Q	0.099613
1JRH.LH.I_LH	1JRH.LH.I_I	EB45A	-0.566038
1JRH.LH.I_LH	1JRH.LH.I_I	EB45P	-3.789874
1JRH.LH.I_LH	1JRH.LH.I_I	FA270A	0.000000
1JRH.LH.I_LH	1JRH.LH.I_I	GB40A	4.452231
1JRH.LH.I_LH	1JRH.LH.I_I	HA274A	1.698531
1JRH.LH.I_LH	1JRH.LH.I_I	KB37A	3.715526
1JRH.LH.I_LH	1JRH.LH.I_I	KB37M	3.293804
1JRH.LH.I_LH	1JRH.LH.I_I	KB42A	3.387334
1JRH.LH.I_LH	1JRH.LH.I_I	KB42M	4.913826
1JRH.LH.I_LH	1JRH.LH.I_I	KB88A	0.312233
1JRH.LH.I_LH	1JRH.LH.I_I	NB38A	0.170534
1JRH.LH.I_LH	1JRH.LH.I_I	NB38Q	0.534711
1JRH.LH.I_LH	1JRH.LH.I_I	NB43A	4.301758
1JRH.LH.I_LH	1JRH.LH.I_I	NB69A	-0.199624
1JRH.LH.I_LH	1JRH.LH.I_I	RA267A	0.542858
1JRH.LH.I_LH	1JRH.LH.I_I	RB74A	0.392793
1JRH.LH.I_LH	1JRH.LH.I_I	SA93A	-0.650875
1JRH.LH.I_LH	1JRH.LH.I_I	SB44A	0.377880
1JRH.LH.I_LH	1JRH.LH.I_I	TA94A	0.385442
1JRH.LH.I_LH	1JRH.LH.I_I	TB4V	-0.025577
1JRH.LH.I_LH	1JRH.LH.I_I	VB41A	1.679909
1JRH.LH.I_LH	1JRH.LH.I_I	WA221A	2.687467
1JRH.LH.I_LH	1JRH.LH.I_I	WA222A	2.422402
1JRH.LH.I_LH	1JRH.LH.I_I	WA92A	2.819669
1JRH.LH.I_LH	1JRH.LH.I_I	WA95A	1.666811
1JRH.LH.I_LH	1JRH.LH.I_I	WB46F	-0.252725
1JRH.LH.I_LH	1JRH.LH.I_I	WB46Y	0.298663
1JRH.LH.I_LH	1JRH.LH.I_I	WB72A	4.431029
1JRH.LH.I_LH	1JRH.LH.I_I	WB72F	1.103201
1JRH.LH.I_LH	1JRH.LH.I_I	WB72Y	1.188359
1JRH.LH.I_LH	1JRH.LH.I_I	YA199A	1.433952
1JRH.LH.I_LH	1JRH.LH.I_I	YA227A	1.256154
1JRH.LH.I_LH	1JRH.LH.I_I	YA271A	1.061531
1JRH.LH.I_LH	1JRH.LH.I_I	YA30A	1.108953
1JRH.LH.I_LH	1JRH.LH.I_I	YA91A	0.581094
1JRH.LH.I_LH	1JRH.LH.I_I	YB39A	3.528703
1JRH.LH.I_LH	1JRH.LH.I_I	YB39F	0.909188
1JRH.LH.I_LH	1JRH.LH.I_I	AB49S,IB51T,HB55D	0.070707
1JRH.LH.I_LH	1JRH.LH.I_I	AB85D,KB88R,EB90K	-0.047769
1JRH.LH.I_LH	1JRH.LH.I_I	AB93L,VB94M	0.633947
1JRH.LH.I_LH	1JRH.LH.I_I	EB45P,IB47L	-3.458328
1JRH.LH.I_LH	1JRH.LH.I_I	EB45P,IB47R	-3.441638
1JRH.LH.I_LH	1JRH.LH.I_I	IB25N,PB27S,VB29T,VB31I	0.143770
1JRH.LH.I_LH	1JRH.LH.I_I	MB15L,IB18V	-0.213702
1JRH.LH.I_LH	1JRH.LH.I_I	SB44G,EB45G,IB47R	-3.379217
1JRH.LH.I_LH	1JRH.LH.I_I	SB44G,EB45P,IB47K	-3.886158
1JRH.LH.I_LH	1JRH.LH.I_I	SB61Y,DB62E,HB63Q,VB64I,GB65M,DB66Y,SB68D,NB69V,LB71A	2.960157
1JRH.LH.I_LH	1JRH.LH.I_I	TB9L,EB11K	-0.025577
1JRH.LH.I_LH	1JRH.LH.I_I	VB73A,RB78K	-0.213702
1JTD.A.B_A	1JTD.A.B_B	DB129A	0.960874
1JTD.A.B_A	1JTD.A.B_B	DB132A	-0.549062
1JTD.A.B_A	1JTD.A.B_B	DB14A	1.508105
1JTD.A.B_A	1JTD.A.B_B	DB168A	-1.061531
1JTD.A.B_A	1JTD.A.B_B	DB93A	1.989832
1JTD.A.B_A	1JTD.A.B_B	EA78A	0.840739
1JTD.A.B_A	1JTD.A.B_B	EA84A	0.038236
1JTD.A.B_A	1JTD.A.B_B	EB230A	1.850069
1JTD.A.B_A	1JTD.A.B_B	FB171A	2.200715
1JTD.A.B_A	1JTD.A.B_B	FB192A	3.961852
1JTD.A.B_A	1JTD.A.B_B	FB36A	2.551285
1JTD.A.B_A	1JTD.A.B_B	IB191A	2.890390
1JTD.A.B_A	1JTD.A.B_B	KA85A	2.144609
1JTD.A.B_A	1JTD.A.B_B	LA76A	1.733953
1JTD.A.B_A	1JTD.A.B_B	LB53A	0.667108
1JTD.A.B_A	1JTD.A.B_B	MA103A	2.522645
1JTD.A.B_A	1JTD.A.B_B	MA244A	0.278455
1JTD.A.B_A	1JTD.A.B_B	NA74A	0.801228
1JTD.A.B_A	1JTD.A.B_B	NB12A	1.301750
1JTD.A.B_A	1JTD.A.B_B	NB266A	2.670021
1JTD.A.B_A	1JTD.A.B_B	NB74A	1.209966
1JTD.A.B_A	1JTD.A.B_B	PA81A	1.733953
1JTD.A.B_A	1JTD.A.B_B	QA73A	0.518673
1JTD.A.B_A	1JTD.A.B_B	RB248A	0.888344
1JTD.A.B_A	1JTD.A.B_B	SB131A	0.151628
1JTD.A.B_A	1JTD.A.B_B	TB19A	0.295187
1JTD.A.B_A	1JTD.A.B_B	VA190A	0.038236
1JTD.A.B_A	1JTD.A.B_B	WB114A	3.256201
1JTD.A.B_A	1JTD.A.B_B	WB15A	1.393077
1JTD.A.B_A	1JTD.A.B_B	WB231A	5.811738
1JTD.A.B_A	1JTD.A.B_B	YA79A	2.250860
1JTD.A.B_A	1JTD.A.B_B	YB153A	3.300106
1JTD.A.B_A	1JTD.A.B_B	YB170A	2.027262
1JTD.A.B_A	1JTD.A.B_B	YB210A	0.824391
1JTD.A.B_A	1JTD.A.B_B	YB35A	3.151819
1JTD.A.B_A	1JTD.A.B_B	YB75A	0.480437
1JTG.A.B_A	1JTG.A.B_B	DB163A	-1.340935
1JTG.A.B_A	1JTG.A.B_B	DB163K	-1.982765
1JTG.A.B_A	1JTG.A.B_B	DB49A	2.404163
1JTG.A.B_A	1JTG.A.B_B	EA143A	-0.072582
1JTG.A.B_A	1JTG.A.B_B	EA143G	-0.170438
1JTG.A.B_A	1JTG.A.B_B	EA146K	-0.610000
1JTG.A.B_A	1JTG.A.B_B	EA213K	-0.410656
1JTG.A.B_A	1JTG.A.B_B	EA79A	1.982823
1JTG.A.B_A	1JTG.A.B_B	EA79D	3.643621
1JTG.A.B_A	1JTG.A.B_B	EA79K	3.236983
1JTG.A.B_A	1JTG.A.B_B	EA85A	1.373578
1JTG.A.B_A	1JTG.A.B_B	EA85G	-0.912640
1JTG.A.B_A	1JTG.A.B_B	EA85V	-0.672421
1JTG.A.B_A	1JTG.A.B_B	EB31A	0.821313
1JTG.A.B_A	1JTG.A.B_B	EB73A	0.426757
1JTG.A.B_A	1JTG.A.B_B	EB73M	0.504622
1JTG.A.B_A	1JTG.A.B_B	FB142A	2.855394
1JTG.A.B_A	1JTG.A.B_B	FB36A	3.252641
1JTG.A.B_A	1JTG.A.B_B	GA212S	-0.267779
1JTG.A.B_A	1JTG.A.B_B	GB141A	1.314802
1JTG.A.B_A	1JTG.A.B_B	GB48A	1.147645
1JTG.A.B_A	1JTG.A.B_B	HB148A	2.981495
1JTG.A.B_A	1JTG.A.B_B	HB41A	3.405537
1JTG.A.B_A	1JTG.A.B_B	KA208A	1.222124
1JTG.A.B_A	1JTG.A.B_B	KA86A	-0.858519
1JTG.A.B_A	1JTG.A.B_B	KA86N	0.180924
1JTG.A.B_A	1JTG.A.B_B	KB74A	3.646837
1JTG.A.B_A	1JTG.A.B_B	LA77A	0.870712
1JTG.A.B_A	1JTG.A.B_B	MA104A	1.124220
1JTG.A.B_A	1JTG.A.B_B	MA244A	-0.051082
1JTG.A.B_A	1JTG.A.B_B	NA75A	-0.966584
1JTG.A.B_A	1JTG.A.B_B	NB89K	-0.454927
1JTG.A.B_A	1JTG.A.B_B	PA82A	-0.072991
1JTG.A.B_A	1JTG.A.B_B	PA82Q	0.461324
1JTG.A.B_A	1JTG.A.B_B	QA74A	0.509505
1JTG.A.B_A	1JTG.A.B_B	RA214Y	-0.142877
1JTG.A.B_A	1JTG.A.B_B	RA217A	1.302568
1JTG.A.B_A	1JTG.A.B_B	RB144A	0.645308
1JTG.A.B_A	1JTG.A.B_B	RB160A	2.840954
1JTG.A.B_A	1JTG.A.B_B	SA105A	0.562910
1JTG.A.B_A	1JTG.A.B_B	SA209A	1.239083
1JTG.A.B_A	1JTG.A.B_B	SB113A	-0.521521
1JTG.A.B_A	1JTG.A.B_B	SB35A	0.000000
1JTG.A.B_A	1JTG.A.B_B	SB39A	0.024572
1JTG.A.B_A	1JTG.A.B_B	SB71A	0.135416
1JTG.A.B_A	1JTG.A.B_B	TB140K	-0.014392
1JTG.A.B_A	1JTG.A.B_B	TB32K	0.199344
1JTG.A.B_A	1JTG.A.B_B	VA190A	-0.494878
1JTG.A.B_A	1JTG.A.B_B	VA78A	1.910744
1JTG.A.B_A	1JTG.A.B_B	VB93K	-0.475716
1JTG.A.B_A	1JTG.A.B_B	WB112A	2.900113
1JTG.A.B_A	1JTG.A.B_B	WB150A	4.459152
1JTG.A.B_A	1JTG.A.B_B	WB162A	2.263155
1JTG.A.B_A	1JTG.A.B_B	YA80A	-0.131571
1JTG.A.B_A	1JTG.A.B_B	YB143A	0.734972
1JTG.A.B_A	1JTG.A.B_B	YB50A	-1.716374
1JTG.A.B_A	1JTG.A.B_B	YB51A	0.810843
1JTG.A.B_A	1JTG.A.B_B	YB53A	2.946505
1JTG.A.B_A	1JTG.A.B_B	DB163K,DB135K,VB134K	-3.055167
1JTG.A.B_A	1JTG.A.B_B	DB49A,KA208A	1.600652
1JTG.A.B_A	1JTG.A.B_B	DB49A,RA217A	1.099224
1JTG.A.B_A	1JTG.A.B_B	DB49A,SA105A	0.358089
1JTG.A.B_A	1JTG.A.B_B	EA143A,DB49A	1.505004
1JTG.A.B_A	1JTG.A.B_B	EA143A,FB142A	2.581045
1JTG.A.B_A	1JTG.A.B_B	EA143A,KB74A	4.061928
1JTG.A.B_A	1JTG.A.B_B	EA143A,RB160A	2.318927
1JTG.A.B_A	1JTG.A.B_B	EA143A,WB112A	2.795218
1JTG.A.B_A	1JTG.A.B_B	EA143A,WB150A	4.109652
1JTG.A.B_A	1JTG.A.B_B	EA143A,WB162A	2.077467
1JTG.A.B_A	1JTG.A.B_B	EA79A,EB73M	1.836322
1JTG.A.B_A	1JTG.A.B_B	EA79A,EB73M,FB142A	2.845544
1JTG.A.B_A	1JTG.A.B_B	EA79A,EB73M,KB74A	2.095698
1JTG.A.B_A	1JTG.A.B_B	EA79A,EB73M,KB74A,FB142A	2.582089
1JTG.A.B_A	1JTG.A.B_B	EA79A,SB113A	1.864555
1JTG.A.B_A	1JTG.A.B_B	EA79A,SB113A,SB71A	2.581045
1JTG.A.B_A	1JTG.A.B_B	EA79A,YA80A	1.027010
1JTG.A.B_A	1JTG.A.B_B	EA79K,DB49A	5.640436
1JTG.A.B_A	1JTG.A.B_B	EA79K,FB142A	4.554720
1JTG.A.B_A	1JTG.A.B_B	EA85A,SB113A	4.565591
1JTG.A.B_A	1JTG.A.B_B	EA85A,SB113A,SB71A	5.042290
1JTG.A.B_A	1JTG.A.B_B	EA85A,SB71A	5.019354
1JTG.A.B_A	1JTG.A.B_B	EA85A,YB50A	3.967104
1JTG.A.B_A	1JTG.A.B_B	EA85G,EA143G	-0.610000
1JTG.A.B_A	1JTG.A.B_B	EA85V,EA143G	-0.742202
1JTG.A.B_A	1JTG.A.B_B	EB73A,YB50A	-1.496373
1JTG.A.B_A	1JTG.A.B_B	EB73M,FB142A	2.532690
1JTG.A.B_A	1JTG.A.B_B	EB73M,KB74A	4.294496
1JTG.A.B_A	1JTG.A.B_B	EB73M,KB74A,FB142A	4.556261
1JTG.A.B_A	1JTG.A.B_B	FB142A,EA79A	2.747889
1JTG.A.B_A	1JTG.A.B_B	FB142A,EA79A,YA80A	1.505004
1JTG.A.B_A	1JTG.A.B_B	FB142A,KA208A	3.395148
1JTG.A.B_A	1JTG.A.B_B	FB142A,RA217A	3.395148
1JTG.A.B_A	1JTG.A.B_B	FB142A,SA105A	2.843151
1JTG.A.B_A	1JTG.A.B_B	FB142A,YA80A	0.694366
1JTG.A.B_A	1JTG.A.B_B	FB142A,YB143A	2.843151
1JTG.A.B_A	1JTG.A.B_B	FB142A,YB143A,EA79A	2.891281
1JTG.A.B_A	1JTG.A.B_B	FB142A,YB143A,EA79A,YA80A	2.843151
1JTG.A.B_A	1JTG.A.B_B	FB142A,YB143A,KA208A	4.681933
1JTG.A.B_A	1JTG.A.B_B	FB142A,YB143A,RA217A	4.542801
1JTG.A.B_A	1JTG.A.B_B	FB142A,YB143A,SA105A	4.158278
1JTG.A.B_A	1JTG.A.B_B	FB142A,YB143A,YA80A	2.986904
1JTG.A.B_A	1JTG.A.B_B	GA212S,DB49A	2.635217
1JTG.A.B_A	1JTG.A.B_B	GA212S,FB142A	3.681857
1JTG.A.B_A	1JTG.A.B_B	KA208A,DB49A	1.554021
1JTG.A.B_A	1JTG.A.B_B	KA208A,SA105A	1.979599
1JTG.A.B_A	1JTG.A.B_B	KA208A,SA105A,DB49A	1.318194
1JTG.A.B_A	1JTG.A.B_B	KA208A,SA105A,RA217A	2.509422
1JTG.A.B_A	1JTG.A.B_B	KA208A,SA105A,RA217A,DB49A	1.490970
1JTG.A.B_A	1JTG.A.B_B	KA208A,SA209A,SA105A,RA217A	2.788504
1JTG.A.B_A	1JTG.A.B_B	KA208A,SA209A,SA105A,RA217A,DB49A	1.726972
1JTG.A.B_A	1JTG.A.B_B	KB74A,EA79A	1.576849
1JTG.A.B_A	1JTG.A.B_B	KB74A,EA79A,YA80A	1.386116
1JTG.A.B_A	1JTG.A.B_B	KB74A,FB142A	4.852370
1JTG.A.B_A	1JTG.A.B_B	KB74A,FB142A,EA79A	3.130240
1JTG.A.B_A	1JTG.A.B_B	KB74A,FB142A,EA79A,YA80A	3.130240
1JTG.A.B_A	1JTG.A.B_B	KB74A,FB142A,KA208A	5.830841
1JTG.A.B_A	1JTG.A.B_B	KB74A,FB142A,RA217A	5.496316
1JTG.A.B_A	1JTG.A.B_B	KB74A,FB142A,SA105A	5.161859
1JTG.A.B_A	1JTG.A.B_B	KB74A,FB142A,YA80A	4.779135
1JTG.A.B_A	1JTG.A.B_B	KB74A,FB142A,YB143A	3.895401
1JTG.A.B_A	1JTG.A.B_B	KB74A,FB142A,YB143A,EA79A	2.388983
1JTG.A.B_A	1JTG.A.B_B	KB74A,FB142A,YB143A,EA79A,YA80A	2.412727
1JTG.A.B_A	1JTG.A.B_B	KB74A,FB142A,YB143A,KA208A	5.472615
1JTG.A.B_A	1JTG.A.B_B	KB74A,FB142A,YB143A,RA217A	5.257837
1JTG.A.B_A	1JTG.A.B_B	KB74A,FB142A,YB143A,SA105A	5.066775
1JTG.A.B_A	1JTG.A.B_B	KB74A,FB142A,YB143A,YA80A	4.229416
1JTG.A.B_A	1JTG.A.B_B	KB74A,KA208A	6.548087
1JTG.A.B_A	1JTG.A.B_B	KB74A,RA217A	6.620269
1JTG.A.B_A	1JTG.A.B_B	KB74A,SA105A	3.178630
1JTG.A.B_A	1JTG.A.B_B	KB74A,YA80A	3.322336
1JTG.A.B_A	1JTG.A.B_B	KB74A,YB143A	3.058644
1JTG.A.B_A	1JTG.A.B_B	KB74A,YB143A,EA79A	1.050668
1JTG.A.B_A	1JTG.A.B_B	KB74A,YB143A,EA79A,YA80A	1.767957
1JTG.A.B_A	1JTG.A.B_B	KB74A,YB143A,KA208A	4.876004
1JTG.A.B_A	1JTG.A.B_B	KB74A,YB143A,RA217A	4.373137
1JTG.A.B_A	1JTG.A.B_B	KB74A,YB143A,SA105A	3.728418
1JTG.A.B_A	1JTG.A.B_B	KB74A,YB143A,YA80A	3.395148
1JTG.A.B_A	1JTG.A.B_B	MA104A,FB36A	3.631322
1JTG.A.B_A	1JTG.A.B_B	MA104A,SB113A,SB71A	1.672743
1JTG.A.B_A	1JTG.A.B_B	MA104A,YB50A	0.358089
1JTG.A.B_A	1JTG.A.B_B	MA104A,YB53A	3.609275
1JTG.A.B_A	1JTG.A.B_B	NA75A,DB49A	1.576849
1JTG.A.B_A	1JTG.A.B_B	NA75A,FB142A	2.293604
1JTG.A.B_A	1JTG.A.B_B	NA75A,HB148A	2.102992
1JTG.A.B_A	1JTG.A.B_B	NA75A,KB74A	3.511833
1JTG.A.B_A	1JTG.A.B_B	NA75A,RB160A	1.576849
1JTG.A.B_A	1JTG.A.B_B	NA75A,WB112A	2.795218
1JTG.A.B_A	1JTG.A.B_B	NA75A,WB150A	4.349468
1JTG.A.B_A	1JTG.A.B_B	NA75A,WB162A	2.102992
1JTG.A.B_A	1JTG.A.B_B	PA82A,HB41A	2.652946
1JTG.A.B_A	1JTG.A.B_B	PA82A,YB50A	-0.647161
1JTG.A.B_A	1JTG.A.B_B	PA82A,YB53A	2.388983
1JTG.A.B_A	1JTG.A.B_B	QA74A,DB49A	2.198384
1JTG.A.B_A	1JTG.A.B_B	QA74A,FB142A	2.819137
1JTG.A.B_A	1JTG.A.B_B	QA74A,HB148A	3.201420
1JTG.A.B_A	1JTG.A.B_B	QA74A,KB74A	4.109652
1JTG.A.B_A	1JTG.A.B_B	QA74A,RB160A	3.750947
1JTG.A.B_A	1JTG.A.B_B	QA74A,WB112A	3.537737
1JTG.A.B_A	1JTG.A.B_B	QA74A,WB150A	3.823668
1JTG.A.B_A	1JTG.A.B_B	QA74A,WB162A	2.891281
1JTG.A.B_A	1JTG.A.B_B	RA217A,DB49A	1.111682
1JTG.A.B_A	1JTG.A.B_B	RA217A,KA208A	2.730075
1JTG.A.B_A	1JTG.A.B_B	RA217A,KA208A,DB49A	1.904421
1JTG.A.B_A	1JTG.A.B_B	RA217A,SA105A	1.849695
1JTG.A.B_A	1JTG.A.B_B	RA217A,SA105A,DB49A	1.254939
1JTG.A.B_A	1JTG.A.B_B	RA217A,SA209A	0.739594
1JTG.A.B_A	1JTG.A.B_B	RA217A,SA209A,DB49A	0.408048
1JTG.A.B_A	1JTG.A.B_B	RA217A,SA209A,KA208A	2.716957
1JTG.A.B_A	1JTG.A.B_B	RA217A,SA209A,KA208A,DB49A	2.032426
1JTG.A.B_A	1JTG.A.B_B	RA217A,SA209A,SA105A	1.688109
1JTG.A.B_A	1JTG.A.B_B	RA217A,SA209A,SA105A,DB49A	0.894266
1JTG.A.B_A	1JTG.A.B_B	SA105A,DB49A	1.384632
1JTG.A.B_A	1JTG.A.B_B	SA209A,DB49A	1.641106
1JTG.A.B_A	1JTG.A.B_B	SA209A,KA208A	2.093723
1JTG.A.B_A	1JTG.A.B_B	SA209A,KA208A,DB49A	1.534826
1JTG.A.B_A	1JTG.A.B_B	SA209A,SA105A	1.152734
1JTG.A.B_A	1JTG.A.B_B	SA209A,SA105A,DB49A	1.094157
1JTG.A.B_A	1JTG.A.B_B	SA209A,SA105A,KA208A	1.849695
1JTG.A.B_A	1JTG.A.B_B	SA209A,SA105A,KA208A,DB49A	0.609256
1JTG.A.B_A	1JTG.A.B_B	SB71A,SB113A	0.456068
1JTG.A.B_A	1JTG.A.B_B	TB140K,QB157K	-0.396606
1JTG.A.B_A	1JTG.A.B_B	VA190A,FB142A	2.198384
1JTG.A.B_A	1JTG.A.B_B	VA190A,YB50A	-0.885531
1JTG.A.B_A	1JTG.A.B_B	VA78A,FB142A	4.516677
1JTG.A.B_A	1JTG.A.B_B	VA78A,RB160A	4.349468
1JTG.A.B_A	1JTG.A.B_B	VA78A,WB162A	4.229416
1JTG.A.B_A	1JTG.A.B_B	VB165K,DB163K,DB135K,NB89K	-3.360556
1JTG.A.B_A	1JTG.A.B_B	VB165K,DB163K,NB89K	-2.393421
1JTG.A.B_A	1JTG.A.B_B	YB143A,EA79A	1.864555
1JTG.A.B_A	1JTG.A.B_B	YB143A,EA79A,YA80A	2.054678
1JTG.A.B_A	1JTG.A.B_B	YB143A,KA208A	2.556661
1JTG.A.B_A	1JTG.A.B_B	YB143A,RA217A	2.269850
1JTG.A.B_A	1JTG.A.B_B	YB143A,SA105A	1.791966
1JTG.A.B_A	1JTG.A.B_B	YB143A,YA80A	1.075443
1KAC.A.B_A	1KAC.A.B_B	PA15S	-0.793381
1KAC.A.B_A	1KAC.A.B_B	SA87Y	-1.252759
1KIP.AB.C_AB	1KIP.AB.C_C	AA139Y	-0.800952
1KIQ.AB.C_AB	1KIQ.AB.C_C	FA208Y	-2.496076
1KTZ.A.B_A	1KTZ.A.B_B	DB8A	1.521617
1KTZ.A.B_A	1KTZ.A.B_B	DB8N	2.000344
1KTZ.A.B_A	1KTZ.A.B_B	DB94A	0.814742
1KTZ.A.B_A	1KTZ.A.B_B	EB31A	1.216523
1KTZ.A.B_A	1KTZ.A.B_B	EB51A	1.080114
1KTZ.A.B_A	1KTZ.A.B_B	EB95A	1.494278
1KTZ.A.B_A	1KTZ.A.B_B	EB95Q	1.627179
1KTZ.A.B_A	1KTZ.A.B_B	FB6A	2.980065
1KTZ.A.B_A	1KTZ.A.B_B	FB86A	0.932227
1KTZ.A.B_A	1KTZ.A.B_B	HB55A	0.295628
1KTZ.A.B_A	1KTZ.A.B_B	IB101A	0.539363
1KTZ.A.B_A	1KTZ.A.B_B	IB26A	1.896481
1KTZ.A.B_A	1KTZ.A.B_B	IB29A	1.370239
1KTZ.A.B_A	1KTZ.A.B_B	LB3A	1.824924
1KTZ.A.B_A	1KTZ.A.B_B	MB88A	0.871409
1KTZ.A.B_A	1KTZ.A.B_B	NB23A	0.284953
1KTZ.A.B_A	1KTZ.A.B_B	RA13A	1.481581
1KTZ.A.B_A	1KTZ.A.B_B	RA13K	1.151698
1KTZ.A.B_A	1KTZ.A.B_B	RA64A	2.884404
1KTZ.A.B_A	1KTZ.A.B_B	RA64K	2.201497
1KTZ.A.B_A	1KTZ.A.B_B	SB25A	0.326546
1KTZ.A.B_A	1KTZ.A.B_B	SB28A	0.216517
1KTZ.A.B_A	1KTZ.A.B_B	SB28L	4.037787
1KTZ.A.B_A	1KTZ.A.B_B	TB27A	1.513547
1KTZ.A.B_A	1KTZ.A.B_B	VA62I	0.242918
1KTZ.A.B_A	1KTZ.A.B_B	VB38A	0.647964
1KTZ.A.B_A	1KTZ.A.B_B	VB53A	0.414997
1M9E.A.D_A	1M9E.A.D_D	AB76H	-1.009981
1MAH.A.F_A	1MAH.A.F_F	DA71N	1.734872
1MAH.A.F_A	1MAH.A.F_F	FA285L	1.149167
1MAH.A.F_A	1MAH.A.F_F	FA287I	1.901855
1MAH.A.F_A	1MAH.A.F_F	FA287Y	0.731058
1MAH.A.F_A	1MAH.A.F_F	FA328G	0.731058
1MAH.A.F_A	1MAH.A.F_F	WA276R	8.131130
1MAH.A.F_A	1MAH.A.F_F	YA121Q	2.772983
1MAH.A.F_A	1MAH.A.F_F	YA327A	0.356760
1MAH.A.F_A	1MAH.A.F_F	YA69N	4.816024
1MAH.A.F_A	1MAH.A.F_F	YA121Q,WA276R	8.959454
1MAH.A.F_A	1MAH.A.F_F	YA69N,WA276R	10.734282
1MAH.A.F_A	1MAH.A.F_F	YA69N,YA121Q	6.132774
1MAH.A.F_A	1MAH.A.F_F	YA69N,YA121Q,WA276R	10.926110
1MHP.HL.A_HL	1MHP.HL.A_A	FA99W	0.000000
1MHP.HL.A_HL	1MHP.HL.A_A	FA99Y	0.755007
1MHP.HL.A_HL	1MHP.HL.A_A	GA100F	0.389192
1MHP.HL.A_HL	1MHP.HL.A_A	GA100L	2.728342
1MHP.HL.A_HL	1MHP.HL.A_A	GA100M	0.102180
1MHP.HL.A_HL	1MHP.HL.A_A	GA100S	0.557997
1MHP.HL.A_HL	1MHP.HL.A_A	GA310Q	1.573389
1MHP.HL.A_HL	1MHP.HL.A_A	GA310S	0.512836
1MHP.HL.A_HL	1MHP.HL.A_A	GA53A	0.512836
1MHP.HL.A_HL	1MHP.HL.A_A	GA53N	1.255875
1MHP.HL.A_HL	1MHP.HL.A_A	GA53S	0.675896
1MHP.HL.A_HL	1MHP.HL.A_A	GA54I	1.364171
1MHP.HL.A_HL	1MHP.HL.A_A	GA54T	1.164688
1MHP.HL.A_HL	1MHP.HL.A_A	GA54Y	0.000000
1MHP.HL.A_HL	1MHP.HL.A_A	HA249K	1.164688
1MHP.HL.A_HL	1MHP.HL.A_A	HA249R	1.124301
1MHP.HL.A_HL	1MHP.HL.A_A	HA249W	1.255875
1MHP.HL.A_HL	1MHP.HL.A_A	KA64D	-0.171519
1MHP.HL.A_HL	1MHP.HL.A_A	KA64E	-0.077649
1MHP.HL.A_HL	1MHP.HL.A_A	KA64N	-0.036288
1MHP.HL.A_HL	1MHP.HL.A_A	KA64Q	-0.077649
1MHP.HL.A_HL	1MHP.HL.A_A	LA267F	0.712599
1MHP.HL.A_HL	1MHP.HL.A_A	LA267K	0.861587
1MHP.HL.A_HL	1MHP.HL.A_A	LA267W	1.908422
1MHP.HL.A_HL	1MHP.HL.A_A	LA60D	-0.061347
1MHP.HL.A_HL	1MHP.HL.A_A	NA248V	1.049799
1MHP.HL.A_HL	1MHP.HL.A_A	NA248W	1.573389
1MHP.HL.A_HL	1MHP.HL.A_A	NA248Y	1.908422
1MHP.HL.A_HL	1MHP.HL.A_A	NA270D	0.500987
1MHP.HL.A_HL	1MHP.HL.A_A	NA270E	-0.088725
1MHP.HL.A_HL	1MHP.HL.A_A	NA270K	0.657804
1MHP.HL.A_HL	1MHP.HL.A_A	NA270R	0.845219
1MHP.HL.A_HL	1MHP.HL.A_A	NA270Y	-0.051648
1MHP.HL.A_HL	1MHP.HL.A_A	RA31Q	1.307913
1MHP.HL.A_HL	1MHP.HL.A_A	SA242R	-0.215429
1MHP.HL.A_HL	1MHP.HL.A_A	SA246Q	-0.687912
1MHP.HL.A_HL	1MHP.HL.A_A	SA309Q	1.774828
1MHP.HL.A_HL	1MHP.HL.A_A	SA309R	2.728342
1MHP.HL.A_HL	1MHP.HL.A_A	SA309T	2.317686
1MHP.HL.A_HL	1MHP.HL.A_A	SA35A	1.573389
1MHP.HL.A_HL	1MHP.HL.A_A	SA35Q	2.728342
1MHP.HL.A_HL	1MHP.HL.A_A	SA52M	2.076770
1MHP.HL.A_HL	1MHP.HL.A_A	TA33N	2.728342
1MHP.HL.A_HL	1MHP.HL.A_A	TA33V	0.434563
1MHP.HL.A_HL	1MHP.HL.A_A	TA50V	-0.131658
1MHP.HL.A_HL	1MHP.HL.A_A	WA308Q	2.076770
1MHP.HL.A_HL	1MHP.HL.A_A	YA58E	2.076770
1MHP.HL.A_HL	1MHP.HL.A_A	YA58Q	2.076770
1MHP.HL.A_HL	1MHP.HL.A_A	YA58W	0.821313
1MHP.HL.A_HL	1MHP.HL.A_A	YA59E	0.544251
1MHP.HL.A_HL	1MHP.HL.A_A	KA64E,SA246Q	-0.857230
1MHP.HL.A_HL	1MHP.HL.A_A	KA64E,SA246Q,NA270Y	-1.019616
1MHP.HL.A_HL	1MHP.HL.A_A	LA60D,KA64E	-0.141864
1MHP.HL.A_HL	1MHP.HL.A_A	LA60D,KA64Q	0.043009
1MHP.HL.A_HL	1MHP.HL.A_A	NA248Y,SA309I	0.434563
1MHP.HL.A_HL	1MHP.HL.A_A	SA309R,NA248E	2.728342
1MHP.HL.A_HL	1MHP.HL.A_A	SA35A,GA102S	1.573389
1MHP.HL.A_HL	1MHP.HL.A_A	SA35V,GA102S	1.426313
1MHP.HL.A_HL	1MHP.HL.A_A	TA33E,GA53Q	1.668203
1MHP.HL.A_HL	1MHP.HL.A_A	TA33I,SA52T,GA53N,GA54N	1.908422
1MHP.HL.A_HL	1MHP.HL.A_A	TA33I,SA52T,GA53Q,GA54F	1.255875
1MHP.HL.A_HL	1MHP.HL.A_A	TA50V,GA102S	1.668203
1MHP.HL.A_HL	1MHP.HL.A_A	TA50V,KA64E	-0.180601
1MHP.HL.A_HL	1MHP.HL.A_A	TA50V,KA64E,SA246Q,NA270E	-1.267886
1MHP.HL.A_HL	1MHP.HL.A_A	TA50V,KA64E,SA246Q,NA270Y	-1.084981
1MHP.HL.A_HL	1MHP.HL.A_A	TA50V,SA246Q	-0.694995
1MHP.HL.A_HL	1MHP.HL.A_A	TA50V,SA246Q,NA270Y	-1.059416
1MHP.HL.A_HL	1MHP.HL.A_A	TA50V,SA35A	2.076770
1MHP.HL.A_HL	1MHP.HL.A_A	TA50V,SA35V	2.728342
1MHP.HL.A_HL	1MHP.HL.A_A	WA308Q,FA251Y	0.871409
1MI5.ABC.DE_ABC	1MI5.ABC.DE_DE	AB298G	1.231969
1MI5.ABC.DE_ABC	1MI5.ABC.DE_DE	AB91G	0.608305
1MI5.ABC.DE_ABC	1MI5.ABC.DE_DE	DB29A	1.231969
1MI5.ABC.DE_ABC	1MI5.ABC.DE_DE	EB251A	0.818938
1MI5.ABC.DE_ABC	1MI5.ABC.DE_DE	EB300A	0.119749
1MI5.ABC.DE_ABC	1MI5.ABC.DE_DE	GB227A	-0.289361
1MI5.ABC.DE_ABC	1MI5.ABC.DE_DE	GB296A	1.231969
1MI5.ABC.DE_ABC	1MI5.ABC.DE_DE	GB92A	0.764135
1MI5.ABC.DE_ABC	1MI5.ABC.DE_DE	GB93A	1.231969
1MI5.ABC.DE_ABC	1MI5.ABC.DE_DE	GB97A	1.231969
1MI5.ABC.DE_ABC	1MI5.ABC.DE_DE	HB32A	1.231969
1MI5.ABC.DE_ABC	1MI5.ABC.DE_DE	HB47A	1.117280
1MI5.ABC.DE_ABC	1MI5.ABC.DE_DE	KB98A	1.231969
1MI5.ABC.DE_ABC	1MI5.ABC.DE_DE	LB295A	0.115864
1MI5.ABC.DE_ABC	1MI5.ABC.DE_DE	LB49A	1.231969
1MI5.ABC.DE_ABC	1MI5.ABC.DE_DE	LB90A	1.231969
1MI5.ABC.DE_ABC	1MI5.ABC.DE_DE	NB250A	-0.432870
1MI5.ABC.DE_ABC	1MI5.ABC.DE_DE	NB52A	-0.019268
1MI5.ABC.DE_ABC	1MI5.ABC.DE_DE	PB89A	1.231969
1MI5.ABC.DE_ABC	1MI5.ABC.DE_DE	QB249A	-0.070374
1MI5.ABC.DE_ABC	1MI5.ABC.DE_DE	QB297A	1.231969
1MI5.ABC.DE_ABC	1MI5.ABC.DE_DE	QB301A	1.231969
1MI5.ABC.DE_ABC	1MI5.ABC.DE_DE	SB226A	0.032282
1MI5.ABC.DE_ABC	1MI5.ABC.DE_DE	SB230A	1.063897
1MI5.ABC.DE_ABC	1MI5.ABC.DE_DE	SB23A	0.100064
1MI5.ABC.DE_ABC	1MI5.ABC.DE_DE	SB26A	-0.039185
1MI5.ABC.DE_ABC	1MI5.ABC.DE_DE	SB293A	0.301691
1MI5.ABC.DE_ABC	1MI5.ABC.DE_DE	SB294A	-0.611899
1MI5.ABC.DE_ABC	1MI5.ABC.DE_DE	SB51A	0.482015
1MI5.ABC.DE_ABC	1MI5.ABC.DE_DE	SB95A	0.827208
1MI5.ABC.DE_ABC	1MI5.ABC.DE_DE	TB24A	0.260409
1MI5.ABC.DE_ABC	1MI5.ABC.DE_DE	TB28A	0.587576
1MI5.ABC.DE_ABC	1MI5.ABC.DE_DE	TB50A	-0.558466
1MI5.ABC.DE_ABC	1MI5.ABC.DE_DE	TB94A	0.942995
1MI5.ABC.DE_ABC	1MI5.ABC.DE_DE	VB229A	0.293084
1MI5.ABC.DE_ABC	1MI5.ABC.DE_DE	YB299A	1.231969
1MI5.ABC.DE_ABC	1MI5.ABC.DE_DE	YB302A	0.260409
1MI5.ABC.DE_ABC	1MI5.ABC.DE_DE	YB30A	0.449632
1MI5.ABC.DE_ABC	1MI5.ABC.DE_DE	YB96A	1.231969
1MQ8.A.B_A	1MQ8.A.B_B	CB170F,TB171C	0.676638
1MQ8.A.B_A	1MQ8.A.B_B	CB32L,CB170F	3.681857
1MQ8.A.B_A	1MQ8.A.B_B	CB32L,CB170F,EB155C,EB172C	-1.256154
1MQ8.A.B_A	1MQ8.A.B_B	CB32L,CB170F,KB158C,KB165C	-1.774828
1MQ8.A.B_A	1MQ8.A.B_B	CB32L,CB170F,KB31C,TB171C	2.968561
1MQ8.A.B_A	1MQ8.A.B_B	CB32L,CB170F,LB160C,KB165C	3.720093
1MQ8.A.B_A	1MQ8.A.B_B	CB32L,KB31C	0.610000
1N8Z.AB.C_AB	1N8Z.AB.C_C	DA316W	-0.685735
1N8Z.AB.C_AB	1N8Z.AB.C_C	FB539A	0.035119
1N8Z.AB.C_AB	1N8Z.AB.C_C	HA91F	0.032922
1N8Z.AB.C_AB	1N8Z.AB.C_C	LB509A	-0.023056
1N8Z.AB.C_AB	1N8Z.AB.C_C	NA30S	0.064111
1N8Z.AB.C_AB	1N8Z.AB.C_C	RA264A	2.927686
1N8Z.AB.C_AB	1N8Z.AB.C_C	RA273A	1.774828
1N8Z.AB.C_AB	1N8Z.AB.C_C	SB535A	0.030841
1N8Z.AB.C_AB	1N8Z.AB.C_C	TA94S	0.309372
1N8Z.AB.C_AB	1N8Z.AB.C_C	VB536A	0.008977
1N8Z.AB.C_AB	1N8Z.AB.C_C	YA319F	0.821313
1N8Z.AB.C_AB	1N8Z.AB.C_C	YA323V	0.223045
1N8Z.AB.C_AB	1N8Z.AB.C_C	NA30S,HA91F,YA92W	-0.071900
1N8Z.AB.C_AB	1N8Z.AB.C_C	NA30S,HA91F,YA92W,TA94S,DA316W,YA319F,YA323V	0.048722
1NMB.N.LH_N	1NMB.N.LH_LH	DB166E	2.954951
1NMB.N.LH_N	1NMB.N.LH_LH	DB166N	2.954951
1NMB.N.LH_N	1NMB.N.LH_LH	LB94V	0.900424
1NMB.N.LH_N	1NMB.N.LH_LH	TB93F	-0.023914
1NMB.N.LH_N	1NMB.N.LH_LH	TB93W	0.184273
1NMB.N.LH_N	1NMB.N.LH_LH	YB212A	2.141579
1NMB.N.LH_N	1NMB.N.LH_LH	YB214F	1.420046
1NMB.N.LH_N	1NMB.N.LH_LH	YB32F	0.466531
1P69.A.B_A	1P69.A.B_B	SA15P	0.793381
1PPF.E.I_E	1PPF.E.I_I	AB15C	-0.673707
1PPF.E.I_E	1PPF.E.I_I	AB15D	1.138229
1PPF.E.I_E	1PPF.E.I_I	AB15E	0.105604
1PPF.E.I_E	1PPF.E.I_I	AB15F	-0.072950
1PPF.E.I_E	1PPF.E.I_I	AB15G	1.138229
1PPF.E.I_E	1PPF.E.I_I	AB15H	0.552888
1PPF.E.I_E	1PPF.E.I_I	AB15I	0.329478
1PPF.E.I_E	1PPF.E.I_I	AB15K	1.127554
1PPF.E.I_E	1PPF.E.I_I	AB15L	0.017793
1PPF.E.I_E	1PPF.E.I_I	AB15M	-0.401338
1PPF.E.I_E	1PPF.E.I_I	AB15N	0.915471
1PPF.E.I_E	1PPF.E.I_I	AB15P	1.995459
1PPF.E.I_E	1PPF.E.I_I	AB15Q	0.249774
1PPF.E.I_E	1PPF.E.I_I	AB15R	-0.264178
1PPF.E.I_E	1PPF.E.I_I	AB15S	0.756479
1PPF.E.I_E	1PPF.E.I_I	AB15T	0.962834
1PPF.E.I_E	1PPF.E.I_I	AB15V	0.200324
1PPF.E.I_E	1PPF.E.I_I	AB15W	-0.640845
1PPF.E.I_E	1PPF.E.I_I	AB15Y	-0.185067
1PPF.E.I_E	1PPF.E.I_I	EB19A	1.203289
1PPF.E.I_E	1PPF.E.I_I	EB19C	1.402633
1PPF.E.I_E	1PPF.E.I_I	EB19D	0.577925
1PPF.E.I_E	1PPF.E.I_I	EB19F	1.364171
1PPF.E.I_E	1PPF.E.I_I	EB19G	2.120650
1PPF.E.I_E	1PPF.E.I_I	EB19H	0.690464
1PPF.E.I_E	1PPF.E.I_I	EB19I	0.723326
1PPF.E.I_E	1PPF.E.I_I	EB19K	2.120650
1PPF.E.I_E	1PPF.E.I_I	EB19L	1.071087
1PPF.E.I_E	1PPF.E.I_I	EB19M	1.148715
1PPF.E.I_E	1PPF.E.I_I	EB19N	1.212693
1PPF.E.I_E	1PPF.E.I_I	EB19P	3.210383
1PPF.E.I_E	1PPF.E.I_I	EB19Q	0.660431
1PPF.E.I_E	1PPF.E.I_I	EB19R	1.481744
1PPF.E.I_E	1PPF.E.I_I	EB19S	1.846212
1PPF.E.I_E	1PPF.E.I_I	EB19T	1.504980
1PPF.E.I_E	1PPF.E.I_I	EB19V	1.159019
1PPF.E.I_E	1PPF.E.I_I	EB19W	1.530076
1PPF.E.I_E	1PPF.E.I_I	EB19Y	1.248885
1PPF.E.I_E	1PPF.E.I_I	GB32A	0.257595
1PPF.E.I_E	1PPF.E.I_I	GB32C	1.179104
1PPF.E.I_E	1PPF.E.I_I	GB32D	2.497087
1PPF.E.I_E	1PPF.E.I_I	GB32E	1.457559
1PPF.E.I_E	1PPF.E.I_I	GB32F	1.481744
1PPF.E.I_E	1PPF.E.I_I	GB32H	1.504980
1PPF.E.I_E	1PPF.E.I_I	GB32I	4.372321
1PPF.E.I_E	1PPF.E.I_I	GB32K	3.306267
1PPF.E.I_E	1PPF.E.I_I	GB32L	3.129898
1PPF.E.I_E	1PPF.E.I_I	GB32M	2.195336
1PPF.E.I_E	1PPF.E.I_I	GB32N	1.613946
1PPF.E.I_E	1PPF.E.I_I	GB32P	0.263825
1PPF.E.I_E	1PPF.E.I_I	GB32Q	2.799726
1PPF.E.I_E	1PPF.E.I_I	GB32R	4.848992
1PPF.E.I_E	1PPF.E.I_I	GB32S	0.915471
1PPF.E.I_E	1PPF.E.I_I	GB32T	2.812400
1PPF.E.I_E	1PPF.E.I_I	GB32V	2.548172
1PPF.E.I_E	1PPF.E.I_I	GB32W	1.643979
1PPF.E.I_E	1PPF.E.I_I	GB32Y	1.203289
1PPF.E.I_E	1PPF.E.I_I	KB13A	0.756479
1PPF.E.I_E	1PPF.E.I_I	KB13C	0.962834
1PPF.E.I_E	1PPF.E.I_I	KB13D	0.631288
1PPF.E.I_E	1PPF.E.I_I	KB13E	1.132916
1PPF.E.I_E	1PPF.E.I_I	KB13F	0.962834
1PPF.E.I_E	1PPF.E.I_I	KB13G	1.248885
1PPF.E.I_E	1PPF.E.I_I	KB13H	1.014561
1PPF.E.I_E	1PPF.E.I_I	KB13I	0.631288
1PPF.E.I_E	1PPF.E.I_I	KB13L	0.401556
1PPF.E.I_E	1PPF.E.I_I	KB13M	0.208053
1PPF.E.I_E	1PPF.E.I_I	KB13N	0.660431
1PPF.E.I_E	1PPF.E.I_I	KB13P	1.266184
1PPF.E.I_E	1PPF.E.I_I	KB13Q	0.249774
1PPF.E.I_E	1PPF.E.I_I	KB13R	-0.640845
1PPF.E.I_E	1PPF.E.I_I	KB13S	0.460850
1PPF.E.I_E	1PPF.E.I_I	KB13T	0.165905
1PPF.E.I_E	1PPF.E.I_I	KB13V	0.871507
1PPF.E.I_E	1PPF.E.I_I	KB13W	0.831165
1PPF.E.I_E	1PPF.E.I_I	KB13Y	0.505585
1PPF.E.I_E	1PPF.E.I_I	LB18A	1.016960
1PPF.E.I_E	1PPF.E.I_I	LB18C	-0.089523
1PPF.E.I_E	1PPF.E.I_I	LB18D	7.613488
1PPF.E.I_E	1PPF.E.I_I	LB18E	7.063434
1PPF.E.I_E	1PPF.E.I_I	LB18F	5.169496
1PPF.E.I_E	1PPF.E.I_I	LB18G	3.332899
1PPF.E.I_E	1PPF.E.I_I	LB18H	6.471246
1PPF.E.I_E	1PPF.E.I_I	LB18I	-0.732883
1PPF.E.I_E	1PPF.E.I_I	LB18K	5.692886
1PPF.E.I_E	1PPF.E.I_I	LB18M	1.242062
1PPF.E.I_E	1PPF.E.I_I	LB18N	5.225429
1PPF.E.I_E	1PPF.E.I_I	LB18P	6.147149
1PPF.E.I_E	1PPF.E.I_I	LB18Q	3.347520
1PPF.E.I_E	1PPF.E.I_I	LB18R	7.184542
1PPF.E.I_E	1PPF.E.I_I	LB18S	3.092029
1PPF.E.I_E	1PPF.E.I_I	LB18T	0.915471
1PPF.E.I_E	1PPF.E.I_I	LB18V	-0.492664
1PPF.E.I_E	1PPF.E.I_I	LB18W	7.544181
1PPF.E.I_E	1PPF.E.I_I	LB18Y	6.635789
1PPF.E.I_E	1PPF.E.I_I	NB36A	-1.645523
1PPF.E.I_E	1PPF.E.I_I	NB36C	0.604556
1PPF.E.I_E	1PPF.E.I_I	NB36D	-3.077952
1PPF.E.I_E	1PPF.E.I_I	NB36E	-1.018349
1PPF.E.I_E	1PPF.E.I_I	NB36F	1.846212
1PPF.E.I_E	1PPF.E.I_I	NB36G	-0.571538
1PPF.E.I_E	1PPF.E.I_I	NB36H	-0.533006
1PPF.E.I_E	1PPF.E.I_I	NB36I	0.871507
1PPF.E.I_E	1PPF.E.I_I	NB36K	2.621769
1PPF.E.I_E	1PPF.E.I_I	NB36L	2.647163
1PPF.E.I_E	1PPF.E.I_I	NB36M	1.071087
1PPF.E.I_E	1PPF.E.I_I	NB36P	-2.959598
1PPF.E.I_E	1PPF.E.I_I	NB36Q	0.382923
1PPF.E.I_E	1PPF.E.I_I	NB36R	1.869756
1PPF.E.I_E	1PPF.E.I_I	NB36S	-1.346378
1PPF.E.I_E	1PPF.E.I_I	NB36T	0.552888
1PPF.E.I_E	1PPF.E.I_I	NB36V	0.345822
1PPF.E.I_E	1PPF.E.I_I	NB36W	1.721962
1PPF.E.I_E	1PPF.E.I_I	NB36Y	1.676840
1PPF.E.I_E	1PPF.E.I_I	PB14A	-0.124129
1PPF.E.I_E	1PPF.E.I_I	PB14C	-2.005016
1PPF.E.I_E	1PPF.E.I_I	PB14D	-0.492664
1PPF.E.I_E	1PPF.E.I_I	PB14E	-1.429005
1PPF.E.I_E	1PPF.E.I_I	PB14F	-1.856836
1PPF.E.I_E	1PPF.E.I_I	PB14G	0.093388
1PPF.E.I_E	1PPF.E.I_I	PB14H	-1.765509
1PPF.E.I_E	1PPF.E.I_I	PB14I	-1.651360
1PPF.E.I_E	1PPF.E.I_I	PB14K	-0.448700
1PPF.E.I_E	1PPF.E.I_I	PB14L	-2.923367
1PPF.E.I_E	1PPF.E.I_I	PB14M	-1.574453
1PPF.E.I_E	1PPF.E.I_I	PB14N	-0.640845
1PPF.E.I_E	1PPF.E.I_I	PB14Q	-0.811283
1PPF.E.I_E	1PPF.E.I_I	PB14R	-0.137646
1PPF.E.I_E	1PPF.E.I_I	PB14S	-0.571538
1PPF.E.I_E	1PPF.E.I_I	PB14T	-0.264178
1PPF.E.I_E	1PPF.E.I_I	PB14V	-1.525053
1PPF.E.I_E	1PPF.E.I_I	PB14W	-2.005016
1PPF.E.I_E	1PPF.E.I_I	PB14Y	-0.962616
1PPF.E.I_E	1PPF.E.I_I	RB21A	0.208053
1PPF.E.I_E	1PPF.E.I_I	RB21C	-0.081179
1PPF.E.I_E	1PPF.E.I_I	RB21D	0.208053
1PPF.E.I_E	1PPF.E.I_I	RB21E	0.460850
1PPF.E.I_E	1PPF.E.I_I	RB21F	-0.981248
1PPF.E.I_E	1PPF.E.I_I	RB21G	0.577925
1PPF.E.I_E	1PPF.E.I_I	RB21H	-0.492664
1PPF.E.I_E	1PPF.E.I_I	RB21I	-0.811283
1PPF.E.I_E	1PPF.E.I_I	RB21K	0.604556
1PPF.E.I_E	1PPF.E.I_I	RB21L	-0.858586
1PPF.E.I_E	1PPF.E.I_I	RB21M	-0.759615
1PPF.E.I_E	1PPF.E.I_I	RB21N	0.329478
1PPF.E.I_E	1PPF.E.I_I	RB21P	6.705569
1PPF.E.I_E	1PPF.E.I_I	RB21Q	-0.018344
1PPF.E.I_E	1PPF.E.I_I	RB21S	0.419620
1PPF.E.I_E	1PPF.E.I_I	RB21T	-0.018344
1PPF.E.I_E	1PPF.E.I_I	RB21V	-0.349610
1PPF.E.I_E	1PPF.E.I_I	RB21W	-0.533006
1PPF.E.I_E	1PPF.E.I_I	RB21Y	0.220632
1PPF.E.I_E	1PPF.E.I_I	TB17A	3.189534
1PPF.E.I_E	1PPF.E.I_I	TB17C	2.087497
1PPF.E.I_E	1PPF.E.I_I	TB17D	4.923678
1PPF.E.I_E	1PPF.E.I_I	TB17E	3.057588
1PPF.E.I_E	1PPF.E.I_I	TB17F	1.709993
1PPF.E.I_E	1PPF.E.I_I	TB17G	3.599849
1PPF.E.I_E	1PPF.E.I_I	TB17H	1.693649
1PPF.E.I_E	1PPF.E.I_I	TB17I	1.481744
1PPF.E.I_E	1PPF.E.I_I	TB17K	3.388773
1PPF.E.I_E	1PPF.E.I_I	TB17L	2.279642
1PPF.E.I_E	1PPF.E.I_I	TB17M	2.502400
1PPF.E.I_E	1PPF.E.I_I	TB17N	2.698713
1PPF.E.I_E	1PPF.E.I_I	TB17P	3.074164
1PPF.E.I_E	1PPF.E.I_I	TB17Q	1.968727
1PPF.E.I_E	1PPF.E.I_I	TB17R	3.451668
1PPF.E.I_E	1PPF.E.I_I	TB17S	1.530874
1PPF.E.I_E	1PPF.E.I_I	TB17V	1.512658
1PPF.E.I_E	1PPF.E.I_I	TB17W	2.195336
1PPF.E.I_E	1PPF.E.I_I	TB17Y	2.480854
1PPF.E.I_E	1PPF.E.I_I	YB20A	3.210383
1PPF.E.I_E	1PPF.E.I_I	YB20C	3.451668
1PPF.E.I_E	1PPF.E.I_I	YB20D	6.419518
1PPF.E.I_E	1PPF.E.I_I	YB20E	6.419518
1PPF.E.I_E	1PPF.E.I_I	YB20F	0.482041
1PPF.E.I_E	1PPF.E.I_I	YB20G	4.185901
1PPF.E.I_E	1PPF.E.I_I	YB20H	2.415752
1PPF.E.I_E	1PPF.E.I_I	YB20I	3.931631
1PPF.E.I_E	1PPF.E.I_I	YB20K	4.494069
1PPF.E.I_E	1PPF.E.I_I	YB20L	1.374911
1PPF.E.I_E	1PPF.E.I_I	YB20M	2.812400
1PPF.E.I_E	1PPF.E.I_I	YB20N	3.643814
1PPF.E.I_E	1PPF.E.I_I	YB20P	5.367161
1PPF.E.I_E	1PPF.E.I_I	YB20Q	4.697070
1PPF.E.I_E	1PPF.E.I_I	YB20R	4.372321
1PPF.E.I_E	1PPF.E.I_I	YB20S	3.643814
1PPF.E.I_E	1PPF.E.I_I	YB20T	5.055347
1PPF.E.I_E	1PPF.E.I_I	YB20V	4.185901
1PPF.E.I_E	1PPF.E.I_I	YB20W	0.235382
1PPF.E.I_E	1PPF.E.I_I	AB15D,GB32A	1.159019
1PPF.E.I_E	1PPF.E.I_I	AB15D,LB18A,YB20D	8.737915
1PPF.E.I_E	1PPF.E.I_I	AB15G,LB18M,LB23V,KB29I,EB43K	2.279642
1PPF.E.I_E	1PPF.E.I_I	AB15R,LB18R	7.327797
1PPF.E.I_E	1PPF.E.I_I	AB15T,LB18M	-1.492771
1PPF.E.I_E	1PPF.E.I_I	AB15V,TB17S	1.765727
1PPF.E.I_E	1PPF.E.I_I	AB15V,TB17S,LB18P,RB21M,NB28S,GB32N,NB36D,NB39S,SB51G	7.373743
1PPF.E.I_E	1PPF.E.I_I	AB15V,TB17S,RB21M,NB28S,KB29Q,GB32S,KB34E,EB43D	1.942096
1PPF.E.I_E	1PPF.E.I_I	DB7N,EB10D,AB15V,TB17S,EB19L,RB21M,VB42A,EB43D	1.402633
1PPF.E.I_E	1PPF.E.I_I	DB7N,EB10G,LB18M,RB21M,EB43D,KB55E	0.038462
1PPF.E.I_E	1PPF.E.I_I	EB10D,AB15V,EB19D,RB21M,GB32S,EB43D,LB48I,KB55R	2.486315
1PPF.E.I_E	1PPF.E.I_I	EB10D,AB15V,EB19D,RB21M,KB29T,GB32S,EB43D,LB48I	1.917059
1PPF.E.I_E	1PPF.E.I_I	EB10D,AB15V,TB17P,EB19D,RB21M,NB28S,GB32S,NB45S,SB51R	3.332899
1PPF.E.I_E	1PPF.E.I_I	EB10D,AB15V,TB17S,EB19D,RB21M,KB29T,GB32N,NB36I,EB43D,LB48I	4.598098
1PPF.E.I_E	1PPF.E.I_I	EB10D,AB15V,TB17S,RB21M,NB28S,GB32N,NB36D,SB51G	1.014561
1PPF.E.I_E	1PPF.E.I_I	EB10D,AB15V,TB17S,RB21M,NB28S,GB32S,EB43D	2.087497
1PPF.E.I_E	1PPF.E.I_I	EB10D,AB15V,TB17S,RB21M,NB28S,GB32S,NB36D,EB43D	-0.029629
1PPF.E.I_E	1PPF.E.I_I	EB10D,AB15V,TB17S,RB21M,NB28S,GB32S,VB42A,EB43D	1.613946
1PPF.E.I_E	1PPF.E.I_I	EB10D,AB15V,TB17S,RB21M,VB42A,EB43D	1.226526
1PPF.E.I_E	1PPF.E.I_I	EB10D,AB15V,TB17S,YB20D,RB21M,NB28S,GB32S,EB43D	7.481286
1PPF.E.I_E	1PPF.E.I_I	EB10D,AB15V,YB20D,RB21M,KB29I,GB32H,NB36Y,VB42A,EB43H,LB50F	4.923678
1PPF.E.I_E	1PPF.E.I_I	EB10D,AB15V,YB20E,RB21M,EB43D	6.527772
1PPF.E.I_E	1PPF.E.I_I	EB10D,KB13M,LB18M,LB23V	1.627997
1PPF.E.I_E	1PPF.E.I_I	EB10D,KB13R,AB15D,RB21M,EB43D	0.129305
1PPF.E.I_E	1PPF.E.I_I	EB10D,KB13R,AB15V,EB19D,RB21M,GB32S,EB43D,LB48I,KB55R	2.327005
1PPF.E.I_E	1PPF.E.I_I	EB10D,LB18F,RB21M,EB43D	4.553364
1PPF.E.I_E	1PPF.E.I_I	EB10D,LB18M,RB21M,EB43D	0.831165
1PPF.E.I_E	1PPF.E.I_I	EB10D,LB18V,RB21M,EB43D	0.038462
1PPF.E.I_E	1PPF.E.I_I	EB10D,LB18V,RB21M,GB32D,EB43D	1.402633
1PPF.E.I_E	1PPF.E.I_I	EB10D,RB21M,EB43D	-0.759615
1PPF.E.I_E	1PPF.E.I_I	EB10D,RB21M,KB29Q,GB32S,NB36S,EB43D	-0.448700
1PPF.E.I_E	1PPF.E.I_I	EB10D,RB21M,LB23F,NB28S,GB32S,EB43D	0.460850
1PPF.E.I_E	1PPF.E.I_I	EB10D,TB17L,RB21M,GB32D,NB36S,EB43D,TB49S	4.372321
1PPF.E.I_E	1PPF.E.I_I	EB10D,TB17R,LB18M,RB21M,EB43D	4.620742
1PPF.E.I_E	1PPF.E.I_I	EB10D,TB17S,EB19D,RB21M,NB28S,GB32S,EB43D,GB54E	3.281230
1PPF.E.I_E	1PPF.E.I_I	EB10D,YB11H,AB15V,TB17S,RB21M,NB28S,GB32S,NB36D	0.295370
1PPF.E.I_E	1PPF.E.I_I	EB10G,KB13Q,PB14S,TB17P,LB18Q,EB19D,RB21V,LB23F,GB32S,VB42A,EB43D	6.034609
1PPF.E.I_E	1PPF.E.I_I	EB10G,KB13Q,TB17S,RB21V,LB23F,GB32S,NB36D,VB42A,EB43D	0.505585
1PPF.E.I_E	1PPF.E.I_I	EB10G,LB18M,RB21M,EB43D,KB55E	-0.010938
1PPF.E.I_E	1PPF.E.I_I	EB10G,LB18M,YB20S,LB23I,KB29T,GB32S,HB52Y,FB53P,KB55V	5.622589
1PPF.E.I_E	1PPF.E.I_I	KB13S,PB14D,AB15Y	-0.124977
1PPF.E.I_E	1PPF.E.I_I	KB13S,PB14D,AB15Y,LB18G,EB19I,RB21K	4.031303
1PPF.E.I_E	1PPF.E.I_I	KB13T,PB14E,AB15Y	-0.755991
1PPF.E.I_E	1PPF.E.I_I	KB13T,PB14E,AB15Y,LB18G,RB21M,GB32P,NB36V	1.769350
1PPF.E.I_E	1PPF.E.I_I	LB18I,GB32D	2.523190
1PPF.E.I_E	1PPF.E.I_I	LB18M,GB32D	3.985940
1PPF.E.I_E	1PPF.E.I_I	LB18M,HB52R	1.481744
1PPF.E.I_E	1PPF.E.I_I	LB18M,LB23V,KB29I,EB43K	1.392388
1PPF.E.I_E	1PPF.E.I_I	LB18M,NB36D,SB51N	-0.858586
1PPF.E.I_E	1PPF.E.I_I	LB18M,SB51N	1.257598
1PPF.E.I_E	1PPF.E.I_I	LB18M,TB30S,GB32D	4.176571
1PPF.E.I_E	1PPF.E.I_I	LB18M,YB20Q	5.839608
1PPF.E.I_E	1PPF.E.I_I	RB21M,KB29Q,GB32S,EB43D	0.071384
1PPF.E.I_E	1PPF.E.I_I	RB21V,LB23I	-0.293084
1PPF.E.I_E	1PPF.E.I_I	VB6I,EB10D,AB15V,TB17S,RB21M,NB28S,GB32S,EB43D,TB49I	1.968727
1PPF.E.I_E	1PPF.E.I_I	YB11H,EB19D,LB23I,NB28S,GB32S,NB36D,VB42M,EB43D	0.329478
1QAB.ABCD.E_ABCD	1QAB.ABCD.E_E	DA99A,DA214A,DA332A,DA446A	1.705787
1QAB.ABCD.E_ABCD	1QAB.ABCD.E_E	LA55P,LA170P,LA288P,LA402P	0.375796
1QAB.ABCD.E_ABCD	1QAB.ABCD.E_E	LA58H,LA173H,LA291H,LA405H	-0.071900
1QAB.ABCD.E_ABCD	1QAB.ABCD.E_E	SA100E,SA215E,SA333E,SA447E	1.664436
1QAB.ABCD.E_ABCD	1QAB.ABCD.E_E	SA85A,SA200A,SA318A,SA432A	0.915053
1QAB.ABCD.E_ABCD	1QAB.ABCD.E_E	TA60A,TA175A,TA293A,TA407A	0.121957
1QAB.ABCD.E_ABCD	1QAB.ABCD.E_E	VA30M,VA145M,VA263M,VA377M	-0.275079
1QAB.ABCD.E_ABCD	1QAB.ABCD.E_E	YA114F,YA229F,YA347F,YA461F	-0.393967
1QAB.ABCD.E_ABCD	1QAB.ABCD.E_E	YA114H,YA229H,YA347H,YA461H	0.689111
1QSE.ABC.DE_ABC	1QSE.ABC.DE_DE	RA381V	-1.225423
1R0R.E.I_E	1R0R.E.I_I	AB10C	-0.483468
1R0R.E.I_E	1R0R.E.I_I	AB10D	5.228435
1R0R.E.I_E	1R0R.E.I_I	AB10E	4.577856
1R0R.E.I_E	1R0R.E.I_I	AB10F	-2.242999
1R0R.E.I_E	1R0R.E.I_I	AB10G	1.111737
1R0R.E.I_E	1R0R.E.I_I	AB10H	1.774828
1R0R.E.I_E	1R0R.E.I_I	AB10I	-1.799517
1R0R.E.I_E	1R0R.E.I_I	AB10K	3.072984
1R0R.E.I_E	1R0R.E.I_I	AB10L	-1.755011
1R0R.E.I_E	1R0R.E.I_I	AB10M	-1.739622
1R0R.E.I_E	1R0R.E.I_I	AB10N	2.089436
1R0R.E.I_E	1R0R.E.I_I	AB10P	3.345354
1R0R.E.I_E	1R0R.E.I_I	AB10Q	1.810982
1R0R.E.I_E	1R0R.E.I_I	AB10R	5.530482
1R0R.E.I_E	1R0R.E.I_I	AB10S	1.741675
1R0R.E.I_E	1R0R.E.I_I	AB10T	1.268123
1R0R.E.I_E	1R0R.E.I_I	AB10V	-0.970091
1R0R.E.I_E	1R0R.E.I_I	AB10W	0.207066
1R0R.E.I_E	1R0R.E.I_I	AB10Y	-0.838487
1R0R.E.I_E	1R0R.E.I_I	EB14A	2.089436
1R0R.E.I_E	1R0R.E.I_I	EB14C	2.371582
1R0R.E.I_E	1R0R.E.I_I	EB14D	0.258734
1R0R.E.I_E	1R0R.E.I_I	EB14F	3.618091
1R0R.E.I_E	1R0R.E.I_I	EB14G	2.711998
1R0R.E.I_E	1R0R.E.I_I	EB14H	1.708813
1R0R.E.I_E	1R0R.E.I_I	EB14I	0.736997
1R0R.E.I_E	1R0R.E.I_I	EB14K	2.711998
1R0R.E.I_E	1R0R.E.I_I	EB14L	0.569649
1R0R.E.I_E	1R0R.E.I_I	EB14M	1.571237
1R0R.E.I_E	1R0R.E.I_I	EB14N	2.118342
1R0R.E.I_E	1R0R.E.I_I	EB14P	3.764484
1R0R.E.I_E	1R0R.E.I_I	EB14Q	1.282174
1R0R.E.I_E	1R0R.E.I_I	EB14R	2.089436
1R0R.E.I_E	1R0R.E.I_I	EB14S	3.175153
1R0R.E.I_E	1R0R.E.I_I	EB14T	4.252276
1R0R.E.I_E	1R0R.E.I_I	EB14V	0.094771
1R0R.E.I_E	1R0R.E.I_I	EB14W	1.849514
1R0R.E.I_E	1R0R.E.I_I	EB14Y	1.889856
1R0R.E.I_E	1R0R.E.I_I	GB27A	1.314587
1R0R.E.I_E	1R0R.E.I_I	GB27C	1.419905
1R0R.E.I_E	1R0R.E.I_I	GB27D	2.888105
1R0R.E.I_E	1R0R.E.I_I	GB27E	1.981183
1R0R.E.I_E	1R0R.E.I_I	GB27F	0.115028
1R0R.E.I_E	1R0R.E.I_I	GB27H	2.192495
1R0R.E.I_E	1R0R.E.I_I	GB27I	1.981183
1R0R.E.I_E	1R0R.E.I_I	GB27K	2.935408
1R0R.E.I_E	1R0R.E.I_I	GB27L	2.410737
1R0R.E.I_E	1R0R.E.I_I	GB27M	2.156578
1R0R.E.I_E	1R0R.E.I_I	GB27N	1.282174
1R0R.E.I_E	1R0R.E.I_I	GB27P	1.080047
1R0R.E.I_E	1R0R.E.I_I	GB27Q	2.032910
1R0R.E.I_E	1R0R.E.I_I	GB27R	3.471120
1R0R.E.I_E	1R0R.E.I_I	GB27S	0.911775
1R0R.E.I_E	1R0R.E.I_I	GB27T	1.678780
1R0R.E.I_E	1R0R.E.I_I	GB27V	1.957501
1R0R.E.I_E	1R0R.E.I_I	GB27W	1.401272
1R0R.E.I_E	1R0R.E.I_I	GB27Y	0.485343
1R0R.E.I_E	1R0R.E.I_I	KB8A	-0.610000
1R0R.E.I_E	1R0R.E.I_I	KB8C	-0.615670
1R0R.E.I_E	1R0R.E.I_I	KB8D	-0.593310
1R0R.E.I_E	1R0R.E.I_I	KB8E	-0.110440
1R0R.E.I_E	1R0R.E.I_I	KB8F	-0.794522
1R0R.E.I_E	1R0R.E.I_I	KB8G	-0.838487
1R0R.E.I_E	1R0R.E.I_I	KB8H	-0.593310
1R0R.E.I_E	1R0R.E.I_I	KB8I	1.123952
1R0R.E.I_E	1R0R.E.I_I	KB8L	-0.328029
1R0R.E.I_E	1R0R.E.I_I	KB8M	-0.561278
1R0R.E.I_E	1R0R.E.I_I	KB8N	-0.390840
1R0R.E.I_E	1R0R.E.I_I	KB8P	1.347827
1R0R.E.I_E	1R0R.E.I_I	KB8Q	-0.530889
1R0R.E.I_E	1R0R.E.I_I	KB8R	0.136218
1R0R.E.I_E	1R0R.E.I_I	KB8S	-0.307360
1R0R.E.I_E	1R0R.E.I_I	KB8T	0.889749
1R0R.E.I_E	1R0R.E.I_I	KB8V	0.410656
1R0R.E.I_E	1R0R.E.I_I	KB8W	-1.105437
1R0R.E.I_E	1R0R.E.I_I	KB8Y	-0.695432
1R0R.E.I_E	1R0R.E.I_I	LB13A	0.420147
1R0R.E.I_E	1R0R.E.I_I	LB13C	-1.346307
1R0R.E.I_E	1R0R.E.I_I	LB13D	4.539324
1R0R.E.I_E	1R0R.E.I_I	LB13E	2.150663
1R0R.E.I_E	1R0R.E.I_I	LB13F	0.617011
1R0R.E.I_E	1R0R.E.I_I	LB13G	2.352891
1R0R.E.I_E	1R0R.E.I_I	LB13H	0.569649
1R0R.E.I_E	1R0R.E.I_I	LB13I	3.254027
1R0R.E.I_E	1R0R.E.I_I	LB13K	3.094362
1R0R.E.I_E	1R0R.E.I_I	LB13M	-0.516260
1R0R.E.I_E	1R0R.E.I_I	LB13N	1.500390
1R0R.E.I_E	1R0R.E.I_I	LB13P	7.687727
1R0R.E.I_E	1R0R.E.I_I	LB13Q	0.593330
1R0R.E.I_E	1R0R.E.I_I	LB13R	2.935408
1R0R.E.I_E	1R0R.E.I_I	LB13S	1.571237
1R0R.E.I_E	1R0R.E.I_I	LB13T	0.159763
1R0R.E.I_E	1R0R.E.I_I	LB13V	2.156578
1R0R.E.I_E	1R0R.E.I_I	LB13W	1.523934
1R0R.E.I_E	1R0R.E.I_I	LB13Y	0.446811
1R0R.E.I_E	1R0R.E.I_I	NB23S	-0.066014
1R0R.E.I_E	1R0R.E.I_I	NB31A	-0.033153
1R0R.E.I_E	1R0R.E.I_I	NB31C	0.569649
1R0R.E.I_E	1R0R.E.I_I	NB31D	0.569649
1R0R.E.I_E	1R0R.E.I_I	NB31E	-0.205013
1R0R.E.I_E	1R0R.E.I_I	NB31F	-0.179917
1R0R.E.I_E	1R0R.E.I_I	NB31G	0.285466
1R0R.E.I_E	1R0R.E.I_I	NB31H	0.285466
1R0R.E.I_E	1R0R.E.I_I	NB31I	0.314609
1R0R.E.I_E	1R0R.E.I_I	NB31K	1.147654
1R0R.E.I_E	1R0R.E.I_I	NB31L	1.546578
1R0R.E.I_E	1R0R.E.I_I	NB31M	0.314609
1R0R.E.I_E	1R0R.E.I_I	NB31P	1.479199
1R0R.E.I_E	1R0R.E.I_I	NB31Q	-0.274438
1R0R.E.I_E	1R0R.E.I_I	NB31R	1.458942
1R0R.E.I_E	1R0R.E.I_I	NB31S	0.485343
1R0R.E.I_E	1R0R.E.I_I	NB31T	0.569649
1R0R.E.I_E	1R0R.E.I_I	NB31V	0.668739
1R0R.E.I_E	1R0R.E.I_I	NB31W	0.055733
1R0R.E.I_E	1R0R.E.I_I	NB31Y	0.182407
1R0R.E.I_E	1R0R.E.I_I	PB9A	-0.638906
1R0R.E.I_E	1R0R.E.I_I	PB9C	-0.986667
1R0R.E.I_E	1R0R.E.I_I	PB9D	-2.521276
1R0R.E.I_E	1R0R.E.I_I	PB9E	-2.242999
1R0R.E.I_E	1R0R.E.I_I	PB9F	1.382035
1R0R.E.I_E	1R0R.E.I_I	PB9G	-0.345822
1R0R.E.I_E	1R0R.E.I_I	PB9H	-0.216517
1R0R.E.I_E	1R0R.E.I_I	PB9I	1.741675
1R0R.E.I_E	1R0R.E.I_I	PB9K	0.344642
1R0R.E.I_E	1R0R.E.I_I	PB9L	1.184254
1R0R.E.I_E	1R0R.E.I_I	PB9M	-0.033153
1R0R.E.I_E	1R0R.E.I_I	PB9N	-0.917360
1R0R.E.I_E	1R0R.E.I_I	PB9Q	-1.414623
1R0R.E.I_E	1R0R.E.I_I	PB9R	1.102406
1R0R.E.I_E	1R0R.E.I_I	PB9S	0.136218
1R0R.E.I_E	1R0R.E.I_I	PB9T	1.197750
1R0R.E.I_E	1R0R.E.I_I	PB9V	1.331018
1R0R.E.I_E	1R0R.E.I_I	PB9W	0.485343
1R0R.E.I_E	1R0R.E.I_I	PB9Y	0.857467
1R0R.E.I_E	1R0R.E.I_I	RB16A	-0.096048
1R0R.E.I_E	1R0R.E.I_I	RB16C	0.115028
1R0R.E.I_E	1R0R.E.I_I	RB16D	-0.179917
1R0R.E.I_E	1R0R.E.I_I	RB16E	0.344642
1R0R.E.I_E	1R0R.E.I_I	RB16F	0.446811
1R0R.E.I_E	1R0R.E.I_I	RB16G	2.089436
1R0R.E.I_E	1R0R.E.I_I	RB16H	0.525685
1R0R.E.I_E	1R0R.E.I_I	RB16I	0.207066
1R0R.E.I_E	1R0R.E.I_I	RB16K	-0.096048
1R0R.E.I_E	1R0R.E.I_I	RB16L	0.232103
1R0R.E.I_E	1R0R.E.I_I	RB16M	0.446811
1R0R.E.I_E	1R0R.E.I_I	RB16N	-0.050452
1R0R.E.I_E	1R0R.E.I_I	RB16P	7.390505
1R0R.E.I_E	1R0R.E.I_I	RB16Q	0.182407
1R0R.E.I_E	1R0R.E.I_I	RB16S	-0.016345
1R0R.E.I_E	1R0R.E.I_I	RB16T	0.344642
1R0R.E.I_E	1R0R.E.I_I	RB16V	0.115028
1R0R.E.I_E	1R0R.E.I_I	RB16W	0.945399
1R0R.E.I_E	1R0R.E.I_I	RB16Y	0.823325
1R0R.E.I_E	1R0R.E.I_I	TB12A	0.980162
1R0R.E.I_E	1R0R.E.I_I	TB12C	0.813197
1R0R.E.I_E	1R0R.E.I_I	TB12D	2.888105
1R0R.E.I_E	1R0R.E.I_I	TB12E	3.018399
1R0R.E.I_E	1R0R.E.I_I	TB12F	-0.066014
1R0R.E.I_E	1R0R.E.I_I	TB12G	3.138999
1R0R.E.I_E	1R0R.E.I_I	TB12H	0.525685
1R0R.E.I_E	1R0R.E.I_I	TB12I	0.258734
1R0R.E.I_E	1R0R.E.I_I	TB12K	1.933820
1R0R.E.I_E	1R0R.E.I_I	TB12L	0.668739
1R0R.E.I_E	1R0R.E.I_I	TB12M	1.331018
1R0R.E.I_E	1R0R.E.I_I	TB12N	0.017864
1R0R.E.I_E	1R0R.E.I_I	TB12P	4.949980
1R0R.E.I_E	1R0R.E.I_I	TB12Q	2.221638
1R0R.E.I_E	1R0R.E.I_I	TB12R	3.345354
1R0R.E.I_E	1R0R.E.I_I	TB12S	0.859036
1R0R.E.I_E	1R0R.E.I_I	TB12V	1.008609
1R0R.E.I_E	1R0R.E.I_I	TB12W	2.935408
1R0R.E.I_E	1R0R.E.I_I	TB12Y	-0.878828
1R0R.E.I_E	1R0R.E.I_I	YB15A	5.474549
1R0R.E.I_E	1R0R.E.I_I	YB15C	3.254027
1R0R.E.I_E	1R0R.E.I_I	YB15D	5.622921
1R0R.E.I_E	1R0R.E.I_I	YB15E	4.618198
1R0R.E.I_E	1R0R.E.I_I	YB15F	0.617011
1R0R.E.I_E	1R0R.E.I_I	YB15G	6.402083
1R0R.E.I_E	1R0R.E.I_I	YB15H	3.257035
1R0R.E.I_E	1R0R.E.I_I	YB15I	2.864561
1R0R.E.I_E	1R0R.E.I_I	YB15K	5.512418
1R0R.E.I_E	1R0R.E.I_I	YB15L	2.575117
1R0R.E.I_E	1R0R.E.I_I	YB15M	3.138999
1R0R.E.I_E	1R0R.E.I_I	YB15N	5.616447
1R0R.E.I_E	1R0R.E.I_I	YB15P	6.654434
1R0R.E.I_E	1R0R.E.I_I	YB15Q	4.503170
1R0R.E.I_E	1R0R.E.I_I	YB15R	4.470017
1R0R.E.I_E	1R0R.E.I_I	YB15S	5.162713
1R0R.E.I_E	1R0R.E.I_I	YB15T	5.474549
1R0R.E.I_E	1R0R.E.I_I	YB15V	3.510074
1R0R.E.I_E	1R0R.E.I_I	YB15W	-0.364166
1R0R.E.I_E	1R0R.E.I_I	AB10D,GB27A	5.903495
1R0R.E.I_E	1R0R.E.I_I	AB10D,GB27A,NB28S	5.834188
1R0R.E.I_E	1R0R.E.I_I	AB10D,LB13A	5.530482
1R0R.E.I_E	1R0R.E.I_I	AB10D,LB13A,YB15D	8.944813
1R0R.E.I_E	1R0R.E.I_I	AB10G,LB13M,LB18V,KB24I,EB38K	1.036142
1R0R.E.I_E	1R0R.E.I_I	AB10R,LB13R	7.738048
1R0R.E.I_E	1R0R.E.I_I	AB10R,TB12K,LB13R	9.300916
1R0R.E.I_E	1R0R.E.I_I	AB10T,LB13M	0.258734
1R0R.E.I_E	1R0R.E.I_I	AB10V,TB12S	0.094771
1R0R.E.I_E	1R0R.E.I_I	AB10V,TB12S,LB13P,RB16M,NB23S,GB27N,NB31D,NB34S,SB46G	9.231593
1R0R.E.I_E	1R0R.E.I_I	AB10V,TB12S,RB16M,NB23S,KB24Q,GB27S,KB29E,EB38D	1.401272
1R0R.E.I_E	1R0R.E.I_I	DB2N,EB5D,AB10V,TB12S,EB14L,RB16M,VB37A,EB38D	-0.917360
1R0R.E.I_E	1R0R.E.I_I	DB2N,EB5G,LB13M,RB16M,EB38D,KB50E	-1.049562
1R0R.E.I_E	1R0R.E.I_I	EB5D,AB10V,EB14D,RB16M,GB27S,EB38D,LB43I,KB50R	-0.240219
1R0R.E.I_E	1R0R.E.I_I	EB5D,AB10V,EB14D,RB16M,KB24T,GB27S,EB38D,LB43I	-0.179917
1R0R.E.I_E	1R0R.E.I_I	EB5D,AB10V,TB12P,EB14D,RB16M,NB23S,GB27S,NB40S,SB46R	4.940424
1R0R.E.I_E	1R0R.E.I_I	EB5D,AB10V,TB12S,EB14D,RB16M,KB24T,GB27N,NB31I,EB38D,LB43I	1.774828
1R0R.E.I_E	1R0R.E.I_I	EB5D,AB10V,TB12S,RB16M,NB23S,GB27N,NB31D,SB46G	0.485343
1R0R.E.I_E	1R0R.E.I_I	EB5D,AB10V,TB12S,RB16M,NB23S,GB27S,EB38D	0.207066
1R0R.E.I_E	1R0R.E.I_I	EB5D,AB10V,TB12S,RB16M,NB23S,GB27S,NB31D,EB38D	0.115028
1R0R.E.I_E	1R0R.E.I_I	EB5D,AB10V,TB12S,RB16M,NB23S,GB27S,NB31D,EB38D,TB44N	0.073797
1R0R.E.I_E	1R0R.E.I_I	EB5D,AB10V,TB12S,RB16M,NB23S,GB27S,NB31D,VB36F,EB38D,TB44S	0.037101
1R0R.E.I_E	1R0R.E.I_I	EB5D,AB10V,TB12S,RB16M,NB23S,GB27S,VB37A,EB38D	-0.050452
1R0R.E.I_E	1R0R.E.I_I	EB5D,AB10V,TB12S,RB16M,VB37A,EB38D	-1.157105
1R0R.E.I_E	1R0R.E.I_I	EB5D,AB10V,TB12S,YB15D,RB16M,NB23S,GB27S,EB38D	5.331494
1R0R.E.I_E	1R0R.E.I_I	EB5D,AB10V,YB15D,RB16M,KB24I,GB27H,NB31Y,VB37A,EB38H,LB45F	5.688787
1R0R.E.I_E	1R0R.E.I_I	EB5D,AB10V,YB15E,RB16M,EB38D	2.864561
1R0R.E.I_E	1R0R.E.I_I	EB5D,KB8M,LB13M,LB18V	-1.755011
1R0R.E.I_E	1R0R.E.I_I	EB5D,KB8Q,AB10V,TB12M,LB13G,EB14D,RB16M,NB23S,GB27S,EB38D,SB46N	3.105846
1R0R.E.I_E	1R0R.E.I_I	EB5D,KB8R,AB10D,RB16M,EB38D	5.771293
1R0R.E.I_E	1R0R.E.I_I	EB5D,KB8R,AB10V,EB14D,RB16M,GB27S,EB38D,LB43I,KB50R	-0.410656
1R0R.E.I_E	1R0R.E.I_I	EB5D,LB13F,RB16M,EB38D	1.135922
1R0R.E.I_E	1R0R.E.I_I	EB5D,LB13M,RB16M,EB38D	-0.240219
1R0R.E.I_E	1R0R.E.I_I	EB5D,LB13M,RB16M,GB27D,EB38D	2.032910
1R0R.E.I_E	1R0R.E.I_I	EB5D,LB13V,RB16M,EB38D	2.382520
1R0R.E.I_E	1R0R.E.I_I	EB5D,LB13V,RB16M,GB27D,EB38D	4.662163
1R0R.E.I_E	1R0R.E.I_I	EB5D,RB16M,EB38D	0.410656
1R0R.E.I_E	1R0R.E.I_I	EB5D,RB16M,KB24Q,GB27S,NB31S,EB38D	0.668739
1R0R.E.I_E	1R0R.E.I_I	EB5D,RB16M,KB29R,EB38D	-0.081997
1R0R.E.I_E	1R0R.E.I_I	EB5D,RB16M,LB18F,NB23S,GB27S,EB38D	1.298157
1R0R.E.I_E	1R0R.E.I_I	EB5D,TB12L,RB16M,GB27D,NB31S,EB38D,TB44S	3.818075
1R0R.E.I_E	1R0R.E.I_I	EB5D,TB12R,LB13M,RB16M,EB38D	3.397081
1R0R.E.I_E	1R0R.E.I_I	EB5D,TB12S,EB14D,RB16M,NB23S,GB27S,EB38D,GB49E	1.298157
1R0R.E.I_E	1R0R.E.I_I	EB5D,YB6H,AB10V,TB12S,RB16M,NB23S,GB27S,NB31D	0.344642
1R0R.E.I_E	1R0R.E.I_I	EB5G,KB8Q,PB9S,TB12P,LB13Q,EB14D,RB16V,LB18F,GB27S,VB37A,EB38D	3.571417
1R0R.E.I_E	1R0R.E.I_I	EB5G,KB8Q,TB12S,RB16V,LB18F,GB27S,NB31D,VB37A,EB38D	0.000000
1R0R.E.I_E	1R0R.E.I_I	EB5G,LB13M,RB16M,EB38D	-0.240219
1R0R.E.I_E	1R0R.E.I_I	EB5G,LB13M,RB16M,EB38D,KB50E	-0.695432
1R0R.E.I_E	1R0R.E.I_I	EB5G,LB13M,YB15S,LB18I,KB24T,GB27S,HB47Y,FB48P,KB50V	3.345354
1R0R.E.I_E	1R0R.E.I_I	KB8S,PB9D,AB10Y	-1.929859
1R0R.E.I_E	1R0R.E.I_I	KB8S,PB9D,AB10Y,LB13G,EB14I,RB16K	0.798483
1R0R.E.I_E	1R0R.E.I_I	KB8T,PB9E,AB10Y	-0.872752
1R0R.E.I_E	1R0R.E.I_I	KB8T,PB9E,AB10Y,LB13G,RB16M,GB27P,NB31V	2.416814
1R0R.E.I_E	1R0R.E.I_I	LB13I,GB27D	5.303459
1R0R.E.I_E	1R0R.E.I_I	LB13M,GB27D	2.393260
1R0R.E.I_E	1R0R.E.I_I	LB13M,HB47R	-0.317605
1R0R.E.I_E	1R0R.E.I_I	LB13M,HB47R,KB50E	-0.917360
1R0R.E.I_E	1R0R.E.I_I	LB13M,LB18V,KB24I,EB38K	-0.838487
1R0R.E.I_E	1R0R.E.I_I	LB13M,NB31D,SB46N	-0.307360
1R0R.E.I_E	1R0R.E.I_I	LB13M,SB46N	-0.497300
1R0R.E.I_E	1R0R.E.I_I	LB13M,SB46N,HB47R,KB50Q	-0.638906
1R0R.E.I_E	1R0R.E.I_I	LB13M,TB25S,GB27D	2.145903
1R0R.E.I_E	1R0R.E.I_I	LB13M,TB44N,KB50T	-0.838487
1R0R.E.I_E	1R0R.E.I_I	LB13M,YB15Q	3.640118
1R0R.E.I_E	1R0R.E.I_I	LB13S,RB16V,LB18I	1.889856
1R0R.E.I_E	1R0R.E.I_I	NB23S,GB27A	1.253731
1R0R.E.I_E	1R0R.E.I_I	PB9S,AB10L,TB12K,LB13R	4.892764
1R0R.E.I_E	1R0R.E.I_I	RB16M,KB24Q,GB27S,EB38D	1.111737
1R0R.E.I_E	1R0R.E.I_I	RB16V,LB18I	-0.016345
1R0R.E.I_E	1R0R.E.I_I	TB12K,LB13R	5.259515
1R0R.E.I_E	1R0R.E.I_I	TB12M,LB13S,GB27V	3.013808
1R0R.E.I_E	1R0R.E.I_I	TB12P,LB13K,EB14D,LB18V,GB27S,SB46N	7.678323
1R0R.E.I_E	1R0R.E.I_I	TB12P,LB13K,EB14D,LB18V,SB46N	7.546121
1R0R.E.I_E	1R0R.E.I_I	TB12R,LB13R	6.496128
1R0R.E.I_E	1R0R.E.I_I	VB1I,EB5D,AB10V,TB12S,RB16M,NB23S,GB27S,EB38D,TB44I	0.285466
1R0R.E.I_E	1R0R.E.I_I	YB6H,EB14D,LB18I,NB23S,GB27S,NB31D,VB37M,EB38D	0.781732
1S1Q.A.B_A	1S1Q.A.B_B	DA44A	0.965521
1S1Q.A.B_A	1S1Q.A.B_B	FA42A	0.199344
1S1Q.A.B_A	1S1Q.A.B_B	FA86A	0.775250
1S1Q.A.B_A	1S1Q.A.B_B	NA43A	1.231969
1S1Q.A.B_A	1S1Q.A.B_B	VA41A	0.670753
1S1Q.A.B_A	1S1Q.A.B_B	WA73A	0.280782
1SBB.A.B_A	1SBB.A.B_B	LB20T	-0.099672
1SBB.A.B_A	1SBB.A.B_B	VB26Y	-1.180796
1SBB.A.B_A	1SBB.A.B_B	YB91V	0.085219
1SBB.A.B_A	1SBB.A.B_B	LB20T,VB26Y,YB91V	0.132202
1SBN.E.I_E	1SBN.E.I_I	RB38K	-0.309999
1SGE.E.I_E	1SGE.E.I_I	EB13L	-5.982758
1SGN.E.I_E	1SGN.E.I_I	NB13L	-3.399817
1SGY.E.I_E	1SGY.E.I_I	YB13L	-1.676006
1TM4.E.I_E	1TM4.E.I_I	GB40M	-2.232905
1TM7.E.I_E	1TM7.E.I_I	YB40M	-0.056467
1TMG.E.I_E	1TMG.E.I_I	FB40M	-1.027668
1WQJ.I.B_I	1WQJ.I.B_B	RA20A	0.679553
1WQJ.I.B_I	1WQJ.I.B_B	RA49A	0.268245
1WQJ.I.B_I	1WQJ.I.B_B	RA54A	0.059441
1WQJ.I.B_I	1WQJ.I.B_B	RA55A	0.402399
1WQJ.I.B_I	1WQJ.I.B_B	RA35A,RA36A	1.028511
1X1W.A.D_A	1X1W.A.D_D	AB81E	-0.410656
1X1X.A.D_A	1X1X.A.D_D	AB76E	-0.823553
1XD3.A.B_A	1XD3.A.B_B	DB39A	-0.410656
1XD3.A.B_A	1XD3.A.B_B	DB52A	-0.240219
1XD3.A.B_A	1XD3.A.B_B	DB58A	-0.240219
1XD3.A.B_A	1XD3.A.B_B	EB24A	-0.240219
1XD3.A.B_A	1XD3.A.B_B	EB51A	1.534609
1XD3.A.B_A	1XD3.A.B_B	HB68N	0.000000
1XD3.A.B_A	1XD3.A.B_B	IB44A	0.265981
1XD3.A.B_A	1XD3.A.B_B	KB11R	1.402407
1XD3.A.B_A	1XD3.A.B_B	KB27A	-0.062421
1XD3.A.B_A	1XD3.A.B_B	KB27R	0.265981
1XD3.A.B_A	1XD3.A.B_B	KB33R	0.000000
1XD3.A.B_A	1XD3.A.B_B	KB6A	1.344086
1XD3.A.B_A	1XD3.A.B_B	KB6R	0.302640
1XD3.A.B_A	1XD3.A.B_B	LB8A	2.676792
1XD3.A.B_A	1XD3.A.B_B	RB42L	-0.862188
1XD3.A.B_A	1XD3.A.B_B	RB54L	0.868734
1XD3.A.B_A	1XD3.A.B_B	RB72L	1.301750
1XD3.A.B_A	1XD3.A.B_B	RB74L	2.377732
1XGR.AB.C_AB	1XGR.AB.C_C	IA248A	2.261219
1XGR.AB.C_AB	1XGR.AB.C_C	IA248F	-1.801261
1XGR.AB.C_AB	1XGR.AB.C_C	IA248L	0.061343
1XGR.AB.C_AB	1XGR.AB.C_C	IA248V	1.108124
1Y33.E.I_E	1Y33.E.I_I	PB39T	-3.756010
1Y34.E.I_E	1Y34.E.I_I	AB41E	-3.054218
1Y3D.E.I_E	1Y3D.E.I_I	AB48R	-3.098124
1Y4A.E.I_E	1Y4A.E.I_I	SB40E,RB39M	-3.549655
1YCS.A.B_A	1YCS.A.B_B	RA177H	-0.118888
1YCS.A.B_A	1YCS.A.B_B	MA37L,VA107A,NA143Y,NA172D	-0.138973
1YCS.A.B_A	1YCS.A.B_B	MA37L,VA107A,NA143Y,NA172D,FA174L	-0.188669
1YCS.A.B_A	1YCS.A.B_B	MA37L,VA107A,NA143Y,NA172D,RA153S,HA72R	0.509628
1YCS.A.B_A	1YCS.A.B_B	MA37L,VA107A,NA143Y,NA172D,RA186W	0.051550
1YCS.A.B_A	1YCS.A.B_B	MA37L,VA107A,NA143Y,NA172D,VA47A	0.142877
1YQV.HL.Y_HL	1YQV.HL.Y_Y	RB45K	1.879186
1YQV.HL.Y_HL	1YQV.HL.Y_Y	RB68K,TB40S,IB55V,SB91T	5.191547
1YQV.HL.Y_HL	1YQV.HL.Y_Y	RB68K,TB40S,IB55V,SB91T,QB121H	0.035385
1Z7X.W.X_W	1Z7X.W.X_X	DA435A	3.662431
1Z7X.W.X_W	1Z7X.W.X_X	EA206A	1.018685
1Z7X.W.X_W	1Z7X.W.X_X	EA287A	1.321325
1Z7X.W.X_W	1Z7X.W.X_X	EA344A	1.561543
1Z7X.W.X_W	1Z7X.W.X_X	EA401A	1.306325
1Z7X.W.X_W	1Z7X.W.X_X	IA459A	0.337421
1Z7X.W.X_W	1Z7X.W.X_X	KA320A	1.321325
1Z7X.W.X_W	1Z7X.W.X_X	RA457A	0.848247
1Z7X.W.X_W	1Z7X.W.X_X	SA289A	0.814384
1Z7X.W.X_W	1Z7X.W.X_X	WA261A	1.335954
1Z7X.W.X_W	1Z7X.W.X_X	WA263A	2.212418
1Z7X.W.X_W	1Z7X.W.X_X	WA318A	0.993470
1Z7X.W.X_W	1Z7X.W.X_X	WA375A	1.669560
1Z7X.W.X_W	1Z7X.W.X_X	YA434A	5.955931
1Z7X.W.X_W	1Z7X.W.X_X	YA434F	0.120623
1Z7X.W.X_W	1Z7X.W.X_X	YA437A	2.624135
1Z7X.W.X_W	1Z7X.W.X_X	YA437F	2.166058
1Z7X.W.X_W	1Z7X.W.X_X	QA430A,VA432A	0.939574
1Z7X.W.X_W	1Z7X.W.X_X	WA438A,SA439A,EA440A	1.972200
1Z7X.W.X_W	1Z7X.W.X_X	YA434A,DA435A	7.171211
1Z7X.W.X_W	1Z7X.W.X_X	YA434A,YA437A	7.240991
2ABZ.B.E_B	2ABZ.B.E_E	AB14C,AB38C	-0.553533
2AK4.ABC.DE_ABC	2AK4.ABC.DE_DE	AA158G	0.873589
2AK4.ABC.DE_ABC	2AK4.ABC.DE_DE	EA154A	0.234915
2AK4.ABC.DE_ABC	2AK4.ABC.DE_DE	EA161A	0.465104
2AK4.ABC.DE_ABC	2AK4.ABC.DE_DE	EB301A	0.048639
2AK4.ABC.DE_ABC	2AK4.ABC.DE_DE	LA163A	0.140382
2AK4.ABC.DE_ABC	2AK4.ABC.DE_DE	LA380A	1.403989
2AK4.ABC.DE_ABC	2AK4.ABC.DE_DE	LA385A	0.513636
2AK4.ABC.DE_ABC	2AK4.ABC.DE_DE	LB298A	0.838487
2AK4.ABC.DE_ABC	2AK4.ABC.DE_DE	NB230A	0.208773
2AK4.ABC.DE_ABC	2AK4.ABC.DE_DE	NB232A	0.822895
2AK4.ABC.DE_ABC	2AK4.ABC.DE_DE	NB267A	-0.042688
2AK4.ABC.DE_ABC	2AK4.ABC.DE_DE	NB51A	1.403989
2AK4.ABC.DE_ABC	2AK4.ABC.DE_DE	NB98A	1.403989
2AK4.ABC.DE_ABC	2AK4.ABC.DE_DE	PA379A	1.096392
2AK4.ABC.DE_ABC	2AK4.ABC.DE_DE	PA381A	1.403989
2AK4.ABC.DE_ABC	2AK4.ABC.DE_DE	QA155A	0.929594
2AK4.ABC.DE_ABC	2AK4.ABC.DE_DE	QA382A	1.403989
2AK4.ABC.DE_ABC	2AK4.ABC.DE_DE	QA384A	0.065896
2AK4.ABC.DE_ABC	2AK4.ABC.DE_DE	QA65A	-0.257905
2AK4.ABC.DE_ABC	2AK4.ABC.DE_DE	QA72A	0.239162
2AK4.ABC.DE_ABC	2AK4.ABC.DE_DE	RA151A	1.367331
2AK4.ABC.DE_ABC	2AK4.ABC.DE_DE	RA157A	1.403989
2AK4.ABC.DE_ABC	2AK4.ABC.DE_DE	SB233G	1.403989
2AK4.ABC.DE_ABC	2AK4.ABC.DE_DE	SB253A	-0.314372
2AK4.ABC.DE_ABC	2AK4.ABC.DE_DE	SB94A	1.403989
2AK4.ABC.DE_ABC	2AK4.ABC.DE_DE	TA69A	-0.341933
2AK4.ABC.DE_ABC	2AK4.ABC.DE_DE	TB30A	-0.126683
2AK4.ABC.DE_ABC	2AK4.ABC.DE_DE	YB32A	0.098972
2AK4.ABC.DE_ABC	2AK4.ABC.DE_DE	YB97A	1.403989
2AW2.A.B_A	2AW2.A.B_B	PB16A	2.575591
2AW2.A.B_A	2AW2.A.B_B	VB35A	1.096392
2AW2.A.B_A	2AW2.A.B_B	YB22A	1.885084
2B10.A.B_A	2B10.A.B_B	SB87F	-1.164827
2B11.A.B_A	2B11.A.B_B	WB87F	-0.754171
2BNQ.ABC.DE_ABC	2BNQ.ABC.DE_DE	VA385C	0.501983
2BNR.ABC.DE_ABC	2BNR.ABC.DE_DE	AA149G	0.018231
2BNR.ABC.DE_ABC	2BNR.ABC.DE_DE	AA150G	0.736888
2BNR.ABC.DE_ABC	2BNR.ABC.DE_DE	AA69G	1.855210
2BNR.ABC.DE_ABC	2BNR.ABC.DE_DE	CA385V	-0.501983
2BNR.ABC.DE_ABC	2BNR.ABC.DE_DE	DA61A	-0.089786
2BNR.ABC.DE_ABC	2BNR.ABC.DE_DE	EA154A	0.018231
2BNR.ABC.DE_ABC	2BNR.ABC.DE_DE	EA58A	0.000000
2BNR.ABC.DE_ABC	2BNR.ABC.DE_DE	EA63A	0.334711
2BNR.ABC.DE_ABC	2BNR.ABC.DE_DE	HA151A	0.533152
2BNR.ABC.DE_ABC	2BNR.ABC.DE_DE	HA70A	1.695717
2BNR.ABC.DE_ABC	2BNR.ABC.DE_DE	HA74A	0.975325
2BNR.ABC.DE_ABC	2BNR.ABC.DE_DE	KA146A	0.624371
2BNR.ABC.DE_ABC	2BNR.ABC.DE_DE	KA66A	1.689335
2BNR.ABC.DE_ABC	2BNR.ABC.DE_DE	KA68A	0.005528
2BNR.ABC.DE_ABC	2BNR.ABC.DE_DE	QA155A	0.232766
2BNR.ABC.DE_ABC	2BNR.ABC.DE_DE	QA43A	0.082802
2BNR.ABC.DE_ABC	2BNR.ABC.DE_DE	QA72A	-0.096285
2BNR.ABC.DE_ABC	2BNR.ABC.DE_DE	RA65A	1.806372
2BNR.ABC.DE_ABC	2BNR.ABC.DE_DE	RA75A	0.530889
2BNR.ABC.DE_ABC	2BNR.ABC.DE_DE	TA163A	0.458647
2BNR.ABC.DE_ABC	2BNR.ABC.DE_DE	TA64A	0.271471
2BNR.ABC.DE_ABC	2BNR.ABC.DE_DE	TA73A	1.285060
2BNR.ABC.DE_ABC	2BNR.ABC.DE_DE	TA80A	0.535406
2BNR.ABC.DE_ABC	2BNR.ABC.DE_DE	VA152A	0.903310
2BNR.ABC.DE_ABC	2BNR.ABC.DE_DE	VA67A	0.392802
2BNR.ABC.DE_ABC	2BNR.ABC.DE_DE	VA76A	0.672090
2C0L.A.B_A	2C0L.A.B_B	NA48A	0.687751
2C0L.A.B_A	2C0L.A.B_B	QA239R	1.486508
2C0L.A.B_A	2C0L.A.B_B	SA242Y	0.273679
2CCL.A.B_A	2CCL.A.B_B	AB48S,AB49T	-0.079703
2DSQ.I.G_I	2DSQ.I.G_G	RA20A	0.061132
2DSQ.I.G_I	2DSQ.I.G_G	RA35A	0.610409
2DSQ.I.G_I	2DSQ.I.G_G	RA40A	-0.087760
2DSQ.I.G_I	2DSQ.I.G_G	RA41A	0.088869
2G2W.A.B_A	2G2W.A.B_B	KA79D	0.452887
2GOX.A.B_A	2GOX.A.B_B	NB38A	1.451656
2GOX.A.B_A	2GOX.A.B_B	RB31A	1.883175
2GYK.A.B_A	2GYK.A.B_B	AA49D	-5.918129
2HLE.A.B_A	2HLE.A.B_B	KA141Q	-0.410656
2HLE.A.B_A	2HLE.A.B_B	LA87R	2.287297
2HRK.A.B_A	2HRK.A.B_B	KA140A	0.953515
2HRK.A.B_A	2HRK.A.B_B	TA108V	0.721070
2HRK.A.B_A	2HRK.A.B_B	TB55V	0.624201
2J0T.A.D_A	2J0T.A.D_D	CB70S	4.308547
2J0T.A.D_A	2J0T.A.D_D	MB66A	1.642626
2J0T.A.D_A	2J0T.A.D_D	SB68A	2.106373
2J0T.A.D_A	2J0T.A.D_D	SB68E	2.185484
2J0T.A.D_A	2J0T.A.D_D	SB68R	2.836359
2J0T.A.D_A	2J0T.A.D_D	SB68Y	2.978354
2J0T.A.D_A	2J0T.A.D_D	TB2A	4.289029
2J0T.A.D_A	2J0T.A.D_D	TB2L	2.682154
2J0T.A.D_A	2J0T.A.D_D	TB2R	5.046028
2J0T.A.D_A	2J0T.A.D_D	TB2S	1.594432
2J0T.A.D_A	2J0T.A.D_D	VB4A	0.000000
2J0T.A.D_A	2J0T.A.D_D	VB4I	1.642626
2J0T.A.D_A	2J0T.A.D_D	VB4K	1.824523
2J0T.A.D_A	2J0T.A.D_D	VB4S	0.982421
2J0T.A.D_A	2J0T.A.D_D	VB69I	0.790924
2J0T.A.D_A	2J0T.A.D_D	VB69T	1.288436
2J0T.A.D_A	2J0T.A.D_D	CB1S,FB12Y	4.200530
2J0T.A.D_A	2J0T.A.D_D	TB2L,VB4S	3.470544
2J0T.A.D_A	2J0T.A.D_D	TB2L,VB4S,SB68A	5.286247
2J0T.A.D_A	2J0T.A.D_D	TB2S,VB4A	1.250200
2J0T.A.D_A	2J0T.A.D_D	TB2S,VB4A,SB68Y	2.147248
2J0T.A.D_A	2J0T.A.D_D	VB69A,AB103V	0.701327
2JCC.ABC.EF_ABC	2JCC.ABC.EF_EF	AA167W	-0.298805
2KSO.A.B_A	2KSO.A.B_B	HB20E	-0.155438
2KSO.A.B_A	2KSO.A.B_B	KA10D	0.331545
2KSO.A.B_A	2KSO.A.B_B	KA49D	1.340935
2KSO.A.B_A	2KSO.A.B_B	KA49E	1.340935
2KSO.A.B_A	2KSO.A.B_B	RA43E	-0.662379
2KSO.A.B_A	2KSO.A.B_B	KA10D,DB25K	0.387420
2KSO.A.B_A	2KSO.A.B_B	KA10E,EB27K	0.643230
2KSO.A.B_A	2KSO.A.B_B	KA49D,DB36K	0.176107
2KSO.A.B_A	2KSO.A.B_B	RA43E,HB20E	0.454562
2KSO.A.B_A	2KSO.A.B_B	RA43E,HB20R	-0.821313
2NU2.E.I_E	2NU2.E.I_I	RB13L	-3.366955
2OOB.A.B_A	2OOB.A.B_B	AA9E	3.103360
2OOB.A.B_A	2OOB.A.B_B	GA13S	0.235364
2OOB.A.B_A	2OOB.A.B_B	KA7E	-0.178300
2OOB.A.B_A	2OOB.A.B_B	AA6S,KA7E	0.161161
2OOB.A.B_A	2OOB.A.B_B	AA6S,KA7E,AA9E,GA13S	3.103360
2OOB.A.B_A	2OOB.A.B_B	AA9E,GA13S	3.103360
2OOB.A.B_A	2OOB.A.B_B	IA27E,IA38E	0.284283
2P5E.ABC.DE_ABC	2P5E.ABC.DE_DE	YB32D	7.607647
2P5E.ABC.DE_ABC	2P5E.ABC.DE_DE	TB52P,PB53F,AB243S,IB244V,QB245G,TB246M,LB96T,LB97S,DB98G,TB100S,LB288V	1.962705
2P5E.ABC.DE_ABC	2P5E.ABC.DE_DE	TB52Q,PB53S,WB54S,AB243G,IB244A,QB245G	4.409873
2P5E.ABC.DE_ABC	2P5E.ABC.DE_DE	TB52Q,PB53S,WB54S,AB243G,IB244A,QB245G,TB246I,LB96T,LB97S,DB98G,TB100S,LB288V	7.955882
2P5E.ABC.DE_ABC	2P5E.ABC.DE_DE	YB32D,TB52Q,PB53S,WB54S,AB243G,IB244A,QB245G,TB246I,LB96T,LB97S,DB98G,TB100S,LB288V	7.778085
2PCC.A.B_A	2PCC.A.B_B	AB86G	1.901855
2PCC.A.B_A	2PCC.A.B_B	DA34A	-0.897048
2PCC.A.B_A	2PCC.A.B_B	EA290A	6.202555
2PCC.A.B_A	2PCC.A.B_B	KB77A	0.303669
2PCC.A.B_A	2PCC.A.B_B	KB92A	0.901871
2PCC.A.B_A	2PCC.A.B_B	VA197A	2.102682
2PCC.A.B_A	2PCC.A.B_B	AB86G,DA34A	-0.097802
2PCC.A.B_A	2PCC.A.B_B	AB86G,VA197A	2.102682
2PCC.A.B_A	2PCC.A.B_B	KB77A,EA290A	1.102177
2PCC.A.B_A	2PCC.A.B_B	KB77A,VA197A	2.800978
2PCC.A.B_A	2PCC.A.B_B	KB92A,DA34A	0.203012
2PCC.A.B_A	2PCC.A.B_B	KB92A,VA197A	1.501502
2QJ9.AB.C_AB	2QJ9.AB.C_C	AB43T,MB47L,KB48G,YB49L	-0.462206
2QJ9.AB.C_AB	2QJ9.AB.C_C	AB43T,MB47L,KB48G,YB49L,GB11H,DB15E,AB30T,IB31M	0.422872
2QJ9.AB.C_AB	2QJ9.AB.C_C	RB57K,TB59S,IB61K,PB62A,HB63Q,QB64L,SB67T	-0.729986
2SGP.E.I_E	2SGP.E.I_I	PB13L	-8.445845
2SIC.E.I_E	2SIC.E.I_I	MB67A	0.217859
2SIC.E.I_E	2SIC.E.I_I	MB67D	0.751532
2SIC.E.I_E	2SIC.E.I_I	MB67E	0.796098
2SIC.E.I_E	2SIC.E.I_I	MB67G	0.145223
2SIC.E.I_E	2SIC.E.I_I	MB67H	0.217859
2SIC.E.I_E	2SIC.E.I_I	MB67I	1.604390
2SIC.E.I_E	2SIC.E.I_I	MB67K	0.000000
2SIC.E.I_E	2SIC.E.I_I	MB67L	-0.240219
2SIC.E.I_E	2SIC.E.I_I	MB67R	0.000000
2SIC.E.I_E	2SIC.E.I_I	MB67V	0.713296
2UWE.ABC.EF_ABC	2UWE.ABC.EF_EF	AA163T	0.404320
2VIR.AB.C_AB	2VIR.AB.C_C	SB115L	3.681857
2VIR.AB.C_AB	2VIR.AB.C_C	TB89I	4.913826
2VLO.A.B_A	2VLO.A.B_B	AB95K	-1.960515
2VLP.A.B_A	2VLP.A.B_B	AB54R	-1.666447
2VLR.ABC.DE_ABC	2VLR.ABC.DE_DE	AB294S	0.017603
2WPT.A.B_A	2WPT.A.B_B	DA30A	-0.776203
2WPT.A.B_A	2WPT.A.B_B	DA30L	-3.403402
2WPT.A.B_A	2WPT.A.B_B	DA48A	5.216466
2WPT.A.B_A	2WPT.A.B_B	EA27A	1.733953
2WPT.A.B_A	2WPT.A.B_B	EA36H	0.038236
2WPT.A.B_A	2WPT.A.B_B	EA38A	4.503170
2WPT.A.B_A	2WPT.A.B_B	FB79A	1.594689
2WPT.A.B_A	2WPT.A.B_B	KB90A	0.649318
2WPT.A.B_A	2WPT.A.B_B	NA31A	-0.259215
2WPT.A.B_A	2WPT.A.B_B	NA31V	-0.897048
2WPT.A.B_A	2WPT.A.B_B	NB65A	0.701317
2WPT.A.B_A	2WPT.A.B_B	NB68A	1.251599
2WPT.A.B_A	2WPT.A.B_B	PA53A	2.927686
2WPT.A.B_A	2WPT.A.B_B	QB85A	0.383969
2WPT.A.B_A	2WPT.A.B_B	RA35A	-1.110931
2WPT.A.B_A	2WPT.A.B_B	RA35T	-1.038295
2WPT.A.B_A	2WPT.A.B_B	RA39A	-0.240219
2WPT.A.B_A	2WPT.A.B_B	RA39E	-0.372420
2WPT.A.B_A	2WPT.A.B_B	RB47A	0.872171
2WPT.A.B_A	2WPT.A.B_B	SA47A	2.425703
2WPT.A.B_A	2WPT.A.B_B	SB67A	-0.134107
2WPT.A.B_A	2WPT.A.B_B	SB70A	-0.457141
2WPT.A.B_A	2WPT.A.B_B	SB71A	-0.095209
2WPT.A.B_A	2WPT.A.B_B	SB77A	-0.073552
2WPT.A.B_A	2WPT.A.B_B	TB80A	0.376562
2WPT.A.B_A	2WPT.A.B_B	VA34A	3.809300
2WPT.A.B_A	2WPT.A.B_B	VB91A	0.264979
2WPT.A.B_A	2WPT.A.B_B	YA51A	5.216466
2WPT.A.B_A	2WPT.A.B_B	YA52A	5.216466
2WPT.A.B_A	2WPT.A.B_B	DA29E,DA30L,NA31V,RA35T,EA36H,RA39E,LA40M	-6.354466
2WPT.A.B_A	2WPT.A.B_B	DA29E,DA30L,NA31V,RA35T,EA36H,RA39E,LA40M,DA45S,RA54K,DA55E,DA56G,RA57D,EA58D	-5.201869
2WPT.A.B_A	2WPT.A.B_B	DA30A,FB79A	-0.164686
2WPT.A.B_A	2WPT.A.B_B	DA30L,NA31V,RA35T	-6.336046
2WPT.A.B_A	2WPT.A.B_B	EA14Q,FA15L,KA17T,KA18T,RA21N,EA23D,GA24T,AA25S,TA26S	-0.068271
2WPT.A.B_A	2WPT.A.B_B	EA14Q,FA15L,KA17T,KA18T,RA21N,EA23D,GA24T,AA25S,TA26S,DA29E,DA30L,NA31V,RA35T,EA36H,RA39E,LA40M	-8.575867
2WPT.A.B_A	2WPT.A.B_B	EA14Q,FA15L,KA17T,KA18T,RA21N,EA23D,GA24T,AA25S,TA26S,DA29E,DA30L,NA31V,RA35T,EA36H,RA39E,LA40M,DA45S,RA54K,DA55E,DA56G,RA57D,EA58D	-7.979383
2WPT.A.B_A	2WPT.A.B_B	EA14Q,FA15L,KA17T,KA18T,RA21N,EA23D,GA24T,AA25S,TA26S,DA29E,DA30L,NA31V,RA35T,EA36H,RA39E,LA40M,DA45S,RA54K,DA55E,DA56G,RA57D,EA58D,EA62S,KA66N,EA67T,IA68V,EA70Q	-8.058494
2WPT.A.B_A	2WPT.A.B_B	EA23D,GA24T,AA25S,TA26S,DA29E,DA30L,NA31V,RA35T,EA36H,RA39E,LA40M	-6.635494
2WPT.A.B_A	2WPT.A.B_B	FB79A,DA30A	-0.132202
2WPT.A.B_A	2WPT.A.B_B	FB79A,NA31A	1.352202
2WPT.A.B_A	2WPT.A.B_B	FB79A,VA34A	3.112753
2WPT.A.B_A	2WPT.A.B_B	KA17T,KA18T,RA21N,EA23D,GA24T,AA25S,TA26S,DA29E,DA30L,NA31V,RA35T,EA36H,RA39E,LA40M	-8.267023
2WPT.A.B_A	2WPT.A.B_B	NA31V,RA35T	-2.588293
2WPT.A.B_A	2WPT.A.B_B	NA31V,RA35T,EA36H,RA39E	-2.998950
2WPT.A.B_A	2WPT.A.B_B	NA31V,RA35T,RA39E	-3.232964
2WPT.A.B_A	2WPT.A.B_B	SB77A,NA31A	-0.437255
3AAA.AB.C_AB	3AAA.AB.C_C	DB43A	5.125139
3AAA.AB.C_AB	3AAA.AB.C_C	EB77A	1.966055
3AAA.AB.C_AB	3AAA.AB.C_C	EB77R	4.092513
3AAA.AB.C_AB	3AAA.AB.C_C	KA248A	2.488124
3AAA.AB.C_AB	3AAA.AB.C_C	KA248E	3.450042
3AAA.AB.C_AB	3AAA.AB.C_C	RA252A	3.047672
3AAA.AB.C_AB	3AAA.AB.C_C	RA252E	4.001186
3AAA.AB.C_AB	3AAA.AB.C_C	RA258A	2.245785
3AAA.AB.C_AB	3AAA.AB.C_C	RA258E	3.563596
3AAA.AB.C_AB	3AAA.AB.C_C	WB7A	3.388547
3AAA.AB.C_AB	3AAA.AB.C_C	KA248A,RA258A	4.797285
3B4V.AB.C_AB	3B4V.AB.C_C	FB52A	3.850175
3B4V.AB.C_AB	3B4V.AB.C_C	FB52E	3.881201
3B4V.AB.C_AB	3B4V.AB.C_C	LB16E	0.821313
3B4V.AB.C_AB	3B4V.AB.C_C	LB49A	3.580573
3B4V.AB.C_AB	3B4V.AB.C_C	LB49E	4.133388
3B4V.AB.C_AB	3B4V.AB.C_C	LB53A	3.393158
3B4V.AB.C_AB	3B4V.AB.C_C	LB53E	4.092513
3BDY.HL.V_HL	3BDY.HL.V_V	DA244N,PA246A,RA247K,SA248T,TA313S,TA314S	-0.953515
3BDY.HL.V_HL	3BDY.HL.V_V	DA244N,PA246A,RA247K,SA248T,TA313S,TA314S,KA31S,DA32G,TA55S,NA56E,GA101V,DA103V	-2.671876
3BDY.HL.V_HL	3BDY.HL.V_V	DA244N,PA246A,RA247K,SA248T,TA313S,TA314S,KA31S,DA32G,TA55S,NA56E,GA101V,DA103V,RA51A,RA60A	-2.728342
3BDY.HL.V_HL	3BDY.HL.V_V	DA244N,PA246A,RA247K,SA248T,YA273F,TA313S,TA314S	-0.973600
3BDY.HL.V_HL	3BDY.HL.V_V	DA244N,PA246A,RA247K,SA248T,YA273F,TA313S,TA314S,KA31S,DA32G,TA55S,NA56E,GA101V,DA103V	-2.728342
3BE1.HL.A_HL	3BE1.HL.A_A	DA241N,PA243A,RA244K,SA245T,TA310S,TA311S	-0.675060
3BE1.HL.A_HL	3BE1.HL.A_A	DA241N,PA243A,RA244K,SA245T,TA310S,TA311S,KA30S,DA31G,TA54S,NA55E,GA100V,DA102V	-2.728342
3BE1.HL.A_HL	3BE1.HL.A_A	DA241N,PA243A,RA244K,SA245T,TA310S,TA311S,KA30S,DA31G,TA54S,NA55E,GA100V,DA102V,YA249A	-3.138999
3BE1.HL.A_HL	3BE1.HL.A_A	DA241N,PA243A,RA244K,SA245T,TA310S,TA311S,KA30S,DA31G,TA54S,NA55E,GA100V,DA102V,YA249A,IA246A	-2.728342
3BE1.HL.A_HL	3BE1.HL.A_A	DA241N,PA243A,RA244K,SA245T,YA270F,TA310S,TA311S	-0.868734
3BE1.HL.A_HL	3BE1.HL.A_A	DA241N,PA243A,RA244K,SA245T,YA270F,TA310S,TA311S,KA30S,DA31G,TA54S,NA55E,GA100V,DA102V	-2.883780
3BK3.A.C_A	3BK3.A.C_C	AB37R	1.382728
3BK3.A.C_A	3BK3.A.C_C	IB19A	0.486392
3BK3.A.C_A	3BK3.A.C_C	IB19R	0.423971
3BK3.A.C_A	3BK3.A.C_C	IB22A	1.307704
3BK3.A.C_A	3BK3.A.C_C	IB22R	2.121565
3BK3.A.C_A	3BK3.A.C_C	IB28A	1.261516
3BK3.A.C_A	3BK3.A.C_C	IB28R	1.175503
3BK3.A.C_A	3BK3.A.C_C	IB3A	1.038654
3BK3.A.C_A	3BK3.A.C_C	IB3R	0.650875
3BK3.A.C_A	3BK3.A.C_C	LB2A	0.000000
3BK3.A.C_A	3BK3.A.C_C	LB2R	0.026336
3BK3.A.C_A	3BK3.A.C_C	TB4P	0.486392
3BK3.A.C_A	3BK3.A.C_C	TB6P	1.743020
3BN9.B.CD_B	3BN9.B.CD_CD	DA214A	0.566465
3BN9.B.CD_B	3BN9.B.CD_CD	DA46A	0.422577
3BN9.B.CD_B	3BN9.B.CD_CD	DA47A	0.311247
3BN9.B.CD_B	3BN9.B.CD_CD	DA91A	6.698210
3BN9.B.CD_B	3BN9.B.CD_CD	EA163A	0.373383
3BN9.B.CD_B	3BN9.B.CD_CD	FA50A	-0.045018
3BN9.B.CD_B	3BN9.B.CD_CD	FA89A	0.639528
3BN9.B.CD_B	3BN9.B.CD_CD	FA92A	6.698210
3BN9.B.CD_B	3BN9.B.CD_CD	HA138A	0.085101
3BN9.B.CD_B	3BN9.B.CD_CD	IA26A	0.000000
3BN9.B.CD_B	3BN9.B.CD_CD	IA45A	0.835589
3BN9.B.CD_B	3BN9.B.CD_CD	KA221A	0.785320
3BN9.B.CD_B	3BN9.B.CD_CD	LA147A	0.336343
3BN9.B.CD_B	3BN9.B.CD_CD	NA90A	0.773691
3BN9.B.CD_B	3BN9.B.CD_CD	PB314H	2.428342
3BN9.B.CD_B	3BN9.B.CD_CD	QA140A	0.133164
3BN9.B.CD_B	3BN9.B.CD_CD	QA168A	-0.034714
3BN9.B.CD_B	3BN9.B.CD_CD	QA169A	2.510108
3BN9.B.CD_B	3BN9.B.CD_CD	QA218A	0.706027
3BN9.B.CD_B	3BN9.B.CD_CD	QA23A	-0.415493
3BN9.B.CD_B	3BN9.B.CD_CD	QB315V	1.224651
3BN9.B.CD_B	3BN9.B.CD_CD	RA219A	-0.093740
3BN9.B.CD_B	3BN9.B.CD_CD	RA48A	-0.045018
3BN9.B.CD_B	3BN9.B.CD_CD	RA51A	-0.071590
3BN9.B.CD_B	3BN9.B.CD_CD	RA82A	-0.159304
3BN9.B.CD_B	3BN9.B.CD_CD	SB240G	1.186638
3BN9.B.CD_B	3BN9.B.CD_CD	SB240N	1.146018
3BN9.B.CD_B	3BN9.B.CD_CD	TA144A	0.290965
3BN9.B.CD_B	3BN9.B.CD_CD	TA93A	1.132560
3BN9.B.CD_B	3BN9.B.CD_CD	TB238R	0.333055
3BN9.B.CD_B	3BN9.B.CD_CD	TB312Q	-0.021546
3BN9.B.CD_B	3BN9.B.CD_CD	TB312R	-0.058321
3BN9.B.CD_B	3BN9.B.CD_CD	YA141A	1.085138
3BN9.B.CD_B	3BN9.B.CD_CD	YA52A	0.018960
3BN9.B.CD_B	3BN9.B.CD_CD	YB313S	0.458891
3BP8.A.C_A	3BP8.A.C_C	AB51F	0.615494
3BP8.A.C_A	3BP8.A.C_C	FA115A	0.708987
3BP8.A.C_A	3BP8.A.C_C	FA115A,AB51F	-0.774552
3BTD.E.I_E	3BTD.E.I_I	DB13K	-11.502718
3BTF.E.I_E	3BTF.E.I_I	FB13K	-7.027211
3BTG.E.I_E	3BTG.E.I_I	GB13K	-12.352226
3BTM.E.I_E	3BTM.E.I_I	MB13K	-7.692373
3BTQ.E.I_E	3BTQ.E.I_I	QB13K	-9.370644
3BTW.E.I_E	3BTW.E.I_I	WB13K	-8.664119
3D3V.ABC.DE_ABC	3D3V.ABC.DE_DE	EB230A	2.672690
3D3V.ABC.DE_ABC	3D3V.ABC.DE_DE	LB297A	2.617166
3D3V.ABC.DE_ABC	3D3V.ABC.DE_DE	YA383A	3.413588
3D3V.ABC.DE_ABC	3D3V.ABC.DE_DE	YA383F	0.927475
3D3V.ABC.DE_ABC	3D3V.ABC.DE_DE	EB230A,YA383A	3.900927
3D3V.ABC.DE_ABC	3D3V.ABC.DE_DE	EB230A,YA383F	2.573496
3D3V.ABC.DE_ABC	3D3V.ABC.DE_DE	LB297A,YA383A	4.390339
3F1S.A.B_A	3F1S.A.B_B	DA200A	0.554476
3F1S.A.B_A	3F1S.A.B_B	DA255A	3.760968
3F1S.A.B_A	3F1S.A.B_B	DA36A	2.185484
3F1S.A.B_A	3F1S.A.B_B	KA201A	-2.079828
3F1S.A.B_A	3F1S.A.B_B	KA201C	-1.694946
3F1S.A.B_A	3F1S.A.B_B	MA33A	1.238981
3F1S.A.B_A	3F1S.A.B_B	YA202A	2.996122
3G6D.LH.A_LH	3G6D.LH.A_A	HA314A	-0.953515
3G6D.LH.A_LH	3G6D.LH.A_A	WA315A	-1.497178
3G6D.LH.A_LH	3G6D.LH.A_A	EA3V,GA76R,TA77V,QA78E,EA80G	0.139880
3G6D.LH.A_LH	3G6D.LH.A_A	EA3V,GA76R,TA77V,QA78E,EA80G,DA264N	0.111228
3G6D.LH.A_LH	3G6D.LH.A_A	EA3V,GA76R,TA77V,QA78E,EA80G,FA313A,HA314A,WA315A	4.622350
3G6D.LH.A_LH	3G6D.LH.A_A	EA3V,GA76R,TA77V,QA78E,EA80G,TA89S,MA92I,VA93D,TA94K	0.271573
3G6D.LH.A_LH	3G6D.LH.A_A	KA420T,KA425T	-0.133007
3G6D.LH.A_LH	3G6D.LH.A_A	TA89S,MA92I,VA93D,TA94K	0.798334
3H9S.ABC.DE_ABC	3H9S.ABC.DE_DE	AA150P	0.163168
3IDX.HL.G_HL	3IDX.HL.G_G	CB27I,CB242Q	-2.466141
3IDX.HL.G_HL	3IDX.HL.G_G	CB27I,CB242Q,MB247A	-2.174591
3IDX.HL.G_HL	3IDX.HL.G_G	KB85C,EB121C,CB27I,CB242Q	-2.378751
3IDX.HL.G_HL	3IDX.HL.G_G	KB85C,EB121C,WB13M,MB247A,CB14W,CB129V,CB27I,CB242Q	-2.193271
3IDX.HL.G_HL	3IDX.HL.G_G	KB85C,EB122C,WB13M,MB247A,CB14W,CB129V,CB27I,CB242Q	-2.293745
3IDX.HL.G_HL	3IDX.HL.G_G	TB41C,GB245C,MB247A	0.409638
3IDX.HL.G_HL	3IDX.HL.G_G	TB41C,GB245C,WB13M,MB247A,CB14W,CB129V,CB27I,CB242Q	-2.332111
3IDX.HL.G_HL	3IDX.HL.G_G	WB13M,MB247A,CB14W,CB129V	-0.647829
3IDX.HL.G_HL	3IDX.HL.G_G	WB13M,MB247A,CB14W,CB129V,CB27I,CB242Q	-2.349040
3IDX.HL.G_HL	3IDX.HL.G_G	WB13M,MB247A,CB14W,CB129V,KB85C,EB121C	-0.361827
3IDX.HL.G_HL	3IDX.HL.G_G	WB13M,SB111T,WB200S,MB247A,CB14W,CB129V,CB27I,CB242Q	-1.864799
3KBH.A.E_A	3KBH.A.E_E	DA20A	0.873407
3KBH.A.E_A	3KBH.A.E_E	SB54A	1.857334
3KBH.A.E_A	3KBH.A.E_E	SB54T	2.490672
3KBH.A.E_A	3KBH.A.E_E	YA23A	1.812791
3KBH.A.E_A	3KBH.A.E_E	YA23F	1.615894
3KBH.A.E_A	3KBH.A.E_E	YB17A	0.100018
3L5X.A.HL_A	3L5X.A.HL_HL	YB318A	-0.829223
3L5X.A.HL_A	3L5X.A.HL_HL	EB317F,YB318G	-0.428200
3L5X.A.HL_A	3L5X.A.HL_HL	EB317H,YB318G	-0.762992
3L5X.A.HL_A	3L5X.A.HL_HL	HB315P,NB316I,EB317D,YB318A	-0.646959
3L5X.A.HL_A	3L5X.A.HL_HL	HB315P,NB316L,EB317D,YB318S	-0.633073
3L5X.A.HL_A	3L5X.A.HL_HL	HB315P,NB316L,EB317D,YB318T	-0.810413
3L5X.A.HL_A	3L5X.A.HL_HL	HB315P,NB316L,EB317D,YB318V	-0.858607
3L5X.A.HL_A	3L5X.A.HL_HL	HB315P,NB316L,YB318A	-0.444612
3L5X.A.HL_A	3L5X.A.HL_HL	HB315Q,NB316D,EB317I,YB318G	-1.551074
3L5X.A.HL_A	3L5X.A.HL_HL	HB315Q,NB316D,EB317L,YB318G	-1.785931
3L5X.A.HL_A	3L5X.A.HL_HL	HB315Q,NB316D,EB317Y,YB318G	-1.452103
3L5X.A.HL_A	3L5X.A.HL_HL	NB316D,EB317L,YB318G	-0.429821
3L5X.A.HL_A	3L5X.A.HL_HL	NB316D,EB317N,YB318S	-0.534278
3L5X.A.HL_A	3L5X.A.HL_HL	NB316D,EB317P,YB318G	-1.470618
3L5X.A.HL_A	3L5X.A.HL_HL	NB316D,EB317R,YB318D	-0.522773
3L5X.A.HL_A	3L5X.A.HL_HL	NB316D,EB317W,YB318E	-1.196885
3L5X.A.HL_A	3L5X.A.HL_HL	NB316D,EB317W,YB318G	-1.683276
3L5X.A.HL_A	3L5X.A.HL_HL	NB316D,EB317W,YB318S	-0.716447
3L5X.A.HL_A	3L5X.A.HL_HL	NB316D,EB317Y,YB318A	-0.807336
3L5X.A.HL_A	3L5X.A.HL_HL	NB316E,EB317S,YB318G	-1.265925
3L5X.A.HL_A	3L5X.A.HL_HL	NB316E,EB317W,YB318G	-1.551074
3L5X.A.HL_A	3L5X.A.HL_HL	NB316F,EB317W,YB318G	-1.233543
3L5X.A.HL_A	3L5X.A.HL_HL	NB316L,EB317D,YB318S	-0.617324
3L5X.A.HL_A	3L5X.A.HL_HL	NB316L,EB317L,YB318G	-0.626250
3L5X.A.HL_A	3L5X.A.HL_HL	NB316L,EB317M,YB318G	-0.826046
3L5X.A.HL_A	3L5X.A.HL_HL	NB316L,EB317N,YB318G	-0.695748
3L5X.A.HL_A	3L5X.A.HL_HL	NB316S,EB317H,YB318G	-1.246284
3L5X.A.HL_A	3L5X.A.HL_HL	NB316S,EB317I,YB318G	-0.807336
3L5X.A.HL_A	3L5X.A.HL_HL	NB316S,EB317S,YB318G	-0.249324
3L5X.A.HL_A	3L5X.A.HL_HL	NB316S,EB317V,YB318G	-0.517104
3L5X.A.HL_A	3L5X.A.HL_HL	NB316S,EB317W,YB318A	-0.303164
3L5X.A.HL_A	3L5X.A.HL_HL	NB316S,EB317W,YB318G	-1.272620
3L5X.A.HL_A	3L5X.A.HL_HL	NB316S,EB317Y,YB318G	-0.964619
3L5X.A.HL_A	3L5X.A.HL_HL	NB316V,EB317G,YB318G	-0.463207
3L5X.A.HL_A	3L5X.A.HL_HL	NB316V,EB317W,YB318G	-0.835628
3LNZ.A.B_A	3LNZ.A.B_B	AB8N	1.111737
3M62.A.B_A	3M62.A.B_B	DA46A	2.800001
3M62.A.B_A	3M62.A.B_B	EA32A	0.829717
3M62.A.B_A	3M62.A.B_B	EA55A	1.051574
3M62.A.B_A	3M62.A.B_B	FB7A	0.995967
3M62.A.B_A	3M62.A.B_B	GA102A	1.264892
3M62.A.B_A	3M62.A.B_B	IA110A	1.853938
3M62.A.B_A	3M62.A.B_B	IB43A	2.883780
3M62.A.B_A	3M62.A.B_B	KB8A	0.497127
3M62.A.B_A	3M62.A.B_B	LA50A	2.829264
3M62.A.B_A	3M62.A.B_B	MB69A	0.681123
3M62.A.B_A	3M62.A.B_B	QB50A	1.054436
3M62.A.B_A	3M62.A.B_B	QB65A	0.283721
3M62.A.B_A	3M62.A.B_B	RA98A	0.788693
3M62.A.B_A	3M62.A.B_B	SB45A	1.278739
3M62.A.B_A	3M62.A.B_B	TA54A	0.016690
3M62.A.B_A	3M62.A.B_B	VB48A	1.090437
3M62.A.B_A	3M62.A.B_B	VB67A	1.138169
3M62.A.B_A	3M62.A.B_B	YA103A	4.477219
3M63.A.B_A	3M63.A.B_B	DA46A	2.234206
3M63.A.B_A	3M63.A.B_B	EA33A	0.646344
3M63.A.B_A	3M63.A.B_B	EA55A	0.346352
3M63.A.B_A	3M63.A.B_B	FA113A	1.791517
3M63.A.B_A	3M63.A.B_B	GA102A	0.124707
3M63.A.B_A	3M63.A.B_B	IA110A	1.089092
3M63.A.B_A	3M63.A.B_B	LA50A	0.576421
3M63.A.B_A	3M63.A.B_B	RA98A	-0.185293
3M63.A.B_A	3M63.A.B_B	TA54A	0.311377
3M63.A.B_A	3M63.A.B_B	VA106A	1.838939
3M63.A.B_A	3M63.A.B_B	YA103A	3.650577
3M63.A.B_A	3M63.A.B_B	GB8F,QB9K,SB65Q,HB67V,VB69M	0.187128
3MZG.A.B_A	3MZG.A.B_B	HA125A	-0.114451
3MZG.A.B_A	3MZG.A.B_B	HA14A	-0.019183
3MZG.A.B_A	3MZG.A.B_B	HA160A	0.923650
3MZG.A.B_A	3MZG.A.B_B	HA167A	1.488029
3MZG.A.B_A	3MZG.A.B_B	HA17A	0.062033
3MZG.A.B_A	3MZG.A.B_B	HA182A	0.369815
3MZG.A.B_A	3MZG.A.B_B	HA33A	0.139849
3MZG.A.B_A	3MZG.A.B_B	HA46A	0.408744
3MZG.A.B_A	3MZG.A.B_B	HA84A	0.079361
3MZG.A.B_A	3MZG.A.B_B	HB188A	1.777212
3MZG.A.B_A	3MZG.A.B_B	HA167A,HB188A	2.654328
3MZW.A.B_A	3MZW.A.B_B	NB18A	0.025215
3MZW.A.B_A	3MZW.A.B_B	NB18G	0.072636
3MZW.A.B_A	3MZW.A.B_B	NB18T	-0.145223
3MZW.A.B_A	3MZW.A.B_B	NB18T,AB37S,AB41S,AB49S	-0.113191
3MZW.A.B_A	3MZW.A.B_B	NB18T,AB37S,AB41S,LB46T	-0.145223
3MZW.A.B_A	3MZW.A.B_B	NB18T,AB37S,AB41S,LB46Y	-0.053896
3MZW.A.B_A	3MZW.A.B_B	NB18T,AB49S	0.094995
3MZW.A.B_A	3MZW.A.B_B	NB18T,DB31A	0.708122
3MZW.A.B_A	3MZW.A.B_B	NB18T,DB31K	1.218948
3MZW.A.B_A	3MZW.A.B_B	NB18T,DB32E	0.213883
3MZW.A.B_A	3MZW.A.B_B	NB18T,EB42A	-0.338020
3MZW.A.B_A	3MZW.A.B_B	NB18T,LB46T	-0.179087
3MZW.A.B_A	3MZW.A.B_B	NB18T,LB46Y	-0.026336
3MZW.A.B_A	3MZW.A.B_B	NB18T,NB38E,AB49S	0.137331
3MZW.A.B_A	3MZW.A.B_B	NB18T,SB28A	-0.215004
3MZW.A.B_A	3MZW.A.B_B	NB18T,SB28K	-0.215004
3MZW.A.B_A	3MZW.A.B_B	NB1A,NB18T	0.342483
3MZW.A.B_A	3MZW.A.B_B	NB1A,NB18T,AB37S,AB41S,AB49S	-0.028794
3MZW.A.B_A	3MZW.A.B_B	NB1A,NB18T,SB28K,AB37S,AB41S,AB49S	-0.215004
3MZW.A.B_A	3MZW.A.B_B	NB1A,NB18T,SB28K,AB37S,AB41S,EB42A,AB49S	-0.234122
3MZW.A.B_A	3MZW.A.B_B	NB1A,NB18T,SB28K,AB37S,NB38E,AB41S,AB49S	0.219433
3MZW.A.B_A	3MZW.A.B_B	NB1A,NB18T,SB28K,DB31A,AB37S,AB41S,AB49S	0.448087
3MZW.A.B_A	3MZW.A.B_B	NB1A,NB18T,SB28K,DB32E,AB37S,AB41S,AB49S	-0.679910
3MZW.A.B_A	3MZW.A.B_B	NB1E,NB18T	0.384321
3MZW.A.B_A	3MZW.A.B_B	NB1E,NB18T,AB37S,AB41S,AB49S	0.281666
3N0P.A.B_A	3N0P.A.B_B	AA17H	-0.062033
3N4I.A.B_A	3N4I.A.B_B	EA79D	4.384282
3N85.A.LH_A	3N85.A.LH_LH	SB246A	-0.134080
3N85.A.LH_A	3N85.A.LH_LH	SB246Y	0.057148
3N85.A.LH_A	3N85.A.LH_LH	SB264G	0.487890
3N85.A.LH_A	3N85.A.LH_LH	SB266Y	-0.784955
3N85.A.LH_A	3N85.A.LH_LH	WB244K	-0.784955
3N85.A.LH_A	3N85.A.LH_LH	WB244R	-0.554216
3N85.A.LH_A	3N85.A.LH_LH	WB314F	-0.015192
3N85.A.LH_A	3N85.A.LH_LH	WB91F	0.139654
3N85.A.LH_A	3N85.A.LH_LH	WB94Y	-0.038736
3NCC.A.B_A	3NCC.A.B_B	AB188H	-1.777212
3NPS.A.BC_A	3NPS.A.BC_BC	DA214A	1.467400
3NPS.A.BC_A	3NPS.A.BC_BC	DA46A	0.340139
3NPS.A.BC_A	3NPS.A.BC_BC	DA47A	1.067948
3NPS.A.BC_A	3NPS.A.BC_BC	DA91A	1.507709
3NPS.A.BC_A	3NPS.A.BC_BC	EA163A	0.615624
3NPS.A.BC_A	3NPS.A.BC_BC	FA50A	0.219669
3NPS.A.BC_A	3NPS.A.BC_BC	FA89A	1.572108
3NPS.A.BC_A	3NPS.A.BC_BC	FA92A	0.463747
3NPS.A.BC_A	3NPS.A.BC_BC	HA138A	1.875931
3NPS.A.BC_A	3NPS.A.BC_BC	IA26A	0.641830
3NPS.A.BC_A	3NPS.A.BC_BC	IA45A	-0.331966
3NPS.A.BC_A	3NPS.A.BC_BC	KA221A	-0.103657
3NPS.A.BC_A	3NPS.A.BC_BC	LA147A	0.295869
3NPS.A.BC_A	3NPS.A.BC_BC	NA90A	0.253533
3NPS.A.BC_A	3NPS.A.BC_BC	QA140A	0.295869
3NPS.A.BC_A	3NPS.A.BC_BC	QA168A	-0.059250
3NPS.A.BC_A	3NPS.A.BC_BC	QA169A	0.741239
3NPS.A.BC_A	3NPS.A.BC_BC	QA218A	-0.040935
3NPS.A.BC_A	3NPS.A.BC_BC	QA23A	0.026336
3NPS.A.BC_A	3NPS.A.BC_BC	RA219A	-0.083939
3NPS.A.BC_A	3NPS.A.BC_BC	RA48A	-1.063217
3NPS.A.BC_A	3NPS.A.BC_BC	RA51A	0.138230
3NPS.A.BC_A	3NPS.A.BC_BC	RA82A	-0.151663
3NPS.A.BC_A	3NPS.A.BC_BC	TA144A	0.175048
3NPS.A.BC_A	3NPS.A.BC_BC	TA93A	0.724136
3NPS.A.BC_A	3NPS.A.BC_BC	YA141A	1.775668
3NPS.A.BC_A	3NPS.A.BC_BC	YA52A	0.452092
3NVN.B.A_B	3NVN.B.A_A	RA186S	1.268627
3NVN.B.A_B	3NVN.B.A_A	RB193E	2.486546
3PWP.ABC.DE_ABC	3PWP.ABC.DE_DE	GA377L	-0.634185
3PWP.ABC.DE_ABC	3PWP.ABC.DE_DE	GA377L,IA384V	-0.385795
3QDG.ABC.DE_ABC	3QDG.ABC.DE_DE	AB251P	-0.065896
3QDG.ABC.DE_ABC	3QDG.ABC.DE_DE	DB26W	-1.562269
3QDG.ABC.DE_ABC	3QDG.ABC.DE_DE	DB26Y	-1.793838
3QDG.ABC.DE_ABC	3QDG.ABC.DE_DE	FB296W	0.934504
3QDG.ABC.DE_ABC	3QDG.ABC.DE_DE	FB296Y	1.394560
3QDG.ABC.DE_ABC	3QDG.ABC.DE_DE	GB28I	0.866331
3QDG.ABC.DE_ABC	3QDG.ABC.DE_DE	GB28L	1.388606
3QDG.ABC.DE_ABC	3QDG.ABC.DE_DE	GB28N	0.851702
3QDG.ABC.DE_ABC	3QDG.ABC.DE_DE	GB28P	1.091920
3QDG.ABC.DE_ABC	3QDG.ABC.DE_DE	GB28Y	1.502577
3QDG.ABC.DE_ABC	3QDG.ABC.DE_DE	LB294W	-0.702992
3QDG.ABC.DE_ABC	3QDG.ABC.DE_DE	RB27P	0.138406
3QDG.ABC.DE_ABC	3QDG.ABC.DE_DE	RB27W	0.596483
3QDG.ABC.DE_ABC	3QDG.ABC.DE_DE	TB298F	-0.038652
3QDG.ABC.DE_ABC	3QDG.ABC.DE_DE	DB26W,LB294W	-3.354783
3QDG.ABC.DE_ABC	3QDG.ABC.DE_DE	DB26Y,LB294W	-3.543451
3QDJ.ABC.DE_ABC	3QDJ.ABC.DE_DE	AA377L	2.299999
3QDJ.ABC.DE_ABC	3QDJ.ABC.DE_DE	AB251P	0.207165
3QDJ.ABC.DE_ABC	3QDJ.ABC.DE_DE	DB26W	-2.171864
3QDJ.ABC.DE_ABC	3QDJ.ABC.DE_DE	DB26Y	-1.337237
3QDJ.ABC.DE_ABC	3QDJ.ABC.DE_DE	FB296W	0.389620
3QDJ.ABC.DE_ABC	3QDJ.ABC.DE_DE	FB296Y	0.778466
3QDJ.ABC.DE_ABC	3QDJ.ABC.DE_DE	GB28I	-0.105268
3QDJ.ABC.DE_ABC	3QDJ.ABC.DE_DE	GB28L	0.655450
3QDJ.ABC.DE_ABC	3QDJ.ABC.DE_DE	GB28N	0.410656
3QDJ.ABC.DE_ABC	3QDJ.ABC.DE_DE	GB28P	1.225040
3QDJ.ABC.DE_ABC	3QDJ.ABC.DE_DE	GB28Y	0.556478
3QDJ.ABC.DE_ABC	3QDJ.ABC.DE_DE	LB294W	-0.807693
3QDJ.ABC.DE_ABC	3QDJ.ABC.DE_DE	RB27P	0.039956
3QDJ.ABC.DE_ABC	3QDJ.ABC.DE_DE	RB27W	0.216798
3QDJ.ABC.DE_ABC	3QDJ.ABC.DE_DE	TB298F	-0.275705
3QDJ.ABC.DE_ABC	3QDJ.ABC.DE_DE	DB26W,LB294W	-2.530970
3QDJ.ABC.DE_ABC	3QDJ.ABC.DE_DE	DB26Y,LB294W	-1.913959
3QFJ.ABC.DE_ABC	3QFJ.ABC.DE_DE	FA380Y	-0.170438
3QHY.A.B_A	3QHY.A.B_B	DB127A	0.380268
3QHY.A.B_A	3QHY.A.B_B	DB12A	2.255265
3QHY.A.B_A	3QHY.A.B_B	DB130A	0.961362
3QHY.A.B_A	3QHY.A.B_B	DB166A	3.498105
3QHY.A.B_A	3QHY.A.B_B	DB91A	1.889391
3QHY.A.B_A	3QHY.A.B_B	EB228A	3.012936
3QHY.A.B_A	3QHY.A.B_B	FB169A	2.062468
3QHY.A.B_A	3QHY.A.B_B	FB190A	3.075479
3QHY.A.B_A	3QHY.A.B_B	FB34A	3.984497
3QHY.A.B_A	3QHY.A.B_B	IB189A	3.067735
3QHY.A.B_A	3QHY.A.B_B	LB51A	0.816355
3QHY.A.B_A	3QHY.A.B_B	NB10A	2.255265
3QHY.A.B_A	3QHY.A.B_B	NB264A	2.695871
3QHY.A.B_A	3QHY.A.B_B	NB72A	1.605705
3QHY.A.B_A	3QHY.A.B_B	RB246A	0.534906
3QHY.A.B_A	3QHY.A.B_B	SB129A	-0.084780
3QHY.A.B_A	3QHY.A.B_B	TB17A	0.056467
3QHY.A.B_A	3QHY.A.B_B	WB112A	3.789874
3QHY.A.B_A	3QHY.A.B_B	WB13A	2.863695
3QHY.A.B_A	3QHY.A.B_B	WB229A	5.432499
3QHY.A.B_A	3QHY.A.B_B	YB151A	3.423593
3QHY.A.B_A	3QHY.A.B_B	YB168A	1.743398
3QHY.A.B_A	3QHY.A.B_B	YB208A	0.240219
3QHY.A.B_A	3QHY.A.B_B	YB33A	2.903207
3QHY.A.B_A	3QHY.A.B_B	YB73A	0.801228
3QIB.ABP.CD_ABP	3QIB.ABP.CD_CD	AA251G	2.204041
3QIB.ABP.CD_ABP	3QIB.ABP.CD_CD	AA61G	0.892289
3QIB.ABP.CD_ABP	3QIB.ABP.CD_CD	AA64G	0.610000
3QIB.ABP.CD_ABP	3QIB.ABP.CD_CD	AA68G	0.845067
3QIB.ABP.CD_ABP	3QIB.ABP.CD_CD	DA254A	0.862905
3QIB.ABP.CD_ABP	3QIB.ABP.CD_CD	EA237A	0.000000
3QIB.ABP.CD_ABP	3QIB.ABP.CD_CD	EA244A	1.212812
3QIB.ABP.CD_ABP	3QIB.ABP.CD_CD	EA247A	1.821420
3QIB.ABP.CD_ABP	3QIB.ABP.CD_CD	EA75A	0.000000
3QIB.ABP.CD_ABP	3QIB.ABP.CD_CD	HA259A	0.051550
3QIB.ABP.CD_ABP	3QIB.ABP.CD_CD	KA353A	3.138999
3QIB.ABP.CD_ABP	3QIB.ABP.CD_CD	KA353R	2.237034
3QIB.ABP.CD_ABP	3QIB.ABP.CD_CD	KA67A	0.566095
3QIB.ABP.CD_ABP	3QIB.ABP.CD_CD	LB289P	-0.369724
3QIB.ABP.CD_ABP	3QIB.ABP.CD_CD	NB94P	0.786813
3QIB.ABP.CD_ABP	3QIB.ABP.CD_CD	QA242A	1.763957
3QIB.ABP.CD_ABP	3QIB.ABP.CD_CD	QA57A	0.264834
3QIB.ABP.CD_ABP	3QIB.ABP.CD_CD	RB89P	-0.119368
3QIB.ABP.CD_ABP	3QIB.ABP.CD_CD	SA241A	0.026336
3QIB.ABP.CD_ABP	3QIB.ABP.CD_CD	TA255A	0.749847
3QIB.ABP.CD_ABP	3QIB.ABP.CD_CD	TA356A	3.138999
3QIB.ABP.CD_ABP	3QIB.ABP.CD_CD	TA356N	1.223835
3QIB.ABP.CD_ABP	3QIB.ABP.CD_CD	TA356S	1.075723
3QIB.ABP.CD_ABP	3QIB.ABP.CD_CD	YA351A	3.138999
3QIB.ABP.CD_ABP	3QIB.ABP.CD_CD	YA351F	0.108017
3QIB.ABP.CD_ABP	3QIB.ABP.CD_CD	KA67A,EA244A	1.507048
3QIB.ABP.CD_ABP	3QIB.ABP.CD_CD	YA351F,TA356S	1.216970
3R9A.AC.B_AC	3R9A.AC.B_B	AA323W	0.338756
3R9A.AC.B_AC	3R9A.AC.B_B	GA165R	0.048722
3R9A.AC.B_AC	3R9A.AC.B_B	VA331D	0.000000
3R9A.AC.B_AC	3R9A.AC.B_B	YA325A	1.014580
3R9A.AC.B_AC	3R9A.AC.B_B	YA325W	0.482315
3SE3.B.C_B	3SE3.B.C_C	YA43A,NA44A,SA47A	0.173393
3SE3.B.C_B	3SE3.B.C_C	YA43H,NA44E,SA47Q	0.190819
3SE4.B.A_B	3SE4.B.A_A	DB117A	0.132202
3SE4.B.A_B	3SE4.B.A_A	FB223A	1.364171
3SE4.B.A_B	3SE4.B.A_A	FB273A	0.210868
3SE4.B.A_B	3SE4.B.A_A	KA134A	-0.035085
3SE4.B.A_B	3SE4.B.A_A	KA134R	0.139269
3SE4.B.A_B	3SE4.B.A_A	LA31A	-0.011969
3SE4.B.A_B	3SE4.B.A_A	LB116A	0.132202
3SE4.B.A_B	3SE4.B.A_A	MA130A	0.024659
3SE4.B.A_B	3SE4.B.A_A	NB140T	0.410656
3SE4.B.A_B	3SE4.B.A_A	NB227A	0.000000
3SE4.B.A_B	3SE4.B.A_A	NB230A	0.302936
3SE4.B.A_B	3SE4.B.A_A	PA27A	0.049696
3SE4.B.A_B	3SE4.B.A_A	PA27L	0.103059
3SE4.B.A_B	3SE4.B.A_A	RB226A	0.302936
3SE4.B.A_B	3SE4.B.A_A	SB120A	0.000000
3SE4.B.A_B	3SE4.B.A_A	TB166A	-0.542858
3SE4.B.A_B	3SE4.B.A_A	YB148A	-0.278455
3SE4.B.A_B	3SE4.B.A_A	YB55A	1.364171
3SE4.B.C_B	3SE4.B.C_C	EB69A	1.382826
3SE4.B.C_B	3SE4.B.C_C	HB172A	-0.410656
3SE4.B.C_B	3SE4.B.C_C	HB68A	-0.610237
3SE4.B.C_B	3SE4.B.C_C	IB95A	1.209325
3SE4.B.C_B	3SE4.B.C_C	KA134A	1.788574
3SE4.B.C_B	3SE4.B.C_C	KA134R	-0.936509
3SE4.B.C_B	3SE4.B.C_C	LA31A	2.728342
3SE4.B.C_B	3SE4.B.C_C	MA130A	0.572891
3SE4.B.C_B	3SE4.B.C_C	MB38A	1.666218
3SE4.B.C_B	3SE4.B.C_C	MB38V	1.165420
3SE4.B.C_B	3SE4.B.C_C	PA27A	-0.170438
3SE4.B.C_B	3SE4.B.C_C	PA27L	0.924372
3SE4.B.C_B	3SE4.B.C_C	SB39A	0.211905
3SE4.B.C_B	3SE4.B.C_C	TB36A	1.364171
3SE4.B.C_B	3SE4.B.C_C	VB72A	1.165420
3SE4.B.C_B	3SE4.B.C_C	KA134A,EB69A	1.902271
3SE4.B.C_B	3SE4.B.C_C	KA134R,EB69A	1.401481
3SEK.B.C_B	3SEK.B.C_C	FB47A	2.229389
3SEK.B.C_B	3SEK.B.C_C	FB47E	4.455748
3SEK.B.C_B	3SEK.B.C_C	LB11E	2.887276
3SEK.B.C_B	3SEK.B.C_C	LB44A	2.680921
3SEK.B.C_B	3SEK.B.C_C	LB44E	4.455748
3SEK.B.C_B	3SEK.B.C_C	LB48A	3.408846
3SEK.B.C_B	3SEK.B.C_C	LB48E	4.215530
3SGB.E.I_E	3SGB.E.I_I	AB9C	0.041537
3SGB.E.I_E	3SGB.E.I_I	AB9D	0.476378
3SGB.E.I_E	3SGB.E.I_I	AB9E	0.671475
3SGB.E.I_E	3SGB.E.I_I	AB9F	-1.180640
3SGB.E.I_E	3SGB.E.I_I	AB9G	2.486466
3SGB.E.I_E	3SGB.E.I_I	AB9H	-0.453189
3SGB.E.I_E	3SGB.E.I_I	AB9I	-0.453189
3SGB.E.I_E	3SGB.E.I_I	AB9K	2.491424
3SGB.E.I_E	3SGB.E.I_I	AB9L	0.168781
3SGB.E.I_E	3SGB.E.I_I	AB9M	0.088958
3SGB.E.I_E	3SGB.E.I_I	AB9N	-0.089124
3SGB.E.I_E	3SGB.E.I_I	AB9P	0.552705
3SGB.E.I_E	3SGB.E.I_I	AB9Q	0.430190
3SGB.E.I_E	3SGB.E.I_I	AB9R	2.035646
3SGB.E.I_E	3SGB.E.I_I	AB9S	0.910983
3SGB.E.I_E	3SGB.E.I_I	AB9T	0.331072
3SGB.E.I_E	3SGB.E.I_I	AB9V	-0.722139
3SGB.E.I_E	3SGB.E.I_I	AB9W	-1.553668
3SGB.E.I_E	3SGB.E.I_I	AB9Y	-1.647278
3SGB.E.I_E	3SGB.E.I_I	EB13A	1.019236
3SGB.E.I_E	3SGB.E.I_I	EB13C	1.174675
3SGB.E.I_E	3SGB.E.I_I	EB13D	0.552705
3SGB.E.I_E	3SGB.E.I_I	EB13F	1.943608
3SGB.E.I_E	3SGB.E.I_I	EB13G	2.104953
3SGB.E.I_E	3SGB.E.I_I	EB13H	0.526074
3SGB.E.I_E	3SGB.E.I_I	EB13I	-0.623389
3SGB.E.I_E	3SGB.E.I_I	EB13K	0.168781
3SGB.E.I_E	3SGB.E.I_I	EB13L	0.779314
3SGB.E.I_E	3SGB.E.I_I	EB13M	-0.189497
3SGB.E.I_E	3SGB.E.I_I	EB13N	1.102039
3SGB.E.I_E	3SGB.E.I_I	EB13P	2.275154
3SGB.E.I_E	3SGB.E.I_I	EB13Q	0.183531
3SGB.E.I_E	3SGB.E.I_I	EB13R	1.275047
3SGB.E.I_E	3SGB.E.I_I	EB13S	1.943608
3SGB.E.I_E	3SGB.E.I_I	EB13T	2.143485
3SGB.E.I_E	3SGB.E.I_I	EB13V	0.127550
3SGB.E.I_E	3SGB.E.I_I	EB13W	1.547702
3SGB.E.I_E	3SGB.E.I_I	EB13Y	0.779314
3SGB.E.I_E	3SGB.E.I_I	GB26A	1.293484
3SGB.E.I_E	3SGB.E.I_I	GB26C	2.611657
3SGB.E.I_E	3SGB.E.I_I	GB26D	1.624989
3SGB.E.I_E	3SGB.E.I_I	GB26E	1.972751
3SGB.E.I_E	3SGB.E.I_I	GB26F	3.022313
3SGB.E.I_E	3SGB.E.I_I	GB26H	2.738189
3SGB.E.I_E	3SGB.E.I_I	GB26I	4.092513
3SGB.E.I_E	3SGB.E.I_I	GB26K	2.525013
3SGB.E.I_E	3SGB.E.I_I	GB26L	2.658148
3SGB.E.I_E	3SGB.E.I_I	GB26M	2.794064
3SGB.E.I_E	3SGB.E.I_I	GB26N	2.275154
3SGB.E.I_E	3SGB.E.I_I	GB26P	1.096864
3SGB.E.I_E	3SGB.E.I_I	GB26Q	2.956299
3SGB.E.I_E	3SGB.E.I_I	GB26R	3.507656
3SGB.E.I_E	3SGB.E.I_I	GB26S	1.607690
3SGB.E.I_E	3SGB.E.I_I	GB26T	3.034282
3SGB.E.I_E	3SGB.E.I_I	GB26V	2.827304
3SGB.E.I_E	3SGB.E.I_I	GB26W	3.912062
3SGB.E.I_E	3SGB.E.I_I	GB26Y	3.096111
3SGB.E.I_E	3SGB.E.I_I	KB7A	-2.572141
3SGB.E.I_E	3SGB.E.I_I	KB7C	-0.584857
3SGB.E.I_E	3SGB.E.I_I	KB7D	-0.623389
3SGB.E.I_E	3SGB.E.I_I	KB7E	0.032206
3SGB.E.I_E	3SGB.E.I_I	KB7F	-0.725558
3SGB.E.I_E	3SGB.E.I_I	KB7G	-0.725558
3SGB.E.I_E	3SGB.E.I_I	KB7H	-0.401461
3SGB.E.I_E	3SGB.E.I_I	KB7I	-1.344638
3SGB.E.I_E	3SGB.E.I_I	KB7L	-1.817360
3SGB.E.I_E	3SGB.E.I_I	KB7M	-1.166248
3SGB.E.I_E	3SGB.E.I_I	KB7N	-0.659544
3SGB.E.I_E	3SGB.E.I_I	KB7P	0.000000
3SGB.E.I_E	3SGB.E.I_I	KB7Q	-0.623389
3SGB.E.I_E	3SGB.E.I_I	KB7R	-0.692696
3SGB.E.I_E	3SGB.E.I_I	KB7S	-2.587597
3SGB.E.I_E	3SGB.E.I_I	KB7T	-1.949028
3SGB.E.I_E	3SGB.E.I_I	KB7V	-0.955172
3SGB.E.I_E	3SGB.E.I_I	KB7W	-0.013389
3SGB.E.I_E	3SGB.E.I_I	KB7Y	-0.584857
3SGB.E.I_E	3SGB.E.I_I	LB12A	2.972730
3SGB.E.I_E	3SGB.E.I_I	LB12C	-0.013389
3SGB.E.I_E	3SGB.E.I_I	LB12D	5.668659
3SGB.E.I_E	3SGB.E.I_I	LB12E	6.175213
3SGB.E.I_E	3SGB.E.I_I	LB12F	1.374018
3SGB.E.I_E	3SGB.E.I_I	LB12G	5.003496
3SGB.E.I_E	3SGB.E.I_I	LB12H	1.713876
3SGB.E.I_E	3SGB.E.I_I	LB12I	4.481256
3SGB.E.I_E	3SGB.E.I_I	LB12K	3.182076
3SGB.E.I_E	3SGB.E.I_I	LB12M	0.453284
3SGB.E.I_E	3SGB.E.I_I	LB12N	3.399817
3SGB.E.I_E	3SGB.E.I_I	LB12P	8.445845
3SGB.E.I_E	3SGB.E.I_I	LB12Q	2.545004
3SGB.E.I_E	3SGB.E.I_I	LB12R	3.366955
3SGB.E.I_E	3SGB.E.I_I	LB12S	4.158235
3SGB.E.I_E	3SGB.E.I_I	LB12T	3.204720
3SGB.E.I_E	3SGB.E.I_I	LB12V	3.034282
3SGB.E.I_E	3SGB.E.I_I	LB12W	1.865208
3SGB.E.I_E	3SGB.E.I_I	LB12Y	1.676006
3SGB.E.I_E	3SGB.E.I_I	NB22S	0.009847
3SGB.E.I_E	3SGB.E.I_I	NB30A	0.331072
3SGB.E.I_E	3SGB.E.I_I	NB30C	0.349705
3SGB.E.I_E	3SGB.E.I_I	NB30D	0.910983
3SGB.E.I_E	3SGB.E.I_I	NB30E	0.962710
3SGB.E.I_E	3SGB.E.I_I	NB30F	-0.141374
3SGB.E.I_E	3SGB.E.I_I	NB30G	0.311835
3SGB.E.I_E	3SGB.E.I_I	NB30H	-0.124801
3SGB.E.I_E	3SGB.E.I_I	NB30I	0.197923
3SGB.E.I_E	3SGB.E.I_I	NB30K	0.579437
3SGB.E.I_E	3SGB.E.I_I	NB30L	0.740782
3SGB.E.I_E	3SGB.E.I_I	NB30M	0.140745
3SGB.E.I_E	3SGB.E.I_I	NB30P	0.579437
3SGB.E.I_E	3SGB.E.I_I	NB30Q	0.243519
3SGB.E.I_E	3SGB.E.I_I	NB30R	0.579437
3SGB.E.I_E	3SGB.E.I_I	NB30S	0.408999
3SGB.E.I_E	3SGB.E.I_I	NB30T	0.009847
3SGB.E.I_E	3SGB.E.I_I	NB30V	-0.241876
3SGB.E.I_E	3SGB.E.I_I	NB30W	0.526074
3SGB.E.I_E	3SGB.E.I_I	NB30Y	-0.108679
3SGB.E.I_E	3SGB.E.I_I	PB8A	-0.189497
3SGB.E.I_E	3SGB.E.I_I	PB8C	-0.327423
3SGB.E.I_E	3SGB.E.I_I	PB8D	-1.033099
3SGB.E.I_E	3SGB.E.I_I	PB8E	-0.623389
3SGB.E.I_E	3SGB.E.I_I	PB8F	-0.344935
3SGB.E.I_E	3SGB.E.I_I	PB8G	0.053752
3SGB.E.I_E	3SGB.E.I_I	PB8H	0.277627
3SGB.E.I_E	3SGB.E.I_I	PB8I	-0.023634
3SGB.E.I_E	3SGB.E.I_I	PB8K	0.114054
3SGB.E.I_E	3SGB.E.I_I	PB8L	-0.141374
3SGB.E.I_E	3SGB.E.I_I	PB8M	-0.500551
3SGB.E.I_E	3SGB.E.I_I	PB8N	-0.124801
3SGB.E.I_E	3SGB.E.I_I	PB8Q	-0.316029
3SGB.E.I_E	3SGB.E.I_I	PB8R	0.311835
3SGB.E.I_E	3SGB.E.I_I	PB8S	0.065722
3SGB.E.I_E	3SGB.E.I_I	PB8T	-0.108679
3SGB.E.I_E	3SGB.E.I_I	PB8V	-0.310413
3SGB.E.I_E	3SGB.E.I_I	PB8W	-0.500551
3SGB.E.I_E	3SGB.E.I_I	PB8Y	-0.401461
3SGB.E.I_E	3SGB.E.I_I	RB15A	0.053752
3SGB.E.I_E	3SGB.E.I_I	RB15C	0.552705
3SGB.E.I_E	3SGB.E.I_I	RB15D	0.638613
3SGB.E.I_E	3SGB.E.I_I	RB15E	0.671475
3SGB.E.I_E	3SGB.E.I_I	RB15F	0.227957
3SGB.E.I_E	3SGB.E.I_I	RB15G	1.107168
3SGB.E.I_E	3SGB.E.I_I	RB15H	0.453734
3SGB.E.I_E	3SGB.E.I_I	RB15I	0.243519
3SGB.E.I_E	3SGB.E.I_I	RB15K	-0.277793
3SGB.E.I_E	3SGB.E.I_I	RB15L	0.227957
3SGB.E.I_E	3SGB.E.I_I	RB15M	0.127550
3SGB.E.I_E	3SGB.E.I_I	RB15N	0.331072
3SGB.E.I_E	3SGB.E.I_I	RB15P	7.684476
3SGB.E.I_E	3SGB.E.I_I	RB15Q	0.041537
3SGB.E.I_E	3SGB.E.I_I	RB15S	0.277627
3SGB.E.I_E	3SGB.E.I_I	RB15T	0.453734
3SGB.E.I_E	3SGB.E.I_I	RB15V	-0.023634
3SGB.E.I_E	3SGB.E.I_I	RB15W	0.311835
3SGB.E.I_E	3SGB.E.I_I	RB15Y	0.293971
3SGB.E.I_E	3SGB.E.I_I	TB11A	3.410671
3SGB.E.I_E	3SGB.E.I_I	TB11C	2.926266
3SGB.E.I_E	3SGB.E.I_I	TB11D	4.956134
3SGB.E.I_E	3SGB.E.I_I	TB11E	4.628711
3SGB.E.I_E	3SGB.E.I_I	TB11F	3.639325
3SGB.E.I_E	3SGB.E.I_I	TB11G	5.584234
3SGB.E.I_E	3SGB.E.I_I	TB11H	3.507656
3SGB.E.I_E	3SGB.E.I_I	TB11I	1.752914
3SGB.E.I_E	3SGB.E.I_I	TB11K	2.035646
3SGB.E.I_E	3SGB.E.I_I	TB11L	2.471339
3SGB.E.I_E	3SGB.E.I_I	TB11M	2.035646
3SGB.E.I_E	3SGB.E.I_I	TB11N	3.254416
3SGB.E.I_E	3SGB.E.I_I	TB11P	3.182076
3SGB.E.I_E	3SGB.E.I_I	TB11Q	2.940317
3SGB.E.I_E	3SGB.E.I_I	TB11R	1.972751
3SGB.E.I_E	3SGB.E.I_I	TB11S	2.502528
3SGB.E.I_E	3SGB.E.I_I	TB11V	2.260321
3SGB.E.I_E	3SGB.E.I_I	TB11W	3.034282
3SGB.E.I_E	3SGB.E.I_I	TB11Y	3.366955
3SGB.E.I_E	3SGB.E.I_I	YB14A	1.943608
3SGB.E.I_E	3SGB.E.I_I	YB14C	1.695244
3SGB.E.I_E	3SGB.E.I_I	YB14D	2.864587
3SGB.E.I_E	3SGB.E.I_I	YB14E	2.035646
3SGB.E.I_E	3SGB.E.I_I	YB14F	0.168781
3SGB.E.I_E	3SGB.E.I_I	YB14G	2.842396
3SGB.E.I_E	3SGB.E.I_I	YB14H	1.559792
3SGB.E.I_E	3SGB.E.I_I	YB14I	3.591963
3SGB.E.I_E	3SGB.E.I_I	YB14K	3.432970
3SGB.E.I_E	3SGB.E.I_I	YB14L	1.576145
3SGB.E.I_E	3SGB.E.I_I	YB14M	2.002784
3SGB.E.I_E	3SGB.E.I_I	YB14N	3.158532
3SGB.E.I_E	3SGB.E.I_I	YB14P	6.276340
3SGB.E.I_E	3SGB.E.I_I	YB14Q	3.281048
3SGB.E.I_E	3SGB.E.I_I	YB14R	2.760549
3SGB.E.I_E	3SGB.E.I_I	YB14S	2.035646
3SGB.E.I_E	3SGB.E.I_I	YB14T	4.871827
3SGB.E.I_E	3SGB.E.I_I	YB14V	4.421690
3SGB.E.I_E	3SGB.E.I_I	YB14W	0.388742
3SGB.E.I_E	3SGB.E.I_I	AB9D,GB26A	1.081065
3SGB.E.I_E	3SGB.E.I_I	AB9D,GB26A,NB27S	2.183827
3SGB.E.I_E	3SGB.E.I_I	AB9D,LB12A	2.619663
3SGB.E.I_E	3SGB.E.I_I	AB9D,LB12A,YB14D	5.768520
3SGB.E.I_E	3SGB.E.I_I	AB9G,LB12M,LB17V,KB23I,EB37K	3.229379
3SGB.E.I_E	3SGB.E.I_I	AB9G,TB11M,LB12M,YB14R,RB15L,GB26N,NB27D,SB45N,KB49E	8.009047
3SGB.E.I_E	3SGB.E.I_I	AB9R,LB12R	5.148537
3SGB.E.I_E	3SGB.E.I_I	AB9R,TB11K,LB12R	6.780235
3SGB.E.I_E	3SGB.E.I_I	AB9R,TB11K,LB12R,EB13S	7.194702
3SGB.E.I_E	3SGB.E.I_I	AB9R,TB11K,LB12R,RB15L	6.982303
3SGB.E.I_E	3SGB.E.I_I	AB9R,TB11P,LB12R	8.567927
3SGB.E.I_E	3SGB.E.I_I	AB9T,LB12M	0.476378
3SGB.E.I_E	3SGB.E.I_I	AB9V,TB11S	1.607690
3SGB.E.I_E	3SGB.E.I_I	AB9V,TB11S,RB15M,NB22S,KB23Q,GB26S,KB28E,EB37D	4.481256
3SGB.E.I_E	3SGB.E.I_I	DB1N,EB4D,AB9V,TB11S,EB13L,RB15M,VB36A,EB37D	2.639218
3SGB.E.I_E	3SGB.E.I_I	DB1N,EB4G,LB12M,RB15M,EB37D,KB49E	0.019533
3SGB.E.I_E	3SGB.E.I_I	EB4D,AB9V,EB13D,RB15M,GB26S,EB37D,LB42I,KB49R	1.086378
3SGB.E.I_E	3SGB.E.I_I	EB4D,AB9V,EB13D,RB15M,KB23T,GB26S,EB37D,LB42I	1.197034
3SGB.E.I_E	3SGB.E.I_I	EB4D,AB9V,TB11P,EB13D,RB15M,NB22S,GB26S,NB39S,SB45R	2.538846
3SGB.E.I_E	3SGB.E.I_I	EB4D,AB9V,TB11S,EB13D,RB15M,KB23T,GB26N,NB30I,EB37D,LB42I	4.261294
3SGB.E.I_E	3SGB.E.I_I	EB4D,AB9V,TB11S,RB15M,NB22S,GB26N,NB30D,SB45G	3.893831
3SGB.E.I_E	3SGB.E.I_I	EB4D,AB9V,TB11S,RB15M,NB22S,GB26S,EB37D	3.204720
3SGB.E.I_E	3SGB.E.I_I	EB4D,AB9V,TB11S,RB15M,NB22S,GB26S,EB37D,TB43I	3.005969
3SGB.E.I_E	3SGB.E.I_I	EB4D,AB9V,TB11S,RB15M,NB22S,GB26S,NB30D,EB37D	3.366955
3SGB.E.I_E	3SGB.E.I_I	EB4D,AB9V,TB11S,RB15M,NB22S,GB26S,NB30D,EB37D,TB43N	3.336922
3SGB.E.I_E	3SGB.E.I_I	EB4D,AB9V,TB11S,RB15M,NB22S,GB26S,NB30D,VB35F,EB37D,TB43S	3.307779
3SGB.E.I_E	3SGB.E.I_I	EB4D,AB9V,TB11S,RB15M,NB22S,GB26S,VB36A,EB37D	2.619663
3SGB.E.I_E	3SGB.E.I_I	EB4D,AB9V,TB11S,RB15M,VB36A,EB37D	1.504916
3SGB.E.I_E	3SGB.E.I_I	EB4D,AB9V,TB11S,YB14D,RB15M,NB22S,GB26S,EB37D	4.871827
3SGB.E.I_E	3SGB.E.I_I	EB4D,AB9V,YB14D,RB15M,KB23I,GB26H,NB30Y,VB36A,EB37H,LB44F	2.326881
3SGB.E.I_E	3SGB.E.I_I	EB4D,AB9V,YB14E,RB15M,EB37D	1.713876
3SGB.E.I_E	3SGB.E.I_I	EB4D,KB7M,LB12M,LB17V	0.077454
3SGB.E.I_E	3SGB.E.I_I	EB4D,KB7Q,AB9V,TB11M,LB12G,EB13D,RB15M,NB22S,GB26S,EB37D,SB45N	5.824453
3SGB.E.I_E	3SGB.E.I_I	EB4D,KB7R,AB9D,RB15M,EB37D	-0.288468
3SGB.E.I_E	3SGB.E.I_I	EB4D,KB7R,AB9V,EB13D,RB15M,GB26S,EB37D,LB42I,KB49R	-0.081480
3SGB.E.I_E	3SGB.E.I_I	EB4D,LB12F,RB15M,EB37D	0.779314
3SGB.E.I_E	3SGB.E.I_I	EB4D,LB12M,RB15M,EB37D	0.476378
3SGB.E.I_E	3SGB.E.I_I	EB4D,LB12M,RB15M,GB26D,EB37D	1.972751
3SGB.E.I_E	3SGB.E.I_I	EB4D,LB12V,RB15M,EB37D	3.034282
3SGB.E.I_E	3SGB.E.I_I	EB4D,LB12V,RB15M,GB26D,EB37D	4.029724
3SGB.E.I_E	3SGB.E.I_I	EB4D,RB15M,EB37D	0.077454
3SGB.E.I_E	3SGB.E.I_I	EB4D,RB15M,KB23Q,GB26S,NB30S,EB37D	1.695244
3SGB.E.I_E	3SGB.E.I_I	EB4D,RB15M,KB28R,EB37D	-0.141374
3SGB.E.I_E	3SGB.E.I_I	EB4D,RB15M,LB17F,NB22S,GB26S,EB37D	1.607690
3SGB.E.I_E	3SGB.E.I_I	EB4D,TB11L,RB15M,GB26D,NB30S,EB37D,TB43S	3.770815
3SGB.E.I_E	3SGB.E.I_I	EB4D,TB11R,LB12M,RB15M,EB37D	2.383407
3SGB.E.I_E	3SGB.E.I_I	EB4D,TB11S,EB13D,RB15M,NB22S,GB26S,EB37D,GB48E	4.671950
3SGB.E.I_E	3SGB.E.I_I	EB4D,YB5H,AB9V,TB11S,RB15M,NB22S,GB26S,NB30D	4.011034
3SGB.E.I_E	3SGB.E.I_I	EB4D,YB5H,TB11L,LB12Q,YB14Q,RB15K,GB26D,NB30S,EB37D	7.459469
3SGB.E.I_E	3SGB.E.I_I	EB4D,YB5H,TB11L,LB12Q,YB14Q,RB15K,LB17I,GB26D,NB30S,EB37D	7.429435
3SGB.E.I_E	3SGB.E.I_I	EB4G,KB7Q,PB8S,TB11P,LB12Q,EB13D,RB15V,LB17F,GB26S,VB36A,EB37D	4.233259
3SGB.E.I_E	3SGB.E.I_I	EB4G,KB7Q,TB11S,RB15V,LB17F,GB26S,NB30D,VB36A,EB37D	3.182076
3SGB.E.I_E	3SGB.E.I_I	EB4G,LB12M,RB15M,EB37D	0.910983
3SGB.E.I_E	3SGB.E.I_I	EB4G,LB12M,RB15M,EB37D,KB49E	0.183531
3SGB.E.I_E	3SGB.E.I_I	EB4G,LB12M,YB14S,LB17I,KB23T,GB26S,HB46Y,FB47P,KB49V	3.691053
3SGB.E.I_E	3SGB.E.I_I	KB7R,AB9R,TB11K,LB12R	5.593154
3SGB.E.I_E	3SGB.E.I_I	KB7R,PB8F,AB9R,TB11K,LB12R	5.736031
3SGB.E.I_E	3SGB.E.I_I	KB7S,PB8D,AB9Y	-4.137708
3SGB.E.I_E	3SGB.E.I_I	KB7S,PB8D,AB9Y,LB12G,EB13I,RB15K	0.095615
3SGB.E.I_E	3SGB.E.I_I	KB7T,PB8E,AB9Y	-3.857900
3SGB.E.I_E	3SGB.E.I_I	KB7T,PB8E,AB9Y,LB12G,RB15M,GB26P,NB30V	1.847206
3SGB.E.I_E	3SGB.E.I_I	LB12I,GB26D	5.845427
3SGB.E.I_E	3SGB.E.I_I	LB12M,GB26D	2.275154
3SGB.E.I_E	3SGB.E.I_I	LB12M,HB46R	0.501037
3SGB.E.I_E	3SGB.E.I_I	LB12M,HB46R,KB49E	-0.116685
3SGB.E.I_E	3SGB.E.I_I	LB12M,LB17V,KB23I,EB37K	0.819656
3SGB.E.I_E	3SGB.E.I_I	LB12M,NB30D,SB45N	1.096864
3SGB.E.I_E	3SGB.E.I_I	LB12M,SB45N	0.453734
3SGB.E.I_E	3SGB.E.I_I	LB12M,SB45N,HB46R,KB49Q	0.227957
3SGB.E.I_E	3SGB.E.I_I	LB12M,TB24S,GB26D	2.326881
3SGB.E.I_E	3SGB.E.I_I	LB12M,TB43N,KB49T	0.277627
3SGB.E.I_E	3SGB.E.I_I	LB12M,YB14Q	3.776484
3SGB.E.I_E	3SGB.E.I_I	LB12S,RB15V,LB17I	4.481256
3SGB.E.I_E	3SGB.E.I_I	NB22S,GB26A	1.330113
3SGB.E.I_E	3SGB.E.I_I	PB8S,AB9L,TB11K,LB12R	4.974818
3SGB.E.I_E	3SGB.E.I_I	PB8S,AB9R,TB11P,LB12R	8.217128
3SGB.E.I_E	3SGB.E.I_I	RB15M,KB23Q,GB26S,EB37D	2.104953
3SGB.E.I_E	3SGB.E.I_I	RB15V,LB17I	0.168781
3SGB.E.I_E	3SGB.E.I_I	TB11K,LB12R	5.307283
3SGB.E.I_E	3SGB.E.I_I	TB11M,LB12S,GB26V	6.909814
3SGB.E.I_E	3SGB.E.I_I	TB11P,LB12K	6.320305
3SGB.E.I_E	3SGB.E.I_I	TB11P,LB12K,EB13D,LB17V,GB26S,SB45N	5.055224
3SGB.E.I_E	3SGB.E.I_I	TB11P,LB12K,EB13D,LB17V,SB45N	4.912169
3SGB.E.I_E	3SGB.E.I_I	TB11P,LB12K,EB13D,LB17V,SB45N,HB46R	4.833295
3SGB.E.I_E	3SGB.E.I_I	TB11P,LB12K,GB26D	6.543063
3SGB.E.I_E	3SGB.E.I_I	TB11R,LB12R	5.552076
3SGB.E.I_E	3SGB.E.I_I	YB5H,EB13D,LB17I,NB22S,GB26S,NB30D,VB36M,EB37D	2.326881
3SGB.E.I_E	3SGB.E.I_I	YB5H,YB14D,TB24I,GB26S,NB30D,VB36L	5.612886
3SZK.AB.C_AB	3SZK.AB.C_C	DB120A	0.673664
3SZK.AB.C_AB	3SZK.AB.C_C	DB121A	0.695610
3SZK.AB.C_AB	3SZK.AB.C_C	DB48A	0.204301
3SZK.AB.C_AB	3SZK.AB.C_C	DB51A	0.204301
3SZK.AB.C_AB	3SZK.AB.C_C	EB123A	0.838487
3SZK.AB.C_AB	3SZK.AB.C_C	EB124A	0.695610
3SZK.AB.C_AB	3SZK.AB.C_C	FB43A	2.219348
3SZK.AB.C_AB	3SZK.AB.C_C	FB44A	2.200963
3SZK.AB.C_AB	3SZK.AB.C_C	GB122A	0.374739
3SZK.AB.C_AB	3SZK.AB.C_C	HB42A	2.536616
3SZK.AB.C_AB	3SZK.AB.C_C	KB56A	0.096285
3SZK.AB.C_AB	3SZK.AB.C_C	KB57A	-0.035917
3SZK.AB.C_AB	3SZK.AB.C_C	NB35A	0.125190
3SZK.AB.C_AB	3SZK.AB.C_C	NB66A	0.204301
3SZK.AB.C_AB	3SZK.AB.C_C	QB39A	0.766586
3SZK.AB.C_AB	3SZK.AB.C_C	SB69A	1.514223
3SZK.AB.C_AB	3SZK.AB.C_C	TB38A	0.932227
3SZK.AB.C_AB	3SZK.AB.C_C	TB70A	1.469277
3SZK.AB.C_AB	3SZK.AB.C_C	VB27A	0.096285
3SZK.AB.C_AB	3SZK.AB.C_C	YB40A	2.904848
3SZK.AB.C_AB	3SZK.AB.C_C	YB41A	2.982339
3TGK.E.I_E	3TGK.E.I_I	NA170D	-0.170438
3UIG.A.P_A	3UIG.A.P_P	DA67A	2.039231
3UIG.A.P_A	3UIG.A.P_P	EA47A	0.646746
3UIG.A.P_A	3UIG.A.P_P	EA61A	1.758561
3UIG.A.P_A	3UIG.A.P_P	EA72A	1.793058
3UIG.A.P_A	3UIG.A.P_P	KA58A	0.446574
3UIH.A.P_A	3UIH.A.P_P	KA58Y,HA76W	-1.072402
3UII.A.P_A	3UII.A.P_P	KA58A	0.045596
3UII.A.P_A	3UII.A.P_P	KA58Y,HA76W	0.034522
3W2D.A.HL_A	3W2D.A.HL_HL	KA67N	4.624008
3W2D.A.HL_A	3W2D.A.HL_HL	KA67R	-0.428312
3W2D.A.HL_A	3W2D.A.HL_HL	YA45F	0.878337
3W2D.A.HL_A	3W2D.A.HL_HL	YA45L	2.365815
3WWN.A.B_A	3WWN.A.B_B	KA225E	0.156401
3WWN.A.B_A	3WWN.A.B_B	RA221E	-0.336714
3WWN.A.B_A	3WWN.A.B_B	RA224E	1.293943
4BFI.A.B_A	4BFI.A.B_B	FB95A	2.077467
4BFI.A.B_A	4BFI.A.B_B	FB95D	2.728342
4BFI.A.B_A	4BFI.A.B_B	KB99E	2.317686
4BFI.A.B_A	4BFI.A.B_B	LB29K	2.077467
4BFI.A.B_A	4BFI.A.B_B	LB91A	1.307210
4BFI.A.B_A	4BFI.A.B_B	NB43A	2.317686
4BFI.A.B_A	4BFI.A.B_B	NB43D	2.728342
4BFI.A.B_A	4BFI.A.B_B	NB93K	2.728342
4BFI.A.B_A	4BFI.A.B_B	QB26K	-0.219837
4BFI.A.B_A	4BFI.A.B_B	QB6K	-0.011969
4BFI.A.B_A	4BFI.A.B_B	SB17D	0.030784
4FTV.ABC.DE_ABC	4FTV.ABC.DE_DE	DB93A	0.896945
4FTV.ABC.DE_ABC	4FTV.ABC.DE_DE	KB66A	-1.579571
4FTV.ABC.DE_ABC	4FTV.ABC.DE_DE	QB301E	0.056467
4FTV.ABC.DE_ABC	4FTV.ABC.DE_DE	QB301R	0.410656
4FTV.ABC.DE_ABC	4FTV.ABC.DE_DE	RA65A	3.507599
4FTV.ABC.DE_ABC	4FTV.ABC.DE_DE	TA163A	0.361119
4FTV.ABC.DE_ABC	4FTV.ABC.DE_DE	DB93A,RA65A	1.163969
4FTV.ABC.DE_ABC	4FTV.ABC.DE_DE	EA63Q,DB93A	-0.004540
4FTV.ABC.DE_ABC	4FTV.ABC.DE_DE	EA63Q,DB93A,KA66A	1.855068
4FTV.ABC.DE_ABC	4FTV.ABC.DE_DE	EA63Q,KA66A	1.331636
4FTV.ABC.DE_ABC	4FTV.ABC.DE_DE	KB66A,TA163A	-2.130459
4FTV.ABC.DE_ABC	4FTV.ABC.DE_DE	MB298A,AB300G,QB301R	3.619436
4FTV.ABC.DE_ABC	4FTV.ABC.DE_DE	MB298A,QB301E	0.506200
4FTV.ABC.DE_ABC	4FTV.ABC.DE_DE	MB298A,SB299G,AB300G,QB301R	3.960311
4FTV.ABC.DE_ABC	4FTV.ABC.DE_DE	SB299G,AB300G,QB301R	3.651468
4GNK.A.B_A	4GNK.A.B_B	KA294A	0.098972
4GNK.A.B_A	4GNK.A.B_B	LB764A	-1.420638
4GNK.A.B_A	4GNK.A.B_B	TB540E	-0.188669
4GNK.A.B_A	4GNK.A.B_B	DA279A,PA281D	0.121331
4GNK.A.B_A	4GNK.A.B_B	KA294A,LB764A	-1.552840
4GNK.A.B_A	4GNK.A.B_B	LB764A,DA279A,PA281D	-1.723277
4GU0.A.E_A	4GU0.A.E_E	LB20A,TB22A,RB26A	0.916397
4HFK.A.BD_A	4HFK.A.BD_BD	EB46A	1.188572
4HFK.A.BD_A	4HFK.A.BD_BD	EB56A	0.942399
4HFK.A.BD_A	4HFK.A.BD_BD	LB45A	2.525464
4HFK.A.BD_A	4HFK.A.BD_BD	LB50A	0.030058
4HFK.A.BD_A	4HFK.A.BD_BD	NB49A	-0.020161
4HFK.A.BD_A	4HFK.A.BD_BD	RB22A	1.392132
4HFK.A.BD_A	4HFK.A.BD_BD	SB48A	0.201542
4HFK.A.BD_A	4HFK.A.BD_BD	TB170A	1.850210
4HSA.AB.C_AB	4HSA.AB.C_C	HA59S	-0.122646
4HSA.AB.C_AB	4HSA.AB.C_C	RA28V	0.581094
4HSA.AB.C_AB	4HSA.AB.C_C	WA40V	-0.222426
4HSA.AB.C_AB	4HSA.AB.C_C	YA58I	0.117573
4I77.HL.Z_HL	4I77.HL.Z_Z	DA54A	2.560145
4I77.HL.Z_HL	4I77.HL.Z_Z	NA314A	1.360655
4I77.HL.Z_HL	4I77.HL.Z_Z	WA52A	2.512644
4I77.HL.Z_HL	4I77.HL.Z_Z	WA52F	2.460461
4I77.HL.Z_HL	4I77.HL.Z_Z	YA100A	0.000000
4I77.HL.Z_HL	4I77.HL.Z_Z	YA100F	0.000000
4I77.HL.Z_HL	4I77.HL.Z_Z	YA101A	1.608755
4I77.HL.Z_HL	4I77.HL.Z_Z	YA101F	0.000000
4I77.HL.Z_HL	4I77.HL.Z_Z	YA103A	2.146077
4I77.HL.Z_HL	4I77.HL.Z_Z	YA103F	0.315395
4I77.HL.Z_HL	4I77.HL.Z_Z	YA251A	0.783866
4I77.HL.Z_HL	4I77.HL.Z_Z	YA251F	0.000000
4J2L.A.CD_A	4J2L.A.CD_CD	LA118E	-0.631125
4J2L.A.CD_A	4J2L.A.CD_CD	LB20S	1.688500
4J2L.A.CD_A	4J2L.A.CD_CD	SA34D	-0.970492
4J2L.A.CD_A	4J2L.A.CD_CD	VA23A	0.089891
4J2L.A.CD_A	4J2L.A.CD_CD	WB17A	2.230584
4J2L.A.CD_A	4J2L.A.CD_CD	SA34D,LA118E	0.697008
4J2L.A.CD_A	4J2L.A.CD_CD	VA23A,LA118E	0.436846
4J2L.A.CD_A	4J2L.A.CD_CD	VA23A,SA34D	2.266683
4JEU.A.B_A	4JEU.A.B_B	IB215A	3.241702
4JEU.A.B_A	4JEU.A.B_B	LB7A	1.108953
4JEU.A.B_A	4JEU.A.B_B	RA169A	-0.410656
4JEU.A.B_A	4JEU.A.B_B	RA37C	0.909609
4JEU.A.B_A	4JEU.A.B_B	RB3A	1.128169
4JEU.A.B_A	4JEU.A.B_B	TB4A	0.180924
4JEU.A.B_A	4JEU.A.B_B	LB147A,EB148A	1.101857
4JFD.ABC.DE_ABC	4JFD.ABC.DE_DE	AA380G	-6.518216
4JFD.ABC.DE_ABC	4JFD.ABC.DE_DE	AA380G,EA377A	0.804623
4JFD.ABC.DE_ABC	4JFD.ABC.DE_DE	AA380G,GA382A	0.077050
4JFD.ABC.DE_ABC	4JFD.ABC.DE_DE	AA380G,IA383A	-0.088590
4JFD.ABC.DE_ABC	4JFD.ABC.DE_DE	AA380G,LA384A	-0.319330
4JFD.ABC.DE_ABC	4JFD.ABC.DE_DE	AA380G,TA385A	0.016233
4JFF.ABC.DE_ABC	4JFF.ABC.DE_DE	EA377A	7.322839
4JFF.ABC.DE_ABC	4JFF.ABC.DE_DE	GA380A	6.518216
4JFF.ABC.DE_ABC	4JFF.ABC.DE_DE	GA382A	6.595266
4JFF.ABC.DE_ABC	4JFF.ABC.DE_DE	IA383A	6.429626
4JFF.ABC.DE_ABC	4JFF.ABC.DE_DE	LA384A	6.198886
4JFF.ABC.DE_ABC	4JFF.ABC.DE_DE	TA385A	6.534448
4JGH.ABC.D_ABC	4JGH.ABC.D_D	WB44A	2.049183
4JPK.HL.A_HL	4JPK.HL.A_A	DB141R	3.859050
4JPK.HL.A_HL	4JPK.HL.A_A	FB144I	1.388139
4JPK.HL.A_HL	4JPK.HL.A_A	FB63L	1.167809
4JPK.HL.A_HL	4JPK.HL.A_A	RB130K	0.230169
4JPK.HL.A_HL	4JPK.HL.A_A	RB81T	0.759043
4JPK.HL.A_HL	4JPK.HL.A_A	SB41G	2.152659
4JPK.HL.A_HL	4JPK.HL.A_A	TB35S	-0.032108
4JPK.HL.A_HL	4JPK.HL.A_A	VB30N	0.594861
4JPK.HL.A_HL	4JPK.HL.A_A	DB159N,DB33N	0.619245
4KRL.A.B_A	4KRL.A.B_B	DB112A	0.649973
4KRL.A.B_A	4KRL.A.B_B	RB30A	1.721060
4KRL.A.B_A	4KRL.A.B_B	DA49T,FA51A	1.853262
4KRO.A.B_A	4KRO.A.B_B	DB92A	1.504898
4KRO.A.B_A	4KRO.A.B_B	RB15A	1.584009
4KRO.A.B_A	4KRO.A.B_B	DA321T,FA323A	0.127028
4KRP.A.B_A	4KRP.A.B_B	EB105A	1.606764
4KRP.A.B_A	4KRP.A.B_B	DA277T,FA279A	0.358457
4MNQ.ABC.DE_ABC	4MNQ.ABC.DE_DE	KA380A	4.935637
4MNQ.ABC.DE_ABC	4MNQ.ABC.DE_DE	LA382A	4.148980
4MNQ.ABC.DE_ABC	4MNQ.ABC.DE_DE	AB93S,LB94G,PB95T,GB97K	0.923126
4MNQ.ABC.DE_ABC	4MNQ.ABC.DE_DE	HB250W,PB251E,EB252F,YB253E	0.259645
4MNQ.ABC.DE_ABC	4MNQ.ABC.DE_DE	HB250W,PB251E,EB252F,YB253E,AB93S,LB94G,PB95T,GB97K	0.897640
4MNQ.ABC.DE_ABC	4MNQ.ABC.DE_DE	IB249V,HB250G,PB251A,EB252G,YB253I	1.519609
4MNQ.ABC.DE_ABC	4MNQ.ABC.DE_DE	IB249V,HB250G,PB251A,EB252G,YB253I,AB93S,LB94G,PB95T,GB97K	5.821152
4MNQ.ABC.DE_ABC	4MNQ.ABC.DE_DE	KA380A,AB93S,LB94G,PB95T,GB97K	3.632457
4MNQ.ABC.DE_ABC	4MNQ.ABC.DE_DE	KA380A,HB250W,PB251E,EB252F,YB253E	4.942732
4MNQ.ABC.DE_ABC	4MNQ.ABC.DE_DE	KA380A,IB249V,HB250G,PB251A,EB252G,YB253I	4.247952
4MNQ.ABC.DE_ABC	4MNQ.ABC.DE_DE	LA382A,AB93S,LB94G,PB95T,GB97K	5.102495
4MNQ.ABC.DE_ABC	4MNQ.ABC.DE_DE	LA382A,HB250W,PB251E,EB252F,YB253E	4.389199
4MNQ.ABC.DE_ABC	4MNQ.ABC.DE_DE	LA382A,HB250W,PB251E,EB252F,YB253E,AB93S,LB94G,PB95T,GB97K	5.426296
4MNQ.ABC.DE_ABC	4MNQ.ABC.DE_DE	LA382A,IB249V,HB250G,PB251A,EB252G,YB253I	4.669893
4N8V.G.ABC_G	4N8V.G.ABC_ABC	KA38A	0.588058
4N8V.G.ABC_G	4N8V.G.ABC_ABC	PA10A	-0.216674
4N8V.G.ABC_G	4N8V.G.ABC_ABC	YA124A	0.120342
4N8V.G.ABC_G	4N8V.G.ABC_ABC	YA39F	0.515551
4NKQ.C.AB_C	4NKQ.C.AB_AB	DA99K	-0.331545
4NKQ.C.AB_C	4NKQ.C.AB_AB	DB499A	0.158222
4NKQ.C.AB_C	4NKQ.C.AB_AB	DB499R	0.202788
4NKQ.C.AB_C	4NKQ.C.AB_AB	DB538A	0.110028
4NKQ.C.AB_C	4NKQ.C.AB_AB	DB588A	1.615561
4NKQ.C.AB_C	4NKQ.C.AB_AB	DB588E	0.468221
4NKQ.C.AB_C	4NKQ.C.AB_AB	DB588N	1.941902
4NKQ.C.AB_C	4NKQ.C.AB_AB	EA8R	2.640410
4NKQ.C.AB_C	4NKQ.C.AB_AB	EB504A	-0.353092
4NKQ.C.AB_C	4NKQ.C.AB_AB	IA6G	0.334457
4NKQ.C.AB_C	4NKQ.C.AB_AB	IB503A	-0.050452
4NKQ.C.AB_C	4NKQ.C.AB_AB	KB501A	0.385967
4NKQ.C.AB_C	4NKQ.C.AB_AB	KB501D	1.061531
4NKQ.C.AB_C	4NKQ.C.AB_AB	KB502A	-0.199344
4NKQ.C.AB_C	4NKQ.C.AB_AB	KB502D	-0.199344
4NKQ.C.AB_C	4NKQ.C.AB_AB	KB533A	-0.561278
4NKQ.C.AB_C	4NKQ.C.AB_AB	LA15D	-0.235133
4NKQ.C.AB_C	4NKQ.C.AB_AB	LB534A	0.236175
4NKQ.C.AB_C	4NKQ.C.AB_AB	NA14D	-0.601884
4NKQ.C.AB_C	4NKQ.C.AB_AB	NA4E	-0.390571
4NKQ.C.AB_C	4NKQ.C.AB_AB	NB493A	0.099901
4NKQ.C.AB_C	4NKQ.C.AB_AB	QB532A	-0.398687
4NKQ.C.AB_C	4NKQ.C.AB_AB	RA10D	0.111412
4NKQ.C.AB_C	4NKQ.C.AB_AB	RA11D	-0.205504
4NKQ.C.AB_C	4NKQ.C.AB_AB	RB492A	0.119986
4NKQ.C.AB_C	4NKQ.C.AB_AB	RB492D	-0.077386
4NKQ.C.AB_C	4NKQ.C.AB_AB	RB568Q	0.576429
4NKQ.C.AB_C	4NKQ.C.AB_AB	RB590A	0.360205
4NKQ.C.AB_C	4NKQ.C.AB_AB	RB590D	-0.290671
4NKQ.C.AB_C	4NKQ.C.AB_AB	RB590M	2.296188
4NKQ.C.AB_C	4NKQ.C.AB_AB	SB535A	0.275424
4NKQ.C.AB_C	4NKQ.C.AB_AB	TB500A	0.319330
4NKQ.C.AB_C	4NKQ.C.AB_AB	YB494A	-0.375451
4NKQ.C.AB_C	4NKQ.C.AB_AB	YB494F	-0.234204
4NKQ.C.AB_C	4NKQ.C.AB_AB	DA99K,DB499R	0.815236
4NKQ.C.AB_C	4NKQ.C.AB_AB	DA99K,KB502D	-0.501983
4NKQ.C.AB_C	4NKQ.C.AB_AB	DA99K,RB492D	0.176453
4NKQ.C.AB_C	4NKQ.C.AB_AB	DA99K,RB492D,KB502D	0.535559
4NKQ.C.AB_C	4NKQ.C.AB_AB	DB499A,TB500A,KB501A	0.353585
4NKQ.C.AB_C	4NKQ.C.AB_AB	DB588A,VB589A	2.076726
4NKQ.C.AB_C	4NKQ.C.AB_AB	DB588A,VB589A,RB590A,IB591A	-0.120233
4NKQ.C.AB_C	4NKQ.C.AB_AB	DB588Q,VB589Q	2.223105
4NKQ.C.AB_C	4NKQ.C.AB_AB	IB591A,LB592A	0.271429
4NKQ.C.AB_C	4NKQ.C.AB_AB	IB591Q,LB592Q	0.856203
4NKQ.C.AB_C	4NKQ.C.AB_AB	KB502A,IB503A,EB504A	-0.701327
4NKQ.C.AB_C	4NKQ.C.AB_AB	LB489A,TB490A,SB491A	0.110028
4NKQ.C.AB_C	4NKQ.C.AB_AB	RB492A,NB493A,YB494A	-0.331545
4NKQ.C.AB_C	4NKQ.C.AB_AB	RB492D,KB502D	1.313719
4NKQ.C.AB_C	4NKQ.C.AB_AB	YB531A,QB532A,KB533A,LB534A,SB535A,YB536A	-0.310756
4NKQ.C.AB_C	4NKQ.C.AB_AB	YB531A,YB536A	-0.627174
4NM8.ABCDEF.HL_ABCDEF	4NM8.ABCDEF.HL_HL	DA337N	0.650875
4NM8.ABCDEF.HL_ABCDEF	4NM8.ABCDEF.HL_HL	IA336M	0.108017
4NM8.ABCDEF.HL_ABCDEF	4NM8.ABCDEF.HL_HL	LA356Y	-0.605279
4NM8.ABCDEF.HL_ABCDEF	4NM8.ABCDEF.HL_HL	QA352R	2.927686
4NM8.ABCDEF.HL_ABCDEF	4NM8.ABCDEF.HL_HL	QA352T	2.293501
4NM8.ABCDEF.HL_ABCDEF	4NM8.ABCDEF.HL_HL	RA343M	3.387064
4NM8.ABCDEF.HL_ABCDEF	4NM8.ABCDEF.HL_HL	TA350E	-0.542858
4NM8.ABCDEF.HL_ABCDEF	4NM8.ABCDEF.HL_HL	TA350I	-0.049400
4NM8.ABCDEF.HL_ABCDEF	4NM8.ABCDEF.HL_HL	TA350R	1.201580
4OZG.ABJ.GH_ABJ	4OZG.ABJ.GH_GH	DB292A	1.650078
4OZG.ABJ.GH_ABJ	4OZG.ABJ.GH_GH	FB288A	1.434785
4OZG.ABJ.GH_ABJ	4OZG.ABJ.GH_GH	FB290A	0.883546
4OZG.ABJ.GH_ABJ	4OZG.ABJ.GH_GH	LB50A	1.186186
4OZG.ABJ.GH_ABJ	4OZG.ABJ.GH_GH	NB244A	-0.111024
4OZG.ABJ.GH_ABJ	4OZG.ABJ.GH_GH	NB29A	-0.071659
4OZG.ABJ.GH_ABJ	4OZG.ABJ.GH_GH	QB242A	0.805158
4OZG.ABJ.GH_ABJ	4OZG.ABJ.GH_GH	RB289A	1.744044
4OZG.ABJ.GH_ABJ	4OZG.ABJ.GH_GH	YB240F	-0.647137
4OZG.ABJ.GH_ABJ	4OZG.ABJ.GH_GH	YB295F	0.533790
4OZG.ABJ.GH_ABJ	4OZG.ABJ.GH_GH	YB31A	1.744044
4OZG.ABJ.GH_ABJ	4OZG.ABJ.GH_GH	YB33F	1.744044
4P23.CD.AB_CD	4P23.CD.AB_AB	DA192A	0.170438
4P23.CD.AB_CD	4P23.CD.AB_AB	DA264A	0.091327
4P23.CD.AB_CD	4P23.CD.AB_AB	DA56A	0.991751
4P23.CD.AB_CD	4P23.CD.AB_AB	EA181A	1.166799
4P23.CD.AB_CD	4P23.CD.AB_AB	EA247A	0.091327
4P23.CD.AB_CD	4P23.CD.AB_AB	EA254A	0.170438
4P23.CD.AB_CD	4P23.CD.AB_AB	EA257A	0.170438
4P23.CD.AB_CD	4P23.CD.AB_AB	EA272A	0.091327
4P23.CD.AB_CD	4P23.CD.AB_AB	FA180A	0.000000
4P23.CD.AB_CD	4P23.CD.AB_AB	HA269A	0.170438
4P23.CD.AB_CD	4P23.CD.AB_AB	HA69A	0.617011
4P23.CD.AB_CD	4P23.CD.AB_AB	IA255A	0.170438
4P23.CD.AB_CD	4P23.CD.AB_AB	KA184A	2.230622
4P23.CD.AB_CD	4P23.CD.AB_AB	KA186A	2.568344
4P23.CD.AB_CD	4P23.CD.AB_AB	KA189A	0.091327
4P23.CD.AB_CD	4P23.CD.AB_AB	KA40A	1.193733
4P23.CD.AB_CD	4P23.CD.AB_AB	KA68A	0.682907
4P23.CD.AB_CD	4P23.CD.AB_AB	KA76A	0.170438
4P23.CD.AB_CD	4P23.CD.AB_AB	LA61A	0.953515
4P23.CD.AB_CD	4P23.CD.AB_AB	NA188A	0.000000
4P23.CD.AB_CD	4P23.CD.AB_AB	NA63A	1.511965
4P23.CD.AB_CD	4P23.CD.AB_AB	PA253A	0.091327
4P23.CD.AB_CD	4P23.CD.AB_AB	QA183A	0.682907
4P23.CD.AB_CD	4P23.CD.AB_AB	QA252A	0.170438
4P23.CD.AB_CD	4P23.CD.AB_AB	QA58A	0.972941
4P23.CD.AB_CD	4P23.CD.AB_AB	QA62A	1.910966
4P23.CD.AB_CD	4P23.CD.AB_AB	RA258A	2.071513
4P23.CD.AB_CD	4P23.CD.AB_AB	RA260A	0.091327
4P23.CD.AB_CD	4P23.CD.AB_AB	RA268A	0.091327
4P23.CD.AB_CD	4P23.CD.AB_AB	SA251A	0.000000
4P23.CD.AB_CD	4P23.CD.AB_AB	TA265A	0.000000
4P23.CD.AB_CD	4P23.CD.AB_AB	VA191A	0.000000
4P23.CD.AB_CD	4P23.CD.AB_AB	VA66A	1.166799
4P23.CD.AB_CD	4P23.CD.AB_AB	VA73A	0.000000
4P23.CD.AB_CD	4P23.CD.AB_AB	YA248A	0.240219
4PWX.AB.CD_AB	4PWX.AB.CD_CD	DA250A	1.143379
4PWX.AB.CD_AB	4PWX.AB.CD_CD	DB60K	0.370956
4PWX.AB.CD_AB	4PWX.AB.CD_CD	EA201K	1.729232
4PWX.AB.CD_AB	4PWX.AB.CD_CD	EA206A	1.039172
4PWX.AB.CD_AB	4PWX.AB.CD_CD	EA246K	1.729232
4PWX.AB.CD_AB	4PWX.AB.CD_CD	EB17A	-0.684739
4PWX.AB.CD_AB	4PWX.AB.CD_CD	EB67K	1.103867
4PWX.AB.CD_AB	4PWX.AB.CD_CD	FA194A	1.729232
4PWX.AB.CD_AB	4PWX.AB.CD_CD	HB19A	-0.348235
4PWX.AB.CD_AB	4PWX.AB.CD_CD	KA359A	0.202470
4PWX.AB.CD_AB	4PWX.AB.CD_CD	KA359D	0.118888
4PWX.AB.CD_AB	4PWX.AB.CD_CD	KA362A	0.447863
4PWX.AB.CD_AB	4PWX.AB.CD_CD	KA362D	0.261765
4PWX.AB.CD_AB	4PWX.AB.CD_CD	KB1A	0.468120
4PWX.AB.CD_AB	4PWX.AB.CD_CD	KB9A	-0.274082
4PWX.AB.CD_AB	4PWX.AB.CD_CD	QA205A	1.013958
4PWX.AB.CD_AB	4PWX.AB.CD_CD	QB20A	-0.177798
4PWX.AB.CD_AB	4PWX.AB.CD_CD	RA365A	0.359106
4PWX.AB.CD_AB	4PWX.AB.CD_CD	RA563A	1.729232
4PWX.AB.CD_AB	4PWX.AB.CD_CD	RB23A	1.729232
4PWX.AB.CD_AB	4PWX.AB.CD_CD	RB28A	1.729232
4PWX.AB.CD_AB	4PWX.AB.CD_CD	RB31A	0.334672
4PWX.AB.CD_AB	4PWX.AB.CD_CD	YA198A	1.729232
4PWX.AB.CD_AB	4PWX.AB.CD_CD	YB15A	0.754610
4PWX.AB.CD_AB	4PWX.AB.CD_CD	YB16A	1.144969
4RS1.A.B_A	4RS1.A.B_B	DA28A	2.592230
4RS1.A.B_A	4RS1.A.B_B	DA28K	3.619436
4RS1.A.B_A	4RS1.A.B_B	DA92A	1.926734
4RS1.A.B_A	4RS1.A.B_B	DA92K	3.618676
4RS1.A.B_A	4RS1.A.B_B	DA92N	1.430067
4RS1.A.B_A	4RS1.A.B_B	DA92R	3.130221
4RS1.A.B_A	4RS1.A.B_B	EA25A	1.502577
4RS1.A.B_A	4RS1.A.B_B	EA25K	2.140138
4RS1.A.B_A	4RS1.A.B_B	EA88A	0.476552
4RS1.A.B_A	4RS1.A.B_B	EA88K	0.336503
4RS1.A.B_A	4RS1.A.B_B	EA88Q	0.924957
4RS1.A.B_A	4RS1.A.B_B	EA8R	0.394424
4RS1.A.B_A	4RS1.A.B_B	EB176A	-0.694590
4RS1.A.B_A	4RS1.A.B_B	FA99A	3.626325
4RS1.A.B_A	4RS1.A.B_B	IA6G	0.856287
4RS1.A.B_A	4RS1.A.B_B	IB175A	-0.275981
4RS1.A.B_A	4RS1.A.B_B	KA91A	-0.115028
4RS1.A.B_A	4RS1.A.B_B	KA91E	0.125190
4RS1.A.B_A	4RS1.A.B_B	KA91Q	0.274082
4RS1.A.B_A	4RS1.A.B_B	KB174A	0.871208
4RS1.A.B_A	4RS1.A.B_B	KB203A	0.276282
4RS1.A.B_A	4RS1.A.B_B	LA95A	2.365587
4RS1.A.B_A	4RS1.A.B_B	LB204A	0.072255
4RS1.A.B_A	4RS1.A.B_B	NA89A	1.290018
4RS1.A.B_A	4RS1.A.B_B	NA89D	0.295628
4RS1.A.B_A	4RS1.A.B_B	NA89K	0.910145
4RS1.A.B_A	4RS1.A.B_B	NB150A	-0.046389
4RS1.A.B_A	4RS1.A.B_B	QA79A	0.469951
4RS1.A.B_A	4RS1.A.B_B	QA79E	1.212153
4RS1.A.B_A	4RS1.A.B_B	QB202A	1.354172
4RS1.A.B_A	4RS1.A.B_B	RA10D	0.178390
4RS1.A.B_A	4RS1.A.B_B	RA11D	0.190122
4RS1.A.B_A	4RS1.A.B_B	SB205A	0.615990
4RS1.A.B_A	4RS1.A.B_B	TB172A	0.480713
4RS1.A.B_A	4RS1.A.B_B	YB151A	-0.655854
4RS1.A.B_A	4RS1.A.B_B	YB151F	-0.449058
4RS1.A.B_A	4RS1.A.B_B	DA28K,DA92K	4.122902
4RS1.A.B_A	4RS1.A.B_B	EA25K,DA28K	4.122902
4RS1.A.B_A	4RS1.A.B_B	EA25K,DA92K	4.122902
4RS1.A.B_A	4RS1.A.B_B	LA95A,FA99A	4.122902
4RS1.A.B_A	4RS1.A.B_B	LB146A,TB147A,SB148A	-0.215934
4RS1.A.B_A	4RS1.A.B_B	NB116A,SB117A,KB118A,RB119A	-0.046389
4RS1.A.B_A	4RS1.A.B_B	RB47A,EB48A,HB52A	-0.546588
4RS1.A.B_A	4RS1.A.B_B	YB201A,YB206A	0.720931
4U6H.AB.E_AB	4U6H.AB.E_E	NB21A	-0.348235
4U6H.AB.E_AB	4U6H.AB.E_E	QB25A	0.118888
4WND.A.B_A	4WND.A.B_B	NA263R	-0.020790
4WND.A.B_A	4WND.A.B_B	RA201E	2.795849
4WND.A.B_A	4WND.A.B_B	RA201E,NA263R	3.857380
4Y61.A.B_A	4Y61.A.B_B	RB86A	-0.193053
4Y61.A.B_A	4Y61.A.B_B	YA246A	-0.078161
4Y61.A.B_A	4Y61.A.B_B	FB219A,HB222A	0.289174
4YEB.A.B_A	4YEB.A.B_B	AA114S	0.069391
4YEB.A.B_A	4YEB.A.B_B	DA133A	1.367666
4YEB.A.B_A	4YEB.A.B_B	FB131A	2.417466
4YEB.A.B_A	4YEB.A.B_B	RB88T	0.277578
4YFD.A.B_A	4YFD.A.B_B	DB7A	-0.054727
4YFD.A.B_A	4YFD.A.B_B	EA259A	1.216523
4YFD.A.B_A	4YFD.A.B_B	KB71A	1.475085
4YFD.A.B_A	4YFD.A.B_B	RA169A	0.159446
4YFD.A.B_A	4YFD.A.B_B	RA48A	0.284953
4YFD.A.B_A	4YFD.A.B_B	WB4A	1.132602
4YFD.A.B_A	4YFD.A.B_B	EA207G,LA208S,RA209S,EA210G	-0.035917
4YFD.A.B_A	4YFD.A.B_B	EA207Q,RA209E,EA210Q	0.172612
4ZS6.HL.A_HL	4ZS6.HL.A_A	EB156A	3.040027
4ZS6.HL.A_HL	4ZS6.HL.A_A	YB160A	-0.110300
5E9D.AB.CDE_AB	5E9D.AB.CDE_CDE	AB218Y	-0.899806
5E9D.AB.CDE_AB	5E9D.AB.CDE_CDE	GB37E	-0.479357
5E9D.AB.CDE_AB	5E9D.AB.CDE_CDE	KB106Q	0.187488
5E9D.AB.CDE_AB	5E9D.AB.CDE_CDE	NB147G	0.275202
5E9D.AB.CDE_AB	5E9D.AB.CDE_CDE	SB60G	-0.035647
5E9D.AB.CDE_AB	5E9D.AB.CDE_CDE	TB100Q	-0.573930
5E9D.AB.CDE_AB	5E9D.AB.CDE_CDE	VB169D	-0.432683
5E9D.AB.CDE_AB	5E9D.AB.CDE_CDE	YB59W	-0.349101
5E9D.AB.CDE_AB	5E9D.AB.CDE_CDE	GB37E,AB218Y	-1.310463
5E9D.AB.CDE_AB	5E9D.AB.CDE_CDE	GB37E,TB100Q	-1.550681
5E9D.AB.CDE_AB	5E9D.AB.CDE_CDE	GB37E,TB100Q,AB218Y	-2.475290
5E9D.AB.CDE_AB	5E9D.AB.CDE_CDE	GB37E,TB100Q,VB169D,AB218E	-2.636398
5E9D.AB.CDE_AB	5E9D.AB.CDE_CDE	GB37E,VB169D	-1.202446
5E9D.AB.CDE_AB	5E9D.AB.CDE_CDE	GB37R,TB100Q,VB169E,AB218D	-3.126165
5E9D.AB.CDE_AB	5E9D.AB.CDE_CDE	GB37R,TB100Q,VB169E,AB218V	-2.759414
5E9D.AB.CDE_AB	5E9D.AB.CDE_CDE	TB100Q,AB218Y	-1.272227
5K39.A.B_A	5K39.A.B_B	FB142A	2.717537
5K39.A.B_A	5K39.A.B_B	IB148A	2.053059
5K39.A.B_A	5K39.A.B_B	MB108A	-0.477855
5K39.A.B_A	5K39.A.B_B	MB112A	-0.233123
5K39.A.B_A	5K39.A.B_B	SB115A	0.450341
5UFE.A.B_A	5UFE.A.B_B	GA12C	-0.396380
5UFE.A.B_A	5UFE.A.B_B	GA12D	-1.273908
5UFE.A.B_A	5UFE.A.B_B	GA12V	-0.727925
5UFE.A.B_A	5UFE.A.B_B	QB25R	0.292423
5UFE.A.B_A	5UFE.A.B_B	GA12D,QB25R	-0.975104
5UFE.A.B_A	5UFE.A.B_B	GA12D,QB25R,EB33G,DB34G	-0.922537
5UFE.A.B_A	5UFE.A.B_B	QB25R,EB33G,DB34G	0.097520
5UFQ.A.C_A	5UFQ.A.C_C	DA12C	0.982421
5UFQ.A.C_A	5UFQ.A.C_C	DA12G	1.273908
5UFQ.A.C_A	5UFQ.A.C_C	DA12V	0.650875
5UFQ.A.C_A	5UFQ.A.C_C	DA12G,QB25R,KB55G	1.513885
5UFQ.A.C_A	5UFQ.A.C_C	QB25R,KB55G	0.246358
5XCO.A.B_A	5XCO.A.B_B	DA13C	0.811243
5XCO.A.B_A	5XCO.A.B_B	DA13G	1.110487
5XCO.A.B_A	5XCO.A.B_B	DB12A	2.797383
5XCO.A.B_A	5XCO.A.B_B	IB9A	2.797383
5XCO.A.B_A	5XCO.A.B_B	LB7A	2.747983
5XCO.A.B_A	5XCO.A.B_B	PB13A	0.635135
5XCO.A.B_A	5XCO.A.B_B	PB6A	1.079022
5XCO.A.B_A	5XCO.A.B_B	SB10A	1.286010
5XCO.A.B_A	5XCO.A.B_B	VB14A	0.000000
5XCO.A.B_A	5XCO.A.B_B	YB11A	1.900335
5XCO.A.B_A	5XCO.A.B_B	YB8A	1.364171
5XCO.A.B_A	5XCO.A.B_B	DA13C,DB12A	2.797383
5XCO.A.B_A	5XCO.A.B_B	DA13C,IB9A	2.797383
5XCO.A.B_A	5XCO.A.B_B	DA13C,LB7A	2.797383
5XCO.A.B_A	5XCO.A.B_B	DA13C,PB13A	1.747584
5XCO.A.B_A	5XCO.A.B_B	DA13C,PB6A	2.409963
5XCO.A.B_A	5XCO.A.B_B	DA13C,SB10A	2.464354
5XCO.A.B_A	5XCO.A.B_B	DA13C,VB14A	0.859965
5XCO.A.B_A	5XCO.A.B_B	DA13C,YB11A	2.797383
5XCO.A.B_A	5XCO.A.B_B	DA13C,YB8A	2.618993
5XCO.A.B_A	5XCO.A.B_B	DA13G,DB12A	2.797383
5XCO.A.B_A	5XCO.A.B_B	DA13G,IB9A	2.797383
5XCO.A.B_A	5XCO.A.B_B	DA13G,LB7A	2.797383
5XCO.A.B_A	5XCO.A.B_B	DA13G,PB13A	2.122323
5XCO.A.B_A	5XCO.A.B_B	DA13G,PB6A	2.453868
5XCO.A.B_A	5XCO.A.B_B	DA13G,SB10A	2.791429
5XCO.A.B_A	5XCO.A.B_B	DA13G,VB14A	1.322820
5XCO.A.B_A	5XCO.A.B_B	DA13G,YB11A	2.797383
5XCO.A.B_A	5XCO.A.B_B	DA13G,YB8A	2.741508
