pdb,i,mut_fwd,mut_rev,ddg_fwd,ddg_rev,sum,chain,pos,wt,mt,groups,in_aug,n_res,status
1AO7,1,AA149G,GA149A,-0.0211,0.021,-9.99999999999994e-05,A,149,A,G,"ABC,DE",1,707,ok
1AO7,2,AA150G,GA150A,0.1234,-0.1187,0.004699999999999996,A,150,A,G,"ABC,DE",1,707,ok
1AO7,3,AA150P,PA150A,0.2144,-0.1452,0.06920000000000001,A,150,A,P,"ABC,DE",1,707,ok
1AO7,4,AA158G,GA158A,0.9294,-0.9282,0.0011999999999999789,A,158,A,G,"ABC,DE",1,707,ok
1AO7,5,AA69G,GA69A,0.9549,-0.9689,-0.014000000000000012,A,69,A,G,"ABC,DE",1,707,ok
1AO7,9,DA61A,AA61D,0.0104,0.0101,0.020499999999999997,A,61,D,A,"ABC,DE",1,707,ok
1AO7,17,EA154A,AA154E,0.9122,-0.9287,-0.01649999999999996,A,154,E,A,"ABC,DE",1,707,ok
1AO7,18,EA166A,AA166E,0.7754,-0.7604,0.015000000000000013,A,166,E,A,"ABC,DE",1,707,ok
1AO7,19,EA55A,AA55E,-0.0892,-0.0347,-0.12390000000000001,A,55,E,A,"ABC,DE",1,707,ok
1AO7,20,EA58A,AA58E,-0.0468,0.0858,0.039,A,58,E,A,"ABC,DE",1,707,ok
1AO7,21,EA63A,AA63E,0.229,-0.1924,0.03660000000000002,A,63,E,A,"ABC,DE",1,707,ok
1AO7,35,HA151A,AA151H,0.1929,-0.5081,-0.31520000000000004,A,151,H,A,"ABC,DE",1,707,ok
1AO7,36,HA70A,AA70H,-0.1725,0.0311,-0.1414,A,70,H,A,"ABC,DE",1,707,ok
1AO7,37,HA74A,AA74H,-0.1293,0.1469,0.017600000000000005,A,74,H,A,"ABC,DE",1,707,ok
1AO7,40,KA146A,AA146K,0.0229,-0.047,-0.0241,A,146,K,A,"ABC,DE",1,707,ok
1AO7,41,KA66A,AA66K,0.8078,-1.0333,-0.22550000000000014,A,66,K,A,"ABC,DE",1,707,ok
1AO7,42,KA68A,AA68K,0.1953,-0.1532,0.0421,A,68,K,A,"ABC,DE",1,707,ok
1AO7,52,QA155A,AA155Q,1.5483,-1.5872,-0.038899999999999935,A,155,Q,A,"ABC,DE",1,707,ok
1AO7,53,QA43A,AA43Q,0.0,0.0,0.0,A,43,Q,A,"ABC,DE",1,707,ok
1AO7,54,QA72A,AA72Q,0.2741,-0.3222,-0.048099999999999976,A,72,Q,A,"ABC,DE",1,707,ok
1AO7,59,RA170A,AA170R,-0.2777,0.2819,0.0041999999999999815,A,170,R,A,"ABC,DE",1,707,ok
1AO7,60,RA65A,AA65R,2.0874,-2.2174,-0.1299999999999999,A,65,R,A,"ABC,DE",1,707,ok
1AO7,61,RA75A,AA75R,0.0196,0.0048,0.024399999999999998,A,75,R,A,"ABC,DE",1,707,ok
1AO7,77,TA163A,AA163T,-0.347,0.3118,-0.035199999999999954,A,163,T,A,"ABC,DE",1,707,ok
1AO7,78,TA64A,AA64T,0.1258,-0.0121,0.1137,A,64,T,A,"ABC,DE",1,707,ok
1AO7,79,TA73A,AA73T,-0.2052,0.3447,0.1395,A,73,T,A,"ABC,DE",1,707,ok
1AO7,80,TA80A,AA80T,0.0012,-0.0013,-0.00010000000000000005,A,80,T,A,"ABC,DE",1,707,ok
1AO7,83,VA152A,AA152V,0.9299,-0.9189,0.010999999999999899,A,152,V,A,"ABC,DE",1,707,ok
1AO7,84,VA67A,AA67V,0.0247,0.115,0.1397,A,67,V,A,"ABC,DE",1,707,ok
1AO7,85,VA76A,AA76V,0.1106,-0.0283,0.08230000000000001,A,76,V,A,"ABC,DE",1,707,ok
1AO7,88,WA167A,AA167W,0.4628,-0.2267,0.23609999999999998,A,167,W,A,"ABC,DE",1,707,ok
1AO7,90,YA159A,AA159Y,0.1101,0.0091,0.1192,A,159,Y,A,"ABC,DE",1,707,ok
1BD2,5,RA65A,AA65R,3.5593,-2.826,0.7332999999999998,A,65,R,A,"ABC,DE",1,815,ok
1C4Z,3,CA324A,AA324C,0.0,0.0,0.0,A,324,C,A,"ABC,D",1,1194,ok
1C4Z,4,DA145A,AA145D,-0.031,0.0865,0.055499999999999994,A,145,D,A,"ABC,D",1,1194,ok
1C4Z,5,DA145K,KA145D,-0.0271,-0.0359,-0.063,A,145,D,K,"ABC,D",1,1194,ok
1C4Z,6,DA156A,AA156D,0.3994,-0.4375,-0.03810000000000002,A,156,D,A,"ABC,D",1,1194,ok
1C4Z,7,DA156R,RA156D,0.3592,-1.0304,-0.6712,A,156,D,R,"ABC,D",1,1194,ok
1C4Z,12,FA194A,AA194F,0.2014,-0.2235,-0.02210000000000001,A,194,F,A,"ABC,D",1,1194,ok
1C4Z,14,IA159A,AA159I,1.1108,-0.4914,0.6194,A,159,I,A,"ABC,D",1,1194,ok
1C4Z,15,IA163A,AA163I,0.0145,-0.1011,-0.0866,A,163,I,A,"ABC,D",1,1194,ok
1C4Z,24,LA139A,AA139L,0.7073,-0.7399,-0.03259999999999996,A,139,L,A,"ABC,D",1,1194,ok
1C4Z,25,LA143A,AA143L,-0.01,0.296,0.286,A,143,L,A,"ABC,D",1,1194,ok
1C4Z,26,LA146A,AA146L,-0.0321,0.0306,-0.0014999999999999979,A,146,L,A,"ABC,D",1,1194,ok
1C4Z,28,MA157A,AA157M,0.7513,-0.9305,-0.17920000000000003,A,157,M,A,"ABC,D",1,1194,ok
1C4Z,29,MA158A,AA158M,0.0756,-0.1251,-0.04949999999999999,A,158,M,A,"ABC,D",1,1194,ok
1C4Z,30,MA174A,AA174M,0.1233,0.1075,0.2308,A,174,M,A,"ABC,D",1,1194,ok
1C4Z,34,QA141A,AA141Q,-0.1435,0.2553,0.11180000000000004,A,141,Q,A,"ABC,D",1,1194,ok
1C4Z,40,SA142A,AA142S,-0.4315,1.0049,0.5733999999999999,A,142,S,A,"ABC,D",1,1194,ok
1C4Z,41,SA164A,AA164S,-0.3256,0.335,0.00940000000000002,A,164,S,A,"ABC,D",1,1194,ok
1C4Z,43,TA160A,AA160T,0.6696,0.7788,1.4484,A,160,T,A,"ABC,D",1,1194,ok
1C4Z,44,TA166A,AA166T,0.0633,-0.1417,-0.0784,A,166,T,A,"ABC,D",1,1194,ok
1C4Z,45,VA138A,AA138V,0.9555,-1.049,-0.09349999999999992,A,138,V,A,"ABC,D",1,1194,ok
1C4Z,47,YA149A,AA149Y,0.4093,-0.4552,-0.045899999999999996,A,149,Y,A,"ABC,D",1,1194,ok
1C4Z,48,YA198L,LA198Y,0.0261,0.0082,0.034300000000000004,A,198,Y,L,"ABC,D",1,1194,ok
1DQJ,6,NA31A,AA31N,0.4142,-0.4207,-0.006500000000000006,A,31,N,A,"AB,C",1,553,ok
1DQJ,7,NA32A,AA32N,2.1598,-1.3791,0.7807000000000002,A,32,N,A,"AB,C",1,553,ok
1DQJ,10,SA91A,AA91S,-0.0575,0.0576,9.999999999999593e-05,A,91,S,A,"AB,C",1,553,ok
1DQJ,16,YA96A,AA96Y,-0.3374,0.6192,0.2818,A,96,Y,A,"AB,C",1,553,ok
1DVF,6,HA30A,AA30H,0.6701,-0.6836,-0.013499999999999956,A,30,H,A,"AB,CD",1,451,ok
1DVF,15,SA93A,AA93S,0.2148,-0.2218,-0.007000000000000006,A,93,S,A,"AB,CD",1,451,ok
1DVF,17,WA92A,AA92W,0.8178,-0.7466,0.07119999999999993,A,92,W,A,"AB,CD",1,451,ok
1DVF,19,YA49A,AA49Y,0.8462,-0.8629,-0.016700000000000048,A,49,Y,A,"AB,CD",1,451,ok
1DVF,20,YA50A,AA50Y,0.3619,0.3068,0.6687000000000001,A,50,Y,A,"AB,CD",1,451,ok
1KIR,1,SA50Y,YA50S,0.1192,-0.3262,-0.207,A,50,S,Y,"AB,C",1,352,ok
1LP9,1,KA66A,AA66K,2.1966,-1.873,0.3236000000000001,A,66,K,A,"ABC,EF",1,815,ok
1LP9,2,TA163A,AA163T,1.2002,-1.0196,0.18059999999999987,A,163,T,A,"ABC,EF",1,815,ok
1LP9,3,WA167A,AA167W,0.4854,-0.4868,-0.0014000000000000123,A,167,W,A,"ABC,EF",1,815,ok
1MLC,2,NA32G,GA32N,0.4511,-0.9979,-0.5468,A,32,N,G,"AB,E",1,561,ok
1MLC,3,NA32Y,YA32N,-1.2734,2.3065,1.0331000000000001,A,32,N,Y,"AB,E",1,561,ok
1MLC,4,NA92A,AA92N,-0.2441,0.113,-0.1311,A,92,N,A,"AB,E",1,561,ok
1N8Z,3,HA91F,FA91H,0.9239,-1.1333,-0.20939999999999992,A,91,H,F,"AB,C",1,1015,ok
1N8Z,5,NA30S,SA30N,2.6164,-0.2384,2.378,A,30,N,S,"AB,C",1,1015,ok
1N8Z,9,TA94S,SA94T,0.1474,-1.0377,-0.8903000000000001,A,94,T,S,"AB,C",1,1015,ok
1OGA,1,AA149G,GA149A,-0.0171,0.017,-9.99999999999994e-05,A,149,A,G,"ABC,DE",1,824,ok
1OGA,2,AA150G,GA150A,0.839,-0.8413,-0.0023000000000000798,A,150,A,G,"ABC,DE",1,824,ok
1OGA,3,AA158G,GA158A,0.073,-0.0232,0.0498,A,158,A,G,"ABC,DE",1,824,ok
1OGA,4,AA69G,GA69A,0.6044,-0.6101,-0.005699999999999927,A,69,A,G,"ABC,DE",1,824,ok
1OGA,5,DA61A,AA61D,-0.1294,0.1224,-0.006999999999999992,A,61,D,A,"ABC,DE",1,824,ok
1OGA,9,EA154A,AA154E,0.9943,-0.6224,0.3719,A,154,E,A,"ABC,DE",1,824,ok
1OGA,10,EA58A,AA58E,-0.0017,0.0016,-9.999999999999983e-05,A,58,E,A,"ABC,DE",1,824,ok
1OGA,11,EA63A,AA63E,-0.0197,0.0397,0.02,A,63,E,A,"ABC,DE",1,824,ok
1OGA,12,HA151A,AA151H,0.9167,-0.4719,0.4448,A,151,H,A,"ABC,DE",1,824,ok
1OGA,13,HA70A,AA70H,0.0417,-0.0106,0.031100000000000003,A,70,H,A,"ABC,DE",1,824,ok
1OGA,14,HA74A,AA74H,-0.0173,0.0051,-0.012199999999999999,A,74,H,A,"ABC,DE",1,824,ok
1OGA,20,KA146A,AA146K,0.0947,-0.5309,-0.43620000000000003,A,146,K,A,"ABC,DE",1,824,ok
1OGA,21,KA66A,AA66K,0.0541,-0.1759,-0.12179999999999999,A,66,K,A,"ABC,DE",1,824,ok
1OGA,22,KA68A,AA68K,0.2095,-0.2379,-0.02840000000000001,A,68,K,A,"ABC,DE",1,824,ok
1OGA,25,QA155A,AA155Q,1.7498,-1.078,0.6718,A,155,Q,A,"ABC,DE",1,824,ok
1OGA,26,QA43A,AA43Q,-0.1258,0.0403,-0.08549999999999999,A,43,Q,A,"ABC,DE",1,824,ok
1OGA,27,QA72A,AA72Q,0.8872,-1.0073,-0.1201000000000001,A,72,Q,A,"ABC,DE",1,824,ok
1OGA,33,RA65A,AA65R,0.811,-0.8462,-0.0351999999999999,A,65,R,A,"ABC,DE",1,824,ok
1OGA,34,RA75A,AA75R,1.216,-0.7573,0.4587,A,75,R,A,"ABC,DE",1,824,ok
1OGA,40,TA163A,AA163T,-0.0125,0.0101,-0.002400000000000001,A,163,T,A,"ABC,DE",1,824,ok
1OGA,41,TA64A,AA64T,-0.0076,0.0093,0.0016999999999999993,A,64,T,A,"ABC,DE",1,824,ok
1OGA,42,TA73A,AA73T,-0.0281,-0.0255,-0.053599999999999995,A,73,T,A,"ABC,DE",1,824,ok
1OGA,43,TA80A,AA80T,-0.2011,0.2014,0.0002999999999999947,A,80,T,A,"ABC,DE",1,824,ok
1OGA,44,VA152A,AA152V,0.5175,-0.5628,-0.04530000000000001,A,152,V,A,"ABC,DE",1,824,ok
1OGA,45,VA67A,AA67V,-0.0455,0.074,0.028499999999999998,A,67,V,A,"ABC,DE",1,824,ok
1OGA,46,VA76A,AA76V,0.9289,-0.9276,0.0012999999999999678,A,76,V,A,"ABC,DE",1,824,ok
1VFB,12,HA30A,AA30H,-0.3684,0.1603,-0.2081,A,30,H,A,"AB,C",1,352,ok
1VFB,15,LA46D,DA46L,-0.0028,0.0028,0.0,A,46,L,D,"AB,C",1,352,ok
1VFB,16,LA46E,EA46L,0.0001,-0.0001,0.0,A,46,L,E,"AB,C",1,352,ok
1VFB,18,NA31W,WA31N,0.108,0.047,0.155,A,31,N,W,"AB,C",1,352,ok
1VFB,26,SA93A,AA93S,0.726,-0.7315,-0.00550000000000006,A,93,S,A,"AB,C",1,352,ok
1VFB,32,TA52F,FA52T,-0.4709,0.6445,0.17359999999999998,A,52,T,F,"AB,C",1,352,ok
1VFB,33,TA53R,RA53T,0.4725,-0.4233,0.049199999999999966,A,53,T,R,"AB,C",1,352,ok
1VFB,37,WA92A,AA92W,2.4949,-2.161,0.33389999999999986,A,92,W,A,"AB,C",1,352,ok
1VFB,39,YA32W,WA32Y,-0.6119,1.25,0.6381,A,32,Y,W,"AB,C",1,352,ok
1VFB,40,YA49A,AA49Y,0.5078,-1.0057,-0.4979,A,49,Y,A,"AB,C",1,352,ok
1VFB,41,YA50A,AA50Y,1.9487,-1.7495,0.19920000000000004,A,50,Y,A,"AB,C",1,352,ok
1VFB,42,YA50K,KA50Y,1.8095,-1.3869,0.4226000000000001,A,50,Y,K,"AB,C",1,352,ok
1VFB,43,YA50R,RA50Y,0.5053,-0.272,0.23329999999999995,A,50,Y,R,"AB,C",1,352,ok
2AK4,1,AA158G,GA158A,1.1764,-1.1854,-0.009000000000000119,A,158,A,G,"ABC,DE",1,833,ok
2AK4,2,EA154A,AA154E,-0.2009,0.2717,0.0708,A,154,E,A,"ABC,DE",1,833,ok
2AK4,3,EA161A,AA161E,0.2542,-0.4062,-0.15200000000000002,A,161,E,A,"ABC,DE",1,833,ok
2AK4,8,LA163A,AA163L,0.7639,-0.8933,-0.12939999999999996,A,163,L,A,"ABC,DE",1,833,ok
2AK4,20,QA155A,AA155Q,0.222,-0.2225,-0.0005000000000000004,A,155,Q,A,"ABC,DE",1,833,ok
2AK4,21,QA65A,AA65Q,0.4064,-0.4444,-0.038000000000000034,A,65,Q,A,"ABC,DE",1,833,ok
2AK4,22,QA72A,AA72Q,0.004,0.0054,0.0094,A,72,Q,A,"ABC,DE",1,833,ok
2AK4,25,RA151A,AA151R,0.4861,-0.4917,-0.005600000000000049,A,151,R,A,"ABC,DE",1,833,ok
2AK4,26,RA157A,AA157R,1.4398,-1.6927,-0.2529000000000001,A,157,R,A,"ABC,DE",1,833,ok
2AK4,30,TA69A,AA69T,0.0669,0.0348,0.1017,A,69,T,A,"ABC,DE",1,833,ok
2BNR,1,AA149G,GA149A,-0.0229,0.0229,0.0,A,149,A,G,"ABC,DE",1,829,ok
2BNR,2,AA150G,GA150A,0.4757,-0.4745,0.0012000000000000344,A,150,A,G,"ABC,DE",1,829,ok
2BNR,3,AA69G,GA69A,1.1187,-1.1475,-0.028799999999999937,A,69,A,G,"ABC,DE",1,829,ok
2BNR,5,DA61A,AA61D,0.265,-0.2848,-0.019799999999999984,A,61,D,A,"ABC,DE",1,829,ok
2BNR,6,EA154A,AA154E,0.1582,-0.1144,0.043800000000000006,A,154,E,A,"ABC,DE",1,829,ok
2BNR,7,EA58A,AA58E,-0.0025,0.0166,0.0141,A,58,E,A,"ABC,DE",1,829,ok
2BNR,8,EA63A,AA63E,0.2859,-0.3158,-0.029900000000000038,A,63,E,A,"ABC,DE",1,829,ok
2BNR,9,HA151A,AA151H,-0.5063,0.3733,-0.13299999999999995,A,151,H,A,"ABC,DE",1,829,ok
2BNR,10,HA70A,AA70H,-0.2708,0.2445,-0.02629999999999999,A,70,H,A,"ABC,DE",1,829,ok
2BNR,11,HA74A,AA74H,0.0056,-0.0178,-0.012199999999999999,A,74,H,A,"ABC,DE",1,829,ok
2BNR,12,KA146A,AA146K,0.1547,-0.0861,0.06860000000000001,A,146,K,A,"ABC,DE",1,829,ok
2BNR,13,KA66A,AA66K,0.1431,-0.1393,0.003799999999999998,A,66,K,A,"ABC,DE",1,829,ok
2BNR,14,KA68A,AA68K,1.1421,-2.4723,-1.3302000000000003,A,68,K,A,"ABC,DE",1,829,ok
1AHW,6,TC186A,AC186T,0.0177,-0.0209,-0.003199999999999998,C,186,T,A,"AB,C",0,628,ok
1AHW,4,TC156A,AC156T,0.0509,0.0188,0.0697,C,156,T,A,"AB,C",0,628,ok
1AHW,7,VC187A,AC187V,-0.0899,0.3433,0.2534,C,187,V,A,"AB,C",0,628,ok
1AHW,3,NC188A,AC188N,0.0031,-0.0023,0.0007999999999999999,C,188,N,A,"AB,C",0,628,ok
1AHW,8,YC145A,AC145Y,4.1093,-3.2376,0.8717000000000001,C,145,Y,A,"AB,C",0,628,ok
1AHW,2,LC165A,AC165L,-0.0338,-0.002,-0.0358,C,165,L,A,"AB,C",0,628,ok
1AHW,1,DC167A,AC167D,-0.007,0.0101,0.0030999999999999995,C,167,D,A,"AB,C",0,628,ok
1AHW,5,TC159A,AC159T,-0.0011,-0.0357,-0.0368,C,159,T,A,"AB,C",0,628,ok
1AO7,6,AE50P,PE50A,0.0318,-0.0318,0.0,E,50,A,P,"ABC,DE",0,707,ok
1AO7,8,AE96M,ME96A,-1.1097,1.1033,-0.006399999999999961,E,96,A,M,"ABC,DE",0,707,ok
1AO7,7,AE96K,KE96A,-1.0995,1.1044,0.0049000000000001265,E,96,A,K,"ABC,DE",0,707,ok
1AHW,9,YC146A,AC146Y,0.8536,-0.9054,-0.05179999999999996,C,146,Y,A,"AB,C",0,628,ok
1AO7,12,DD26P,PD26D,-0.6343,-0.0325,-0.6668,D,26,D,P,"ABC,DE",0,707,ok
1AO7,11,DD26M,MD26D,-1.3677,1.2616,-0.10609999999999986,D,26,D,M,"ABC,DE",0,707,ok
1AO7,22,EE28A,AE28E,1.1366,-1.3543,-0.2177,E,28,E,A,"ABC,DE",0,707,ok
1AO7,14,DD26W,WD26D,-0.9556,0.9688,0.01319999999999999,D,26,D,W,"ABC,DE",0,707,ok
1AO7,10,DD26A,AD26D,-0.2905,0.1215,-0.16899999999999998,D,26,D,A,"ABC,DE",0,707,ok
1AO7,15,DD93A,AD93D,2.5126,-2.6262,-0.11359999999999992,D,93,D,A,"ABC,DE",0,707,ok
1AO7,13,DD26V,VD26D,-0.3984,0.1452,-0.2532,D,26,D,V,"ABC,DE",0,707,ok
1AO7,16,DD93N,ND93D,2.8141,-1.5139,1.3001999999999998,D,93,D,N,"ABC,DE",0,707,ok
1AO7,23,GD28A,AD28G,-0.8453,0.8454,9.999999999998899e-05,D,28,G,A,"ABC,DE",0,707,ok
1AO7,30,GD28V,VD28G,-2.0084,2.0353,0.026899999999999924,D,28,G,V,"ABC,DE",0,707,ok
1AO7,29,GD28T,TD28G,-1.6976,1.5688,-0.12880000000000003,D,28,G,T,"ABC,DE",0,707,ok
1AO7,25,GD28L,LD28G,-3.2832,3.2019,-0.0812999999999997,D,28,G,L,"ABC,DE",0,707,ok
1AO7,24,GD28I,ID28G,-2.5122,2.4279,-0.08429999999999982,D,28,G,I,"ABC,DE",0,707,ok
1AO7,26,GD28M,MD28G,-3.4561,3.4049,-0.051200000000000134,D,28,G,M,"ABC,DE",0,707,ok
1AO7,27,GD28P,PD28G,-1.6425,1.5458,-0.09670000000000001,D,28,G,P,"ABC,DE",0,707,ok
1AO7,28,GD28R,RD28G,-1.2758,1.8042,0.5284,D,28,G,R,"ABC,DE",0,707,ok
1AO7,33,GE98A,AE98G,-0.4335,0.4335,0.0,E,98,G,A,"ABC,DE",0,707,ok
1AO7,32,GE97S,SE97G,-0.7114,-0.3207,-1.0321,E,97,G,S,"ABC,DE",0,707,ok
1AO7,34,GE98P,PE98G,3.6621,-3.6491,0.013000000000000345,E,98,G,P,"ABC,DE",0,707,ok
1AO7,31,GD96P,PD96G,1.3009,-1.1551,0.14579999999999993,D,96,G,P,"ABC,DE",0,707,ok
1AO7,38,HE27P,PE27H,-0.0068,-0.001,-0.0078,E,27,H,P,"ABC,DE",0,707,ok
1AO7,39,IE52R,RE52I,-0.2809,0.6381,0.3572,E,52,I,R,"ABC,DE",0,707,ok
1AO7,46,LC1A,AC1L,0.5936,-0.4897,0.10389999999999999,C,1,L,A,"ABC,DE",0,707,ok
1AO7,49,ND52P,PD52N,-0.1977,-0.1002,-0.2979,D,52,N,P,"ABC,DE",0,707,ok
1AO7,50,PC6A,AC6P,0.515,-0.473,0.04200000000000004,C,6,P,A,"ABC,DE",0,707,ok
1AO7,47,LD98P,PD98L,-0.0083,-0.1112,-0.1195,D,98,L,P,"ABC,DE",0,707,ok
1AO7,48,ND52A,AD52N,-0.1697,0.1305,-0.039199999999999985,D,52,N,A,"ABC,DE",0,707,ok
1AO7,45,KD97P,PD97K,-0.189,0.1249,-0.0641,D,97,K,P,"ABC,DE",0,707,ok
1AO7,43,KD66A,AD66K,0.8773,-0.2625,0.6148,D,66,K,A,"ABC,DE",0,707,ok
1AO7,51,PE100A,AE100P,1.4639,-1.2604,0.20350000000000001,E,100,P,A,"ABC,DE",0,707,ok
1AO7,57,QD30N,ND30Q,0.1323,0.1529,0.2852,D,30,Q,N,"ABC,DE",0,707,ok
1AO7,62,RD27A,AD27R,0.5984,-0.1384,0.4600000000000001,D,27,R,A,"ABC,DE",0,707,ok
1AO7,58,QD30V,VD30Q,-0.0469,-0.1413,-0.1882,D,30,Q,V,"ABC,DE",0,707,ok
1AO7,56,QD30L,LD30Q,-0.9868,1.7034,0.7166,D,30,Q,L,"ABC,DE",0,707,ok
1AO7,55,QD30E,ED30Q,-0.0876,0.8211,0.7335,D,30,Q,E,"ABC,DE",0,707,ok
1AO7,44,KD66H,HD66K,0.1527,-0.0107,0.14200000000000002,D,66,K,H,"ABC,DE",0,707,ok
1AO7,65,RE92A,AE92R,1.529,-1.4964,0.03259999999999996,E,92,R,A,"ABC,DE",0,707,ok
1AO7,63,RD27F,FD27R,-0.6445,1.5254,0.8809000000000001,D,27,R,F,"ABC,DE",0,707,ok
1AO7,69,SD29A,AD29S,0.0136,-0.0136,0.0,D,29,S,A,"ABC,DE",0,707,ok
1AO7,68,RE99Q,QE99R,-0.0148,0.0856,0.0708,E,99,R,Q,"ABC,DE",0,707,ok
1AO7,66,RE99A,AE99R,0.2782,-0.3449,-0.06669999999999998,E,99,R,A,"ABC,DE",0,707,ok
1AO7,64,RD27P,PD27R,0.2128,0.2466,0.45940000000000003,D,27,R,P,"ABC,DE",0,707,ok
1AO7,71,SD31A,AD31S,0.9576,-0.9465,0.011099999999999999,D,31,S,A,"ABC,DE",0,707,ok
1AO7,67,RE99P,PE99R,-0.2318,0.2104,-0.021400000000000002,E,99,R,P,"ABC,DE",0,707,ok
1AO7,73,SD94A,AD94S,-0.3688,0.3654,-0.003400000000000014,D,94,S,A,"ABC,DE",0,707,ok
1AO7,72,SD51M,MD51S,-1.0666,1.0772,0.010599999999999943,D,51,S,M,"ABC,DE",0,707,ok
1AO7,74,SD94N,ND94S,-1.585,1.5576,-0.02739999999999987,D,94,S,N,"ABC,DE",0,707,ok
1AO7,75,SD94T,TD94S,-0.5766,0.361,-0.2156,D,94,S,T,"ABC,DE",0,707,ok
1AO7,70,SD29P,PD29S,0.2095,-0.2112,-0.001700000000000007,D,29,S,P,"ABC,DE",0,707,ok
1AO7,87,VE48P,PE48V,0.4374,-0.2032,0.23420000000000002,E,48,V,P,"ABC,DE",0,707,ok
1AO7,81,TD91A,AD91T,1.0765,-0.9487,0.12780000000000002,D,91,T,A,"ABC,DE",0,707,ok
1AO7,76,SD94Y,YD94S,4.8878,-2.4878,2.4000000000000004,D,94,S,Y,"ABC,DE",0,707,ok
1AO7,91,YC5A,AC5Y,4.6168,-3.246,1.3707999999999996,C,5,Y,A,"ABC,DE",0,707,ok
1AO7,82,TD92A,AD92T,0.1677,-0.2299,-0.062200000000000005,D,92,T,A,"ABC,DE",0,707,ok
1AO7,92,YC5F,FC5Y,2.2962,-1.0589,1.2372999999999998,C,5,Y,F,"ABC,DE",0,707,ok
1AO7,86,VC7R,RC7V,0.8821,-1.0466,-0.16449999999999998,C,7,V,R,"ABC,DE",0,707,ok
1AO7,94,YC8A,AC8Y,1.2197,-0.2634,0.9562999999999999,C,8,Y,A,"ABC,DE",0,707,ok
1AO7,93,YC5W,WC5Y,1.1269,-0.4219,0.7050000000000001,C,5,Y,W,"ABC,DE",0,707,ok
1AO7,89,WD95A,AD95W,2.5209,-2.6067,-0.08579999999999988,D,95,W,A,"ABC,DE",0,707,ok
1AO7,95,YD50A,AD50Y,1.0796,-1.8507,-0.7711000000000001,D,50,Y,A,"ABC,DE",0,707,ok
1BD2,3,EE28A,AE28E,2.6347,-2.9035,-0.26880000000000015,E,28,E,A,"ABC,DE",0,815,ok
1BD2,6,YC5A,AC5Y,2.1496,-1.6703,0.47930000000000006,C,5,Y,A,"ABC,DE",0,815,ok
1BD2,7,YC5F,FC5Y,-1.9339,2.0343,0.10040000000000004,C,5,Y,F,"ABC,DE",0,815,ok
1BD2,9,YC8A,AC8Y,2.1404,-1.9723,0.16810000000000014,C,8,Y,A,"ABC,DE",0,815,ok
1BD2,4,KA66A,AA66K,1.3687,-1.3815,-0.012799999999999923,A,66,K,A,"ABC,DE",0,815,ok
1BD2,2,ED93A,AD93E,1.3741,-0.0426,1.3315000000000001,D,93,E,A,"ABC,DE",0,815,ok
1BD2,10,YE99A,AE99Y,0.6186,-0.9162,-0.2976,E,99,Y,A,"ABC,DE",0,815,ok
1BD2,8,YC5W,WC5Y,1.0351,0.3994,1.4344999999999999,C,5,Y,W,"ABC,DE",0,815,ok
1BJ1,2,HH107A,AH107H,0.0437,0.3683,0.41200000000000003,H,107,H,A,"HL,VW",0,619,ok
1BJ1,1,HH101Y,YH101H,-0.8209,2.1408,1.3199,H,101,H,Y,"HL,VW",0,619,ok
1BJ1,4,SH105T,TH105S,0.5331,-0.4828,0.05030000000000001,H,105,S,T,"HL,VW",0,619,ok
1BJ1,5,TH28D,DH28T,-0.4706,0.5087,0.03810000000000002,H,28,T,D,"HL,VW",0,619,ok
1BJ1,6,TH59A,AH59T,0.1955,0.0571,0.2526,H,59,T,A,"HL,VW",0,619,ok
1BJ1,3,NH31H,HH31N,0.8326,0.959,1.7915999999999999,H,31,N,H,"HL,VW",0,619,ok
1BD2,1,DD30N,ND30D,0.9562,-0.5708,0.3854000000000001,D,30,D,N,"ABC,DE",0,815,ok
1BJ1,8,YH54A,AH54Y,1.3969,-1.3571,0.03980000000000006,H,54,Y,A,"HL,VW",0,619,ok
1BJ1,7,YH27A,AH27Y,-0.0005,0.0089,0.0084,H,27,Y,A,"HL,VW",0,619,ok
1BJ1,9,YH54W,WH54Y,-0.1416,0.2444,0.1028,H,54,Y,W,"HL,VW",0,619,ok
1BJ1,10,YH99A,AH99Y,1.7346,-1.4634,0.2711999999999999,H,99,Y,A,"HL,VW",0,619,ok
1C4Z,1,AD56G,GD56A,0.869,-0.7514,0.11760000000000004,D,56,A,G,"ABC,D",0,1194,ok
1C4Z,8,ED57A,AD57E,-0.5798,-0.0642,-0.644,D,57,E,A,"ABC,D",0,1194,ok
1C4Z,10,ED90A,AD90E,-0.2673,0.2758,0.008500000000000008,D,90,E,A,"ABC,D",0,1194,ok
1C4Z,13,FD60A,AD60F,2.8138,-2.9198,-0.10599999999999987,D,60,F,A,"ABC,D",0,1194,ok
1C4Z,2,AD95G,GD95A,0.9243,-0.8995,0.024800000000000044,D,95,A,G,"ABC,D",0,1194,ok
1C4Z,9,ED57R,RD57E,-0.0747,0.5265,0.4518,D,57,E,R,"ABC,D",0,1194,ok
1C4Z,11,ED90R,RD90E,-0.8494,0.8742,0.024799999999999933,D,90,E,R,"ABC,D",0,1194,ok
1C4Z,16,KD61A,AD61K,1.1966,-1.2393,-0.04269999999999996,D,61,K,A,"ABC,D",0,1194,ok
1C4Z,20,KD93A,AD93K,0.6257,-0.8674,-0.24169999999999991,D,93,K,A,"ABC,D",0,1194,ok
1C4Z,27,LD30A,AD30L,0.3269,-0.9678,-0.6409,D,30,L,A,"ABC,D",0,1194,ok
1C4Z,21,KD93E,ED93K,1.5867,-1.7363,-0.14959999999999996,D,93,K,E,"ABC,D",0,1194,ok
1C4Z,31,ND28A,AD28N,0.1029,-0.1026,0.0003000000000000086,D,28,N,A,"ABC,D",0,1194,ok
1C4Z,18,KD6A,AD6K,1.176,-0.7981,0.3778999999999999,D,6,K,A,"ABC,D",0,1194,ok
1C4Z,17,KD61E,ED61K,1.2889,-1.1271,0.16179999999999994,D,61,K,E,"ABC,D",0,1194,ok
1C4Z,32,PD59A,AD59P,0.9205,-1.0793,-0.15879999999999994,D,59,P,A,"ABC,D",0,1194,ok
1C4Z,22,KD97A,AD97K,0.1896,-0.1965,-0.006900000000000017,D,97,K,A,"ABC,D",0,1194,ok
1C4Z,35,RD2A,AD2R,1.9631,-1.9607,0.0023999999999999577,D,2,R,A,"ABC,D",0,1194,ok
1C4Z,33,PD94A,AD94P,1.06,-0.6479,0.4121,D,94,P,A,"ABC,D",0,1194,ok
1C4Z,23,KD97E,ED97K,0.5129,-0.5145,-0.0015999999999999348,D,97,K,E,"ABC,D",0,1194,ok
1C4Z,39,RD49A,AD49R,0.0,0.0,0.0,D,49,R,A,"ABC,D",0,1194,ok
1C4Z,36,RD2E,ED2R,1.617,-2.5537,-0.9367000000000001,D,2,R,E,"ABC,D",0,1194,ok
1CBW,1,FI33A,AI33F,0.0483,-0.0453,0.0030000000000000027,I,33,F,A,"FGH,I",0,297,ok
1CBW,2,GI12A,AI12G,0.1094,-0.2221,-0.1127,I,12,G,A,"FGH,I",0,297,ok
1C4Z,42,SD1A,AD1S,-0.3004,0.3605,0.06009999999999999,D,1,S,A,"ABC,D",0,1194,ok
1CBW,3,GI36A,AI36G,-0.0787,-0.0838,-0.1625,I,36,G,A,"FGH,I",0,297,ok
1C4Z,46,WD92A,AD92W,-0.2121,0.1372,-0.07490000000000002,D,92,W,A,"ABC,D",0,1194,ok
1C4Z,38,RD3E,ED3R,4.3947,-3.2526,1.1421000000000001,D,3,R,E,"ABC,D",0,1194,ok
1CBW,5,II18A,AI18I,-0.0295,-0.0086,-0.038099999999999995,I,18,I,A,"FGH,I",0,297,ok
1CBW,6,II19A,AI19I,0.4241,0.1387,0.5628,I,19,I,A,"FGH,I",0,297,ok
1C4Z,19,KD6E,ED6K,0.6654,-0.8606,-0.19520000000000004,D,6,K,E,"ABC,D",0,1194,ok
1CBW,4,GI37A,AI37G,1.887,-1.887,0.0,I,37,G,A,"FGH,I",0,297,ok
1C4Z,37,RD3A,AD3R,2.2509,-3.32,-1.0690999999999997,D,3,R,A,"ABC,D",0,1194,ok
1CBW,10,KI15F,FI15K,-2.7746,3.1651,0.39049999999999985,I,15,K,F,"FGH,I",0,297,ok
1CBW,7,KI15A,AI15K,-0.2763,0.6353,0.359,I,15,K,A,"FGH,I",0,297,ok
1CBW,13,KI15I,II15K,-0.5894,0.7574,0.16799999999999993,I,15,K,I,"FGH,I",0,297,ok
1CBW,12,KI15H,HI15K,-0.5145,0.9595,0.44500000000000006,I,15,K,H,"FGH,I",0,297,ok
1CBW,9,KI15E,EI15K,1.9479,-1.5715,0.37640000000000007,I,15,K,E,"FGH,I",0,297,ok
1CBW,11,KI15G,GI15K,0.4545,-0.2941,0.16040000000000004,I,15,K,G,"FGH,I",0,297,ok
1CBW,8,KI15D,DI15K,1.9389,-1.5333,0.40559999999999996,I,15,K,D,"FGH,I",0,297,ok
1CBW,16,KI15N,NI15K,-0.3312,0.3842,0.05299999999999999,I,15,K,N,"FGH,I",0,297,ok
1CBW,14,KI15L,LI15K,-2.1277,2.5303,0.40260000000000007,I,15,K,L,"FGH,I",0,297,ok
1CBW,17,KI15Q,QI15K,0.1859,-0.1329,0.05300000000000002,I,15,K,Q,"FGH,I",0,297,ok
1CBW,15,KI15M,MI15K,-1.633,2.1683,0.5352999999999999,I,15,K,M,"FGH,I",0,297,ok
1CBW,24,KI46A,AI46K,0.0315,-0.0603,-0.0288,I,46,K,A,"FGH,I",0,297,ok
1CBW,21,KI15V,VI15K,0.1918,0.0697,0.2615,I,15,K,V,"FGH,I",0,297,ok
1CBW,19,KI15S,SI15K,1.1354,-0.5966,0.5388,I,15,K,S,"FGH,I",0,297,ok
1CBW,18,KI15R,RI15K,-0.5003,0.7495,0.2492000000000001,I,15,K,R,"FGH,I",0,297,ok
1CBW,25,PI13A,AI13P,0.2997,-0.2678,0.03190000000000004,I,13,P,A,"FGH,I",0,297,ok
1CBW,23,KI15Y,YI15K,-2.6604,3.026,0.3655999999999997,I,15,K,Y,"FGH,I",0,297,ok
1CBW,22,KI15W,WI15K,-2.0553,2.1556,0.10030000000000028,I,15,K,W,"FGH,I",0,297,ok
1CBW,26,RI17A,AI17R,0.4695,0.1872,0.6567,I,17,R,A,"FGH,I",0,297,ok
1CBW,30,VI34A,AI34V,0.4853,-0.4389,0.0464,I,34,V,A,"FGH,I",0,297,ok
1CBW,20,KI15T,TI15K,0.4861,0.7072,1.1933,I,15,K,T,"FGH,I",0,297,ok
1CBW,27,RI20A,AI20R,0.4682,0.0289,0.4971,I,20,R,A,"FGH,I",0,297,ok
1CHO,1,AI12C,CI12A,0.3338,-0.3338,0.0,I,12,A,C,"EFG,I",0,291,ok
1CBW,29,TI11A,AI11T,0.2829,-0.2484,0.034499999999999975,I,11,T,A,"FGH,I",0,297,ok
1CBW,31,YI35A,AI35Y,0.2006,-0.3928,-0.19219999999999998,I,35,Y,A,"FGH,I",0,297,ok
1CHO,5,AI12G,GI12A,1.4762,-1.4441,0.03210000000000002,I,12,A,G,"EFG,I",0,291,ok
1CHO,2,AI12D,DI12A,0.8187,-0.7484,0.07030000000000003,I,12,A,D,"EFG,I",0,291,ok
1CBW,28,RI39A,AI39R,1.7924,-2.0607,-0.2683000000000002,I,39,R,A,"FGH,I",0,297,ok
1CHO,6,AI12H,HI12A,0.2156,0.0113,0.22690000000000002,I,12,A,H,"EFG,I",0,291,ok
1CHO,7,AI12I,II12A,-0.0244,1.9965,1.9721,I,12,A,I,"EFG,I",0,291,ok
1CHO,9,AI12L,LI12A,-1.5851,1.5851,0.0,I,12,A,L,"EFG,I",0,291,ok
1CHO,3,AI12E,EI12A,0.0293,-0.1057,-0.0764,I,12,A,E,"EFG,I",0,291,ok
1CHO,4,AI12F,FI12A,0.1337,-0.2247,-0.091,I,12,A,F,"EFG,I",0,291,ok
1CHO,8,AI12K,KI12A,-0.2404,0.2907,0.05030000000000001,I,12,A,K,"EFG,I",0,291,ok
1CHO,15,AI12S,SI12A,1.0634,-1.0634,0.0,I,12,A,S,"EFG,I",0,291,ok
1CHO,17,AI12V,VI12A,-1.0951,1.5756,0.4804999999999999,I,12,A,V,"EFG,I",0,291,ok
1CHO,12,AI12P,PI12A,-0.3584,0.7827,0.42429999999999995,I,12,A,P,"EFG,I",0,291,ok
1CHO,10,AI12M,MI12A,-1.4582,1.4219,-0.0363,I,12,A,M,"EFG,I",0,291,ok
1CHO,16,AI12T,TI12A,0.5129,-0.5591,-0.04620000000000002,I,12,A,T,"EFG,I",0,291,ok
1CHO,11,AI12N,NI12A,0.5153,-0.6065,-0.09120000000000006,I,12,A,N,"EFG,I",0,291,ok
1CHO,18,AI12W,WI12A,-1.3135,1.3555,0.04200000000000004,I,12,A,W,"EFG,I",0,291,ok
1CHO,13,AI12Q,QI12A,0.0303,-0.0753,-0.045000000000000005,I,12,A,Q,"EFG,I",0,291,ok
1CHO,14,AI12R,RI12A,0.3104,-0.3286,-0.018199999999999994,I,12,A,R,"EFG,I",0,291,ok
1CHO,22,EI16D,DI16E,0.6721,-0.4915,0.18060000000000004,I,16,E,D,"EFG,I",0,291,ok
1CHO,23,EI16F,FI16E,1.1108,-0.9331,0.17769999999999997,I,16,E,F,"EFG,I",0,291,ok
1CHO,20,EI16A,AI16E,1.498,-0.9915,0.5065,I,16,E,A,"EFG,I",0,291,ok
1CHO,21,EI16C,CI16E,1.4825,-0.7572,0.7253,I,16,E,C,"EFG,I",0,291,ok
1CHO,26,EI16I,II16E,0.1396,-0.2939,-0.1543,I,16,E,I,"EFG,I",0,291,ok
1CHO,19,AI12Y,YI12A,-0.3501,0.2443,-0.10580000000000003,I,12,A,Y,"EFG,I",0,291,ok
1CHO,24,EI16G,GI16E,2.2571,-1.0161,1.2409999999999999,I,16,E,G,"EFG,I",0,291,ok
1CHO,28,EI16L,LI16E,1.1106,-0.7794,0.33120000000000005,I,16,E,L,"EFG,I",0,291,ok
1CHO,27,EI16K,KI16E,-0.7053,0.7674,0.06209999999999993,I,16,E,K,"EFG,I",0,291,ok
1CHO,25,EI16H,HI16E,0.9706,2.1886,3.1592000000000002,I,16,E,H,"EFG,I",0,291,ok
1CHO,29,EI16M,MI16E,0.6524,-0.2181,0.4343,I,16,E,M,"EFG,I",0,291,ok
1CHO,32,EI16Q,QI16E,1.08,-0.9617,0.11830000000000007,I,16,E,Q,"EFG,I",0,291,ok
1CHO,30,EI16N,NI16E,1.035,-0.9079,0.12709999999999988,I,16,E,N,"EFG,I",0,291,ok
1CHO,34,EI16S,SI16E,1.7709,-1.4582,0.3127,I,16,E,S,"EFG,I",0,291,ok
1CHO,33,EI16R,RI16E,-2.8168,2.467,-0.3498000000000001,I,16,E,R,"EFG,I",0,291,ok
1CHO,39,GI29A,AI29G,0.9002,-0.9839,-0.0837,I,29,G,A,"EFG,I",0,291,ok
1CHO,31,EI16P,PI16E,-0.005,0.0469,0.0419,I,16,E,P,"EFG,I",0,291,ok
1CHO,35,EI16T,TI16E,0.2476,-1.5025,-1.2549,I,16,E,T,"EFG,I",0,291,ok
1CHO,36,EI16V,VI16E,3.2203,0.0045,3.2248,I,16,E,V,"EFG,I",0,291,ok
1CHO,40,GI29C,CI29G,2.5273,-1.169,1.3582999999999998,I,29,G,C,"EFG,I",0,291,ok
1CHO,41,GI29D,DI29G,4.1317,-2.1577,1.9740000000000002,I,29,G,D,"EFG,I",0,291,ok
1CHO,42,GI29E,EI29G,2.0635,-0.9836,1.0798999999999999,I,29,G,E,"EFG,I",0,291,ok
1CHO,37,EI16W,WI16E,1.1057,-0.9868,0.1188999999999999,I,16,E,W,"EFG,I",0,291,ok
1CHO,43,GI29F,FI29G,8.3069,0.9872,9.2941,I,29,G,F,"EFG,I",0,291,ok
1CHO,45,GI29I,II29G,4.1716,-3.0324,1.1391999999999998,I,29,G,I,"EFG,I",0,291,ok
1CHO,50,GI29P,PI29G,0.5411,-0.1952,0.3459,I,29,G,P,"EFG,I",0,291,ok
1CHO,48,GI29M,MI29G,0.7018,-0.6725,0.029299999999999993,I,29,G,M,"EFG,I",0,291,ok
1CHO,49,GI29N,NI29G,2.5613,-2.302,0.2593000000000001,I,29,G,N,"EFG,I",0,291,ok
1CHO,47,GI29L,LI29G,4.7151,-2.122,2.5930999999999997,I,29,G,L,"EFG,I",0,291,ok
1CHO,51,GI29Q,QI29G,1.6696,-1.0727,0.5969,I,29,G,Q,"EFG,I",0,291,ok
1CHO,38,EI16Y,YI16E,1.6563,0.8374,2.4937,I,16,E,Y,"EFG,I",0,291,ok
1CHO,53,GI29S,SI29G,1.5036,-1.5027,0.0009000000000001229,I,29,G,S,"EFG,I",0,291,ok
1CHO,54,GI29T,TI29G,3.7011,-1.132,2.5690999999999997,I,29,G,T,"EFG,I",0,291,ok
1CHO,44,GI29H,HI29G,12.4197,-2.0207,10.399000000000001,I,29,G,H,"EFG,I",0,291,ok
1CHO,55,GI29V,VI29G,3.5237,-3.1194,0.40429999999999966,I,29,G,V,"EFG,I",0,291,ok
1CHO,56,GI29W,WI29G,5.4013,-1.9309,3.4703999999999997,I,29,G,W,"EFG,I",0,291,ok
1CHO,57,GI29Y,YI29G,6.6773,2.6709,9.3482,I,29,G,Y,"EFG,I",0,291,ok
1CHO,58,KI10A,AI10K,0.0075,-0.4893,-0.4818,I,10,K,A,"EFG,I",0,291,ok
1CHO,59,KI10C,CI10K,-0.0126,-0.483,-0.4956,I,10,K,C,"EFG,I",0,291,ok
1CHO,60,KI10D,DI10K,-0.2942,-0.1478,-0.442,I,10,K,D,"EFG,I",0,291,ok
1CHO,61,KI10E,EI10K,-0.3516,0.0062,-0.34540000000000004,I,10,K,E,"EFG,I",0,291,ok
1CHO,52,GI29R,RI29G,2.9876,-1.64,1.3476000000000001,I,29,G,R,"EFG,I",0,291,ok
1CHO,63,KI10G,GI10K,0.2549,-0.25,0.0049000000000000155,I,10,K,G,"EFG,I",0,291,ok
1CHO,64,KI10H,HI10K,-0.2305,-0.1254,-0.3559,I,10,K,H,"EFG,I",0,291,ok
1CHO,62,KI10F,FI10K,-0.103,-0.3033,-0.4063,I,10,K,F,"EFG,I",0,291,ok
1CHO,66,KI10L,LI10K,-0.1043,-0.267,-0.3713,I,10,K,L,"EFG,I",0,291,ok
1CHO,67,KI10M,MI10K,-0.0084,-0.2966,-0.305,I,10,K,M,"EFG,I",0,291,ok
1CHO,68,KI10N,NI10K,-0.2006,-0.2374,-0.438,I,10,K,N,"EFG,I",0,291,ok
1CHO,65,KI10I,II10K,-0.2379,0.0115,-0.2264,I,10,K,I,"EFG,I",0,291,ok
1CHO,70,KI10Q,QI10K,-0.3407,-0.0028,-0.3435,I,10,K,Q,"EFG,I",0,291,ok
1CHO,72,KI10S,SI10K,0.2213,-0.2544,-0.03310000000000002,I,10,K,S,"EFG,I",0,291,ok
1CHO,77,LI15A,AI15L,2.7346,-2.7529,-0.018299999999999983,I,15,L,A,"EFG,I",0,291,ok
1CHO,73,KI10T,TI10K,-0.318,0.1166,-0.20140000000000002,I,10,K,T,"EFG,I",0,291,ok
1CHO,71,KI10R,RI10K,-0.2088,-0.3094,-0.5182,I,10,K,R,"EFG,I",0,291,ok
1CHO,74,KI10V,VI10K,-0.3556,0.3824,0.02679999999999999,I,10,K,V,"EFG,I",0,291,ok
1CHO,75,KI10W,WI10K,0.0133,-0.4948,-0.48150000000000004,I,10,K,W,"EFG,I",0,291,ok
1CHO,78,LI15C,CI15L,1.3019,-1.375,-0.07309999999999994,I,15,L,C,"EFG,I",0,291,ok
1CHO,81,LI15F,FI15L,0.9624,-0.9792,-0.016799999999999926,I,15,L,F,"EFG,I",0,291,ok
1CHO,79,LI15D,DI15L,4.1934,-4.1905,0.0028999999999994586,I,15,L,D,"EFG,I",0,291,ok
1CHO,82,LI15G,GI15L,3.5945,-3.7657,-0.1711999999999998,I,15,L,G,"EFG,I",0,291,ok
1CHO,80,LI15E,EI15L,4.6954,-4.7087,-0.01330000000000009,I,15,L,E,"EFG,I",0,291,ok
1CHO,83,LI15H,HI15L,1.5424,-1.5565,-0.014100000000000001,I,15,L,H,"EFG,I",0,291,ok
1CHO,84,LI15I,II15L,3.6934,-3.2121,0.48130000000000006,I,15,L,I,"EFG,I",0,291,ok
1CHO,86,LI15M,MI15L,0.8149,-0.839,-0.02410000000000001,I,15,L,M,"EFG,I",0,291,ok
1CHO,87,LI15N,NI15L,1.7616,-1.7757,-0.014100000000000001,I,15,L,N,"EFG,I",0,291,ok
1CHO,69,KI10P,PI10K,-0.3438,0.3329,-0.01090000000000002,I,10,K,P,"EFG,I",0,291,ok
1CHO,76,KI10Y,YI10K,-0.186,-0.3802,-0.5662,I,10,K,Y,"EFG,I",0,291,ok
1CHO,88,LI15P,PI15L,3.3628,-3.5618,-0.19899999999999984,I,15,L,P,"EFG,I",0,291,ok
1CHO,89,LI15Q,QI15L,2.9486,-2.919,0.02959999999999985,I,15,L,Q,"EFG,I",0,291,ok
1CHO,91,LI15S,SI15L,2.6855,-2.7225,-0.03699999999999992,I,15,L,S,"EFG,I",0,291,ok
1CHO,92,LI15T,TI15L,2.0739,-2.2399,-0.16599999999999993,I,15,L,T,"EFG,I",0,291,ok
1CHO,93,LI15V,VI15L,4.9716,-5.0924,-0.12080000000000002,I,15,L,V,"EFG,I",0,291,ok
1CHO,90,LI15R,RI15L,3.2187,-3.1732,0.045500000000000096,I,15,L,R,"EFG,I",0,291,ok
1CHO,94,LI15W,WI15L,0.4026,-0.4163,-0.01369999999999999,I,15,L,W,"EFG,I",0,291,ok
1CHO,95,LI15Y,YI15L,2.87,-2.8996,-0.02959999999999985,I,15,L,Y,"EFG,I",0,291,ok
1CHO,96,NI25S,SI25N,0.0,0.0,0.0,I,25,N,S,"EFG,I",0,291,ok
1CHO,97,NI33A,AI33N,1.214,-1.6689,-0.4549000000000001,I,33,N,A,"EFG,I",0,291,ok
1CHO,98,NI33C,CI33N,0.2708,-0.3588,-0.08800000000000002,I,33,N,C,"EFG,I",0,291,ok
1CHO,99,NI33D,DI33N,-0.3036,1.0805,0.7769,I,33,N,D,"EFG,I",0,291,ok
1CHO,100,NI33E,EI33N,1.1571,-1.5675,-0.4103999999999999,I,33,N,E,"EFG,I",0,291,ok
1CHO,101,NI33F,FI33N,0.9707,-0.7574,0.21330000000000005,I,33,N,F,"EFG,I",0,291,ok
1CHO,102,NI33G,GI33N,1.1846,-1.1226,0.062000000000000055,I,33,N,G,"EFG,I",0,291,ok
1CHO,85,LI15K,KI15L,1.5992,-1.6136,-0.014399999999999968,I,15,L,K,"EFG,I",0,291,ok
1CHO,104,NI33I,II33N,-1.0422,2.009,0.9667999999999999,I,33,N,I,"EFG,I",0,291,ok
1CHO,106,NI33L,LI33N,-1.01,1.355,0.345,I,33,N,L,"EFG,I",0,291,ok
1CHO,107,NI33M,MI33N,-0.4379,0.7763,0.3384,I,33,N,M,"EFG,I",0,291,ok
1CHO,46,GI29K,KI29G,10.0834,-0.5721,9.511299999999999,I,29,G,K,"EFG,I",0,291,ok
1CHO,108,NI33P,PI33N,0.8957,-0.6725,0.22320000000000007,I,33,N,P,"EFG,I",0,291,ok
1CHO,109,NI33Q,QI33N,0.5192,-0.8805,-0.36129999999999995,I,33,N,Q,"EFG,I",0,291,ok
1CHO,105,NI33K,KI33N,0.1607,0.1713,0.332,I,33,N,K,"EFG,I",0,291,ok
1CHO,103,NI33H,HI33N,1.0074,-1.3385,-0.33109999999999995,I,33,N,H,"EFG,I",0,291,ok
1CHO,111,NI33S,SI33N,1.3487,-1.4322,-0.08349999999999991,I,33,N,S,"EFG,I",0,291,ok
1CHO,110,NI33R,RI33N,-0.2306,0.3151,0.08449999999999999,I,33,N,R,"EFG,I",0,291,ok
1CHO,112,NI33T,TI33N,0.3163,-0.4236,-0.10729999999999995,I,33,N,T,"EFG,I",0,291,ok
1CHO,113,NI33V,VI33N,-0.5366,0.9503,0.41370000000000007,I,33,N,V,"EFG,I",0,291,ok
1CHO,114,NI33W,WI33N,-1.2869,1.9867,0.6998,I,33,N,W,"EFG,I",0,291,ok
1CHO,115,NI33Y,YI33N,-1.1082,1.1679,0.059699999999999864,I,33,N,Y,"EFG,I",0,291,ok
1CHO,118,PI11D,DI11P,-0.3887,0.3858,-0.0029000000000000137,I,11,P,D,"EFG,I",0,291,ok
1CHO,119,PI11E,EI11P,-1.3846,0.8467,-0.5379,I,11,P,E,"EFG,I",0,291,ok
1CHO,120,PI11F,FI11P,-0.0126,0.0873,0.0747,I,11,P,F,"EFG,I",0,291,ok
1CHO,116,PI11A,AI11P,0.2854,-0.4671,-0.18170000000000003,I,11,P,A,"EFG,I",0,291,ok
1CHO,117,PI11C,CI11P,0.3477,-0.2981,0.04960000000000003,I,11,P,C,"EFG,I",0,291,ok
1CHO,121,PI11G,GI11P,0.6133,-0.7272,-0.1139,I,11,P,G,"EFG,I",0,291,ok
1CHO,122,PI11H,HI11P,-0.0219,-0.2591,-0.28099999999999997,I,11,P,H,"EFG,I",0,291,ok
1CHO,123,PI11I,II11P,-0.0157,-0.2738,-0.2895,I,11,P,I,"EFG,I",0,291,ok
1CHO,128,PI11Q,QI11P,-1.0177,1.0036,-0.014100000000000001,I,11,P,Q,"EFG,I",0,291,ok
1CHO,125,PI11L,LI11P,-0.4096,0.1973,-0.21230000000000002,I,11,P,L,"EFG,I",0,291,ok
1CHO,126,PI11M,MI11P,-0.1636,-0.1761,-0.3397,I,11,P,M,"EFG,I",0,291,ok
1CHO,127,PI11N,NI11P,0.1299,-0.1379,-0.008000000000000007,I,11,P,N,"EFG,I",0,291,ok
1CHO,130,PI11S,SI11P,0.0921,-0.0904,0.001700000000000007,I,11,P,S,"EFG,I",0,291,ok
1CHO,129,PI11R,RI11P,0.0037,0.0185,0.022199999999999998,I,11,P,R,"EFG,I",0,291,ok
1CHO,124,PI11K,KI11P,-0.199,0.1748,-0.0242,I,11,P,K,"EFG,I",0,291,ok
1CHO,131,PI11T,TI11P,0.7822,-0.9753,-0.19309999999999994,I,11,P,T,"EFG,I",0,291,ok
1CHO,133,PI11W,WI11P,0.3974,-0.4115,-0.014100000000000001,I,11,P,W,"EFG,I",0,291,ok
1CHO,134,PI11Y,YI11P,0.1771,-0.1012,0.07590000000000001,I,11,P,Y,"EFG,I",0,291,ok
1CHO,132,PI11V,VI11P,0.5264,-0.5198,0.006599999999999939,I,11,P,V,"EFG,I",0,291,ok
1CHO,135,RI18A,AI18R,2.6797,-3.1558,-0.4761000000000002,I,18,R,A,"EFG,I",0,291,ok
1CHO,136,RI18C,CI18R,1.3621,-1.8374,-0.47529999999999983,I,18,R,C,"EFG,I",0,291,ok
1CHO,139,RI18F,FI18R,1.0037,-2.1304,-1.1266999999999998,I,18,R,F,"EFG,I",0,291,ok
1CHO,137,RI18D,DI18R,2.8371,-3.5365,-0.6994000000000002,I,18,R,D,"EFG,I",0,291,ok
1CHO,140,RI18G,GI18R,2.7379,-3.2835,-0.5456000000000003,I,18,R,G,"EFG,I",0,291,ok
1CHO,141,RI18H,HI18R,2.4735,-2.8837,-0.4102000000000001,I,18,R,H,"EFG,I",0,291,ok
1CHO,138,RI18E,EI18R,2.817,-3.3706,-0.5535999999999999,I,18,R,E,"EFG,I",0,291,ok
1CHO,144,RI18L,LI18R,1.4844,-1.9945,-0.5101,I,18,R,L,"EFG,I",0,291,ok
1CHO,142,RI18I,II18R,2.3108,-2.9762,-0.6654,I,18,R,I,"EFG,I",0,291,ok
1CHO,145,RI18M,MI18R,1.8334,-1.5903,0.24309999999999987,I,18,R,M,"EFG,I",0,291,ok
1CHO,146,RI18N,NI18R,1.0156,-1.8604,-0.8448,I,18,R,N,"EFG,I",0,291,ok
1CHO,149,RI18S,SI18R,1.9994,-2.0987,-0.09929999999999994,I,18,R,S,"EFG,I",0,291,ok
1CHO,148,RI18Q,QI18R,1.4619,-1.7576,-0.2957000000000001,I,18,R,Q,"EFG,I",0,291,ok
1CHO,147,RI18P,PI18R,2.204,-2.8621,-0.6580999999999997,I,18,R,P,"EFG,I",0,291,ok
1CHO,143,RI18K,KI18R,1.7341,-2.0003,-0.2662000000000002,I,18,R,K,"EFG,I",0,291,ok
1CHO,150,RI18T,TI18R,1.9489,-2.1294,-0.18049999999999988,I,18,R,T,"EFG,I",0,291,ok
1CHO,154,TI14A,AI14T,0.5195,-0.5868,-0.06730000000000003,I,14,T,A,"EFG,I",0,291,ok
1CHO,155,TI14C,CI14T,0.544,-0.4255,0.11850000000000005,I,14,T,C,"EFG,I",0,291,ok
1CHO,157,TI14E,EI14T,-0.4562,0.3069,-0.1493,I,14,T,E,"EFG,I",0,291,ok
1CHO,156,TI14D,DI14T,1.4469,-1.584,-0.1371,I,14,T,D,"EFG,I",0,291,ok
1CHO,159,TI14G,GI14T,1.0394,-0.6746,0.3648000000000001,I,14,T,G,"EFG,I",0,291,ok
1CHO,151,RI18V,VI18R,2.3348,-2.8724,-0.5375999999999999,I,18,R,V,"EFG,I",0,291,ok
1CHO,158,TI14F,FI14T,1.0295,-0.8277,0.2018000000000001,I,14,T,F,"EFG,I",0,291,ok
1CHO,152,RI18W,WI18R,1.2064,-1.5118,-0.3054000000000001,I,18,R,W,"EFG,I",0,291,ok
1CHO,161,TI14I,II14T,-0.3584,0.5298,0.17140000000000005,I,14,T,I,"EFG,I",0,291,ok
1CHO,153,RI18Y,YI18R,1.2456,-1.819,-0.5733999999999999,I,18,R,Y,"EFG,I",0,291,ok
1CHO,164,TI14M,MI14T,-0.9776,0.8968,-0.08079999999999998,I,14,T,M,"EFG,I",0,291,ok
1CHO,165,TI14N,NI14T,0.7216,-0.9943,-0.27269999999999994,I,14,T,N,"EFG,I",0,291,ok
1CHO,163,TI14L,LI14T,-0.7948,0.8018,0.007000000000000006,I,14,T,L,"EFG,I",0,291,ok
1CHO,160,TI14H,HI14T,0.0773,-0.1071,-0.029800000000000007,I,14,T,H,"EFG,I",0,291,ok
1CHO,167,TI14Q,QI14T,-0.2302,-0.3105,-0.5407,I,14,T,Q,"EFG,I",0,291,ok
1CHO,166,TI14P,PI14T,-0.506,0.8257,0.3197,I,14,T,P,"EFG,I",0,291,ok
1CHO,168,TI14R,RI14T,-0.1617,0.3764,0.2147,I,14,T,R,"EFG,I",0,291,ok
1CHO,170,TI14V,VI14T,-0.1173,-0.5187,-0.636,I,14,T,V,"EFG,I",0,291,ok
1CHO,169,TI14S,SI14T,1.0337,-1.1754,-0.14169999999999994,I,14,T,S,"EFG,I",0,291,ok
1CHO,171,TI14W,WI14T,1.873,-0.6996,1.1734,I,14,T,W,"EFG,I",0,291,ok
1CHO,162,TI14K,KI14T,-0.0415,-0.0693,-0.11080000000000001,I,14,T,K,"EFG,I",0,291,ok
1CHO,177,YI17F,FI17Y,-0.134,0.2398,0.1058,I,17,Y,F,"EFG,I",0,291,ok
1CHO,172,TI14Y,YI14T,0.678,-0.7678,-0.08979999999999999,I,14,T,Y,"EFG,I",0,291,ok
1CHO,175,YI17D,DI17Y,1.5539,-1.5246,0.029300000000000104,I,17,Y,D,"EFG,I",0,291,ok
1CHO,176,YI17E,EI17Y,1.0033,-0.8186,0.1847000000000001,I,17,Y,E,"EFG,I",0,291,ok
1CHO,173,YI17A,AI17Y,0.579,-0.5689,0.010099999999999998,I,17,Y,A,"EFG,I",0,291,ok
1CHO,174,YI17C,CI17Y,0.8761,-0.7223,0.15379999999999994,I,17,Y,C,"EFG,I",0,291,ok
1CHO,179,YI17H,HI17Y,0.4186,-0.3763,0.042300000000000004,I,17,Y,H,"EFG,I",0,291,ok
1CHO,178,YI17G,GI17Y,1.1591,-1.0727,0.08640000000000003,I,17,Y,G,"EFG,I",0,291,ok
1CHO,183,YI17M,MI17Y,-0.0709,0.1143,0.043399999999999994,I,17,Y,M,"EFG,I",0,291,ok
1CHO,180,YI17I,II17Y,1.1573,-1.1645,-0.007200000000000095,I,17,Y,I,"EFG,I",0,291,ok
1CHO,185,YI17P,PI17Y,5.958,-6.452,-0.4939999999999998,I,17,Y,P,"EFG,I",0,291,ok
1CHO,182,YI17L,LI17Y,-0.9307,1.1104,0.17970000000000008,I,17,Y,L,"EFG,I",0,291,ok
1CHO,189,YI17T,TI17Y,1.6652,-1.6312,0.03400000000000003,I,17,Y,T,"EFG,I",0,291,ok
1CHO,184,YI17N,NI17Y,0.8546,-0.6416,0.21300000000000008,I,17,Y,N,"EFG,I",0,291,ok
1CHO,191,YI17W,WI17Y,-1.225,1.2774,0.0524,I,17,Y,W,"EFG,I",0,291,ok
1CHO,186,YI17Q,QI17Y,-0.0737,-0.0431,-0.1168,I,17,Y,Q,"EFG,I",0,291,ok
1CHO,187,YI17R,RI17Y,-0.9159,1.4311,0.5152,I,17,Y,R,"EFG,I",0,291,ok
1CHO,188,YI17S,SI17Y,1.7338,-1.6262,0.10759999999999992,I,17,Y,S,"EFG,I",0,291,ok
1CHO,190,YI17V,VI17Y,1.4864,-0.0695,1.4169,I,17,Y,V,"EFG,I",0,291,ok
1CZ8,1,LL4M,ML4L,0.0,0.0,0.0,L,4,L,M,"HL,VW",0,619,ok
1CHO,181,YI17K,KI17Y,0.1118,-0.6644,-0.5526,I,17,Y,K,"EFG,I",0,291,ok
1DAN,4,DU55A,AU55D,0.0401,-0.0401,0.0,U,55,D,A,"HL,UT",0,577,ok
1DAN,6,ET21A,AT21E,0.0531,-0.0362,0.0169,T,21,E,A,"HL,UT",0,577,ok
1DAN,3,DT56A,AT56D,-0.3175,1.3449,1.0274,T,56,D,A,"HL,UT",0,577,ok
1DAN,2,DT53E,ET53D,1.7535,-1.9181,-0.16459999999999986,T,53,D,E,"HL,UT",0,577,ok
1DAN,5,ET19A,AT19E,0.6225,0.0121,0.6346,T,19,E,A,"HL,UT",0,577,ok
1DAN,8,EU114A,AU114E,0.0144,-0.3269,-0.3125,U,114,E,A,"HL,UT",0,577,ok
1DAN,10,EU38A,AU38E,0.113,-0.1164,-0.0034000000000000002,U,38,E,A,"HL,UT",0,577,ok
1DAN,9,EU15A,AU15E,0.0035,0.0,0.0035,U,15,E,A,"HL,UT",0,577,ok
1DAN,11,EU9A,AU9E,-0.0041,-0.0239,-0.028,U,9,E,A,"HL,UT",0,577,ok
1DAN,7,ET57A,AT57E,0.2124,0.0699,0.2823,T,57,E,A,"HL,UT",0,577,ok
1DAN,1,DT53A,AT53D,1.0742,1.2521,2.3263,T,53,D,A,"HL,UT",0,577,ok
1DAN,12,FT45A,AT45F,2.3787,2.2267,4.6053999999999995,T,45,F,A,"HL,UT",0,577,ok
1DAN,14,FU50A,AU50F,1.4205,-1.3491,0.07140000000000013,U,50,F,A,"HL,UT",0,577,ok
1DAN,13,FT71A,AT71F,0.9728,-0.8872,0.08560000000000001,T,71,F,A,"HL,UT",0,577,ok
1DAN,15,FU57A,AU57F,0.0,0.0,0.0,U,57,F,A,"HL,UT",0,577,ok
1DAN,20,IT58A,AT58I,0.3995,-0.3995,0.0,T,58,I,A,"HL,UT",0,577,ok
1DAN,21,IU62A,AU62I,0.0,0.0,0.0,U,62,I,A,"HL,UT",0,577,ok
1DAN,17,GU70R,RU70G,0.003,-0.003,0.0,U,70,G,R,"HL,UT",0,577,ok
1DAN,16,GT38A,AT38G,0.1692,-0.148,0.021199999999999997,T,38,G,A,"HL,UT",0,577,ok
1DAN,18,IT17A,AT17I,0.9948,-0.778,0.2168,T,17,I,A,"HL,UT",0,577,ok
1DAN,22,KH189A,AH189K,0.0,0.0,0.0,H,189,K,A,"HL,UT",0,577,ok
1DAN,19,IT33A,AT33I,0.1014,-0.0997,0.001700000000000007,T,33,I,A,"HL,UT",0,577,ok
1DAN,26,KT23A,AT23K,-0.0218,0.0209,-0.0009000000000000015,T,23,K,A,"HL,UT",0,577,ok
1DAN,23,KT10A,AT10K,-0.2292,0.0282,-0.20099999999999998,T,10,K,A,"HL,UT",0,577,ok
1DAN,27,KT36A,AT36K,-0.0578,0.0594,0.0016000000000000042,T,36,K,A,"HL,UT",0,577,ok
1DAN,24,KT15A,AT15K,2.5716,-2.7168,-0.1452,T,15,K,A,"HL,UT",0,577,ok
1DAN,30,KT63A,AT63K,0.0001,-0.0001,0.0,T,63,K,A,"HL,UT",0,577,ok
1DAN,31,KU32A,AU32K,0.0,0.0,0.0,U,32,K,A,"HL,UT",0,577,ok
1DAN,32,KU75A,AU75K,0.0009,-0.0011,-0.0002000000000000001,U,75,K,A,"HL,UT",0,577,ok
1DAN,34,LH135A,AH135L,0.0,0.0,0.0,H,135,L,A,"HL,UT",0,577,ok
1DAN,29,KT43A,AT43K,0.6026,-0.5486,0.05400000000000005,T,43,K,A,"HL,UT",0,577,ok
1DAN,33,KU87A,AU87K,-0.0055,0.0,-0.0055,U,87,K,A,"HL,UT",0,577,ok
1DAN,25,KT15R,RT15K,1.0798,-1.7755,-0.6957,T,15,K,R,"HL,UT",0,577,ok
1DAN,36,LT67A,AT67L,0.0124,-0.0112,0.0011999999999999997,T,67,L,A,"HL,UT",0,577,ok
1DAN,35,LT54A,AT54L,0.0348,-0.0291,0.005699999999999997,T,54,L,A,"HL,UT",0,577,ok
1DAN,28,KT41A,AT41K,1.8033,-1.9607,-0.1574000000000002,T,41,K,A,"HL,UT",0,577,ok
1DAN,40,NT13A,AT13N,-0.3187,0.4071,0.08840000000000003,T,13,N,A,"HL,UT",0,577,ok
1DAN,39,MH154A,AH154M,1.7987,-1.9516,-0.15290000000000004,H,154,M,A,"HL,UT",0,577,ok
1DAN,38,LU82A,AU82L,0.0,0.0,0.0,U,82,L,A,"HL,UT",0,577,ok
1DAN,42,NU17A,AU17N,-0.0021,0.0021,0.0,U,17,N,A,"HL,UT",0,577,ok
1DAN,37,LU43A,AU43L,1.6955,-1.1964,0.4991000000000001,U,43,L,A,"HL,UT",0,577,ok
1DAN,41,NU105A,AU105N,0.0,0.0,0.0,U,105,N,A,"HL,UT",0,577,ok
1DAN,43,NU48A,AU48N,-0.011,0.0108,-0.0001999999999999988,U,48,N,A,"HL,UT",0,577,ok
1DAN,46,QT64A,AT64Q,0.0085,-0.0302,-0.0217,T,64,Q,A,"HL,UT",0,577,ok
1DAN,45,QT32A,AT32Q,1.6755,-1.836,-0.1605000000000001,T,32,Q,A,"HL,UT",0,577,ok
1DAN,44,PU2A,AU2P,0.3669,-0.3395,0.02739999999999998,U,2,P,A,"HL,UT",0,577,ok
1DAN,47,QU20A,AU20Q,0.0428,0.3087,0.3515,U,20,Q,A,"HL,UT",0,577,ok
1DAN,49,RU102A,AU102R,0.002,-0.002,0.0,U,102,R,A,"HL,UT",0,577,ok
1DAN,48,RH125A,AH125R,0.2449,-0.276,-0.031100000000000017,H,125,R,A,"HL,UT",0,577,ok
1DAN,50,RU41A,AU41R,0.4003,-0.4057,-0.005400000000000016,U,41,R,A,"HL,UT",0,577,ok
1DAN,52,RU46A,AU46R,-0.0174,0.0169,-0.0005000000000000004,U,46,R,A,"HL,UT",0,577,ok
1DAN,54,ST11A,AT11S,0.0174,-0.0173,9.99999999999994e-05,T,11,S,A,"HL,UT",0,577,ok
1DAN,55,ST37A,AT37S,0.2097,-0.2064,0.0032999999999999974,T,37,S,A,"HL,UT",0,577,ok
1DAN,51,RU45A,AU45R,0.9575,0.0116,0.9691000000000001,U,45,R,A,"HL,UT",0,577,ok
1DAN,56,ST42A,AT42S,0.0373,-0.0316,0.005699999999999997,T,42,S,A,"HL,UT",0,577,ok
1DAN,57,SU101A,AU101S,0.0,0.0,0.0,U,101,S,A,"HL,UT",0,577,ok
1DAN,53,RU54A,AU54R,0.0048,-0.0054,-0.0006000000000000007,U,54,R,A,"HL,UT",0,577,ok
1DAN,58,SU69A,AU69S,-0.0226,0.0226,0.0,U,69,S,A,"HL,UT",0,577,ok
1DAN,59,TT12A,AT12T,0.4324,-0.3535,0.07890000000000003,T,12,T,A,"HL,UT",0,577,ok
1DAN,60,TT47A,AT47T,0.1281,-0.1264,0.0016999999999999793,T,47,T,A,"HL,UT",0,577,ok
1DAN,62,TU103A,AU103T,0.0,0.0,0.0,U,103,T,A,"HL,UT",0,577,ok
1DAN,63,TU109A,AU109T,0.4966,-0.4743,0.022299999999999986,U,109,T,A,"HL,UT",0,577,ok
1DAN,65,TU49A,AU49T,0.3674,0.0251,0.3925,U,49,T,A,"HL,UT",0,577,ok
1DAN,64,TU42A,AU42T,-0.1049,0.1159,0.01100000000000001,U,42,T,A,"HL,UT",0,577,ok
1DAN,66,TU73A,AU73T,0.0,0.0001,0.0001,U,73,T,A,"HL,UT",0,577,ok
1DAN,61,TT55A,AT55T,-0.0988,0.1164,0.017600000000000005,T,55,T,A,"HL,UT",0,577,ok
1DAN,67,TU78A,AU78T,0.0,0.0,0.0,U,78,T,A,"HL,UT",0,577,ok
1DAN,69,VT31A,AT31V,0.0253,-0.0211,0.004199999999999999,T,31,V,A,"HL,UT",0,577,ok
1DAN,68,VT28A,AT28V,0.0153,-0.0372,-0.021899999999999996,T,28,V,A,"HL,UT",0,577,ok
1DAN,70,VT59A,AT59V,0.356,-0.3691,-0.0131,T,59,V,A,"HL,UT",0,577,ok
1DAN,71,VU104A,AU104V,-0.0052,0.0,-0.0052,U,104,V,A,"HL,UT",0,577,ok
1DAN,73,VU56A,AU56V,0.0,0.0,0.0,U,56,V,A,"HL,UT",0,577,ok
1DAN,75,WT20F,FT20W,0.1491,-0.1473,0.0018000000000000238,T,20,W,F,"HL,UT",0,577,ok
1DAN,72,VU113A,AU113V,2.4235,-2.4026,0.02090000000000014,U,113,V,A,"HL,UT",0,577,ok
1DAN,76,WT40A,AT40W,-0.0334,-0.2842,-0.3176,T,40,W,A,"HL,UT",0,577,ok
1DAN,78,WT9F,FT9W,0.0,0.0,0.0,T,9,W,F,"HL,UT",0,577,ok
1DAN,77,WT40F,FT40W,-0.9176,-1.1381,-2.0557,T,40,W,F,"HL,UT",0,577,ok
1DAN,79,WU68F,FU68W,0.9431,-0.7698,0.1733,U,68,W,F,"HL,UT",0,577,ok
1DAN,74,VU85A,AU85V,0.0,0.0,0.0,U,85,V,A,"HL,UT",0,577,ok
1DAN,80,YT46A,AT46Y,0.4007,-0.2726,0.1281,T,46,Y,A,"HL,UT",0,577,ok
1DAN,83,YU66L,LU66Y,-0.1936,0.1825,-0.011099999999999999,U,66,Y,L,"HL,UT",0,577,ok
1DAN,82,YU4A,AU4Y,2.9157,-2.4303,0.4854000000000003,U,4,Y,A,"HL,UT",0,577,ok
1DAN,85,YU91A,AU91Y,0.0713,-0.0709,0.0003999999999999976,U,91,Y,A,"HL,UT",0,577,ok
1DAN,81,YT73A,AT73Y,-0.176,0.0617,-0.11429999999999998,T,73,Y,A,"HL,UT",0,577,ok
1DQJ,2,DC101A,AC101D,1.6735,-1.6255,0.04800000000000004,C,101,D,A,"AB,C",0,553,ok
1DAN,84,YU67A,AU67Y,-0.4912,0.4914,0.00019999999999997797,U,67,Y,A,"HL,UT",0,577,ok
1DQJ,1,DB32A,AB32D,0.3059,-0.0337,0.2722,B,32,D,A,"AB,C",0,553,ok
1DQJ,11,SC100A,AC100S,-0.1984,0.5287,0.3302999999999999,C,100,S,A,"AB,C",0,553,ok
1DQJ,5,LC75A,AC75L,0.9107,-0.8347,0.07599999999999996,C,75,L,A,"AB,C",0,553,ok
1DQJ,8,NC93A,AC93N,2.2411,0.1138,2.3548999999999998,C,93,N,A,"AB,C",0,553,ok
1DQJ,12,TC89A,AC89T,0.1933,-0.1376,0.0557,C,89,T,A,"AB,C",0,553,ok
1DQJ,9,RC21A,AC21R,1.4227,-1.1886,0.23409999999999997,C,21,R,A,"AB,C",0,553,ok
1DQJ,3,KC96A,AC96K,0.5643,-0.5269,0.03739999999999999,C,96,K,A,"AB,C",0,553,ok
1DQJ,18,YB53A,AB53Y,1.7939,-1.6154,0.1785000000000001,B,53,Y,A,"AB,C",0,553,ok
1DQJ,14,WC62A,AC62W,1.0298,-0.0924,0.9374,C,62,W,A,"AB,C",0,553,ok
1DVF,1,DB100A,AB100D,3.3985,-3.4838,-0.08530000000000015,B,100,D,A,"AB,CD",0,451,ok
1DQJ,17,YB33A,AB33Y,3.1673,-1.8838,1.2835,B,33,Y,A,"AB,C",0,553,ok
1DVF,2,DB54A,AB54D,3.1382,-3.0602,0.07799999999999985,B,54,D,A,"AB,CD",0,451,ok
1DVF,3,DB58A,AB58D,1.2082,-1.1949,0.013299999999999867,B,58,D,A,"AB,CD",0,451,ok
1DQJ,15,WC63A,AC63W,1.7133,-1.829,-0.11569999999999991,C,63,W,A,"AB,C",0,553,ok
1DQJ,13,WB98A,AB98W,2.2185,-2.2446,-0.026100000000000012,B,98,W,A,"AB,C",0,553,ok
1DQJ,4,KC97A,AC97K,1.1877,-1.1711,0.016599999999999948,C,97,K,A,"AB,C",0,553,ok
1DQJ,19,YC20A,AC20Y,1.4911,-1.4451,0.04600000000000004,C,20,Y,A,"AB,C",0,553,ok
1DVF,4,DD52A,AD52D,0.2313,-0.2114,0.0199,D,52,D,A,"AB,CD",0,451,ok
1DVF,8,ID101A,AD101I,1.1634,-0.8594,0.30399999999999994,D,101,I,A,"AB,CD",0,451,ok
1DVF,10,NB56A,AB56N,-0.1315,0.1315,0.0,B,56,N,A,"AB,CD",0,451,ok
1DVF,11,ND55A,AD55N,1.2575,-1.218,0.03950000000000009,D,55,N,A,"AB,CD",0,451,ok
1DVF,5,EB98A,AB98E,2.1462,-1.4461,0.7001,B,98,E,A,"AB,CD",0,451,ok
1DVF,12,QD104A,AD104Q,0.4642,-0.9332,-0.46900000000000003,D,104,Q,A,"AB,CD",0,451,ok
1DVF,13,RB99A,AB99R,1.0945,-0.8463,0.24819999999999998,B,99,R,A,"AB,CD",0,451,ok
1DVF,7,HD33A,AD33H,0.6439,-0.6398,0.0040999999999999925,D,33,H,A,"AB,CD",0,451,ok
1DVF,16,TB30A,AB30T,0.0081,0.0287,0.0368,B,30,T,A,"AB,CD",0,451,ok
1DVF,14,RD106A,AD106R,0.7356,0.309,1.0446,D,106,R,A,"AB,CD",0,451,ok
1DVF,9,KD30A,AD30K,0.058,0.0741,0.1321,D,30,K,A,"AB,CD",0,451,ok
1DVF,18,WB52A,AB52W,2.2566,-2.2863,-0.02970000000000006,B,52,W,A,"AB,CD",0,451,ok
1GCQ,1,AC42G,GC42A,1.6964,-1.6378,0.058599999999999985,C,42,A,G,"AB,C",0,182,ok
1GCQ,2,GC21V,VC21G,9.5662,-9.5646,0.0015999999999998238,C,21,G,V,"AB,C",0,182,ok
1GCQ,4,PC19A,AC19P,0.126,-0.122,0.0040000000000000036,C,19,P,A,"AB,C",0,182,ok
1GCQ,3,PC18A,AC18P,1.6065,-1.5369,0.0696000000000001,C,18,P,A,"AB,C",0,182,ok
1DVF,23,YC49A,AC49Y,1.4874,-1.4295,0.05790000000000006,C,49,Y,A,"AB,CD",0,451,ok
1GCQ,5,PC5A,AC5P,1.0838,-1.0895,-0.005699999999999816,C,5,P,A,"AB,C",0,182,ok
1DVF,21,YB101A,AB101Y,1.7375,-1.5645,0.17300000000000004,B,101,Y,A,"AB,CD",0,451,ok
1GCQ,6,PC67A,AC67P,0.4145,-0.1706,0.24389999999999998,C,67,P,A,"AB,C",0,182,ok
1DVF,22,YB101F,FB101Y,0.8369,-0.6716,0.1653,B,101,Y,F,"AB,CD",0,451,ok
1DVF,24,YD102A,AD102Y,4.6187,-4.6719,-0.05320000000000036,D,102,Y,A,"AB,CD",0,451,ok
1GCQ,7,WC47Y,YC47W,1.8371,-1.9352,-0.09810000000000008,C,47,W,Y,"AB,C",0,182,ok
1JRH,1,DH56A,AH56D,-0.1777,0.1748,-0.002899999999999986,H,56,D,A,"LH,I",0,442,ok
1JRH,4,DL28A,AL28D,0.2698,-0.2372,0.03259999999999999,L,28,D,A,"LH,I",0,442,ok
1JRH,9,FH103A,AH103F,-0.0344,0.0209,-0.013500000000000002,H,103,F,A,"LH,I",0,442,ok
1JRH,7,EI45P,PI45E,-0.4863,0.4768,-0.009500000000000008,I,45,E,P,"LH,I",0,442,ok
1JRH,5,EI35Q,QI35E,-0.0895,0.0867,-0.002799999999999997,I,35,E,Q,"LH,I",0,442,ok
1JRH,10,GI40A,AI40G,1.0308,-0.4406,0.5902,I,40,G,A,"LH,I",0,442,ok
1JRH,6,EI45A,AI45E,0.3474,-0.3681,-0.020699999999999996,I,45,E,A,"LH,I",0,442,ok
1JRH,3,DH58A,AH58D,0.093,-0.0672,0.025800000000000003,H,58,D,A,"LH,I",0,442,ok
1JRH,2,DH57A,AH57D,0.0496,0.0644,0.11399999999999999,H,57,D,A,"LH,I",0,442,ok
1JRH,8,EL27A,AL27E,2.9478,-2.9285,0.019299999999999873,L,27,E,A,"LH,I",0,442,ok
1JRH,13,KI37M,MI37K,0.1532,-0.1801,-0.026900000000000007,I,37,K,M,"LH,I",0,442,ok
1JRH,12,KI37A,AI37K,1.7305,-1.1525,0.5779999999999998,I,37,K,A,"LH,I",0,442,ok
1JRH,18,NI38Q,QI38N,-0.0119,0.0144,0.0024999999999999988,I,38,N,Q,"LH,I",0,442,ok
1JRH,11,HH107A,AH107H,1.0912,-1.1163,-0.025100000000000122,H,107,H,A,"LH,I",0,442,ok
1JRH,21,RH100A,AH100R,1.5646,-0.6056,0.959,H,100,R,A,"LH,I",0,442,ok
1JRH,16,KI88A,AI88K,0.4069,-0.4456,-0.03870000000000001,I,88,K,A,"LH,I",0,442,ok
1JRH,17,NI38A,AI38N,0.0792,-0.0744,0.004800000000000013,I,38,N,A,"LH,I",0,442,ok
1JRH,20,NI69A,AI69N,1.3176,-0.9571,0.36050000000000015,I,69,N,A,"LH,I",0,442,ok
1JRH,19,NI43A,AI43N,-0.0459,0.1329,0.087,I,43,N,A,"LH,I",0,442,ok
1JRH,22,RI74A,AI74R,2.2475,-1.2167,1.0308000000000002,I,74,R,A,"LH,I",0,442,ok
1JRH,23,SI44A,AI44S,0.4536,-0.452,0.0015999999999999903,I,44,S,A,"LH,I",0,442,ok
1JRH,24,SL93A,AL93S,-0.2096,0.7063,0.49670000000000003,L,93,S,A,"LH,I",0,442,ok
1JRH,25,TI4V,VI4T,0.0,0.0,0.0,I,4,T,V,"LH,I",0,442,ok
1JRH,26,TL94A,AL94T,0.4456,-0.2645,0.18109999999999998,L,94,T,A,"LH,I",0,442,ok
1JRH,29,WH55A,AH55W,1.2761,-1.01,0.2661,H,55,W,A,"LH,I",0,442,ok
1JRH,15,KI42M,MI42K,-0.2526,0.0817,-0.1709,I,42,K,M,"LH,I",0,442,ok
1JRH,30,WI46F,FI46W,-0.3578,0.3719,0.014100000000000001,I,46,W,F,"LH,I",0,442,ok
1JRH,14,KI42A,AI42K,1.7429,-2.0477,-0.30479999999999996,I,42,K,A,"LH,I",0,442,ok
1JRH,31,WI46Y,YI46W,-1.6601,1.7039,0.04380000000000006,I,46,W,Y,"LH,I",0,442,ok
1JRH,32,WI72A,AI72W,1.765,-1.7637,0.0012999999999998568,I,72,W,A,"LH,I",0,442,ok
1JRH,33,WI72F,FI72W,0.6825,-0.7488,-0.06630000000000003,I,72,W,F,"LH,I",0,442,ok
1JRH,27,VI41A,AI41V,1.5786,-1.6115,-0.03289999999999993,I,41,V,A,"LH,I",0,442,ok
1JRH,34,WI72Y,YI72W,0.7529,-0.9051,-0.1522,I,72,W,Y,"LH,I",0,442,ok
1JRH,35,WL92A,AL92W,1.8367,-1.5057,0.33099999999999996,L,92,W,A,"LH,I",0,442,ok
1JRH,36,WL95A,AL95W,-0.0707,0.0861,0.015399999999999997,L,95,W,A,"LH,I",0,442,ok
1JRH,37,YH104A,AH104Y,1.3348,-0.9526,0.3822,H,104,Y,A,"LH,I",0,442,ok
1JRH,28,WH54A,AH54W,2.0152,-2.1863,-0.17110000000000003,H,54,W,A,"LH,I",0,442,ok
1JRH,38,YH32A,AH32Y,0.9934,-1.0337,-0.040300000000000114,H,32,Y,A,"LH,I",0,442,ok
1JRH,40,YI39A,AI39Y,1.8871,-2.3089,-0.42179999999999995,I,39,Y,A,"LH,I",0,442,ok
1JRH,41,YI39F,FI39Y,-0.5059,0.0841,-0.4218,I,39,Y,F,"LH,I",0,442,ok
1JRH,43,YL91A,AL91Y,-0.4294,0.3426,-0.08679999999999999,L,91,Y,A,"LH,I",0,442,ok
1MHP,1,FH99W,WH99F,-0.0576,0.0579,0.00030000000000000165,H,99,F,W,"HL,A",0,615,ok
1MHP,2,FH99Y,YH99F,0.0848,-0.0975,-0.012700000000000003,H,99,F,Y,"HL,A",0,615,ok
1JRH,42,YL30A,AL30Y,0.925,-0.9912,-0.06619999999999993,L,30,Y,A,"LH,I",0,442,ok
1KIQ,1,FB101Y,YB101F,1.175,-1.0838,0.09119999999999995,B,101,F,Y,"AB,C",0,352,ok
1MHP,3,GH100F,FH100G,2.1397,-2.1397,0.0,H,100,G,F,"HL,A",0,615,ok
1KIP,1,AB32Y,YB32A,-0.1083,-0.5463,-0.6546,B,32,A,Y,"AB,C",0,352,ok
1JRH,39,YH60A,AH60Y,0.9257,0.107,1.0327,H,60,Y,A,"LH,I",0,442,ok
1MHP,4,GH100I,IH100G,0.7288,-0.6903,0.03849999999999998,H,100,G,I,"HL,A",0,615,ok
1MHP,7,GH100S,SH100G,-0.4701,0.4679,-0.0022000000000000353,H,100,G,S,"HL,A",0,615,ok
1MHP,5,GH100L,LH100G,0.3609,-0.3229,0.03799999999999998,H,100,G,L,"HL,A",0,615,ok
1MHP,6,GH100M,MH100G,0.2371,-0.2455,-0.00839999999999999,H,100,G,M,"HL,A",0,615,ok
1MHP,8,GH100V,VH100G,0.3727,-0.7796,-0.4069,H,100,G,V,"HL,A",0,615,ok
1MHP,9,GH102S,SH102G,0.9431,-0.9435,-0.00039999999999995595,H,102,G,S,"HL,A",0,615,ok
1MHP,10,GH53A,AH53G,-0.788,0.2287,-0.5593,H,53,G,A,"HL,A",0,615,ok
1MHP,11,GH53N,NH53G,-0.0699,-0.1952,-0.2651,H,53,G,N,"HL,A",0,615,ok
1MHP,12,GH53Q,QH53G,4.6601,-4.6601,0.0,H,53,G,Q,"HL,A",0,615,ok
1MHP,13,GH53S,SH53G,0.2277,-0.6196,-0.3919,H,53,G,S,"HL,A",0,615,ok
1MHP,16,GH54M,MH54G,-0.8453,0.8666,0.021299999999999986,H,54,G,M,"HL,A",0,615,ok
1MHP,17,GH54N,NH54G,0.0318,-0.0318,0.0,H,54,G,N,"HL,A",0,615,ok
1MHP,15,GH54I,IH54G,-1.4943,1.5451,0.050799999999999956,H,54,G,I,"HL,A",0,615,ok
1MHP,18,GH54T,TH54G,-0.9376,1.0114,0.07380000000000009,H,54,G,T,"HL,A",0,615,ok
1MHP,20,GL91Q,QL91G,-0.0786,0.1382,0.059599999999999986,L,91,G,Q,"HL,A",0,615,ok
1MHP,19,GH54Y,YH54G,-1.153,1.191,0.038000000000000034,H,54,G,Y,"HL,A",0,615,ok
1MHP,14,GH53W,WH53G,18.5699,-18.9868,-0.41689999999999827,H,53,G,W,"HL,A",0,615,ok
1MHP,21,GL91S,SL91G,0.3059,-0.2949,0.01100000000000001,L,91,G,S,"HL,A",0,615,ok
1MHP,25,HL30W,WL30H,-2.0261,1.0652,-0.9609000000000001,L,30,H,W,"HL,A",0,615,ok
1MHP,24,HL30R,RL30H,-2.2756,1.0922,-1.1833999999999998,L,30,H,R,"HL,A",0,615,ok
1MHP,22,HH56Y,YH56H,0.3489,-0.5104,-0.16149999999999998,H,56,H,Y,"HL,A",0,615,ok
1MHP,27,KH64E,EH64K,-0.1839,0.1902,0.0063,H,64,K,E,"HL,A",0,615,ok
1MHP,28,KH64N,NH64K,-0.0601,0.0671,0.007000000000000006,H,64,K,N,"HL,A",0,615,ok
1MHP,23,HL30K,KL30H,0.8449,-0.3114,0.5335,L,30,H,K,"HL,A",0,615,ok
1MHP,26,KH64D,DH64K,-0.3675,0.1755,-0.192,H,64,K,D,"HL,A",0,615,ok
1MHP,30,LH60D,DH60L,-0.2172,0.2331,0.015899999999999997,H,60,L,D,"HL,A",0,615,ok
1MHP,31,LL48F,FL48L,-0.1035,0.1844,0.08090000000000001,L,48,L,F,"HL,A",0,615,ok
1MHP,29,KH64Q,QH64K,-0.1674,0.1764,0.009000000000000008,H,64,K,Q,"HL,A",0,615,ok
1MHP,36,NL29V,VL29N,0.1138,-0.0515,0.0623,L,29,N,V,"HL,A",0,615,ok
1MHP,33,LL48W,WL48L,-0.0624,0.1575,0.0951,L,48,L,W,"HL,A",0,615,ok
1MHP,35,NL29K,KL29N,-0.6524,0.2583,-0.3941,L,29,N,K,"HL,A",0,615,ok
1MHP,34,LL48Y,YL48L,-1.2762,1.353,0.07679999999999998,L,48,L,Y,"HL,A",0,615,ok
1MHP,39,NL51D,DL51N,0.2677,-0.2677,0.0,L,51,N,D,"HL,A",0,615,ok
1MHP,38,NL29Y,YL29N,-0.3902,0.4673,0.0771,L,29,N,Y,"HL,A",0,615,ok
1MHP,37,NL29W,WL29N,-1.3032,-0.0582,-1.3614,L,29,N,W,"HL,A",0,615,ok
1MHP,40,NL51E,EL51N,0.1462,-0.1452,0.0010000000000000009,L,51,N,E,"HL,A",0,615,ok
1MHP,41,NL51K,KL51N,-0.1605,0.1615,0.0010000000000000009,L,51,N,K,"HL,A",0,615,ok
1MHP,43,NL51Y,YL51N,-0.0295,0.0305,0.0010000000000000009,L,51,N,Y,"HL,A",0,615,ok
1MHP,42,NL51R,RL51N,-0.3796,0.3821,0.0025000000000000022,L,51,N,R,"HL,A",0,615,ok
1MHP,46,SH35A,AH35S,0.0077,-0.0471,-0.039400000000000004,H,35,S,A,"HL,A",0,615,ok
1MHP,32,LL48K,KL48L,-0.4935,0.5976,0.10410000000000003,L,48,L,K,"HL,A",0,615,ok
1MHP,44,NL92D,DL92N,1.1264,-1.3657,-0.23929999999999985,L,92,N,D,"HL,A",0,615,ok
1MHP,47,SH35Q,QH35S,-0.0671,-0.1897,-0.25680000000000003,H,35,S,Q,"HL,A",0,615,ok
1MHP,48,SH35V,VH35S,0.2883,-0.0462,0.2421,H,35,S,V,"HL,A",0,615,ok
1MHP,50,SH52T,TH52S,-0.1307,0.689,0.5582999999999999,H,52,S,T,"HL,A",0,615,ok
1MHP,45,RH31Q,QH31R,0.8743,-1.4997,-0.6254000000000001,H,31,R,Q,"HL,A",0,615,ok
1MHP,49,SH52M,MH52S,-0.2857,0.9674,0.6817,H,52,S,M,"HL,A",0,615,ok
1MHP,54,SL90Q,QL90S,-0.4066,0.4073,0.0006999999999999784,L,90,S,Q,"HL,A",0,615,ok
1MHP,52,SL27Q,QL27S,0.0,0.0,0.0,L,27,S,Q,"HL,A",0,615,ok
1MHP,56,SL90T,TL90S,-0.2039,0.0308,-0.1731,L,90,S,T,"HL,A",0,615,ok
1MHP,55,SL90R,RL90S,-2.2543,2.2802,0.02589999999999959,L,90,S,R,"HL,A",0,615,ok
1MHP,51,SL23R,RL23S,0.0,0.0,0.0,L,23,S,R,"HL,A",0,615,ok
1MHP,57,SL90W,WL90S,0.3659,-0.1039,0.262,L,90,S,W,"HL,A",0,615,ok
1MHP,53,SL90K,KL90S,-0.9078,0.9759,0.06809999999999994,L,90,S,K,"HL,A",0,615,ok
1MHP,58,TH33N,NH33T,-0.0096,0.0362,0.026600000000000006,H,33,T,N,"HL,A",0,615,ok
1MHP,60,TH33V,VH33T,-0.1634,0.2187,0.055300000000000016,H,33,T,V,"HL,A",0,615,ok
1MHP,59,TH33Q,QH33T,0.6016,0.0325,0.6341,H,33,T,Q,"HL,A",0,615,ok
1MHP,62,TH50Q,QH50T,0.7543,-0.661,0.09329999999999994,H,50,T,Q,"HL,A",0,615,ok
1MHP,61,TH50E,EH50T,-1.5499,1.604,0.05410000000000004,H,50,T,E,"HL,A",0,615,ok
1MHP,63,TH50V,VH50T,0.2048,-0.1909,0.013900000000000023,H,50,T,V,"HL,A",0,615,ok
1MHP,64,WL89Q,QL89W,1.6689,-1.6122,0.05669999999999997,L,89,W,Q,"HL,A",0,615,ok
1MHP,67,YH58W,WH58Y,-0.4125,1.0303,0.6178,H,58,Y,W,"HL,A",0,615,ok
1MHP,65,YH58E,EH58Y,3.9018,-3.2177,0.6841000000000004,H,58,Y,E,"HL,A",0,615,ok
1MHP,66,YH58Q,QH58Y,3.2832,-2.7834,0.4998,H,58,Y,Q,"HL,A",0,615,ok
1MHP,68,YH59E,EH59Y,-0.0919,0.1169,0.02500000000000001,H,59,Y,E,"HL,A",0,615,ok
1MI5,1,AD91G,GD91A,0.0754,-0.0772,-0.00180000000000001,D,91,A,G,"ABC,DE",0,827,ok
1MI5,2,AE97G,GE97A,1.4025,-1.4004,0.0020999999999999908,E,97,A,G,"ABC,DE",0,827,ok
1MI5,3,DD29A,AD29D,1.3795,-1.3738,0.005700000000000038,D,29,D,A,"ABC,DE",0,827,ok
1MI5,7,GD93A,AD93G,0.8347,-0.6482,0.1865,D,93,G,A,"ABC,DE",0,827,ok
1MI5,4,EE50A,AE50E,0.2431,-0.209,0.03410000000000002,E,50,E,A,"ABC,DE",0,827,ok
1MI5,5,EE99A,AE99E,0.0365,-0.0001,0.036399999999999995,E,99,E,A,"ABC,DE",0,827,ok
1MI5,6,GD92A,AD92G,0.1886,-0.2259,-0.0373,D,92,G,A,"ABC,DE",0,827,ok
1MI5,8,GD97A,AD97G,0.7334,-0.7334,0.0,D,97,G,A,"ABC,DE",0,827,ok
1MI5,9,GE26A,AE26G,0.0003,-0.0003,0.0,E,26,G,A,"ABC,DE",0,827,ok
1MI5,11,HD32A,AD32H,-0.0891,0.0924,0.0032999999999999974,D,32,H,A,"ABC,DE",0,827,ok
1MI5,10,GE95A,AE95G,0.4323,-0.3196,0.11270000000000002,E,95,G,A,"ABC,DE",0,827,ok
1MI5,13,KD98A,AD98K,-0.0916,-0.007,-0.09860000000000001,D,98,K,A,"ABC,DE",0,827,ok
1MI5,14,LD49A,AD49L,1.749,-2.4446,-0.6955999999999998,D,49,L,A,"ABC,DE",0,827,ok
1MI5,17,ND52A,AD52N,0.0208,-0.0267,-0.0059000000000000025,D,52,N,A,"ABC,DE",0,827,ok
1MI5,15,LD90A,AD90L,1.131,-1.4354,-0.3044,D,90,L,A,"ABC,DE",0,827,ok
1MI5,12,HD47A,AD47H,0.5564,-0.6711,-0.11470000000000002,D,47,H,A,"ABC,DE",0,827,ok
1MI5,19,PD89A,AD89P,-0.0443,0.0129,-0.0314,D,89,P,A,"ABC,DE",0,827,ok
1MI5,20,QE100A,AE100Q,0.0202,-0.0199,0.0002999999999999982,E,100,Q,A,"ABC,DE",0,827,ok
1MI5,18,NE49A,AE49N,-0.0483,0.032,-0.016300000000000002,E,49,N,A,"ABC,DE",0,827,ok
1MI5,23,SD23A,AD23S,0.0,0.0,0.0,D,23,S,A,"ABC,DE",0,827,ok
1MI5,16,LE94A,AE94L,0.3862,-0.2506,0.1356,E,94,L,A,"ABC,DE",0,827,ok
1MI5,22,QE96A,AE96Q,1.8443,-1.6043,0.24,E,96,Q,A,"ABC,DE",0,827,ok
1MI5,24,SD26A,AD26S,0.7826,-0.7799,0.0026999999999999247,D,26,S,A,"ABC,DE",0,827,ok
1MI5,21,QE48A,AE48Q,0.7163,0.5868,1.3031000000000001,E,48,Q,A,"ABC,DE",0,827,ok
1MI5,25,SD51A,AD51S,-0.0955,0.0855,-0.009999999999999995,D,51,S,A,"ABC,DE",0,827,ok
1MI5,26,SD95A,AD95S,0.0813,-0.0816,-0.0003000000000000086,D,95,S,A,"ABC,DE",0,827,ok
1MI5,27,SE25A,AE25S,0.0,0.0,0.0,E,25,S,A,"ABC,DE",0,827,ok
1MI5,28,SE29A,AE29S,0.1268,-0.0257,0.1011,E,29,S,A,"ABC,DE",0,827,ok
1MI5,29,SE92A,AE92S,0.0003,-0.0003,0.0,E,92,S,A,"ABC,DE",0,827,ok
1MI5,30,SE93A,AE93S,0.3006,-0.3009,-0.00030000000000002247,E,93,S,A,"ABC,DE",0,827,ok
1MI5,31,TD24A,AD24T,0.0,0.0,0.0,D,24,T,A,"ABC,DE",0,827,ok
1MI5,32,TD28A,AD28T,0.4527,-0.4297,0.022999999999999965,D,28,T,A,"ABC,DE",0,827,ok
1MI5,33,TD50A,AD50T,0.4926,-0.1917,0.30089999999999995,D,50,T,A,"ABC,DE",0,827,ok
1MI5,35,VE28A,AE28V,0.1813,-0.168,0.013299999999999979,E,28,V,A,"ABC,DE",0,827,ok
1MI5,38,YE101A,AE101Y,0.0884,-0.0062,0.08220000000000001,E,101,Y,A,"ABC,DE",0,827,ok
1MI5,34,TD94A,AD94T,0.5359,-0.4568,0.07910000000000006,D,94,T,A,"ABC,DE",0,827,ok
1MLC,5,SB57A,AB57S,-0.1865,0.149,-0.037500000000000006,B,57,S,A,"AB,E",0,561,ok
1MI5,37,YD96A,AD96Y,1.2139,-1.2191,-0.0052000000000000934,D,96,Y,A,"ABC,DE",0,827,ok
1MI5,36,YD30A,AD30Y,2.8992,-1.7923,1.1069,D,30,Y,A,"ABC,DE",0,827,ok
1MLC,6,SB57V,VB57S,-1.9439,1.8119,-0.1319999999999999,B,57,S,V,"AB,E",0,561,ok
1MLC,1,KB65D,DB65K,-0.3241,0.2305,-0.09359999999999999,B,65,K,D,"AB,E",0,561,ok
1MLC,7,TB28D,DB28T,-0.8094,0.8148,0.00539999999999996,B,28,T,D,"AB,E",0,561,ok
1MLC,8,TB31A,AB31T,0.4685,-0.3339,0.13460000000000005,B,31,T,A,"AB,E",0,561,ok
1MLC,9,TB31V,VB31T,-0.1504,0.2867,0.1363,B,31,T,V,"AB,E",0,561,ok
1MLC,10,TB31W,WB31T,-0.5091,0.6829,0.17379999999999995,B,31,T,W,"AB,E",0,561,ok
1N8O,2,ME80L,LE80M,-0.148,0.2946,0.14659999999999998,E,80,M,L,"ABC,E",0,375,ok
1MLC,11,TB58D,DB58T,-0.3112,0.3113,0.0001000000000000445,B,58,T,D,"AB,E",0,561,ok
1N8O,3,ME80R,RE80M,2.4802,-2.3931,0.08709999999999996,E,80,M,R,"ABC,E",0,375,ok
1MI5,39,YE98A,AE98Y,4.0177,-2.5515,1.4661999999999997,E,98,Y,A,"ABC,DE",0,827,ok
1N8O,1,ME80K,KE80M,1.4906,-1.5336,-0.04300000000000015,E,80,M,K,"ABC,E",0,375,ok
1N8Z,1,DB102W,WB102D,-0.4792,0.4274,-0.05180000000000001,B,102,D,W,"AB,C",0,1015,ok
1N8Z,2,FC539A,AC539F,0.1404,-0.1404,0.0,C,539,F,A,"AB,C",0,1015,ok
1N8Z,4,LC509A,AC509L,0.0,0.0,0.0,C,509,L,A,"AB,C",0,1015,ok
1N8Z,8,SC535A,AC535S,0.0,0.0,0.0,C,535,S,A,"AB,C",0,1015,ok
1N8Z,6,RB50A,AB50R,2.6467,-2.0707,0.5760000000000001,B,50,R,A,"AB,C",0,1015,ok
1N8Z,10,VC536A,AC536V,0.0,0.0,0.0,C,536,V,A,"AB,C",0,1015,ok
1N8Z,7,RB59A,AB59R,0.7109,-1.3297,-0.6188000000000001,B,59,R,A,"AB,C",0,1015,ok
1N8Z,11,YB105F,FB105Y,-0.8041,0.3098,-0.4943,B,105,Y,F,"AB,C",0,1015,ok
1NCA,2,EH100D,DH100E,2.8188,-2.5545,0.2643,H,100,E,D,"N,LH",0,824,ok
1N8Z,12,YB109V,VB109Y,-0.0023,0.0024,9.999999999999983e-05,B,109,Y,V,"AB,C",0,1015,ok
1NCA,3,NH102Q,QH102N,2.5931,-2.5971,-0.0040000000000000036,H,102,N,Q,"N,LH",0,824,ok
1NMB,1,DH57E,EH57D,0.5751,-0.0366,0.5385,H,57,D,E,"N,LH",0,619,ok
1NMB,3,LL94V,VL94L,1.0395,-0.9895,0.050000000000000044,L,94,L,V,"N,LH",0,619,ok
1NCA,4,NH31Q,QH31N,0.1901,-0.2756,-0.08550000000000002,H,31,N,Q,"N,LH",0,824,ok
1NMB,2,DH57N,NH57D,2.042,-1.3851,0.6568999999999998,H,57,D,N,"N,LH",0,619,ok
1NMB,4,TL93F,FL93T,0.1743,-0.164,0.010300000000000004,L,93,T,F,"N,LH",0,619,ok
1NMB,5,TL93W,WL93T,2.688,-1.8977,0.7903000000000002,L,93,T,W,"N,LH",0,619,ok
1NMB,7,YH105F,FH105Y,-0.1498,0.5975,0.44770000000000004,H,105,Y,F,"N,LH",0,619,ok
1NMB,8,YL32F,FL32Y,0.7372,-0.7533,-0.016100000000000003,L,32,Y,F,"N,LH",0,619,ok
1NMB,6,YH103A,AH103Y,1.6513,-0.9926,0.6587,H,103,Y,A,"N,LH",0,619,ok
1NCA,1,DH101K,KH101D,2.6615,-2.1994,0.4621000000000004,H,101,D,K,"N,LH",0,824,ok
1OGA,6,DE28A,AE28D,0.206,1.3664,1.5724,E,28,D,A,"ABC,DE",0,824,ok
1OGA,15,IE49A,AE49I,3.1486,-2.6273,0.5213000000000001,E,49,I,A,"ABC,DE",0,824,ok
1OGA,16,IE49G,GE49I,3.4791,-3.4454,0.03370000000000006,E,49,I,G,"ABC,DE",0,824,ok
1OGA,17,IE49L,LE49I,0.8972,-0.5426,0.3546,E,49,I,L,"ABC,DE",0,824,ok
1OGA,18,IE49N,NE49I,1.2225,-1.1767,0.04579999999999984,E,49,I,N,"ABC,DE",0,824,ok
1OGA,19,IE49V,VE49I,0.5122,-0.4744,0.0378,E,49,I,V,"ABC,DE",0,824,ok
1OGA,7,DE28S,SE28D,0.3965,1.159,1.5555,E,28,D,S,"ABC,DE",0,824,ok
1OGA,23,NE51A,AE51N,1.3912,-1.7122,-0.32099999999999995,E,51,N,A,"ABC,DE",0,824,ok
1OGA,8,DE52A,AE52D,0.6813,-0.6667,0.014600000000000057,E,52,D,A,"ABC,DE",0,824,ok
1OGA,24,NE51D,DE51N,0.8984,-0.9403,-0.04190000000000005,E,51,N,D,"ABC,DE",0,824,ok
1OGA,28,QD32A,AD32Q,-0.0272,0.0136,-0.0136,D,32,Q,A,"ABC,DE",0,824,ok
1OGA,29,QE48A,AE48Q,1.4395,-1.2992,0.1403000000000001,E,48,Q,A,"ABC,DE",0,824,ok
1OGA,32,QE54E,EE54Q,-0.1734,-0.0416,-0.215,E,54,Q,E,"ABC,DE",0,824,ok
1OGA,31,QE54A,AE54Q,0.5468,0.0866,0.6334,E,54,Q,A,"ABC,DE",0,824,ok
1OGA,35,RE94A,AE94R,4.8644,-3.5176,1.3468,E,94,R,A,"ABC,DE",0,824,ok
1OGA,37,SD29A,AD29S,-1.0129,1.0153,0.0024000000000001798,D,29,S,A,"ABC,DE",0,824,ok
1OGA,38,SD30A,AD30S,-0.0802,0.0781,-0.0020999999999999908,D,30,S,A,"ABC,DE",0,824,ok
1OGA,39,SE95A,AE95S,0.1797,-0.2002,-0.02049999999999999,E,95,S,A,"ABC,DE",0,824,ok
1OGA,30,QE48E,EE48Q,0.9979,-0.5885,0.4094,E,48,Q,E,"ABC,DE",0,824,ok
1REW,1,QC55A,AC55Q,1.2718,-1.3167,-0.04489999999999994,C,55,Q,A,"AB,C",0,292,ok
1QRN,1,AC6P,PC6A,-0.4971,0.4927,-0.0043999999999999595,C,6,A,P,"ABC,DE",0,826,ok
1OGA,47,YE97A,AE97Y,0.8172,-0.804,0.01319999999999999,E,97,Y,A,"ABC,DE",0,824,ok
1QSE,1,RC7V,VC7R,1.9285,-2.1484,-0.21989999999999998,C,7,R,V,"ABC,DE",0,826,ok
1OGA,48,YE97F,FE97Y,-0.5764,0.7444,0.16799999999999993,E,97,Y,F,"ABC,DE",0,824,ok
1VFB,1,DB100A,AB100D,2.8336,-2.882,-0.0484,B,100,D,A,"AB,C",0,352,ok
1U7F,1,DB140A,AB140D,2.0817,-2.2316,-0.1498999999999997,B,140,D,A,"B,AC",0,587,ok
1OGA,36,RE94H,HE94R,3.0503,-2.2488,0.8014999999999999,E,94,R,H,"ABC,DE",0,824,ok
1VFB,4,DB58E,EB58D,-0.0179,0.5126,0.4946999999999999,B,58,D,E,"AB,C",0,352,ok
1VFB,3,DB58A,AB58D,-0.6041,0.5949,-0.009199999999999986,B,58,D,A,"AB,C",0,352,ok
1QSF,1,AC8Y,YC8A,0.0515,0.1749,0.2264,C,8,A,Y,"ABC,DE",0,826,ok
1VFB,2,DB54A,AB54D,1.2195,-0.9107,0.3088000000000001,B,54,D,A,"AB,C",0,352,ok
1VFB,5,DB58N,NB58D,-0.1801,0.1784,-0.001700000000000007,B,58,D,N,"AB,C",0,352,ok
1U7F,2,RB65A,AB65R,2.4605,-2.4623,-0.0017999999999998018,B,65,R,A,"B,AC",0,587,ok
1VFB,8,EB98A,AB98E,-0.1692,0.1707,0.0015000000000000013,B,98,E,A,"AB,C",0,352,ok
1VFB,6,DC119A,AC119D,2.156,-2.504,-0.34799999999999986,C,119,D,A,"AB,C",0,352,ok
1VFB,7,DC18A,AC18D,0.941,1.002,1.943,C,18,D,A,"AB,C",0,352,ok
1VFB,13,IC124A,AC124I,0.7816,-0.9294,-0.14780000000000004,C,124,I,A,"AB,C",0,352,ok
1VFB,17,LC129A,AC129L,-0.5573,0.2891,-0.2682,C,129,L,A,"AB,C",0,352,ok
1VFB,19,NB56A,AB56N,0.01,0.0275,0.0375,B,56,N,A,"AB,C",0,352,ok
1VFB,9,GB31A,AB31G,-0.2085,0.4547,0.2462,B,31,G,A,"AB,C",0,352,ok
1VFB,20,NC19A,AC19N,0.4841,-0.5178,-0.03370000000000006,C,19,N,A,"AB,C",0,352,ok
1VFB,10,GB31E,EB31G,0.5987,0.907,1.5057,B,31,G,E,"AB,C",0,352,ok
1VFB,11,GB31W,WB31G,-1.3211,1.272,-0.04909999999999992,B,31,G,W,"AB,C",0,352,ok
1VFB,21,QC121A,AC121Q,4.5687,-3.4613,1.1073999999999997,C,121,Q,A,"AB,C",0,352,ok
1VFB,23,RB99W,WB99R,-0.5296,0.4747,-0.05489999999999995,B,99,R,W,"AB,C",0,352,ok
1VFB,22,RB99A,AB99R,-0.1038,-0.0034,-0.1072,B,99,R,A,"AB,C",0,352,ok
1VFB,24,RB99Y,YB99R,-0.0467,-0.0273,-0.074,B,99,R,Y,"AB,C",0,352,ok
1VFB,28,SB28E,EB28S,0.264,-0.264,0.0,B,28,S,E,"AB,C",0,352,ok
1VFB,29,SB28N,NB28S,0.3919,-0.3919,0.0,B,28,S,N,"AB,C",0,352,ok
1VFB,25,RC125A,AC125R,2.2756,-2.5947,-0.31910000000000016,C,125,R,A,"AB,C",0,352,ok
1VFB,27,SB28D,DB28S,0.1833,0.132,0.3153,B,28,S,D,"AB,C",0,352,ok
1VFB,31,SC24A,AC24S,0.0216,0.5409,0.5625,C,24,S,A,"AB,C",0,352,ok
1VFB,30,SB28Q,QB28S,0.3919,-0.3919,0.0,B,28,S,Q,"AB,C",0,352,ok
1VFB,14,KC116A,AC116K,-0.107,0.0606,-0.0464,C,116,K,A,"AB,C",0,352,ok
1VFB,36,VC120A,AC120V,0.4781,-0.441,0.03710000000000002,C,120,V,A,"AB,C",0,352,ok
1VFB,34,TB30A,AB30T,0.3108,-0.3108,0.0,B,30,T,A,"AB,C",0,352,ok
1VFB,35,TC118A,AC118T,1.2192,-1.1144,0.1048,C,118,T,A,"AB,C",0,352,ok
1VFB,38,WB52A,AB52W,1.7758,-2.1907,-0.41490000000000005,B,52,W,A,"AB,C",0,352,ok
1VFB,44,YB101A,AB101Y,3.951,-1.6492,2.3018,B,101,Y,A,"AB,C",0,352,ok
1VFB,45,YB101F,FB101Y,2.5337,-0.1423,2.3914,B,101,Y,F,"AB,C",0,352,ok
1VFB,47,YC23A,AC23Y,-0.0679,0.0702,0.0022999999999999965,C,23,Y,A,"AB,C",0,352,ok
1XGP,1,AB33F,FB33A,4.969,0.1139,5.0829,B,33,A,F,"AB,C",0,554,ok
1VFB,46,YB32E,EB32Y,-0.5624,1.0292,0.4667999999999999,B,32,Y,E,"AB,C",0,352,ok
1XGP,2,AB33I,IB33A,-0.5759,0.4415,-0.13439999999999996,B,33,A,I,"AB,C",0,554,ok
1XGP,3,AB33L,LB33A,0.6544,-0.3088,0.34559999999999996,B,33,A,L,"AB,C",0,554,ok
1XGQ,2,VB33F,FB33V,-0.059,0.1862,0.1272,B,33,V,F,"AB,C",0,554,ok
1XGP,4,AB33V,VB33A,0.3526,-0.2532,0.09940000000000004,B,33,A,V,"AB,C",0,554,ok
1XGQ,1,VB33A,AB33V,0.4084,-0.2853,0.12309999999999999,B,33,V,A,"AB,C",0,554,ok
1XGQ,3,VB33I,IB33V,-0.4205,0.5421,0.12160000000000004,B,33,V,I,"AB,C",0,554,ok
1XGR,3,IB33L,LB33I,-0.2677,0.2765,0.00880000000000003,B,33,I,L,"AB,C",0,554,ok
1XGQ,4,VB33L,LB33V,-0.8709,0.9921,0.12119999999999997,B,33,V,L,"AB,C",0,554,ok
1XGR,4,IB33V,VB33I,0.5067,-0.515,-0.008299999999999974,B,33,I,V,"AB,C",0,554,ok
1XGR,2,IB33F,FB33I,2.4771,-1.7569,0.7202000000000002,B,33,I,F,"AB,C",0,554,ok
1XGT,3,LB33I,IB33L,0.4122,-0.349,0.06320000000000003,B,33,L,I,"AB,C",0,554,ok
1XGR,1,IB33A,AB33I,1.6635,-0.9441,0.7193999999999999,B,33,I,A,"AB,C",0,554,ok
1XGT,4,LB33V,VB33L,0.9591,-0.8957,0.0633999999999999,B,33,L,V,"AB,C",0,554,ok
1XGT,1,LB33A,AB33L,1.3577,-1.4263,-0.0686,B,33,L,A,"AB,C",0,554,ok
1XGT,2,LB33F,FB33L,2.0101,-1.6241,0.3859999999999999,B,33,L,F,"AB,C",0,554,ok
1XGU,2,FB33I,IB33F,1.6493,-1.3369,0.3124,B,33,F,I,"AB,C",0,553,ok
1XGU,3,FB33L,LB33F,0.8465,-0.0378,0.8087,B,33,F,L,"AB,C",0,553,ok
1XGU,1,FB33A,AB33F,2.0846,-1.0398,1.0448,B,33,F,A,"AB,C",0,553,ok
1YY9,1,AC25P,PC25A,-0.0014,0.0,-0.0014,C,25,A,P,"CD,A",0,1044,ok
1XGU,4,FB33V,VB33F,3.2964,-1.5814,1.7150000000000003,B,33,F,V,"AB,C",0,553,ok
1YQV,1,RY45K,KY45R,3.1536,-3.4206,-0.2669999999999999,Y,45,R,K,"HL,Y",0,555,ok
1YY9,2,AD98P,PD98A,-0.0303,0.0172,-0.0131,D,98,A,P,"CD,A",0,1044,ok
1YY9,3,GD54P,PD54G,-0.8135,1.6539,0.8403999999999999,D,54,G,P,"CD,A",0,1044,ok
1YY9,4,LD29P,PD29L,-0.0097,0.0094,-0.0002999999999999999,D,29,L,P,"CD,A",0,1044,ok
1YY9,5,NC93A,AC93N,1.749,-1.7717,-0.022699999999999942,C,93,N,A,"CD,A",0,1044,ok
1YY9,6,ND56A,AD56N,0.1382,-0.1158,0.02239999999999999,D,56,N,A,"CD,A",0,1044,ok
1YY9,8,SC26P,PC26S,-0.0039,0.0106,0.0067,C,26,S,P,"CD,A",0,1044,ok
1YY9,7,SC26D,DC26S,0.0484,-0.3023,-0.2539,C,26,S,D,"CD,A",0,1044,ok
1YY9,9,SC28P,PC28S,-0.055,0.0171,-0.0379,C,28,S,P,"CD,A",0,1044,ok
1YY9,10,SC54P,PC54S,0.0002,-0.0002,0.0,C,54,S,P,"CD,A",0,1044,ok
1YY9,12,TC31E,EC31T,-0.108,0.1074,-0.0006000000000000033,C,31,T,E,"CD,A",0,1044,ok
1YY9,13,TC96P,PC96T,0.0448,0.3663,0.4111,C,96,T,P,"CD,A",0,1044,ok
1YY9,14,TD61E,ED61T,-0.4493,0.4485,-0.0007999999999999674,D,61,T,E,"CD,A",0,1044,ok
1YY9,15,WD52P,PD52W,3.144,-1.5469,1.5971000000000002,D,52,W,P,"CD,A",0,1044,ok
2AK4,4,EE97A,AE97E,0.1197,-0.1137,0.006000000000000005,E,97,E,A,"ABC,DE",0,833,ok
1YY9,16,YD101P,PD101Y,1.808,-0.9688,0.8392000000000001,D,101,Y,P,"CD,A",0,1044,ok
2AK4,7,HE27A,AE27H,0.2498,-0.2174,0.032399999999999984,E,27,H,A,"ABC,DE",0,833,ok
1YY9,11,SD53P,PD53S,0.6919,-0.6797,0.012199999999999989,D,53,S,P,"CD,A",0,1044,ok
2AK4,6,FD96A,AD96F,0.8328,-1.3421,-0.5093000000000001,D,96,F,A,"ABC,DE",0,833,ok
2AK4,9,LC10A,AC10L,-0.2374,0.2364,-0.0010000000000000009,C,10,L,A,"ABC,DE",0,833,ok
2AK4,5,FD53A,AD53F,2.1195,-1.6457,0.4738,D,53,F,A,"ABC,DE",0,833,ok
2AK4,10,LC5A,AC5L,-0.2521,0.1097,-0.14239999999999997,C,5,L,A,"ABC,DE",0,833,ok
2AK4,12,ND51A,AD51N,-0.0421,0.1139,0.0718,D,51,N,A,"ABC,DE",0,833,ok
2AK4,14,NE26A,AE26N,-0.1851,-0.011,-0.1961,E,26,N,A,"ABC,DE",0,833,ok
2AK4,11,LE94A,AE94L,1.8521,-1.9293,-0.07719999999999994,E,94,L,A,"ABC,DE",0,833,ok
2AK4,13,ND98A,AD98N,0.3735,-0.4039,-0.030399999999999983,D,98,N,A,"ABC,DE",0,833,ok
2AK4,15,NE28A,AE28N,1.0932,-1.0991,-0.005900000000000016,E,28,N,A,"ABC,DE",0,833,ok
2AK4,16,NE63A,AE63N,0.0,0.0,0.0,E,63,N,A,"ABC,DE",0,833,ok
2AK4,18,PC6A,AC6P,0.8148,-0.7496,0.06519999999999992,C,6,P,A,"ABC,DE",0,833,ok
2AK4,17,PC4A,AC4P,0.9701,-0.9417,0.02839999999999998,C,4,P,A,"ABC,DE",0,833,ok
2AK4,19,PE92A,AE92P,1.0843,-1.042,0.042300000000000004,E,92,P,A,"ABC,DE",0,833,ok
2AK4,24,QC9A,AC9Q,0.3585,-0.4096,-0.051100000000000034,C,9,Q,A,"ABC,DE",0,833,ok
2AK4,23,QC7A,AC7Q,2.1209,-1.3558,0.7650999999999999,C,7,Q,A,"ABC,DE",0,833,ok
2AK4,27,SD94A,AD94S,0.5534,-0.5549,-0.0014999999999999458,D,94,S,A,"ABC,DE",0,833,ok
2AK4,28,SE29G,GE29S,1.3153,-1.2936,0.02169999999999983,E,29,S,G,"ABC,DE",0,833,ok
2AK4,29,SE49A,AE49S,-0.3517,0.3533,0.0015999999999999903,E,49,S,A,"ABC,DE",0,833,ok
2AK4,31,TD30A,AD30T,-0.2705,-0.0818,-0.3523,D,30,T,A,"ABC,DE",0,833,ok
2AK4,32,YD32A,AD32Y,1.9387,-1.9022,0.0365000000000002,D,32,Y,A,"ABC,DE",0,833,ok
2AK4,33,YD97A,AD97Y,2.5312,-2.6637,-0.13249999999999984,D,97,Y,A,"ABC,DE",0,833,ok
2B0U,1,FC47A,AC47F,2.3603,-2.3677,-0.007400000000000073,C,47,F,A,"AB,C",0,519,ok
2B0U,3,FC52A,AC52F,2.6849,-0.5185,2.1664,C,52,F,A,"AB,C",0,519,ok
2B0U,5,IC51A,AC51I,2.7236,-2.277,0.44659999999999966,C,51,I,A,"AB,C",0,519,ok
2AK4,34,YE31A,AE31Y,1.4503,-1.4542,-0.0039000000000000146,E,31,Y,A,"ABC,DE",0,833,ok
2B0U,7,VC15E,EC15V,0.2643,-0.2068,0.05749999999999997,C,15,V,E,"AB,C",0,519,ok
2B0U,2,FC47E,EC47F,2.011,-1.8472,0.16380000000000017,C,47,F,E,"AB,C",0,519,ok
2B0U,6,IC51E,EC51I,2.3417,-2.4357,-0.0940000000000003,C,51,I,E,"AB,C",0,519,ok
2B2X,2,VH50T,TH50V,0.085,-0.1657,-0.08069999999999998,H,50,V,T,"HL,A",0,608,ok
2B0U,4,FC52E,EC52F,1.2222,2.8569,4.0791,C,52,F,E,"AB,C",0,519,ok
2B2X,1,EH64K,KH64E,0.5497,-0.5716,-0.02190000000000003,H,64,E,K,"HL,A",0,608,ok
2B2X,3,YL52E,EL52Y,0.2622,-0.2381,0.024099999999999983,L,52,Y,E,"HL,A",0,608,ok
2BDN,1,DH31E,EH31D,0.7735,-0.6807,0.0928,H,31,D,E,"HL,A",0,499,ok
2BDN,3,LH27R,RH27L,-0.3845,0.1738,-0.2107,H,27,L,R,"HL,A",0,499,ok
2BDN,2,LH27K,KH27L,-0.4451,0.2288,-0.2163,H,27,L,K,"HL,A",0,499,ok
2BDN,4,NH28D,DH28N,-0.3496,-0.0313,-0.3809,H,28,N,D,"HL,A",0,499,ok
2BDN,8,SL53D,DL53S,-0.2603,0.2972,0.036900000000000044,L,53,S,D,"HL,A",0,499,ok
2BDN,5,NH28Q,QH28N,0.1299,-0.0707,0.05919999999999999,H,28,N,Q,"HL,A",0,499,ok
2BDN,10,TL56D,DL56T,-0.1871,0.3264,0.13930000000000003,L,56,T,D,"HL,A",0,499,ok
2BDN,6,NL31K,KL31N,-0.2429,0.2431,0.00020000000000000573,L,31,N,K,"HL,A",0,499,ok
2BDN,9,SL53E,EL53S,-0.4012,0.4012,0.0,L,53,S,E,"HL,A",0,499,ok
2BDN,7,NL31R,RL31N,-1.486,1.4656,-0.020399999999999974,L,31,N,R,"HL,A",0,499,ok
2BDN,11,TL56E,EL56T,-0.3318,0.4167,0.08490000000000003,L,56,T,E,"HL,A",0,499,ok
2BDN,12,YL30K,KL30Y,-0.8503,1.1354,0.2851,L,30,Y,K,"HL,A",0,499,ok
2BNQ,1,VC9C,CC9V,-0.0932,0.0931,-0.00010000000000000286,C,9,V,C,"ABC,DE",0,829,ok
2BNR,4,CC9V,VC9C,0.1046,-0.1143,-0.0097,C,9,C,V,"ABC,DE",0,829,ok
2BNR,18,RA65A,AA65R,1.7375,-1.9216,-0.18409999999999993,A,65,R,A,"ABC,DE",1,829,ok
2BNR,15,QA155A,AA155Q,0.7271,0.1664,0.8935,A,155,Q,A,"ABC,DE",1,829,ok
2BNR,17,QA72A,AA72Q,1.4534,-0.5039,0.9495,A,72,Q,A,"ABC,DE",1,829,ok
2BNR,16,QA43A,AA43Q,-0.1113,-1.0551,-1.1663999999999999,A,43,Q,A,"ABC,DE",1,829,ok
2BNR,20,TA163A,AA163T,0.0836,-0.0985,-0.01490000000000001,A,163,T,A,"ABC,DE",1,829,ok
2BNR,22,TA73A,AA73T,1.2918,-1.983,-0.6912,A,73,T,A,"ABC,DE",1,829,ok
2BNR,19,RA75A,AA75R,-0.234,0.3451,0.1111,A,75,R,A,"ABC,DE",1,829,ok
2BNR,21,TA64A,AA64T,-0.7315,0.7132,-0.018300000000000094,A,64,T,A,"ABC,DE",1,829,ok
2BNR,24,VA152A,AA152V,0.1037,-0.1043,-0.0006000000000000033,A,152,V,A,"ABC,DE",1,829,ok
2E7L,1,FQ5R,RQ5F,0.8176,-1.9587,-1.1411000000000002,Q,5,F,R,"EQ,AD",0,408,ok
2BNR,25,VA67A,AA67V,-0.002,0.0209,0.0189,A,67,V,A,"ABC,DE",1,829,ok
2JEL,1,AP82S,SP82A,0.0,0.0,0.0,P,82,A,S,"LH,P",0,520,ok
2BNR,26,VA76A,AA76V,0.9098,-1.3351,-0.4252999999999999,A,76,V,A,"ABC,DE",1,829,ok
2BNR,23,TA80A,AA80T,0.002,-0.0021,-9.999999999999983e-05,A,80,T,A,"ABC,DE",1,829,ok
2J8U,1,AA66K,KA66A,3.7596,-3.6233,0.13629999999999987,A,66,A,K,"ABC,EF",1,815,ok
2JEL,3,EP5D,DP5E,0.0523,-0.0119,0.0404,P,5,E,D,"LH,P",0,520,ok
2JEL,2,DP69E,EP69D,-0.0995,0.03,-0.0695,P,69,D,E,"LH,P",0,520,ok
2JEL,4,EP5Q,QP5E,0.0179,0.0131,0.031,P,5,E,Q,"LH,P",0,520,ok
2JEL,6,EP68A,AP68E,0.3047,-0.2511,0.053600000000000037,P,68,E,A,"LH,P",0,520,ok
2JCC,1,AA167W,WA167A,0.022,-0.1267,-0.10470000000000002,A,167,A,W,"ABC,EF",1,815,ok
2JEL,7,EP70A,AP70E,1.9911,-2.0782,-0.08709999999999973,P,70,E,A,"LH,P",0,520,ok
2JEL,8,EP70K,KP70E,2.3295,-1.9804,0.34909999999999997,P,70,E,K,"LH,P",0,520,ok
2JEL,10,EP83A,AP83E,0.0043,0.0005,0.0048000000000000004,P,83,E,A,"LH,P",0,520,ok
2JEL,11,EP85A,AP85E,0.0,0.0,0.0,P,85,E,A,"LH,P",0,520,ok
2JEL,9,EP75R,RP75E,-0.0017,-0.3737,-0.37539999999999996,P,75,E,R,"LH,P",0,520,ok
2JEL,12,EP85D,DP85E,0.0,0.0,0.0,P,85,E,D,"LH,P",0,520,ok
2JEL,14,EP85Q,QP85E,0.0,0.0,0.0,P,85,E,Q,"LH,P",0,520,ok
2JEL,13,EP85K,KP85E,0.0,0.0,0.0,P,85,E,K,"LH,P",0,520,ok
2JEL,5,EP66K,KP66E,0.6541,1.1222,1.7763,P,66,E,K,"LH,P",0,520,ok
2JEL,16,FP2Y,YP2F,0.6219,-0.5458,0.07610000000000006,P,2,F,Y,"LH,P",0,520,ok
2JEL,15,FP2W,WP2F,1.2365,-0.2078,1.0287,P,2,F,W,"LH,P",0,520,ok
2JEL,18,HP76D,DP76H,0.0736,-0.0736,0.0,P,76,H,D,"LH,P",0,520,ok
2JEL,19,KP24E,EP24K,0.0,0.0,0.0,P,24,K,E,"LH,P",0,520,ok
2JEL,17,HP76A,AP76H,0.2304,0.2527,0.4831,P,76,H,A,"LH,P",0,520,ok
2JEL,24,NP12D,DP12N,0.0,0.0,0.0,P,12,N,D,"LH,P",0,520,ok
2JEL,25,NP38T,TP38N,0.0,0.0,0.0,P,38,N,T,"LH,P",0,520,ok
2JEL,26,PP11E,EP11P,0.0,0.0,0.0,P,11,P,E,"LH,P",0,520,ok
2JEL,20,KP27E,EP27K,0.0,0.0,0.0,P,27,K,E,"LH,P",0,520,ok
2JEL,22,KP72R,RP72K,0.0662,-0.0878,-0.021600000000000008,P,72,K,R,"LH,P",0,520,ok
2JEL,29,QP57E,EP57Q,0.0,0.0,0.0,P,57,Q,E,"LH,P",0,520,ok
2JEL,21,KP72E,EP72K,-0.5812,0.3385,-0.24270000000000003,P,72,K,E,"LH,P",0,520,ok
2JEL,27,QP3K,KP3Q,1.3063,-1.1147,0.1916,P,3,Q,K,"LH,P",0,520,ok
2JEL,30,QP71E,EP71Q,1.1365,-0.5896,0.5469,P,71,Q,E,"LH,P",0,520,ok
2JEL,23,KP79E,EP79K,-0.2907,0.2945,0.00379999999999997,P,79,K,E,"LH,P",0,520,ok
2JEL,28,QP4K,KP4Q,0.6062,0.4674,1.0735999999999999,P,4,Q,K,"LH,P",0,520,ok
2JEL,33,SP41C,CP41S,0.4972,-0.2242,0.27299999999999996,P,41,S,C,"LH,P",0,520,ok
2JEL,31,RP17G,GP17R,0.0,0.0,0.0,P,17,R,G,"LH,P",0,520,ok
2JEL,37,TP34N,NP34T,0.123,-0.095,0.027999999999999997,P,34,T,N,"LH,P",0,520,ok
2JEL,36,SP64T,TP64S,-0.557,0.4574,-0.09960000000000008,P,64,S,T,"LH,P",0,520,ok
2JEL,38,TP34Q,QP34T,-0.0613,0.0636,0.0023000000000000034,P,34,T,Q,"LH,P",0,520,ok
2JEL,39,TP36Q,QP36T,0.0224,-0.117,-0.0946,P,36,T,Q,"LH,P",0,520,ok
2JEL,40,TP62A,AP62T,0.109,-0.1077,0.0012999999999999956,P,62,T,A,"LH,P",0,520,ok
2JEL,35,SP46C,CP46S,0.0,0.0,0.0,P,46,S,C,"LH,P",0,520,ok
2JEL,32,RP17K,KP17R,0.0,0.0,0.0,P,17,R,K,"LH,P",0,520,ok
2JEL,34,SP43C,CP43S,0.0,0.0,0.0,P,43,S,C,"LH,P",0,520,ok
2JEL,42,TP7N,NP7T,0.0,0.0,0.0,P,7,T,N,"LH,P",0,520,ok
2JEL,41,TP62N,NP62T,-0.1744,0.1802,0.0058,P,62,T,N,"LH,P",0,520,ok
2JEL,43,TP7S,SP7T,0.0,0.0,0.0,P,7,T,S,"LH,P",0,520,ok
2JEL,44,VP6F,FP6V,-0.0047,0.0064,0.0017000000000000001,P,6,V,F,"LH,P",0,520,ok
2NYY,5,ED5Q,QD5E,0.0,0.0,0.0,D,5,E,Q,"DC,A",0,1700,ok
2NYY,2,DA1034A,AA1034D,2.6232,-1.6307,0.9925000000000002,A,1034,D,A,"DC,A",0,1700,ok
2NYY,7,FA925A,AA925F,3.2219,-3.1352,0.0867,A,925,F,A,"DC,A",0,1700,ok
2NYY,4,EA892A,AA892E,1.1545,-1.4776,-0.32309999999999994,A,892,E,A,"DC,A",0,1700,ok
2NYY,8,HA1036A,AA1036H,4.958,-4.8914,0.06660000000000021,A,1036,H,A,"DC,A",0,1700,ok
2NYY,3,DC30Y,YC30D,0.3647,-0.9401,-0.5754,C,30,D,Y,"DC,A",0,1700,ok
2NYY,6,FA889A,AA889F,0.1839,-0.2168,-0.032899999999999985,A,889,F,A,"DC,A",0,1700,ok
2NYY,1,DA1030A,AA1030D,1.2803,-1.285,-0.0046999999999999265,A,1030,D,A,"DC,A",0,1700,ok
2NYY,10,IA928A,AA928I,0.7724,-0.7546,0.017799999999999927,A,928,I,A,"DC,A",0,1700,ok
2NYY,16,MD33Q,QD33M,-0.0043,0.0118,0.0075,D,33,M,Q,"DC,A",0,1700,ok
2NYY,13,KA895A,AA895K,0.9695,-0.9717,-0.0021999999999999797,A,895,K,A,"DC,A",0,1700,ok
2NYY,12,KA875A,AA875K,1.1892,-1.1513,0.037900000000000045,A,875,K,A,"DC,A",0,1700,ok
2NYY,9,HC34R,RC34H,-0.4442,0.4584,0.01419999999999999,C,34,H,R,"DC,A",0,1700,ok
2NYY,15,LA891A,AA891L,1.3647,-1.1953,0.1694,A,891,L,A,"DC,A",0,1700,ok
2NYY,11,KA1028A,AA1028K,1.5174,-1.7295,-0.21209999999999996,A,1028,K,A,"DC,A",0,1700,ok
2NYY,14,KD29R,RD29K,-0.1216,0.0159,-0.1057,D,29,K,R,"DC,A",0,1700,ok
2NYY,17,NA890A,AA890N,0.078,-0.0577,0.0203,A,890,N,A,"DC,A",0,1700,ok
2NYY,18,NA926A,AA926N,1.5103,-1.7305,-0.22019999999999995,A,926,N,A,"DC,A",0,1700,ok
2NYY,19,QA887A,AA887Q,0.4022,0.0787,0.4809,A,887,Q,A,"DC,A",0,1700,ok
2NYY,20,RA1033A,AA1033R,2.185,-0.082,2.103,A,1033,R,A,"DC,A",0,1700,ok
2NYY,21,RA1266A,AA1266R,0.62,-0.8474,-0.22740000000000005,A,1266,R,A,"DC,A",0,1700,ok
2NYY,22,SA874A,AA874S,-0.2709,0.1094,-0.16149999999999998,A,874,S,A,"DC,A",0,1700,ok
2NYY,23,SA927A,AA927S,0.8937,-0.8659,0.027800000000000047,A,927,S,A,"DC,A",0,1700,ok
2NYY,24,SC28Q,QC28S,0.0001,0.0368,0.0369,C,28,S,Q,"DC,A",0,1700,ok
2NYY,25,SC31N,NC31S,2.109,-0.9823,1.1267,C,31,S,N,"DC,A",0,1700,ok
2NYY,27,VD36I,ID36V,0.0,0.0,0.0,D,36,V,I,"DC,A",0,1700,ok
2NYY,26,TA1035A,AA1035T,0.1406,-0.1628,-0.022199999999999998,A,1035,T,A,"DC,A",0,1700,ok
2NYY,28,YD30D,DD30Y,1.5256,-1.0463,0.47930000000000006,D,30,Y,D,"DC,A",0,1700,ok
2NZ9,1,DA1030A,AA1030D,1.8186,0.3291,2.1477,A,1030,D,A,"DC,A",0,1700,ok
2NZ9,2,DA1034A,AA1034D,1.5663,-1.5134,0.05289999999999995,A,1034,D,A,"DC,A",0,1700,ok
2NYY,30,YD56Q,QD56Y,1.4145,-1.355,0.05950000000000011,D,56,Y,Q,"DC,A",0,1700,ok
2NYY,29,YD30Q,QD30Y,-0.2968,0.7828,0.48600000000000004,D,30,Y,Q,"DC,A",0,1700,ok
2NZ9,4,FA889A,AA889F,-0.1284,-0.7654,-0.8937999999999999,A,889,F,A,"DC,A",0,1700,ok
2NZ9,3,EA892A,AA892E,1.6792,-0.6422,1.037,A,892,E,A,"DC,A",0,1700,ok
2NZ9,5,FA925A,AA925F,2.3618,-1.2871,1.0747000000000002,A,925,F,A,"DC,A",0,1700,ok
2NZ9,6,HA1036A,AA1036H,5.3202,-4.9131,0.4070999999999998,A,1036,H,A,"DC,A",0,1700,ok
2NZ9,7,IA928A,AA928I,0.7835,-0.7696,0.013900000000000023,A,928,I,A,"DC,A",0,1700,ok
2NZ9,12,NA890A,AA890N,0.7786,-0.7336,0.04499999999999993,A,890,N,A,"DC,A",0,1700,ok
2NZ9,13,NA926A,AA926N,1.1487,-0.8249,0.3238000000000001,A,926,N,A,"DC,A",0,1700,ok
2NZ9,11,LA891A,AA891L,2.7854,-2.1228,0.6626000000000003,A,891,L,A,"DC,A",0,1700,ok
2NZ9,10,KA895A,AA895K,0.5633,-0.5761,-0.012799999999999923,A,895,K,A,"DC,A",0,1700,ok
2NZ9,9,KA875A,AA875K,0.1184,-0.1422,-0.023799999999999988,A,875,K,A,"DC,A",0,1700,ok
2NZ9,14,QA887A,AA887Q,0.426,-0.4383,-0.012300000000000033,A,887,Q,A,"DC,A",0,1700,ok
2NZ9,8,KA1028A,AA1028K,1.2849,-1.6297,-0.3448,A,1028,K,A,"DC,A",0,1700,ok
2OI9,1,FQ5R,RQ5F,0.0249,-0.0014,0.0235,Q,5,F,R,"AQ,BC",0,405,ok
2NZ9,17,SA874A,AA874S,-0.1205,0.1247,0.004200000000000009,A,874,S,A,"DC,A",0,1700,ok
2NZ9,15,RA1033A,AA1033R,1.7999,-0.9511,0.8488000000000001,A,1033,R,A,"DC,A",0,1700,ok
2NZ9,18,SA927A,AA927S,1.0227,-0.9711,0.05159999999999998,A,927,S,A,"DC,A",0,1700,ok
2P5E,1,YD32D,DD32Y,3.8883,-3.11,0.7783000000000002,D,32,Y,D,"ABC,DE",0,820,ok
2NZ9,19,TA1035A,AA1035T,1.3014,-0.9193,0.3820999999999999,A,1035,T,A,"DC,A",0,1700,ok
2NZ9,16,RA1266A,AA1266R,1.2074,-1.5648,-0.35739999999999994,A,1266,R,A,"DC,A",0,1700,ok
2VIR,1,SC115L,LC115S,0.9075,-0.4819,0.4256,C,115,S,L,"AB,C",0,698,ok
2UWE,1,AA163T,TA163A,0.7385,-0.7086,0.029900000000000038,A,163,A,T,"ABC,EF",1,815,ok
2VIR,2,TC89I,IC89T,-1.2406,1.3428,0.10220000000000007,C,89,T,I,"AB,C",0,698,ok
2VIS,1,IC89T,TC89I,1.2215,-1.2906,-0.06909999999999994,C,89,I,T,"AB,C",0,698,ok
2VLR,1,AE95S,SE95A,-0.0929,0.0929,0.0,E,95,A,S,"ABC,DE",0,824,ok
3AAA,1,DC43A,AC43D,6.5999,-2.147,4.4529,C,43,D,A,"AB,C",0,634,ok
3AAA,3,EC77A,AC77E,3.8979,-1.2033,2.6946,C,77,E,A,"AB,C",0,634,ok
3AAA,4,EC77R,RC77E,6.0331,-3.6712,2.3619000000000003,C,77,E,R,"AB,C",0,634,ok
3AAA,9,RA258A,AA258R,4.0478,-4.6145,-0.5667,A,258,R,A,"AB,C",0,634,ok
3AAA,2,DC43R,RC43D,8.0731,-3.3006,4.7725,C,43,D,R,"AB,C",0,634,ok
3AAA,5,KA248A,AA248K,1.5564,-0.083,1.4734,A,248,K,A,"AB,C",0,634,ok
3AAA,7,RA252A,AA252R,6.2223,-2.5628,3.6594999999999995,A,252,R,A,"AB,C",0,634,ok
3B4V,1,FC52A,AC52F,2.0738,-2.0343,0.03949999999999987,C,52,F,A,"AB,C",0,429,ok
3B4V,2,FC52E,EC52F,1.9081,-1.834,0.07409999999999983,C,52,F,E,"AB,C",0,429,ok
3B4V,4,LC49A,AC49L,3.7411,-3.639,0.10210000000000008,C,49,L,A,"AB,C",0,429,ok
3B4V,3,LC16E,EC16L,1.9711,-1.9829,-0.011800000000000033,C,16,L,E,"AB,C",0,429,ok
3AAA,11,WC7A,AC7W,6.7709,-6.4924,0.2785000000000002,C,7,W,A,"AB,C",0,634,ok
3AAA,6,KA248E,EA248K,1.8194,-0.3512,1.4682,A,248,K,E,"AB,C",0,634,ok
3AAA,8,RA252E,EA252R,8.7741,-4.5056,4.2685,A,252,R,E,"AB,C",0,634,ok
3B4V,6,LC53A,AC53L,3.0483,-3.1127,-0.06440000000000001,C,53,L,A,"AB,C",0,429,ok
3B4V,7,LC53E,EC53L,3.9335,-3.8748,0.058699999999999974,C,53,L,E,"AB,C",0,429,ok
3B4V,5,LC49E,EC49L,3.5103,-3.4825,0.027800000000000047,C,49,L,E,"AB,C",0,429,ok
3BN9,2,DB46A,AB46D,0.066,-0.0659,0.00010000000000000286,B,46,D,A,"B,CD",0,662,ok
3BN9,4,DB91A,AB91D,2.2926,-1.2554,1.0372000000000001,B,91,D,A,"B,CD",0,662,ok
3BN9,3,DB47A,AB47D,2.783,-1.8592,0.9238,B,47,D,A,"B,CD",0,662,ok
3BN9,1,DB214A,AB214D,-0.0799,0.0564,-0.0235,B,214,D,A,"B,CD",0,662,ok
3AAA,10,RA258E,EA258R,6.1881,-6.1291,0.05900000000000016,A,258,R,E,"AB,C",0,634,ok
3BN9,5,EB163A,AB163E,0.0031,-0.0031,0.0,B,163,E,A,"B,CD",0,662,ok
3BN9,6,FB50A,AB50F,-0.0039,-0.0155,-0.0194,B,50,F,A,"B,CD",0,662,ok
3BN9,7,FB89A,AB89F,-0.164,0.2084,0.044399999999999995,B,89,F,A,"B,CD",0,662,ok
3BN9,10,IB26A,AB26I,0.0,0.0,0.0,B,26,I,A,"B,CD",0,662,ok
3BN9,11,IB45A,AB45I,0.4024,-0.2068,0.19559999999999997,B,45,I,A,"B,CD",0,662,ok
3BN9,13,LB147A,AB147L,0.0,0.0,0.0,B,147,L,A,"B,CD",0,662,ok
3BN9,8,FB92A,AB92F,2.3812,-2.2327,0.1485000000000003,B,92,F,A,"B,CD",0,662,ok
3BN9,14,NB90A,AB90N,1.7181,0.0836,1.8016999999999999,B,90,N,A,"B,CD",0,662,ok
3BN9,9,HB138A,AB138H,-0.3527,0.3493,-0.003400000000000014,B,138,H,A,"B,CD",0,662,ok
3BN9,15,PD104H,HD104P,0.3213,-0.4175,-0.09620000000000001,D,104,P,H,"B,CD",0,662,ok
3BN9,17,QB168A,AB168Q,-0.0109,0.0251,0.0142,B,168,Q,A,"B,CD",0,662,ok
3BN9,16,QB140A,AB140Q,-0.0019,-0.0058,-0.007699999999999999,B,140,Q,A,"B,CD",0,662,ok
3BN9,18,QB169A,AB169Q,1.7509,-0.3406,1.4102999999999999,B,169,Q,A,"B,CD",0,662,ok
3BN9,20,QB23A,AB23Q,0.0118,0.0,0.0118,B,23,Q,A,"B,CD",0,662,ok
3BN9,21,QD105V,VD105Q,0.8019,-0.8853,-0.08340000000000003,D,105,Q,V,"B,CD",0,662,ok
3BN9,23,RB48A,AB48R,1.0103,-0.6952,0.31509999999999994,B,48,R,A,"B,CD",0,662,ok
3BN9,22,RB219A,AB219R,0.0064,-0.0059,0.0005000000000000004,B,219,R,A,"B,CD",0,662,ok
3BN9,26,SD30G,GD30S,0.9911,-1.0113,-0.020200000000000107,D,30,S,G,"B,CD",0,662,ok
3BN9,27,SD30N,ND30S,0.053,-0.037,0.016,D,30,S,N,"B,CD",0,662,ok
3BN9,19,QB218A,AB218Q,0.0456,-0.0727,-0.0271,B,218,Q,A,"B,CD",0,662,ok
3BN9,12,KB221A,AB221K,-0.2102,0.6731,0.46290000000000003,B,221,K,A,"B,CD",0,662,ok
3BN9,24,RB51A,AB51R,0.6272,-0.04,0.5871999999999999,B,51,R,A,"B,CD",0,662,ok
3BN9,25,RB82A,AB82R,0.0,0.0,0.0,B,82,R,A,"B,CD",0,662,ok
3BN9,28,TB144A,AB144T,0.0436,0.0,0.0436,B,144,T,A,"B,CD",0,662,ok
3BN9,29,TB93A,AB93T,0.1568,-0.1341,0.022699999999999998,B,93,T,A,"B,CD",0,662,ok
3BN9,30,TD102Q,QD102T,-0.1982,0.1813,-0.0169,D,102,T,Q,"B,CD",0,662,ok
3BN9,33,YB141A,AB141Y,2.0072,-0.4603,1.5469000000000002,B,141,Y,A,"B,CD",0,662,ok
3BN9,32,TD28R,RD28T,0.0941,0.2849,0.379,D,28,T,R,"B,CD",0,662,ok
3BN9,31,TD102R,RD102T,-3.7151,3.5615,-0.15359999999999996,D,102,T,R,"B,CD",0,662,ok
3BN9,34,YB52A,AB52Y,0.4501,-0.45,9.999999999998899e-05,B,52,Y,A,"B,CD",0,662,ok
3C60,2,DD13A,AD13D,-0.0302,0.0179,-0.012300000000000002,D,13,D,A,"CD,AB",0,818,ok
3C60,1,DC56A,AC56D,-0.6417,0.6376,-0.0041000000000001036,C,56,D,A,"CD,AB",0,818,ok
3C60,3,DD86A,AD86D,0.1069,-0.2139,-0.10700000000000001,D,86,D,A,"CD,AB",0,818,ok
3C60,5,ED69A,AD69E,0.0,0.0,0.0,D,69,E,A,"CD,AB",0,818,ok
3BN9,35,YD103S,SD103Y,1.2662,-0.6192,0.647,D,103,Y,S,"B,CD",0,662,ok
3C60,4,ED2A,AD2E,-0.4364,0.5721,0.13570000000000004,D,2,E,A,"CD,AB",0,818,ok
3C60,6,ED76A,AD76E,-0.1958,0.1994,0.003599999999999992,D,76,E,A,"CD,AB",0,818,ok
3C60,8,ED94A,AD94E,-0.0083,0.0119,0.0036000000000000008,D,94,E,A,"CD,AB",0,818,ok
3C60,9,FD1A,AD1F,0.002,-0.0006,0.0014000000000000002,D,1,F,A,"CD,AB",0,818,ok
3C60,7,ED79A,AD79E,-0.105,0.1093,0.004299999999999998,D,79,E,A,"CD,AB",0,818,ok
3C60,12,ID77A,AD77I,0.0133,0.0183,0.0316,D,77,I,A,"CD,AB",0,818,ok
3C60,14,KC68A,AC68K,-0.1544,0.1446,-0.009800000000000003,C,68,K,A,"CD,AB",0,818,ok
3C60,11,HD91A,AD91H,0.577,-0.5712,0.005799999999999916,D,91,H,A,"CD,AB",0,818,ok
3C60,13,KC40A,AC40K,0.3014,-0.3617,-0.06030000000000002,C,40,K,A,"CD,AB",0,818,ok
3C60,10,HC69A,AC69H,0.2406,-0.3725,-0.1319,C,69,H,A,"CD,AB",0,818,ok
3C60,15,KC76A,AC76K,0.0114,-0.0111,0.0002999999999999999,C,76,K,A,"CD,AB",0,818,ok
3C60,17,KD5A,AD5K,0.1566,0.0729,0.22949999999999998,D,5,K,A,"CD,AB",0,818,ok
3C60,16,KD10A,AD10K,0.8466,-0.8146,0.03200000000000003,D,10,K,A,"CD,AB",0,818,ok
3C60,21,ND9A,AD9N,0.0094,-0.0094,0.0,D,9,N,A,"CD,AB",0,818,ok
3C60,22,PD75A,AD75P,-0.0073,0.0074,0.00010000000000000026,D,75,P,A,"CD,AB",0,818,ok
3C60,20,NC63A,AC63N,0.1271,-0.211,-0.0839,C,63,N,A,"CD,AB",0,818,ok
3C60,23,QC58A,AC58Q,1.2294,-0.9491,0.2803,C,58,Q,A,"CD,AB",0,818,ok
3C60,24,QC62A,AC62Q,2.7378,-2.9802,-0.24239999999999995,C,62,Q,A,"CD,AB",0,818,ok
3C60,19,LC61A,AC61L,0.4939,-0.5281,-0.03420000000000001,C,61,L,A,"CD,AB",0,818,ok
3C60,18,KD7A,AD7K,1.1682,-1.1547,0.013499999999999845,D,7,K,A,"CD,AB",0,818,ok
3C60,25,QD4A,AD4Q,0.0568,-0.0538,0.0030000000000000027,D,4,Q,A,"CD,AB",0,818,ok
3C60,26,QD74A,AD74Q,-0.0116,0.0098,-0.0017999999999999995,D,74,Q,A,"CD,AB",0,818,ok
3C60,28,RD82A,AD82R,-0.0421,0.0342,-0.007899999999999997,D,82,R,A,"CD,AB",0,818,ok
3C60,30,SD73A,AD73S,0.0,0.0,0.0,D,73,S,A,"CD,AB",0,818,ok
3C60,29,RD90A,AD90R,-0.1101,0.2601,0.15,D,90,R,A,"CD,AB",0,818,ok
3C60,27,RD80A,AD80R,0.8262,-0.9381,-0.1119,D,80,R,A,"CD,AB",0,818,ok
3C60,31,TD87A,AD87T,0.2926,-0.3024,-0.009799999999999975,D,87,T,A,"CD,AB",0,818,ok
3C60,34,VD12A,AD12V,-0.0002,0.0002,0.0,D,12,V,A,"CD,AB",0,818,ok
3C60,33,VC73A,AC73V,0.0602,-0.0436,0.016599999999999997,C,73,V,A,"CD,AB",0,818,ok
3C60,35,YD70A,AD70Y,-0.0242,0.0,-0.0242,D,70,Y,A,"CD,AB",0,818,ok
3C60,32,VC66A,AC66V,1.5009,-1.5162,-0.015300000000000091,C,66,V,A,"CD,AB",0,818,ok
3G6D,1,FH103A,AH103F,0.2581,-0.9531,-0.695,H,103,F,A,"LH,A",0,539,ok
3D3V,1,EE30A,AE30E,2.6588,-2.6761,-0.017300000000000093,E,30,E,A,"ABC,DE",0,828,ok
3D3V,2,LE97A,AE97L,3.1411,-3.1066,0.034499999999999975,E,97,L,A,"ABC,DE",0,828,ok
3G6D,2,HH104A,AH104H,-0.2467,0.0447,-0.202,H,104,H,A,"LH,A",0,539,ok
3D3V,3,YC8A,AC8Y,2.8359,-2.7877,0.04820000000000002,C,8,Y,A,"ABC,DE",0,828,ok
3D3V,4,YC8F,FC8Y,1.3887,-1.341,0.047700000000000076,C,8,Y,F,"ABC,DE",0,828,ok
3H9S,1,AA150P,PA150A,0.0,0.0,0.0,A,150,A,P,"ABC,DE",1,829,ok
3G6D,3,WH105A,AH105W,1.9453,-2.6923,-0.7469999999999999,H,105,W,A,"LH,A",0,539,ok
3HFM,4,DY101E,EY101D,1.4338,-1.0008,0.43300000000000005,Y,101,D,E,"HL,Y",0,558,ok
3HFM,3,DY101A,AY101D,-1.7837,5.4226,3.6389,Y,101,D,A,"HL,Y",0,558,ok
3HFM,5,DY101F,FY101D,0.5905,0.6519,1.2424,Y,101,D,F,"HL,Y",0,558,ok
3HFM,6,DY101G,GY101D,-0.4422,1.0788,0.6366,Y,101,D,G,"HL,Y",0,558,ok
3HFM,1,DH32A,AH32D,0.4713,-0.3508,0.1205,H,32,D,A,"HL,Y",0,558,ok
3HFM,2,DH32N,NH32D,0.4202,-0.3843,0.03590000000000004,H,32,D,N,"HL,Y",0,558,ok
3HFM,8,DY101N,NY101D,-0.656,1.1844,0.5283999999999999,Y,101,D,N,"HL,Y",0,558,ok
3HFM,9,DY101Q,QY101D,-0.0977,0.4324,0.3347,Y,101,D,Q,"HL,Y",0,558,ok
3HFM,11,DY101S,SY101D,0.1375,0.29,0.4275,Y,101,D,S,"HL,Y",0,558,ok
3HFM,12,GY102V,VY102G,-0.0806,0.0754,-0.00520000000000001,Y,102,G,V,"HL,Y",0,558,ok
3HFM,10,DY101R,RY101D,-0.0745,1.01,0.9355,Y,101,D,R,"HL,Y",0,558,ok
3HFM,13,HY15A,AY15H,0.1822,-0.1621,0.020100000000000007,Y,15,H,A,"HL,Y",0,558,ok
3HFM,14,IY98A,AY98I,-0.0738,0.0518,-0.022000000000000006,Y,98,I,A,"HL,Y",0,558,ok
3HFM,7,DY101K,KY101D,0.3757,0.0425,0.41819999999999996,Y,101,D,K,"HL,Y",0,558,ok
3HFM,18,KY97A,AY97K,0.9874,-1.1261,-0.13870000000000005,Y,97,K,A,"HL,Y",0,558,ok
3HFM,21,KY97G,GY97K,1.2708,-1.2283,0.04249999999999998,Y,97,K,G,"HL,Y",0,558,ok
3HFM,15,KY96A,AY96K,1.3437,-1.7854,-0.4417000000000002,Y,96,K,A,"HL,Y",0,558,ok
3HFM,17,KY96R,RY96K,-0.4821,1.0527,0.5706,Y,96,K,R,"HL,Y",0,558,ok
3HFM,19,KY97D,DY97K,2.4383,-2.5985,-0.16020000000000012,Y,97,K,D,"HL,Y",0,558,ok
3HFM,22,KY97M,MY97K,-1.4158,1.2711,-0.14470000000000005,Y,97,K,M,"HL,Y",0,558,ok
3HFM,20,KY97E,EY97K,2.1912,-2.1959,-0.0047000000000001485,Y,97,K,E,"HL,Y",0,558,ok
3HFM,24,LY75A,AY75L,0.9298,-0.9674,-0.03760000000000008,Y,75,L,A,"HL,Y",0,558,ok
3HFM,25,NL31A,AL31N,0.0431,-0.0025,0.0406,L,31,N,A,"HL,Y",0,558,ok
3HFM,26,NL31D,DL31N,-0.1792,0.1656,-0.013600000000000001,L,31,N,D,"HL,Y",0,558,ok
3HFM,16,KY96M,MY96K,-0.9231,0.112,-0.8111,Y,96,K,M,"HL,Y",0,558,ok
3HFM,23,KY97R,RY97K,-1.0803,1.0864,0.006099999999999994,Y,97,K,R,"HL,Y",0,558,ok
3HFM,28,NL32A,AL32N,0.881,0.2221,1.1031,L,32,N,A,"HL,Y",0,558,ok
3HFM,29,NY19D,DY19N,-0.0294,0.0108,-0.0186,Y,19,N,D,"HL,Y",0,558,ok
3HFM,27,NL31E,EL31N,0.3845,-0.3759,0.008599999999999997,L,31,N,E,"HL,Y",0,558,ok
3HFM,31,NY19Q,QY19N,0.1379,-0.1746,-0.03670000000000001,Y,19,N,Q,"HL,Y",0,558,ok
3HFM,30,NY19K,KY19N,0.011,-0.025,-0.014000000000000002,Y,19,N,K,"HL,Y",0,558,ok
3HFM,32,NY93A,AY93N,1.9374,-1.9414,-0.0040000000000000036,Y,93,N,A,"HL,Y",0,558,ok
3HFM,34,RY21A,AY21R,0.5657,-0.8999,-0.33420000000000005,Y,21,R,A,"HL,Y",0,558,ok
3HFM,33,QL53A,AL53Q,1.7696,-1.6865,0.08309999999999995,L,53,Q,A,"HL,Y",0,558,ok
3HFM,35,RY21E,EY21R,0.8455,-1.0606,-0.21509999999999996,Y,21,R,E,"HL,Y",0,558,ok
3HFM,36,RY21G,GY21R,-0.2643,-1.0478,-1.3121,Y,21,R,G,"HL,Y",0,558,ok
3HFM,37,RY21H,HY21R,-0.7164,-0.369,-1.0854,Y,21,R,H,"HL,Y",0,558,ok
3HFM,41,RY21Q,QY21R,-0.0309,0.4706,0.43970000000000004,Y,21,R,Q,"HL,Y",0,558,ok
3HFM,42,RY21W,WY21R,-1.9593,0.8022,-1.1571,Y,21,R,W,"HL,Y",0,558,ok
3HFM,44,SH31A,AH31S,-1.3749,2.4731,1.0982,H,31,S,A,"HL,Y",0,558,ok
3HFM,39,RY21M,MY21R,-0.4174,-0.0828,-0.5002,Y,21,R,M,"HL,Y",0,558,ok
3HFM,43,RY73A,AY73R,1.9396,-1.3966,0.5429999999999999,Y,73,R,A,"HL,Y",0,558,ok
3HFM,45,SY100A,AY100S,-0.1694,0.1693,-9.999999999998899e-05,Y,100,S,A,"HL,Y",0,558,ok
3HFM,40,RY21N,NY21R,-0.2415,-0.4429,-0.6844,Y,21,R,N,"HL,Y",0,558,ok
3HFM,38,RY21K,KY21R,-2.4945,2.0164,-0.47809999999999997,Y,21,R,K,"HL,Y",0,558,ok
3HFM,46,TY89A,AY89T,0.2294,-0.2475,-0.018100000000000005,Y,89,T,A,"HL,Y",0,558,ok
3HFM,50,YH33A,AH33Y,1.8894,0.2019,2.0913,H,33,Y,A,"HL,Y",0,558,ok
3HFM,51,YH33F,FH33Y,1.2197,0.9199,2.1396,H,33,Y,F,"HL,Y",0,558,ok
3HFM,52,YH33L,LH33Y,0.6816,1.8899,2.5715,H,33,Y,L,"HL,Y",0,558,ok
3HFM,49,WY63A,AY63W,0.1377,-0.116,0.021699999999999983,Y,63,W,A,"HL,Y",0,558,ok
3HFM,54,YH53A,AH53Y,0.4681,-0.3603,0.1078,H,53,Y,A,"HL,Y",0,558,ok
3HFM,53,YH33W,WH33Y,4.8018,0.897,5.6988,H,33,Y,W,"HL,Y",0,558,ok
3HFM,55,YH53F,FH53Y,0.4558,-0.3079,0.14789999999999998,H,53,Y,F,"HL,Y",0,558,ok
3HFM,56,YH53L,LH53Y,-0.3379,0.516,0.17810000000000004,H,53,Y,L,"HL,Y",0,558,ok
3HFM,48,WH98F,FH98W,0.3987,-0.1633,0.2354,H,98,W,F,"HL,Y",0,558,ok
3HFM,58,YH58A,AH58Y,0.236,-0.3076,-0.0716,H,58,Y,A,"HL,Y",0,558,ok
3HFM,59,YH58F,FH58Y,-0.2041,0.1397,-0.06440000000000001,H,58,Y,F,"HL,Y",0,558,ok
3HFM,57,YH53W,WH53Y,-0.7543,0.8442,0.08989999999999998,H,53,Y,W,"HL,Y",0,558,ok
3HFM,47,WH98A,AH98W,0.9091,-0.4155,0.49360000000000004,H,98,W,A,"HL,Y",0,558,ok
3HFM,62,YL96F,FL96Y,-0.3949,0.3623,-0.03259999999999996,L,96,Y,F,"HL,Y",0,558,ok
3HFM,60,YH58L,LH58Y,0.3184,0.1817,0.5001,H,58,Y,L,"HL,Y",0,558,ok
3HFM,61,YL96A,AL96Y,-0.0646,-0.338,-0.4026,L,96,Y,A,"HL,Y",0,558,ok
3HFM,64,YY20F,FY20Y,0.3303,0.407,0.7373,Y,20,Y,F,"HL,Y",0,558,ok
3HFM,63,YY20A,AY20Y,2.3434,-0.8808,1.4626,Y,20,Y,A,"HL,Y",0,558,ok
3HFM,65,YY20L,LY20Y,1.1606,-1.1906,-0.030000000000000027,Y,20,Y,L,"HL,Y",0,558,ok
3HG1,1,GC4A,AC4G,-0.1636,0.1643,0.0007000000000000062,C,4,G,A,"ABC,DE",0,824,ok
3HG1,2,GC6A,AC6G,0.6731,-0.6808,-0.007699999999999929,C,6,G,A,"ABC,DE",0,824,ok
3HH2,1,FC47A,AC47F,1.7652,-1.94,-0.17479999999999984,C,47,F,A,"AB,C",0,496,ok
3HG1,4,LC8A,AC8L,0.4619,-0.5133,-0.0514,C,8,L,A,"ABC,DE",0,824,ok
3HG1,3,IC7A,AC7I,0.0551,-0.1044,-0.049300000000000004,C,7,I,A,"ABC,DE",0,824,ok
3HH2,3,FC52A,AC52F,4.881,-4.9964,-0.11540000000000017,C,52,F,A,"AB,C",0,496,ok
3HH2,5,IC51A,AC51I,2.5807,-2.5927,-0.011999999999999567,C,51,I,A,"AB,C",0,496,ok
3HH2,4,FC52E,EC52F,3.9336,-3.9469,-0.013299999999999645,C,52,F,E,"AB,C",0,496,ok
3HG1,5,TC9A,AC9T,-0.0165,-0.0584,-0.0749,C,9,T,A,"ABC,DE",0,824,ok
3HH2,6,IC51E,EC51I,3.0171,-3.0244,-0.007299999999999862,C,51,I,E,"AB,C",0,496,ok
3HH2,2,FC47E,EC47F,1.7989,-2.0664,-0.26749999999999985,C,47,F,E,"AB,C",0,496,ok
3L5X,1,YL94A,AL94Y,0.3908,1.6265,2.0173,L,94,Y,A,"A,HL",0,538,ok
3HH2,7,VC15E,EC15V,1.1092,-1.0523,0.05689999999999995,C,15,V,E,"AB,C",0,496,ok
3LZF,1,DA187E,EA187D,0.0,0.0,0.0,A,187,D,E,"AB,HL",0,924,ok
3LZF,2,DA222G,GA222D,0.0,0.0,0.0,A,222,D,G,"AB,HL",0,924,ok
3N85,1,SH32A,AH32S,-0.1403,0.1399,-0.00040000000000001146,H,32,S,A,"A,LH",0,1033,ok
3N85,3,SH50G,GH50S,-0.0617,0.1133,0.0516,H,50,S,G,"A,LH",0,1033,ok
3N85,5,WH100F,FH100W,-0.0651,-0.065,-0.1301,H,100,W,F,"A,LH",0,1033,ok
3N85,2,SH32Y,YH32S,4.105,-4.0914,0.013600000000000279,H,32,S,Y,"A,LH",0,1033,ok
3N85,8,WL91F,FL91W,-0.0618,0.0426,-0.019200000000000002,L,91,W,F,"A,LH",0,1033,ok
3N85,7,WH30R,RH30W,0.5723,0.0338,0.6061000000000001,H,30,W,R,"A,LH",0,1033,ok
3N85,9,WL94Y,YL94W,-0.3359,1.5403,1.2044000000000001,L,94,W,Y,"A,LH",0,1033,ok
3N85,4,SH52Y,YH52S,10.0549,-7.5159,2.5389999999999997,H,52,S,Y,"A,LH",0,1033,ok
3N85,6,WH30K,KH30W,0.58,0.019,0.599,H,30,W,K,"A,LH",0,1033,ok
3NGB,2,DH103A,AH103D,-0.0933,0.0372,-0.0561,H,103,D,A,"HL,G",0,779,ok
3NGB,4,FL89A,AL89F,2.1698,-2.1689,0.0009000000000001229,L,89,F,A,"HL,G",0,779,ok
3NGB,1,AH57G,GH57A,0.3911,-0.3909,0.00019999999999997797,H,57,A,G,"HL,G",0,779,ok
3NGB,3,EL88A,AL88E,1.6568,-1.5608,0.09600000000000009,L,88,E,A,"HL,G",0,779,ok
3NGB,5,GH55A,AH55G,0.377,-0.377,0.0,H,55,G,A,"HL,G",0,779,ok
3NGB,6,GH55S,SH55G,1.2625,-1.2681,-0.005600000000000049,H,55,G,S,"HL,G",0,779,ok
3NGB,7,GH56A,AH56G,2.0795,-2.0795,0.0,H,56,G,A,"HL,G",0,779,ok
3NGB,8,IH30A,AH30I,0.0058,-0.0257,-0.0199,H,30,I,A,"HL,G",0,779,ok
3NGB,9,IH30T,TH30I,0.0235,0.0203,0.0438,H,30,I,T,"HL,G",0,779,ok
3NGB,12,MH70A,AH70M,-0.1105,0.091,-0.019500000000000003,H,70,M,A,"HL,G",0,779,ok
3NGB,13,NH105A,AH105N,0.1253,-0.2293,-0.10400000000000001,H,105,N,A,"HL,G",0,779,ok
3NGB,14,NH59A,AH59N,0.8291,-0.1638,0.6653,H,59,N,A,"HL,G",0,779,ok
3NGB,15,PH63A,AH63P,0.5281,-0.5324,-0.0042999999999999705,H,63,P,A,"HL,G",0,779,ok
3NGB,17,QH65A,AH65Q,1.2537,-1.7704,-0.5166999999999999,H,65,Q,A,"HL,G",0,779,ok
3NGB,11,KH52N,NH52K,0.0862,-0.0364,0.0498,H,52,K,N,"HL,G",0,779,ok
3NGB,18,QL25A,AL25Q,-0.0423,-0.0036,-0.045899999999999996,L,25,Q,A,"HL,G",0,779,ok
3NGB,20,RH54N,NH54R,2.0054,-2.0038,0.0015999999999998238,H,54,R,N,"HL,G",0,779,ok
3NGB,10,KH52A,AH52K,-0.0685,0.0282,-0.0403,H,52,K,A,"HL,G",0,779,ok
3NGB,19,RH54A,AH54R,1.3851,-1.334,0.05109999999999992,H,54,R,A,"HL,G",0,779,ok
3NGB,16,PH63K,KH63P,-0.3268,0.5191,0.19230000000000003,H,63,P,K,"HL,G",0,779,ok
3NGB,23,RH72A,AH72R,4.0668,-1.5008,2.566,H,72,R,A,"HL,G",0,779,ok
3NGB,24,SL28A,AL28S,0.0,0.0,0.0,L,28,S,A,"HL,G",0,779,ok
3NGB,25,TH33A,AH33T,-0.1836,0.1882,0.004599999999999993,H,33,T,A,"HL,G",0,779,ok
3NGB,27,VH58A,AH58V,0.4538,-0.3155,0.13829999999999998,H,58,V,A,"HL,G",0,779,ok
3NGB,28,VH58T,TH58V,-0.127,0.2636,0.1366,H,58,V,T,"HL,G",0,779,ok
3NGB,21,RH62A,AH62R,2.6206,-2.4868,0.13379999999999992,H,62,R,A,"HL,G",0,779,ok
3NGB,29,VH74A,AH74V,0.0802,-0.08,0.00019999999999999185,H,74,V,A,"HL,G",0,779,ok
3NGB,30,VH74T,TH74V,0.0707,-0.0705,0.00020000000000000573,H,74,V,T,"HL,G",0,779,ok
3NGB,31,VL1A,AL1V,-0.183,0.1916,0.008599999999999997,L,1,V,A,"HL,G",0,779,ok
3NGB,22,RH62Q,QH62R,3.115,-2.7483,0.36670000000000025,H,62,R,Q,"HL,G",0,779,ok
3NGB,33,WH47A,AH47W,0.6866,-0.6179,0.06869999999999998,H,47,W,A,"HL,G",0,779,ok
3NGB,32,WH106A,AH106W,1.5695,-1.4884,0.08109999999999995,H,106,W,A,"HL,G",0,779,ok
3NGB,26,TH33Y,YH33T,-0.3837,0.3228,-0.06090000000000001,H,33,T,Y,"HL,G",0,779,ok
3NGB,37,YH75A,AH75Y,0.0079,-0.0067,0.0012000000000000005,H,75,Y,A,"HL,G",0,779,ok
3NGB,36,YH60A,AH60Y,0.3473,-0.2873,0.06,H,60,Y,A,"HL,G",0,779,ok
3NGB,38,YH75S,SH75Y,0.0731,-0.0719,0.0011999999999999927,H,75,Y,S,"HL,G",0,779,ok
3NGB,35,YH104A,AH104Y,-0.1305,0.1694,0.03889999999999999,H,104,Y,A,"HL,G",0,779,ok
3NGB,39,YL26A,AL26Y,0.6243,-0.5822,0.042099999999999915,L,26,Y,A,"HL,G",0,779,ok
3NGB,40,YL26S,SL26Y,0.4112,-0.4247,-0.013500000000000012,L,26,Y,S,"HL,G",0,779,ok
3NGB,34,WH50A,AH50W,0.3899,0.5933,0.9832000000000001,H,50,W,A,"HL,G",0,779,ok
3NGB,41,YL87A,AL87Y,1.3747,-1.0449,0.3298000000000001,L,87,Y,A,"HL,G",0,779,ok
3NPS,2,DA46A,AA46D,0.2308,-0.2292,0.001600000000000018,A,46,D,A,"A,BC",1,678,ok
3NPS,4,DA91A,AA91D,0.6357,-0.4045,0.23120000000000002,A,91,D,A,"A,BC",1,678,ok
3NPS,3,DA47A,AA47D,0.256,-0.2422,0.013800000000000007,A,47,D,A,"A,BC",1,678,ok
3NPS,7,FA89A,AA89F,-0.0971,0.148,0.05089999999999999,A,89,F,A,"A,BC",1,678,ok
3NPS,6,FA50A,AA50F,-0.1451,0.1237,-0.021400000000000002,A,50,F,A,"A,BC",1,678,ok
3NPS,5,EA163A,AA163E,0.0618,-0.0618,0.0,A,163,E,A,"A,BC",1,678,ok
3NPS,1,DA214A,AA214D,0.7284,-0.7273,0.001100000000000101,A,214,D,A,"A,BC",1,678,ok
3NPS,8,FA92A,AA92F,1.6449,-0.3669,1.278,A,92,F,A,"A,BC",1,678,ok
3NPS,9,HA138A,AA138H,0.2434,-0.2583,-0.014899999999999969,A,138,H,A,"A,BC",1,678,ok
3NPS,11,IA45A,AA45I,0.8133,-0.8739,-0.06059999999999999,A,45,I,A,"A,BC",1,678,ok
3NPS,10,IA26A,AA26I,0.0168,-0.0168,0.0,A,26,I,A,"A,BC",1,678,ok
3NPS,13,LA147A,AA147L,0.0,0.0,0.0,A,147,L,A,"A,BC",1,678,ok
3NPS,14,NA90A,AA90N,1.2385,-1.2314,0.007099999999999884,A,90,N,A,"A,BC",1,678,ok
3NPS,15,QA140A,AA140Q,0.0212,-0.0203,0.0009000000000000015,A,140,Q,A,"A,BC",1,678,ok
3NPS,16,QA168A,AA168Q,0.1984,-0.1971,0.0012999999999999956,A,168,Q,A,"A,BC",1,678,ok
3NPS,12,KA221A,AA221K,-0.1794,0.2195,0.0401,A,221,K,A,"A,BC",1,678,ok
3NPS,17,QA169A,AA169Q,2.022,-1.837,0.18499999999999983,A,169,Q,A,"A,BC",1,678,ok
3NPS,19,QA23A,AA23Q,-0.0018,0.0139,0.0121,A,23,Q,A,"A,BC",1,678,ok
3NPS,18,QA218A,AA218Q,0.0046,-0.0071,-0.0025000000000000005,A,218,Q,A,"A,BC",1,678,ok
3NPS,21,RA48A,AA48R,1.7604,-0.9033,0.8571,A,48,R,A,"A,BC",1,678,ok
3NPS,22,RA51A,AA51R,-0.0475,0.0462,-0.0013000000000000025,A,51,R,A,"A,BC",1,678,ok
3NPS,24,TA144A,AA144T,-0.3633,0.3759,0.0126,A,144,T,A,"A,BC",1,678,ok
3NPS,23,RA82A,AA82R,0.0,0.0,0.0,A,82,R,A,"A,BC",1,678,ok
3NPS,25,TA93A,AA93T,0.1008,-0.1372,-0.03639999999999999,A,93,T,A,"A,BC",1,678,ok
3NPS,26,YA141A,AA141Y,1.7151,-1.6422,0.07289999999999996,A,141,Y,A,"A,BC",1,678,ok
3NPS,20,RA219A,AA219R,-0.0286,0.0246,-0.004,A,219,R,A,"A,BC",1,678,ok
3NPS,27,YA52A,AA52Y,0.216,0.0377,0.2537,A,52,Y,A,"A,BC",1,678,ok
3QDG,1,AE52P,PE52A,-0.4446,0.4945,0.0499,E,52,A,P,"ABC,DE",0,826,ok
3PWP,1,GC2L,LC2G,0.1764,-0.1957,-0.01930000000000001,C,2,G,L,"ABC,DE",0,829,ok
3QDG,2,DD26W,WD26D,-2.0842,2.5717,0.4874999999999998,D,26,D,W,"ABC,DE",0,826,ok
3QDG,5,FE97Y,YE97F,-0.6969,0.7182,0.021299999999999986,E,97,F,Y,"ABC,DE",0,826,ok
3QDG,4,FE97W,WE97F,2.9757,-1.9725,1.0031999999999999,E,97,F,W,"ABC,DE",0,826,ok
3QDG,3,DD26Y,YD26D,-1.8356,2.286,0.45040000000000013,D,26,D,Y,"ABC,DE",0,826,ok
3QDG,6,GD28I,ID28G,5.7082,-1.1858,4.522399999999999,D,28,G,I,"ABC,DE",0,826,ok
3QDG,9,GD28P,PD28G,0.1289,0.1144,0.2433,D,28,G,P,"ABC,DE",0,826,ok
3QDG,8,GD28N,ND28G,0.5182,0.833,1.3512,D,28,G,N,"ABC,DE",0,826,ok
3QDG,7,GD28L,LD28G,-1.2345,0.2113,-1.0231999999999999,D,28,G,L,"ABC,DE",0,826,ok
3QDG,12,LE95W,WE95L,0.4014,0.0221,0.4235,E,95,L,W,"ABC,DE",0,826,ok
3QDG,13,RD27P,PD27R,1.4247,-1.3179,0.1068,D,27,R,P,"ABC,DE",0,826,ok
3QDJ,2,AE52P,PE52A,-0.552,0.5697,0.017699999999999938,E,52,A,P,"ABC,DE",0,825,ok
3QDG,15,TE99F,FE99T,0.8887,-0.8457,0.04300000000000004,E,99,T,F,"ABC,DE",0,826,ok
3QDG,16,YD50A,AD50Y,2.0148,-1.6228,0.3920000000000001,D,50,Y,A,"ABC,DE",0,826,ok
3QDG,14,RD27W,WD27R,0.6841,-1.0146,-0.3304999999999999,D,27,R,W,"ABC,DE",0,826,ok
3QDJ,1,AC2L,LC2A,-0.0409,0.0468,0.0059000000000000025,C,2,A,L,"ABC,DE",0,825,ok
3QDG,11,GD94T,TD94G,3.1653,-3.1126,0.05269999999999975,D,94,G,T,"ABC,DE",0,826,ok
3QDJ,4,DD26Y,YD26D,-1.3737,1.4177,0.04400000000000004,D,26,D,Y,"ABC,DE",0,825,ok
3QDJ,5,FE97W,WE97F,4.5733,-0.4874,4.0859,E,97,F,W,"ABC,DE",0,825,ok
3QDJ,3,DD26W,WD26D,-0.9287,0.6481,-0.28059999999999996,D,26,D,W,"ABC,DE",0,825,ok
3QDG,10,GD28Y,YD28G,5.0084,-4.4155,0.5929000000000002,D,28,G,Y,"ABC,DE",0,826,ok
3QDJ,7,GD28I,ID28G,-1.9675,1.8955,-0.07200000000000006,D,28,G,I,"ABC,DE",0,825,ok
3QDJ,8,GD28L,LD28G,-1.5348,1.8171,0.2823,D,28,G,L,"ABC,DE",0,825,ok
3QDJ,6,FE97Y,YE97F,1.2204,-1.3776,-0.1572,E,97,F,Y,"ABC,DE",0,825,ok
3QDJ,9,GD28N,ND28G,-1.2071,0.5021,-0.7050000000000001,D,28,G,N,"ABC,DE",0,825,ok
3QDJ,10,GD28P,PD28G,-1.1187,1.0599,-0.05879999999999996,D,28,G,P,"ABC,DE",0,825,ok
3QDJ,12,GD94T,TD94G,3.7315,-3.7453,-0.013799999999999812,D,94,G,T,"ABC,DE",0,825,ok
3QDJ,13,LE95W,WE95L,-0.0711,0.2095,0.1384,E,95,L,W,"ABC,DE",0,825,ok
3QDJ,16,TE99F,FE99T,-1.5087,2.1679,0.6592,E,99,T,F,"ABC,DE",0,825,ok
3QIB,2,AA64G,GA64A,0.6122,-0.6155,-0.0033000000000000806,A,64,A,G,"ABP,CD",1,794,ok
3QIB,1,AA61G,GA61A,1.2316,-1.2417,-0.010099999999999998,A,61,A,G,"ABP,CD",1,794,ok
3QDJ,17,YD50A,AD50Y,1.6118,-0.9493,0.6624999999999999,D,50,Y,A,"ABC,DE",0,825,ok
3QDJ,14,RD27P,PD27R,-0.5976,-0.5335,-1.1311,D,27,R,P,"ABC,DE",0,825,ok
3QDJ,11,GD28Y,YD28G,4.5376,-4.1912,0.34640000000000004,D,28,G,Y,"ABC,DE",0,825,ok
3QFJ,1,FC5Y,YC5F,1.4127,-1.4459,-0.033199999999999896,C,5,F,Y,"ABC,DE",0,829,ok
3QIB,3,AA68G,GA68A,0.0279,-0.0285,-0.0005999999999999998,A,68,A,G,"ABP,CD",1,794,ok
3QIB,4,AB71G,GB71A,0.2956,-0.2946,0.0010000000000000009,B,71,A,G,"ABP,CD",0,794,ok
3QIB,6,EA75A,AA75E,0.0,0.0,0.0,A,75,E,A,"ABP,CD",1,794,ok
3QIB,5,DB74A,AB74D,0.1222,-0.1235,-0.0012999999999999956,B,74,D,A,"ABP,CD",0,794,ok
3QDJ,15,RD27W,WD27R,-0.3044,1.1574,0.853,D,27,R,W,"ABC,DE",0,825,ok
3QIB,7,EB57A,AB57E,0.0015,-0.0016,-0.00010000000000000005,B,57,E,A,"ABP,CD",0,794,ok
3QIB,9,EB67A,AB67E,1.0994,-1.0639,0.035499999999999865,B,67,E,A,"ABP,CD",0,794,ok
3QIB,8,EB64A,AB64E,0.1393,-0.0694,0.0699,B,64,E,A,"ABP,CD",0,794,ok
3QIB,10,HB79A,AB79H,1.486,-1.4879,-0.0019000000000000128,B,79,H,A,"ABP,CD",0,794,ok
3QIB,14,LD95P,PD95L,0.6935,-0.6044,0.08909999999999996,D,95,L,P,"ABP,CD",0,794,ok
3QIB,11,KA67A,AA67K,0.2967,-0.3093,-0.0126,A,67,K,A,"ABP,CD",1,794,ok
3QIB,15,NC94P,PC94N,-0.6688,0.6582,-0.010599999999999943,C,94,N,P,"ABP,CD",0,794,ok
3QIB,17,QB62A,AB62Q,1.1065,-0.6866,0.41990000000000005,B,62,Q,A,"ABP,CD",0,794,ok
3QIB,16,QA57A,AA57Q,0.6851,-0.6417,0.043399999999999994,A,57,Q,A,"ABP,CD",1,794,ok
3QIB,18,RC89P,PC89R,2.2587,-3.2901,-1.0313999999999997,C,89,R,P,"ABP,CD",0,794,ok
3QIB,13,KP8R,RP8K,4.0694,-4.0161,0.053300000000000125,P,8,K,R,"ABP,CD",0,794,ok
3QIB,19,SB61A,AB61S,0.0195,-0.0196,-9.99999999999994e-05,B,61,S,A,"ABP,CD",0,794,ok
3QIB,20,TB75A,AB75T,-0.192,0.393,0.201,B,75,T,A,"ABP,CD",0,794,ok
3QIB,12,KP8A,AP8K,2.1951,-3.4606,-1.2654999999999998,P,8,K,A,"ABP,CD",0,794,ok
3QIB,21,TP11A,AP11T,1.3768,-0.7511,0.6257,P,11,T,A,"ABP,CD",0,794,ok
3QIB,23,TP11S,SP11T,0.873,-0.8497,0.023299999999999987,P,11,T,S,"ABP,CD",0,794,ok
3QIB,22,TP11N,NP11T,1.7116,-1.6463,0.06529999999999991,P,11,T,N,"ABP,CD",0,794,ok
3QIB,25,YP6F,FP6Y,0.5669,-1.1047,-0.5378000000000001,P,6,Y,F,"ABP,CD",0,794,ok
3QIB,24,YP6A,AP6Y,0.9517,-1.4895,-0.5378000000000001,P,6,Y,A,"ABP,CD",0,794,ok
3R9A,4,YA325A,AA325Y,0.0309,-0.019,0.0119,A,325,Y,A,"AC,B",0,1063,ok
3R9A,1,AA323W,WA323A,-0.39,0.39,0.0,A,323,A,W,"AC,B",0,1063,ok
3SE8,1,DH110A,AH110D,-0.0097,0.0672,0.057499999999999996,H,110,D,A,"HL,G",0,779,ok
3R9A,3,VA331D,DA331V,0.0064,-0.0067,-0.0002999999999999999,A,331,V,D,"AC,B",0,1063,ok
3R9A,5,YA325W,WA325Y,-0.1432,0.1331,-0.010099999999999998,A,325,Y,W,"AC,B",0,1063,ok
3SE8,2,DH114A,AH114D,-0.2535,0.1962,-0.05729999999999999,H,114,D,A,"HL,G",0,779,ok
3SE8,3,DL49A,AL49D,-1.1657,1.2043,0.03859999999999997,L,49,D,A,"HL,G",0,779,ok
3SE8,5,EL91A,AL91E,1.7077,-1.6897,0.018000000000000016,L,91,E,A,"HL,G",0,779,ok
3SE8,4,EL1A,AL1E,-0.7817,0.6269,-0.15479999999999994,L,1,E,A,"HL,G",0,779,ok
3SE8,8,FL92A,AL92F,0.832,-0.9412,-0.10920000000000007,L,92,F,A,"HL,G",0,779,ok
3SE8,7,FL90A,AL90F,1.0357,-1.0466,-0.01089999999999991,L,90,F,A,"HL,G",0,779,ok
3SE8,6,FH115A,AH115F,0.1504,-0.7108,-0.5604,H,115,F,A,"HL,G",0,779,ok
3SE8,9,GH56A,AH56G,2.7225,-0.9801,1.7424000000000002,H,56,G,A,"HL,G",0,779,ok
3R9A,2,GA165R,RA165G,0.0,0.0,0.0,A,165,G,R,"AC,B",0,1063,ok
3SE8,13,PH78A,AH78P,0.5185,-0.5716,-0.053100000000000036,H,78,P,A,"HL,G",0,779,ok
3SE8,14,PH81A,AH81P,0.0692,-0.0835,-0.014300000000000007,H,81,P,A,"HL,G",0,779,ok
3SE8,12,NL30A,AL30N,0.0265,0.0001,0.0266,L,30,N,A,"HL,G",0,779,ok
3SE8,11,LH54A,AH54L,1.342,-1.3708,-0.028799999999999937,H,54,L,A,"HL,G",0,779,ok
3SE8,15,QH63A,AH63Q,0.63,-0.6394,-0.009399999999999964,H,63,Q,A,"HL,G",0,779,ok
3SE8,17,QH76A,AH76Q,-0.1391,-0.1168,-0.2559,H,76,Q,A,"HL,G",0,779,ok
3SE8,16,QH65A,AH65Q,2.3782,-0.9543,1.4239000000000002,H,65,Q,A,"HL,G",0,779,ok
3SE8,18,QL27A,AL27Q,0.2291,-0.2291,0.0,L,27,Q,A,"HL,G",0,779,ok
3SE8,21,RH72A,AH72R,3.7844,-1.9641,1.8203000000000003,H,72,R,A,"HL,G",0,779,ok
3SE8,19,RH30A,AH30R,1.3361,-1.5528,-0.2166999999999999,H,30,R,A,"HL,G",0,779,ok
3SE8,22,SH59A,AH59S,-0.1417,0.1145,-0.027199999999999988,H,59,S,A,"HL,G",0,779,ok
3SE8,10,KH52A,AH52K,0.2673,-0.1555,0.11179999999999998,H,52,K,A,"HL,G",0,779,ok
3SE8,23,VH58A,AH58V,0.246,-0.233,0.012999999999999984,H,58,V,A,"HL,G",0,779,ok
3SE8,24,WH47A,AH47W,1.1635,-0.9987,0.16479999999999995,H,47,W,A,"HL,G",0,779,ok
3SE8,20,RH62A,AH62R,1.2851,-0.706,0.5791,H,62,R,A,"HL,G",0,779,ok
3SE8,26,WH55A,AH55W,4.7497,-4.2019,0.5477999999999996,H,55,W,A,"HL,G",0,779,ok
3SE8,28,YH60A,AH60Y,0.5221,-0.4484,0.07369999999999999,H,60,Y,A,"HL,G",0,779,ok
3SE8,27,YH111A,AH111Y,0.006,-1.2128,-1.2068,H,111,Y,A,"HL,G",0,779,ok
3SE9,1,DH77A,AH77D,-0.4284,0.3766,-0.05180000000000001,H,77,D,A,"HL,G",0,777,ok
3SE9,2,EL90A,AL90E,1.6243,-1.8198,-0.1955,L,90,E,A,"HL,G",0,777,ok
3SE9,3,FL91A,AL91F,0.6393,-0.096,0.5433,L,91,F,A,"HL,G",0,777,ok
3SE9,4,GH106A,AH106G,-0.8522,0.8522,0.0,H,106,G,A,"HL,G",0,777,ok
3SE9,5,GH107A,AH107G,-0.2556,0.2556,0.0,H,107,G,A,"HL,G",0,777,ok
3SE8,25,WH50A,AH50W,-0.137,0.1226,-0.01440000000000001,H,50,W,A,"HL,G",0,779,ok
3SE9,6,GH109A,AH109G,0.1533,-0.1533,0.0,H,109,G,A,"HL,G",0,777,ok
3SE9,8,GH62A,AH62G,0.2384,-0.1754,0.063,H,62,G,A,"HL,G",0,777,ok
3SE9,7,GH57A,AH57G,1.0547,-1.0547,0.0,H,57,G,A,"HL,G",0,777,ok
3SE9,9,GL29A,AL29G,0.3136,-0.3134,0.00019999999999997797,L,29,G,A,"HL,G",0,777,ok
3SE9,12,NH60A,AH60N,2.7533,-2.7745,-0.02120000000000033,H,60,N,A,"HL,G",0,777,ok
3SE9,13,PH64A,AH64P,0.1686,-0.2207,-0.05210000000000001,H,64,P,A,"HL,G",0,777,ok
3SE9,11,LL89A,AL89L,1.1421,-1.2836,-0.14150000000000018,L,89,L,A,"HL,G",0,777,ok
3SE9,10,LH34A,AH34L,0.0587,-0.0864,-0.027700000000000002,H,34,L,A,"HL,G",0,777,ok
3SE9,17,TH105A,AH105T,0.1235,-0.1835,-0.06,H,105,T,A,"HL,G",0,777,ok
3SE9,15,RH74A,AH74R,1.7962,-0.3932,1.403,H,74,R,A,"HL,G",0,777,ok
3SE9,14,RH67A,AH67R,1.1599,0.204,1.3639,H,67,R,A,"HL,G",0,777,ok
3SE9,16,RH76A,AH76R,1.6036,-1.3872,0.21639999999999993,H,76,R,A,"HL,G",0,777,ok
3SE9,18,TH56A,AH56T,0.2341,-0.4479,-0.21380000000000002,H,56,T,A,"HL,G",0,777,ok
3SE9,20,VH59A,AH59V,0.3216,-0.3043,0.017299999999999982,H,59,V,A,"HL,G",0,777,ok
3SE9,21,VL3A,AL3V,0.1474,-0.1457,0.001700000000000007,L,3,V,A,"HL,G",0,777,ok
3SE9,22,WH48A,AH48W,0.2722,-0.2796,-0.007400000000000018,H,48,W,A,"HL,G",0,777,ok
3SE9,19,VH55A,AH55V,0.2512,-0.2295,0.02169999999999997,H,55,V,A,"HL,G",0,777,ok
3SE9,23,WH51A,AH51W,1.3208,-0.6471,0.6737,H,51,W,A,"HL,G",0,777,ok
3SZK,3,DC48A,AC48D,0.1053,-0.1684,-0.06309999999999999,C,48,D,A,"AB,C",0,426,ok
3SE9,24,YH104A,AH104Y,-0.1201,0.1254,0.005300000000000013,H,104,Y,A,"HL,G",0,777,ok
3SE9,25,YL28A,AL28Y,-0.0146,0.0147,9.99999999999994e-05,L,28,Y,A,"HL,G",0,777,ok
3SZK,1,DC120A,AC120D,-0.003,0.0019,-0.0011,C,120,D,A,"AB,C",0,426,ok
3SZK,2,DC121A,AC121D,-0.054,0.0541,0.00010000000000000286,C,121,D,A,"AB,C",0,426,ok
3SZK,4,DC51A,AC51D,0.0071,-0.0183,-0.0112,C,51,D,A,"AB,C",0,426,ok
3SZK,7,FC43A,AC43F,0.4618,-0.1796,0.2822,C,43,F,A,"AB,C",0,426,ok
3SZK,5,EC123A,AC123E,-0.2046,0.1392,-0.06540000000000001,C,123,E,A,"AB,C",0,426,ok
3SZK,9,GC122A,AC122G,0.0027,0.0068,0.0095,C,122,G,A,"AB,C",0,426,ok
3SZK,6,EC124A,AC124E,-0.0066,0.0,-0.0066,C,124,E,A,"AB,C",0,426,ok
3SZK,8,FC44A,AC44F,2.8406,-3.2356,-0.395,C,44,F,A,"AB,C",0,426,ok
3SZK,11,KC56A,AC56K,0.0,0.0,0.0,C,56,K,A,"AB,C",0,426,ok
3SZK,12,KC57A,AC57K,0.0,0.0,0.0,C,57,K,A,"AB,C",0,426,ok
3SZK,10,HC42A,AC42H,-0.061,0.0564,-0.0046,C,42,H,A,"AB,C",0,426,ok
3SZK,13,NC35A,AC35N,0.0002,-0.0005,-0.00030000000000000003,C,35,N,A,"AB,C",0,426,ok
3SZK,15,QC39A,AC39Q,-0.0293,0.0349,0.005600000000000001,C,39,Q,A,"AB,C",0,426,ok
3SZK,16,SC69A,AC69S,-0.0994,0.1701,0.0707,C,69,S,A,"AB,C",0,426,ok
3SZK,18,TC70A,AC70T,1.0934,-1.0788,0.014599999999999946,C,70,T,A,"AB,C",0,426,ok
3SZK,19,VC27A,AC27V,0.0,0.0,0.0,C,27,V,A,"AB,C",0,426,ok
3SZK,17,TC38A,AC38T,-0.0116,-0.6836,-0.6952,C,38,T,A,"AB,C",0,426,ok
3SZK,14,NC66A,AC66N,1.5486,-1.4178,0.13080000000000003,C,66,N,A,"AB,C",0,426,ok
3SZK,20,YC40A,AC40Y,0.4434,-0.5839,-0.14049999999999996,C,40,Y,A,"AB,C",0,426,ok
3SZK,21,YC41A,AC41Y,1.2451,-1.2302,0.014900000000000135,C,41,Y,A,"AB,C",0,426,ok
3W2D,1,KA67N,NA67K,2.9642,0.5513,3.5155,A,67,K,N,"A,HL",1,663,ok
3W2D,2,KA67Q,QA67K,1.8582,-2.3313,-0.4731000000000001,A,67,K,Q,"A,HL",0,663,ok
3VR6,1,AG138S,SG138A,0.6089,-0.6089,0.0,G,138,A,S,"ABCDEF,GH",0,3397,ok
3VR6,2,LG139N,NG139L,1.1706,-0.7608,0.40980000000000005,G,139,L,N,"ABCDEF,GH",0,3397,ok
3VR6,5,RG134A,AG134R,2.2453,-1.8338,0.41149999999999975,G,134,R,A,"ABCDEF,GH",0,3397,ok
3W2D,5,YA45F,FA45Y,0.5931,0.3606,0.9537,A,45,Y,F,"A,HL",1,663,ok
3VR6,6,RG135A,AG135R,2.9451,-1.6623,1.2828,G,135,R,A,"ABCDEF,GH",0,3397,ok
4B0M,1,AB127G,GB127A,0.5275,-0.5373,-0.009800000000000031,B,127,A,G,"A,BM",0,478,ok
3VR6,3,LG28N,NG28L,2.8761,-2.9733,-0.09719999999999995,G,28,L,N,"ABCDEF,GH",0,3397,ok
4B0M,3,LM40A,AM40L,3.6571,-3.6728,-0.01570000000000027,M,40,L,A,"A,BM",0,478,ok
4B0M,2,FA4A,AA4F,4.3707,-4.2994,0.07129999999999992,A,4,F,A,"A,BM",0,478,ok
3VR6,4,LG29N,NG29L,0.9414,-1.1275,-0.18609999999999993,G,29,L,N,"ABCDEF,GH",0,3397,ok
3W2D,3,KA67R,RA67K,0.1256,-0.8166,-0.6910000000000001,A,67,K,R,"A,HL",1,663,ok
3W2D,4,YA45E,EA45Y,3.5723,-2.9306,0.6416999999999997,A,45,Y,E,"A,HL",0,663,ok
3W2D,6,YA45L,LA45Y,1.2873,-0.3389,0.9484000000000001,A,45,Y,L,"A,HL",1,663,ok
4B0M,7,PM99A,AM99P,1.2696,-1.289,-0.019399999999999862,M,99,P,A,"A,BM",0,478,ok
4B0M,5,PM98A,AM98P,0.5797,-0.6456,-0.06589999999999996,M,98,P,A,"A,BM",0,478,ok
4B0M,6,PM98S,SM98P,0.924,-0.99,-0.06599999999999995,M,98,P,S,"A,BM",0,478,ok
4B0M,4,MA8A,AA8M,2.2095,-2.184,0.025499999999999634,A,8,M,A,"A,BM",0,478,ok
4B0M,9,YM37A,AM37Y,-0.0458,0.0612,0.015399999999999997,M,37,Y,A,"A,BM",0,478,ok
4B0M,8,PM99S,SM99P,1.0434,-1.0574,-0.01399999999999979,M,99,P,S,"A,BM",0,478,ok
4E6K,2,LG5A,AG5L,3.3737,-3.3599,0.013799999999999812,G,5,L,A,"AB,G",0,371,ok
4E6K,3,YG2F,FG2Y,-0.0445,-0.054,-0.0985,G,2,Y,F,"AB,G",0,371,ok
4B0M,10,YM9G,GM9Y,0.1606,0.0346,0.19519999999999998,M,9,Y,G,"A,BM",0,478,ok
4E6K,1,KG40A,AG40K,1.5392,-1.1197,0.4195,G,40,K,A,"AB,G",0,371,ok
4FTV,3,QE101E,EE101Q,0.1452,-0.1327,0.012499999999999983,E,101,Q,E,"ABC,DE",0,829,ok
4FTV,4,QE101R,RE101Q,-0.1,0.1474,0.0474,E,101,Q,R,"ABC,DE",0,829,ok
4FTV,6,TA163A,AA163T,0.6318,-0.2292,0.40260000000000007,A,163,T,A,"ABC,DE",1,829,ok
4FTV,1,DD93A,AD93D,3.085,-0.5679,2.5171,D,93,D,A,"ABC,DE",0,829,ok
4HFK,3,LB45A,AB45L,1.7155,-1.6248,0.0907,B,45,L,A,"A,BD",0,355,ok
4FTV,2,KD66A,AD66K,0.946,-0.8823,0.06369999999999998,D,66,K,A,"ABC,DE",0,829,ok
4FTV,5,RA65A,AA65R,3.1129,-3.7717,-0.6588000000000003,A,65,R,A,"ABC,DE",1,829,ok
4HFK,1,EB46A,AB46E,2.2908,-2.3301,-0.03929999999999989,B,46,E,A,"A,BD",0,355,ok
4HFK,7,SB48A,AB48S,0.5027,-0.5028,-9.999999999998899e-05,B,48,S,A,"A,BD",0,355,ok
4HFK,2,EB56A,AB56E,2.342,-1.3503,0.9917,B,56,E,A,"A,BD",0,355,ok
4HFK,6,RB22A,AB22R,3.0164,-3.1625,-0.14610000000000012,B,22,R,A,"A,BD",0,355,ok
4HFK,8,TD72A,AD72T,1.348,-1.6418,-0.29379999999999984,D,72,T,A,"A,BD",0,355,ok
4GXU,1,DA189E,EA189D,5.9847,-3.8523,2.1324,A,189,D,E,"ABCDEF,MN",0,1928,ok
4HFK,4,LB50A,AB50L,0.0664,-0.0587,0.0076999999999999985,B,50,L,A,"A,BD",0,355,ok
4HFK,5,NB49A,AB49N,-0.132,-0.0729,-0.20490000000000003,B,49,N,A,"A,BD",0,355,ok
4GXU,2,DA224G,GA224D,2.949,0.0358,2.9848,A,224,D,G,"ABCDEF,MN",0,1928,ok
4HSA,4,YA58I,IA58Y,0.6927,-0.5131,0.17959999999999998,A,58,Y,I,"AB,C",0,485,ok
4HSA,2,RA28V,VA28R,0.0,0.0,0.0,A,28,R,V,"AB,C",0,485,ok
4I77,2,NL95A,AL95N,-0.1972,0.2067,0.009500000000000008,L,95,N,A,"HL,Z",0,534,ok
4HSA,3,WA40V,VA40W,0.0,0.0,0.0,A,40,W,V,"AB,C",0,485,ok
4I77,3,WH52A,AH52W,2.2874,-1.7979,0.4894999999999998,H,52,W,A,"HL,Z",0,534,ok
4I77,1,DH54A,AH54D,2.4928,-2.3312,0.16159999999999997,H,54,D,A,"HL,Z",0,534,ok
4I77,4,WH52F,FH52W,1.6514,-1.6721,-0.02069999999999994,H,52,W,F,"HL,Z",0,534,ok
4HSA,1,HA59S,SA59H,1.0886,-1.1909,-0.10230000000000006,A,59,H,S,"AB,C",0,485,ok
4I77,6,YH100F,FH100Y,-0.2314,0.1148,-0.1166,H,100,Y,F,"HL,Z",0,534,ok
4I77,5,YH100A,AH100Y,0.7333,-0.8363,-0.10300000000000009,H,100,Y,A,"HL,Z",0,534,ok
4I77,7,YH101A,AH101Y,3.1369,-3.2861,-0.1492,H,101,Y,A,"HL,Z",0,534,ok
4I77,8,YH101F,FH101Y,0.3805,-0.4534,-0.07290000000000002,H,101,Y,F,"HL,Z",0,534,ok
4J2L,2,LC20S,SC20L,4.0615,-4.1464,-0.0849000000000002,C,20,L,S,"A,CD",0,171,ok
4I77,10,YH103F,FH103Y,0.534,-0.3784,0.15560000000000002,H,103,Y,F,"HL,Z",0,534,ok
4I77,11,YL32A,AL32Y,1.6263,-1.7687,-0.14239999999999986,L,32,Y,A,"HL,Z",0,534,ok
4J2L,3,SA34D,DA34S,-0.303,0.3238,0.020799999999999985,A,34,S,D,"A,CD",0,171,ok
4I77,9,YH103A,AH103Y,1.7998,-1.798,0.0018000000000000238,H,103,Y,A,"HL,Z",0,534,ok
4J2L,1,LA118E,EA118L,2.2334,-1.6699,0.5635000000000001,A,118,L,E,"A,CD",0,171,ok
4J2L,4,VA23A,AA23V,0.3773,-0.1021,0.2752,A,23,V,A,"A,CD",0,171,ok
4J2L,5,WC17A,AC17W,3.9774,-3.5326,0.44479999999999986,C,17,W,A,"A,CD",0,171,ok
4I77,12,YL32F,FL32Y,-0.1705,0.4495,0.279,L,32,Y,F,"HL,Z",0,534,ok
4JFD,1,AC4G,GC4A,1.1539,-1.147,0.006899999999999906,C,4,A,G,"ABC,DE",0,827,ok
4JFE,1,AC7I,IC7A,0.2065,-0.2161,-0.009599999999999997,C,7,A,I,"ABC,DE",0,828,ok
4JFF,3,GC6A,AC6G,0.2341,-0.2703,-0.03619999999999998,C,6,G,A,"ABC,DE",0,828,ok
4JFF,4,IC5A,AC5I,1.5429,-1.4014,0.14149999999999996,C,5,I,A,"ABC,DE",0,828,ok
4JFF,5,IC7A,AC7I,0.0317,-0.029,0.0026999999999999975,C,7,I,A,"ABC,DE",0,828,ok
4JFF,6,LC8A,AC8L,1.1973,-1.2527,-0.055399999999999894,C,8,L,A,"ABC,DE",0,828,ok
4JFF,2,GC4A,AC4G,-1.0137,1.0447,0.030999999999999917,C,4,G,A,"ABC,DE",0,828,ok
4JPK,4,FA63L,LA63F,0.0,0.0,0.0,A,63,F,L,"HL,A",0,598,ok
4JPK,3,FA144I,IA144F,0.2047,-0.3553,-0.1506,A,144,F,I,"HL,A",0,598,ok
4JPK,1,DA141R,RA141D,3.2505,-3.3105,-0.06000000000000005,A,141,D,R,"HL,A",0,598,ok
4JPK,2,DA82A,AA82D,1.0912,-0.9356,0.15559999999999996,A,82,D,A,"HL,A",0,598,ok
4JPK,7,SA41G,GA41S,0.3601,-0.3545,0.005599999999999994,A,41,S,G,"HL,A",0,598,ok
4JGH,1,WD44A,AD44W,1.8548,-2.0688,-0.21399999999999997,D,44,W,A,"ABC,D",0,731,ok
4JFF,7,TC9A,AC9T,0.2531,-0.2566,-0.003500000000000003,C,9,T,A,"ABC,DE",0,828,ok
4JPK,8,TA35S,SA35T,-0.0029,0.0032,0.00030000000000000035,A,35,T,S,"HL,A",0,598,ok
4JPK,9,VA30N,NA30V,0.4654,-0.4738,-0.008400000000000019,A,30,V,N,"HL,A",0,598,ok
4JFF,1,EC1A,AC1E,1.3559,-1.3815,-0.025599999999999845,C,1,E,A,"ABC,DE",0,828,ok
4JPK,6,RA81T,TA81R,1.8992,-1.4873,0.41189999999999993,A,81,R,T,"HL,A",0,598,ok
4JPK,5,RA130K,KA130R,0.0008,-0.0002,0.0006000000000000001,A,130,R,K,"HL,A",0,598,ok
4K71,1,AA545V,VA545A,0.0087,-0.0061,0.002599999999999999,A,545,A,V,"A,BC",0,946,ok
4K71,3,HA462A,AA462H,0.4852,-0.492,-0.006799999999999973,A,462,H,A,"A,BC",0,946,ok
4K71,4,HA462F,FA462H,0.8265,-0.6877,0.13880000000000003,A,462,H,F,"A,BC",0,946,ok
4K71,2,GA503E,EA503G,7.2597,-1.0387,6.221,A,503,G,E,"A,BC",0,946,ok
4L3E,1,EA166A,AA166E,0.1732,-0.1679,0.005299999999999999,A,166,E,A,"ABC,DE",1,826,ok
4K71,5,HB157A,AB157H,1.0633,0.2365,1.2997999999999998,B,157,H,A,"A,BC",0,946,ok
4K71,6,HB157F,FB157H,0.3972,0.2011,0.5983,B,157,H,F,"A,BC",0,946,ok
4L3E,3,QA155A,AA155Q,0.3068,-0.3128,-0.006000000000000005,A,155,Q,A,"ABC,DE",1,826,ok
4L3E,5,YD26A,AD26Y,0.4867,-1.1308,-0.6441,D,26,Y,A,"ABC,DE",0,826,ok
4L3E,6,YD50A,AD50Y,1.5286,-1.4947,0.03390000000000004,D,50,Y,A,"ABC,DE",0,826,ok
4L3E,2,ND52A,AD52N,0.0204,-0.2954,-0.275,D,52,N,A,"ABC,DE",0,826,ok
4L3E,7,YE48A,AE48Y,-0.0469,0.0315,-0.015399999999999997,E,48,Y,A,"ABC,DE",0,826,ok
4L3E,4,RA65A,AA65R,1.5621,-1.4084,0.15369999999999995,A,65,R,A,"ABC,DE",1,826,ok
4LRX,1,HA56N,NA56H,-0.0008,0.0009,9.999999999999994e-05,A,56,H,N,"AB,CD",0,1302,ok
4N8V,1,DG125A,AG125D,1.0881,-1.1017,-0.013599999999999834,G,125,D,A,"G,ABC",0,573,ok
4MNQ,2,LC6A,AC6L,2.7369,-2.6479,0.08899999999999997,C,6,L,A,"ABC,DE",0,825,ok
4N8V,4,EG96A,AG96E,-0.4068,0.3855,-0.021299999999999986,G,96,E,A,"G,ABC",0,573,ok
4N8V,2,DG62A,AG62D,2.9138,-1.3923,1.5215,G,62,D,A,"G,ABC",0,573,ok
4MNQ,1,KC4A,AC4K,3.2202,-4.6661,-1.4459,C,4,K,A,"ABC,DE",0,825,ok
4N8V,3,EG177A,AG177E,0.458,-0.1291,0.3289,G,177,E,A,"G,ABC",0,573,ok
4N8V,6,LG94A,AG94L,0.0038,-0.0044,-0.0006000000000000003,G,94,L,A,"G,ABC",0,573,ok
4N8V,7,PG10A,AG10P,0.0,0.0,0.0,G,10,P,A,"G,ABC",0,573,ok
4N8V,5,KG38A,AG38K,0.1046,-0.053,0.0516,G,38,K,A,"G,ABC",0,573,ok
4N8V,10,YG124A,AG124Y,0.9928,-1.019,-0.02619999999999989,G,124,Y,A,"G,ABC",0,573,ok
4N8V,11,YG39A,AG39Y,0.1801,-0.2384,-0.05829999999999999,G,39,Y,A,"G,ABC",0,573,ok
4N8V,9,SG174A,AG174S,0.8165,-1.1478,-0.33129999999999993,G,174,S,A,"G,ABC",0,573,ok
4NKQ,1,DB126A,AB126D,1.6377,-1.8423,-0.20460000000000012,B,126,D,A,"C,AB",0,691,ok
4NKQ,3,DB176A,AB176D,1.1338,-0.6306,0.5031999999999999,B,176,D,A,"C,AB",0,691,ok
4NKQ,6,DB87A,AB87D,-4.0465,-0.2377,-4.2842,B,87,D,A,"C,AB",0,691,ok
4N8V,12,YG39F,FG39Y,0.1195,-0.0959,0.023599999999999996,G,39,Y,F,"G,ABC",0,573,ok
4NKQ,2,DB126K,KB126D,1.8312,-1.7996,0.03159999999999985,B,126,D,K,"C,AB",0,691,ok
4N8V,8,QG61K,KG61Q,-1.7595,1.7261,-0.033400000000000096,G,61,Q,K,"G,ABC",0,573,ok
4NKQ,4,DB176E,EB176D,0.5038,0.4493,0.9531000000000001,B,176,D,E,"C,AB",0,691,ok
4NKQ,5,DB176N,NB176D,1.3812,-0.3981,0.9831,B,176,D,N,"C,AB",0,691,ok
4NKQ,9,EB92A,AB92E,0.0015,-0.0796,-0.0781,B,92,E,A,"C,AB",0,691,ok
4NKQ,10,EC8R,RC8E,0.8077,-1.2641,-0.45640000000000003,C,8,E,R,"C,AB",0,691,ok
4NKQ,12,IC6G,GC6I,0.2267,-0.2123,0.014400000000000024,C,6,I,G,"C,AB",0,691,ok
4NKQ,13,KB121A,AB121K,0.0023,-0.0021,0.0002000000000000001,B,121,K,A,"C,AB",0,691,ok
4NKQ,7,DB87R,RB87D,-2.4551,2.8367,0.38160000000000016,B,87,D,R,"C,AB",0,691,ok
4NKQ,11,IB91A,AB91I,0.0948,-0.3254,-0.23060000000000003,B,91,I,A,"C,AB",0,691,ok
4NKQ,18,LB122A,AB122L,0.0037,-0.0883,-0.08460000000000001,B,122,L,A,"C,AB",0,691,ok
4NKQ,20,NB81A,AB81N,0.0032,-0.0029,0.00030000000000000035,B,81,N,A,"C,AB",0,691,ok
4NKQ,8,DC99K,KC99D,0.3081,-0.4627,-0.15460000000000002,C,99,D,K,"C,AB",0,691,ok
4NKQ,19,LC15D,DC15L,0.2114,-0.1599,0.05150000000000002,C,15,L,D,"C,AB",0,691,ok
4NKQ,16,KB90A,AB90K,0.7059,-0.7255,-0.019600000000000062,B,90,K,A,"C,AB",0,691,ok
4NKQ,22,NC4E,EC4N,-0.9726,1.5939,0.6213000000000001,C,4,N,E,"C,AB",0,691,ok
4NKQ,17,KB90D,DB90K,0.3061,-0.6725,-0.3664,B,90,K,D,"C,AB",0,691,ok
4NKQ,24,RB156Q,QB156R,0.0,0.0,0.0,B,156,R,Q,"C,AB",0,691,ok
4NKQ,23,QB120A,AB120Q,0.2558,-0.2976,-0.04179999999999995,B,120,Q,A,"C,AB",0,691,ok
4NKQ,14,KB89A,AB89K,0.4642,-0.841,-0.37679999999999997,B,89,K,A,"C,AB",0,691,ok
4NKQ,21,NC14D,DC14N,0.1131,-0.1479,-0.0348,C,14,N,D,"C,AB",0,691,ok
4NKQ,28,RB80A,AB80R,-0.0976,-1.589,-1.6865999999999999,B,80,R,A,"C,AB",0,691,ok
4NKQ,25,RB178A,AB178R,4.7543,-4.9139,-0.1596000000000002,B,178,R,A,"C,AB",0,691,ok
4NKQ,29,RB80D,DB80R,1.6283,-2.8596,-1.2312999999999998,B,80,R,D,"C,AB",0,691,ok
4NKQ,32,SB123A,AB123S,0.2951,-0.2784,0.016699999999999993,B,123,S,A,"C,AB",0,691,ok
4NKQ,30,RC10D,DC10R,0.8327,-0.9556,-0.12290000000000001,C,10,R,D,"C,AB",0,691,ok
4NKQ,31,RC11D,DC11R,1.9923,0.3525,2.3447999999999998,C,11,R,D,"C,AB",0,691,ok
4NKQ,34,YB82A,AB82Y,0.0143,-0.0068,0.007500000000000001,B,82,Y,A,"C,AB",0,691,ok
4NKQ,33,TB88A,AB88T,0.5959,-0.6219,-0.026000000000000023,B,88,T,A,"C,AB",0,691,ok
4NKQ,26,RB178D,DB178R,4.2484,-4.5994,-0.351,B,178,R,D,"C,AB",0,691,ok
4NKQ,35,YB82F,FB82Y,0.0074,-0.0001,0.0073,B,82,Y,F,"C,AB",0,691,ok
4NKQ,27,RB178M,MB178R,2.5606,-3.111,-0.5504000000000002,B,178,R,M,"C,AB",0,691,ok
4NKQ,15,KB89D,DB89K,1.3199,-0.8099,0.5100000000000001,B,89,K,D,"C,AB",0,691,ok
4NM8,2,IB18M,MB18I,1.118,-0.9193,0.1987000000000001,B,18,I,M,"ABCDEF,HL",0,1899,ok
4NM8,3,LB38Y,YB38L,0.7321,-0.8171,-0.08500000000000008,B,38,L,Y,"ABCDEF,HL",0,1899,ok
4NM8,4,QB34R,RB34Q,-1.8149,2.2847,0.4698,B,34,Q,R,"ABCDEF,HL",0,1899,ok
4NM8,5,QB34T,TB34Q,-0.0034,0.068,0.0646,B,34,Q,T,"ABCDEF,HL",0,1899,ok
4NM8,6,RB25M,MB25R,-0.8428,0.7903,-0.05249999999999999,B,25,R,M,"ABCDEF,HL",0,1899,ok
4NM8,7,TB32E,EB32T,-2.0418,1.9623,-0.0794999999999999,B,32,T,E,"ABCDEF,HL",0,1899,ok
4NM8,1,DB19N,NB19D,3.2688,-3.0703,0.19850000000000012,B,19,D,N,"ABCDEF,HL",0,1899,ok
4OZG,2,FH94A,AH94F,2.9014,-2.9693,-0.06789999999999985,H,94,F,A,"ABJ,GH",0,808,ok
4OZG,5,NG29A,AG29N,0.4409,-0.3969,0.04400000000000004,G,29,N,A,"ABJ,GH",0,808,ok
4OZG,3,FH96A,AH96F,2.1148,-1.8901,0.2246999999999999,H,96,F,A,"ABJ,GH",0,808,ok
4OZG,1,DH98A,AH98D,3.4538,-2.6449,0.8089000000000004,H,98,D,A,"ABJ,GH",0,808,ok
4OZG,6,NH50A,AH50N,-0.0046,0.0046,0.0,H,50,N,A,"ABJ,GH",0,808,ok
4NM8,8,TB32I,IB32T,-0.7687,0.6813,-0.08740000000000003,B,32,T,I,"ABCDEF,HL",0,1899,ok
4OZG,7,QH48A,AH48Q,0.7895,-0.9009,-0.11140000000000005,H,48,Q,A,"ABJ,GH",0,808,ok
4OZG,4,LG50A,AG50L,1.7692,-1.4417,0.3275000000000001,G,50,L,A,"ABJ,GH",0,808,ok
4NM8,9,TB32R,RB32T,0.5076,-0.5807,-0.07309999999999994,B,32,T,R,"ABCDEF,HL",0,1899,ok
4OZG,9,YG31A,AG31Y,2.4597,-1.3024,1.1573000000000002,G,31,Y,A,"ABJ,GH",0,808,ok
4OZG,10,YG33F,FG33Y,-1.3898,1.4148,0.025000000000000133,G,33,Y,F,"ABJ,GH",0,808,ok
4OZG,12,YH46F,FH46Y,0.6416,-0.5695,0.07209999999999994,H,46,Y,F,"ABJ,GH",0,808,ok
4OZG,11,YH101F,FH101Y,1.399,-1.0138,0.3852,H,101,Y,F,"ABJ,GH",0,808,ok
4OZG,8,RH95A,AH95R,3.844,-1.7184,2.1256,H,95,R,A,"ABJ,GH",0,808,ok
4P23,2,DD13A,AD13D,-0.1218,0.1226,0.0007999999999999952,D,13,D,A,"CD,AB",0,816,ok
4P23,1,DC56A,AC56D,0.0933,-0.1295,-0.03620000000000001,C,56,D,A,"CD,AB",0,816,ok
4P23,3,DD85A,AD85D,0.02,-0.0201,-9.99999999999994e-05,D,85,D,A,"CD,AB",0,816,ok
4P23,4,ED2A,AD2E,0.4297,0.1117,0.5414,D,2,E,A,"CD,AB",0,816,ok
4P23,6,ED75A,AD75E,-0.1838,0.1239,-0.059899999999999995,D,75,E,A,"CD,AB",0,816,ok
4P23,5,ED68A,AD68E,0.0,0.0,0.0,D,68,E,A,"CD,AB",0,816,ok
4P23,9,FD1A,AD1F,0.462,0.0008,0.46280000000000004,D,1,F,A,"CD,AB",0,816,ok
4P23,7,ED78A,AD78E,0.1933,-0.0437,0.1496,D,78,E,A,"CD,AB",0,816,ok
4P23,8,ED93A,AD93E,0.4708,-0.4692,0.0015999999999999903,D,93,E,A,"CD,AB",0,816,ok
4P23,11,HD90A,AD90H,0.5363,-0.0765,0.4598,D,90,H,A,"CD,AB",0,816,ok
4P23,12,ID76A,AD76I,0.1044,-0.1301,-0.025699999999999987,D,76,I,A,"CD,AB",0,816,ok
4P23,13,KC40A,AC40K,-0.0095,-0.1226,-0.1321,C,40,K,A,"CD,AB",0,816,ok
4P23,10,HC69A,AC69H,1.0678,-0.3583,0.7095,C,69,H,A,"CD,AB",0,816,ok
4P23,17,KD5A,AD5K,3.4884,-2.3023,1.1861000000000002,D,5,K,A,"CD,AB",0,816,ok
4P23,14,KC68A,AC68K,-0.1523,0.1677,0.015399999999999997,C,68,K,A,"CD,AB",0,816,ok
4P23,15,KC76A,AC76K,0.021,-0.0396,-0.018600000000000002,C,76,K,A,"CD,AB",0,816,ok
4P23,18,KD7A,AD7K,1.9834,-2.1547,-0.1713,D,7,K,A,"CD,AB",0,816,ok
4P23,16,KD10A,AD10K,0.4032,-0.2119,0.1913,D,10,K,A,"CD,AB",0,816,ok
4P23,20,NC63A,AC63N,0.4076,-0.4957,-0.08809999999999996,C,63,N,A,"CD,AB",0,816,ok
4P23,21,ND9A,AD9N,0.7387,-0.048,0.6907,D,9,N,A,"CD,AB",0,816,ok
4P23,22,PD74A,AD74P,0.0005,-0.0005,0.0,D,74,P,A,"CD,AB",0,816,ok
4P23,19,LC61A,AC61L,-0.0157,0.4111,0.39540000000000003,C,61,L,A,"CD,AB",0,816,ok
4P23,23,QC58A,AC58Q,1.1593,-0.2373,0.9219999999999999,C,58,Q,A,"CD,AB",0,816,ok
4P23,24,QC62A,AC62Q,0.9582,0.5188,1.477,C,62,Q,A,"CD,AB",0,816,ok
4P23,26,QD73A,AD73Q,0.0229,-0.0229,0.0,D,73,Q,A,"CD,AB",0,816,ok
4P23,25,QD4A,AD4Q,0.7137,0.2563,0.97,D,4,Q,A,"CD,AB",0,816,ok
4P23,28,RD81A,AD81R,-0.3253,0.1398,-0.18549999999999997,D,81,R,A,"CD,AB",0,816,ok
4P23,30,SD72A,AD72S,0.0,0.0,0.0,D,72,S,A,"CD,AB",0,816,ok
4P23,31,TD86A,AD86T,0.0308,0.0013,0.032100000000000004,D,86,T,A,"CD,AB",0,816,ok
4P23,29,RD89A,AD89R,-0.026,0.0237,-0.0023,D,89,R,A,"CD,AB",0,816,ok
4P23,27,RD79A,AD79R,1.7391,-1.5263,0.2128000000000001,D,79,R,A,"CD,AB",0,816,ok
4P23,34,VD12A,AD12V,0.0018,-0.0013,0.0005,D,12,V,A,"CD,AB",0,816,ok
4P23,32,VC66A,AC66V,1.4453,-1.5705,-0.12519999999999998,C,66,V,A,"CD,AB",0,816,ok
4P23,35,YD69A,AD69Y,-0.0418,0.0414,-0.0003999999999999976,D,69,Y,A,"CD,AB",0,816,ok
4P23,33,VC73A,AC73V,-0.0023,0.0024,9.999999999999983e-05,C,73,V,A,"CD,AB",0,816,ok
4P5T,4,ED2A,AD2E,1.1308,0.2079,1.3387,D,2,E,A,"CD,AB",0,813,ok
4P5T,3,DD84A,AD84D,0.5779,-0.5774,0.0004999999999999449,D,84,D,A,"CD,AB",0,813,ok
4P5T,2,DD13A,AD13D,-0.1022,0.1009,-0.0012999999999999956,D,13,D,A,"CD,AB",0,813,ok
4P5T,5,ED67A,AD67E,0.0,0.0,0.0,D,67,E,A,"CD,AB",0,813,ok
4P5T,1,DC56A,AC56D,0.2248,-0.1888,0.036000000000000004,C,56,D,A,"CD,AB",0,813,ok
4P5T,7,ED77A,AD77E,0.5146,-0.5339,-0.019300000000000095,D,77,E,A,"CD,AB",0,813,ok
4P5T,6,ED74A,AD74E,-0.8751,0.7379,-0.1372,D,74,E,A,"CD,AB",0,813,ok
4P5T,8,ED92A,AD92E,0.2041,-0.2077,-0.003599999999999992,D,92,E,A,"CD,AB",0,813,ok
4P5T,9,FD1A,AD1F,0.4633,0.0,0.4633,D,1,F,A,"CD,AB",0,813,ok
4P5T,11,HD89A,AD89H,-0.0194,0.019,-0.00040000000000000105,D,89,H,A,"CD,AB",0,813,ok
4P5T,12,ID75A,AD75I,-0.0186,-0.0128,-0.0314,D,75,I,A,"CD,AB",0,813,ok
4P5T,13,KC40A,AC40K,0.0945,-0.0316,0.0629,C,40,K,A,"CD,AB",0,813,ok
4P5T,10,HC69A,AC69H,0.9255,-0.8599,0.06559999999999999,C,69,H,A,"CD,AB",0,813,ok
4P5T,17,KD5A,AD5K,-2.0876,-1.7666,-3.8542,D,5,K,A,"CD,AB",0,813,ok
4P5T,15,KC76A,AC76K,-0.0008,0.0009,9.999999999999994e-05,C,76,K,A,"CD,AB",0,813,ok
4P5T,14,KC68A,AC68K,0.0117,-0.0129,-0.0011999999999999997,C,68,K,A,"CD,AB",0,813,ok
4P5T,18,KD7A,AD7K,0.6598,-2.3157,-1.6559,D,7,K,A,"CD,AB",0,813,ok
4P5T,22,PD73A,AD73P,0.0093,-0.0084,0.0008999999999999998,D,73,P,A,"CD,AB",0,813,ok
4P5T,20,NC63A,AC63N,0.073,-0.2155,-0.14250000000000002,C,63,N,A,"CD,AB",0,813,ok
4P5T,16,KD10A,AD10K,0.4226,-0.4574,-0.0348,D,10,K,A,"CD,AB",0,813,ok
4P5T,21,ND9A,AD9N,0.6988,0.327,1.0258,D,9,N,A,"CD,AB",0,813,ok
4P5T,19,LC61A,AC61L,0.3867,-0.5025,-0.11579999999999996,C,61,L,A,"CD,AB",0,813,ok
4P5T,23,QC58A,AC58Q,0.722,1.1285,1.8505,C,58,Q,A,"CD,AB",0,813,ok
4P5T,24,QC62A,AC62Q,0.5919,-0.5597,0.032200000000000006,C,62,Q,A,"CD,AB",0,813,ok
4P5T,25,QD4A,AD4Q,2.1048,-2.2818,-0.17700000000000005,D,4,Q,A,"CD,AB",0,813,ok
4P5T,26,QD72A,AD72Q,0.0058,-0.0058,0.0,D,72,Q,A,"CD,AB",0,813,ok
4P5T,28,RD80A,AD80R,-0.1305,0.1236,-0.006900000000000003,D,80,R,A,"CD,AB",0,813,ok
4P5T,30,SD71A,AD71S,0.0,0.0,0.0,D,71,S,A,"CD,AB",0,813,ok
4P5T,31,TD85A,AD85T,1.0649,-1.0593,0.005600000000000049,D,85,T,A,"CD,AB",0,813,ok
4P5T,27,RD78A,AD78R,1.2965,-0.5356,0.7609,D,78,R,A,"CD,AB",0,813,ok
4P5T,29,RD88A,AD88R,-0.1586,0.1259,-0.03269999999999998,D,88,R,A,"CD,AB",0,813,ok
4P5T,34,VD12A,AD12V,0.0004,-0.0004,0.0,D,12,V,A,"CD,AB",0,813,ok
4P5T,32,VC66A,AC66V,1.6244,-1.6505,-0.026100000000000012,C,66,V,A,"CD,AB",0,813,ok
4P5T,35,YD68A,AD68Y,0.0,0.0,0.0,D,68,Y,A,"CD,AB",0,813,ok
4P5T,33,VC73A,AC73V,0.0005,-0.0005,0.0,C,73,V,A,"CD,AB",0,813,ok
4PWX,1,DA250A,AA250D,0.6873,-0.6826,0.0047000000000000375,A,250,D,A,"AB,CD",1,921,ok
4PWX,4,EA206A,AA206E,-0.0028,-0.0071,-0.0099,A,206,E,A,"AB,CD",1,921,ok
4PWX,6,EC17A,AC17E,-0.0597,0.0636,0.0039000000000000007,C,17,E,A,"AB,CD",0,921,ok
4PWX,8,FA194A,AA194F,0.8899,-0.9873,-0.09739999999999993,A,194,F,A,"AB,CD",1,921,ok
4PWX,2,DC60K,KC60D,1.0599,-0.5983,0.4616,C,60,D,K,"AB,CD",0,921,ok
4PWX,10,KB65A,AB65K,0.6115,-0.4236,0.18790000000000007,B,65,K,A,"AB,CD",0,921,ok
4PWX,3,EA201K,KA201E,5.0592,-3.9431,1.1160999999999999,A,201,E,K,"AB,CD",1,921,ok
4PWX,12,KB68A,AB68K,0.6411,-0.5261,0.11499999999999999,B,68,K,A,"AB,CD",0,921,ok
4PWX,9,HC19A,AC19H,0.124,0.4118,0.5358,C,19,H,A,"AB,CD",0,921,ok
4PWX,15,KC9A,AC9K,0.6446,-0.3423,0.30229999999999996,C,9,K,A,"AB,CD",0,921,ok
4PWX,14,KC1A,AC1K,0.7341,-1.0274,-0.2933000000000001,C,1,K,A,"AB,CD",0,921,ok
4PWX,16,QA205A,AA205Q,-0.1262,0.2907,0.1645,A,205,Q,A,"AB,CD",1,921,ok
4PWX,13,KB68D,DB68K,0.569,-0.2988,0.27019999999999994,B,68,K,D,"AB,CD",0,921,ok
4PWX,5,EA246K,KA246E,0.882,-0.8865,-0.0044999999999999485,A,246,E,K,"AB,CD",1,921,ok
4PWX,11,KB65D,DB65K,0.0568,0.1575,0.2143,B,65,K,D,"AB,CD",0,921,ok
4PWX,7,EC67K,KC67E,0.2597,0.1221,0.3818,C,67,E,K,"AB,CD",0,921,ok
4PWX,17,QC20A,AC20Q,1.3373,-1.9516,-0.6143000000000001,C,20,Q,A,"AB,CD",0,921,ok
4PWX,18,RB269A,AB269R,1.3451,-0.2948,1.0503,B,269,R,A,"AB,CD",0,921,ok
4PWX,20,RC23A,AC23R,0.4106,-0.2947,0.1159,C,23,R,A,"AB,CD",0,921,ok
4PWX,24,YC15A,AC15Y,-0.023,0.023,0.0,C,15,Y,A,"AB,CD",0,921,ok
4PWX,22,RC31A,AC31R,1.805,-1.4679,0.33709999999999996,C,31,R,A,"AB,CD",0,921,ok
4PWX,21,RC28A,AC28R,6.2057,-4.1308,2.0749000000000004,C,28,R,A,"AB,CD",0,921,ok
4PWX,23,YA198A,AA198Y,1.2172,-1.6377,-0.4204999999999999,A,198,Y,A,"AB,CD",1,921,ok
4PWX,19,RB71A,AB71R,1.5922,-3.0018,-1.4095999999999997,B,71,R,A,"AB,CD",0,921,ok
4PWX,25,YC16A,AC16Y,0.6541,-0.7196,-0.0655,C,16,Y,A,"AB,CD",0,921,ok
4U6H,2,NE21A,AE21N,0.534,-0.9197,-0.38569999999999993,E,21,N,A,"AB,E",0,600,ok
4U6H,3,QE25A,AE25Q,0.9781,-0.9881,-0.010000000000000009,E,25,Q,A,"AB,E",0,600,ok
4X4M,1,HE154A,AE154H,0.4505,0.0235,0.47400000000000003,E,154,H,A,"AB,E",0,693,ok
4U6H,1,DE29A,AE29D,4.3825,-4.3601,0.022400000000000198,E,29,D,A,"AB,E",0,600,ok
4ZS6,1,DA159A,AA159D,1.7478,-1.5938,0.15399999999999991,A,159,D,A,"HL,A",0,638,ok
4X4M,2,HE154E,EE154H,0.5042,-0.0152,0.489,E,154,H,E,"AB,E",0,693,ok
4X4M,5,RE155A,AE155R,0.3502,-0.2499,0.1003,E,155,R,A,"AB,E",0,693,ok
4X4M,3,KE153A,AE153K,0.402,0.405,0.807,E,153,K,A,"AB,E",0,693,ok
4X4M,4,KE153E,EE153K,1.1808,-0.7558,0.42500000000000004,E,153,K,E,"AB,E",0,693,ok
4ZS6,3,WA155A,AA155W,4.1714,-4.2973,-0.12589999999999968,A,155,W,A,"HL,A",0,638,ok
4X4M,6,RE155E,EE155R,0.3181,-0.3176,0.0005000000000000004,E,155,R,E,"AB,E",0,693,ok
4ZS6,2,EA156A,AA156E,1.2654,-1.2471,0.018299999999999983,A,156,E,A,"HL,A",0,638,ok
5C6T,1,EA194A,AA194E,0.0994,-0.0815,0.0179,A,194,E,A,"HL,A",0,783,ok
5C6T,2,FA192A,AA192F,0.1562,-0.8505,-0.6943,A,192,F,A,"HL,A",0,783,ok
5C6T,3,FA199A,AA199F,0.0902,-0.0894,0.000800000000000009,A,199,F,A,"HL,A",0,783,ok
5C6T,4,FA200A,AA200F,0.4111,-0.2331,0.17800000000000002,A,200,F,A,"HL,A",0,783,ok
5C6T,7,NA183A,AA183N,0.4525,-0.0743,0.3782,A,183,N,A,"HL,A",0,783,ok
5C6T,6,IA201A,AA201I,1.4895,-1.5528,-0.06329999999999991,A,201,I,A,"HL,A",0,783,ok
5C6T,5,FH99A,AH99F,3.4864,-3.4844,0.002000000000000224,H,99,F,A,"HL,A",0,783,ok
4ZS6,4,YA160A,AA160Y,0.2695,-0.2042,0.06530000000000002,A,160,Y,A,"HL,A",0,638,ok
5C6T,8,NA186A,AA186N,-0.2006,0.203,0.0024000000000000132,A,186,N,A,"HL,A",0,783,ok
5C6T,9,NA188A,AA188N,0.4423,0.2074,0.6497,A,188,N,A,"HL,A",0,783,ok
5C6T,10,NH97A,AH97N,1.1719,-0.0011,1.1707999999999998,H,97,N,A,"HL,A",0,783,ok
5C6T,14,SH32A,AH32S,-1.4972,1.3544,-0.14280000000000004,H,32,S,A,"HL,A",0,783,ok
5C6T,11,RA187A,AA187R,3.4314,-0.9892,2.4422,A,187,R,A,"HL,A",0,783,ok
5C6T,15,TA185A,AA185T,0.4423,-0.377,0.06530000000000002,A,185,T,A,"HL,A",0,783,ok
5C6T,16,YA182A,AA182Y,0.9821,-1.2302,-0.2481,A,182,Y,A,"HL,A",0,783,ok
5C6T,12,RH31S,SH31R,1.4857,-1.4726,0.013100000000000112,H,31,R,S,"HL,A",0,783,ok
5C6T,17,YH104A,AH104Y,1.6231,-1.6742,-0.05109999999999992,H,104,Y,A,"HL,A",0,783,ok
5C6T,13,RL48A,AL48R,-0.0487,0.0838,0.0351,L,48,R,A,"HL,A",0,783,ok
5C6T,18,YH98A,AH98Y,1.3855,-1.2609,0.12460000000000004,H,98,Y,A,"HL,A",0,783,ok
5DWU,1,FA78A,AA78F,0.0195,-0.037,-0.017499999999999998,A,78,F,A,"HL,AB",0,748,ok
5DWU,2,IB169A,AB169I,0.0,0.0,0.0,B,169,I,A,"HL,AB",0,748,ok
5DWU,3,IB84A,AB84I,-0.0149,0.0158,0.0009000000000000015,B,84,I,A,"HL,AB",0,748,ok
5C6T,19,YL47A,AL47Y,0.2946,-0.1455,0.14909999999999998,L,47,Y,A,"HL,A",0,783,ok
5DWU,4,QB85A,AB85Q,0.0,0.0,0.0,B,85,Q,A,"HL,AB",0,748,ok
5E9D,5,SD50G,GD50S,-0.0465,0.0458,-0.0006999999999999992,D,50,S,G,"AB,CDE",0,599,ok
5E9D,4,NE27G,GE27N,-0.0001,0.0001,0.0,E,27,N,G,"AB,CDE",0,599,ok
5E9D,6,TD90Q,QD90T,-0.0048,0.0048,0.0,D,90,T,Q,"AB,CDE",0,599,ok
5E9D,7,VE49D,DE49V,-0.2123,0.2123,0.0,E,49,V,D,"AB,CDE",0,599,ok
5E9D,3,KD96Q,QD96K,-0.0581,0.1065,0.0484,D,96,K,Q,"AB,CDE",0,599,ok
5E9D,1,AE98Y,YE98A,-0.5777,0.5544,-0.023299999999999987,E,98,A,Y,"AB,CDE",0,599,ok
5E9D,2,GD27E,ED27G,1.0014,-1.0897,-0.08829999999999982,D,27,G,E,"AB,CDE",0,599,ok
5E9D,8,YD49W,WD49Y,-0.9332,1.4109,0.4777,D,49,Y,W,"AB,CDE",0,599,ok
