1A22.A.B_A	1A22.A.B_B	CA171A	1.019411
1A22.A.B_A	1A22.A.B_B	CB67A	0.000000
1A22.A.B_A	1A22.A.B_B	CB81A	0.000000
1A22.A.B_A	1A22.A.B_B	DA160A	0.974370
1A22.A.B_A	1A22.A.B_B	DA26A	-0.211313
1A22.A.B_A	1A22.A.B_B	DB119A	1.531305
1A22.A.B_A	1A22.A.B_B	DB160A	-0.046188
1A22.A.B_A	1A22.A.B_B	DB85A	0.984745
1A22.A.B_A	1A22.A.B_B	DB91A	1.085717
1A22.A.B_A	1A22.A.B_B	EA163A	-0.910037
1A22.A.B_A	1A22.A.B_B	EA175A	-0.074272
1A22.A.B_A	1A22.A.B_B	EA56A	0.624571
1A22.A.B_A	1A22.A.B_B	EA65A	-0.393725
1A22.A.B_A	1A22.A.B_B	EA66A	0.436234
1A22.A.B_A	1A22.A.B_B	EB10A	0.705528
1A22.A.B_A	1A22.A.B_B	EB128A	0.082802
1A22.A.B_A	1A22.A.B_B	EB12A	1.373793
1A22.A.B_A	1A22.A.B_B	EB130A	-0.079111
1A22.A.B_A	1A22.A.B_B	EB135A	0.199344
1A22.A.B_A	1A22.A.B_B	EB162A	-0.079111
1A22.A.B_A	1A22.A.B_B	EB164A	-0.062421
1A22.A.B_A	1A22.A.B_B	EB179A	0.108017
1A22.A.B_A	1A22.A.B_B	EB34A	-0.098667
1A22.A.B_A	1A22.A.B_B	EB38A	-0.079111
1A22.A.B_A	1A22.A.B_B	EB41A	0.783077
1A22.A.B_A	1A22.A.B_B	EB50A	0.177798
1A22.A.B_A	1A22.A.B_B	EB79A	-0.202294
1A22.A.B_A	1A22.A.B_B	EB86A	0.786411
1A22.A.B_A	1A22.A.B_B	FA10A	1.049799
1A22.A.B_A	1A22.A.B_B	FA165A	1.024455
1A22.A.B_A	1A22.A.B_B	FA165Y	1.269933
1A22.A.B_A	1A22.A.B_B	FA180A	0.191828
1A22.A.B_A	1A22.A.B_B	FA25A	-0.423821
1A22.A.B_A	1A22.A.B_B	FA54A	0.879362
1A22.A.B_A	1A22.A.B_B	FB55S	-0.041053
1A22.A.B_A	1A22.A.B_B	FB59A	-0.015000
1A22.A.B_A	1A22.A.B_B	GA176A	0.346296
1A22.A.B_A	1A22.A.B_B	HA18A	-0.346373
1A22.A.B_A	1A22.A.B_B	HA21A	0.155438
1A22.A.B_A	1A22.A.B_B	IA168A	0.698028
1A22.A.B_A	1A22.A.B_B	IA4A	0.410656
1A22.A.B_A	1A22.A.B_B	IA58A	1.659799
1A22.A.B_A	1A22.A.B_B	IA58L	0.316418
1A22.A.B_A	1A22.A.B_B	IB120A	2.154394
1A22.A.B_A	1A22.A.B_B	IB62A	1.272705
1A22.A.B_A	1A22.A.B_B	IB64A	1.350494
1A22.A.B_A	1A22.A.B_B	IB87A	0.588454
1A22.A.B_A	1A22.A.B_B	KA157A	-0.052375
1A22.A.B_A	1A22.A.B_B	KA161A	1.779152
1A22.A.B_A	1A22.A.B_B	KA70A	0.521570
1A22.A.B_A	1A22.A.B_B	KB122A	-0.008843
1A22.A.B_A	1A22.A.B_B	KB134A	0.000000
1A22.A.B_A	1A22.A.B_B	KB158A	0.240219
1A22.A.B_A	1A22.A.B_B	KB161A	0.199344
1A22.A.B_A	1A22.A.B_B	KB170A	0.642630
1A22.A.B_A	1A22.A.B_B	KB40A	0.143934
1A22.A.B_A	1A22.A.B_B	KB69A	0.042847
1A22.A.B_A	1A22.A.B_B	KB80A	0.079457
1A22.A.B_A	1A22.A.B_B	LA15A	0.152751
1A22.A.B_A	1A22.A.B_B	LA45A	1.224517
1A22.A.B_A	1A22.A.B_B	LA6A	0.639143
1A22.A.B_A	1A22.A.B_B	LA73A	-0.206355
1A22.A.B_A	1A22.A.B_B	LA9A	-0.035917
1A22.A.B_A	1A22.A.B_B	MA14A	0.234353
1A22.A.B_A	1A22.A.B_B	NA12A	0.096285
1A22.A.B_A	1A22.A.B_B	NA63A	0.510328
1A22.A.B_A	1A22.A.B_B	NB173A	0.287041
1A22.A.B_A	1A22.A.B_B	NB31A	0.003612
1A22.A.B_A	1A22.A.B_B	NB56A	-0.255218
1A22.A.B_A	1A22.A.B_B	PA2A	-0.054727
1A22.A.B_A	1A22.A.B_B	PA48A	0.410656
1A22.A.B_A	1A22.A.B_B	PA59A	0.383925
1A22.A.B_A	1A22.A.B_B	PA5A	0.436234
1A22.A.B_A	1A22.A.B_B	PA61A	1.209325
1A22.A.B_A	1A22.A.B_B	PB65A	2.966264
1A22.A.B_A	1A22.A.B_B	PB9A	0.259645
1A22.A.B_A	1A22.A.B_B	QA170A	0.274082
1A22.A.B_A	1A22.A.B_B	QA22A	-0.219837
1A22.A.B_A	1A22.A.B_B	QA29A	-0.589047
1A22.A.B_A	1A22.A.B_B	QA46A	0.108017
1A22.A.B_A	1A22.A.B_B	QA68A	0.787916
1A22.A.B_A	1A22.A.B_B	QA69A	-0.054727
1A22.A.B_A	1A22.A.B_B	QB121A	0.008587
1A22.A.B_A	1A22.A.B_B	QB171A	0.884437
1A22.A.B_A	1A22.A.B_B	QB33A	-0.193698
1A22.A.B_A	1A22.A.B_B	QB37A	-0.410656
1A22.A.B_A	1A22.A.B_B	QB89A	-0.030389
1A22.A.B_A	1A22.A.B_B	RA156A	0.059761
1A22.A.B_A	1A22.A.B_B	RA167A	2.425703
1A22.A.B_A	1A22.A.B_B	RA167K	0.953515
1A22.A.B_A	1A22.A.B_B	RA167N	1.269933
1A22.A.B_A	1A22.A.B_B	RA16A	0.240219
1A22.A.B_A	1A22.A.B_B	RA172A	0.489546
1A22.A.B_A	1A22.A.B_B	RA19A	0.050096
1A22.A.B_A	1A22.A.B_B	RA64A	1.721932
1A22.A.B_A	1A22.A.B_B	RA64K	-0.314372
1A22.A.B_A	1A22.A.B_B	RA8A	0.204301
1A22.A.B_A	1A22.A.B_B	RB11A	1.524245
1A22.A.B_A	1A22.A.B_B	RB11L	0.521570
1A22.A.B_A	1A22.A.B_B	RB11M	1.000400
1A22.A.B_A	1A22.A.B_B	RB166A	0.056467
1A22.A.B_A	1A22.A.B_B	RB168A	-0.190523
1A22.A.B_A	1A22.A.B_B	RB172A	0.261142
1A22.A.B_A	1A22.A.B_B	RB29A	0.554108
1A22.A.B_A	1A22.A.B_B	RB30A	0.567586
1A22.A.B_A	1A22.A.B_B	RB7A	0.269124
1A22.A.B_A	1A22.A.B_B	SA173A	-0.054727
1A22.A.B_A	1A22.A.B_B	SA177A	-0.206355
1A22.A.B_A	1A22.A.B_B	SA51A	0.348235
1A22.A.B_A	1A22.A.B_B	SA55A	0.110914
1A22.A.B_A	1A22.A.B_B	SA57A	0.204301
1A22.A.B_A	1A22.A.B_B	SA62A	0.397291
1A22.A.B_A	1A22.A.B_B	SA71A	0.410656
1A22.A.B_A	1A22.A.B_B	SA7A	0.346296
1A22.A.B_A	1A22.A.B_B	SB15A	-0.015000
1A22.A.B_A	1A22.A.B_B	SB174A	0.033864
1A22.A.B_A	1A22.A.B_B	SB57A	-0.168411
1A22.A.B_A	1A22.A.B_B	SB58A	-0.506941
1A22.A.B_A	1A22.A.B_B	SB61A	0.020845
1A22.A.B_A	1A22.A.B_B	SB83A	0.225940
1A22.A.B_A	1A22.A.B_B	TA164A	1.907029
1A22.A.B_A	1A22.A.B_B	TA164S	1.690717
1A22.A.B_A	1A22.A.B_B	TA3A	-0.054727
1A22.A.B_A	1A22.A.B_B	TB149A	0.191049
1A22.A.B_A	1A22.A.B_B	TB150A	-0.108445
1A22.A.B_A	1A22.A.B_B	TB19A	0.069781
1A22.A.B_A	1A22.A.B_B	TB32A	-0.084168
1A22.A.B_A	1A22.A.B_B	TB36A	-0.025458
1A22.A.B_A	1A22.A.B_B	TB60A	1.423664
1A22.A.B_A	1A22.A.B_B	VA169A	0.000000
1A22.A.B_A	1A22.A.B_B	VA174A	0.879362
1A22.A.B_A	1A22.A.B_B	VB126A	-0.670132
1A22.A.B_A	1A22.A.B_B	VB84A	1.142183
1A22.A.B_A	1A22.A.B_B	VB88A	-0.046188
1A22.A.B_A	1A22.A.B_B	WB124A	4.731656
1A22.A.B_A	1A22.A.B_B	WB35A	0.544846
1A22.A.B_A	1A22.A.B_B	WB39A	0.049679
1A22.A.B_A	1A22.A.B_B	WB63A	4.683514
1A22.A.B_A	1A22.A.B_B	WB63F	2.784809
1A22.A.B_A	1A22.A.B_B	YA153A	0.348235
1A22.A.B_A	1A22.A.B_B	YA42A	0.199344
1A22.A.B_A	1A22.A.B_B	YB54A	0.199344
1A22.A.B_A	1A22.A.B_B	DA11A,MA14V,HA18Q,RA19H,FA25A,QA29K,EA33R	0.747160
1A22.A.B_A	1A22.A.B_B	DB107A,RB111A,EB113A	0.314372
1A22.A.B_A	1A22.A.B_B	DB78A,EB79A,KB80A	0.209830
1A22.A.B_A	1A22.A.B_B	EA56D,RA64M	2.003314
1A22.A.B_A	1A22.A.B_B	EA88G,QA91Y,FA92H,RA94T,SA95E	0.191828
1A22.A.B_A	1A22.A.B_B	EB138A,KB140A,KB142A,DB145A	0.120233
1A22.A.B_A	1A22.A.B_B	EB79A,KB80A	-0.344761
1A22.A.B_A	1A22.A.B_B	FA25A,YA42A,QA46A	0.198171
1A22.A.B_A	1A22.A.B_B	FA54H,SA55T,EA56S,IA58L,PA59A,SA62E,NA63D,RA64K,EA66Q,TA67A,KA70M,SA71N,NA72Q,LA73K,EA74D	2.496773
1A22.A.B_A	1A22.A.B_B	FA97R,AA98G,NA99M,SA100Q,LA101D,VA102A,YA103P,GA104E	0.263008
1A22.A.B_A	1A22.A.B_B	KA157A,EA163A	-0.769763
1A22.A.B_A	1A22.A.B_B	KA161A,FA165A	3.780828
1A22.A.B_A	1A22.A.B_B	KB158A,DB160A,KB161A,EB162A,EB164A	1.120238
1A22.A.B_A	1A22.A.B_B	KB2A,KB5A	0.240219
1A22.A.B_A	1A22.A.B_B	NA109D,VA110D,DA112H	0.346296
1A22.A.B_A	1A22.A.B_B	NA12H,FA25L	0.838487
1A22.A.B_A	1A22.A.B_B	NA12R,MA14V,LA15V,RA16L,RA19Y	1.680589
1A22.A.B_A	1A22.A.B_B	NA12R,MA14V,LA15V,RA16L,RA19Y,FA25S,DA26E,QA29S,EA30Q,EA33K	1.398035
1A22.A.B_A	1A22.A.B_B	NB31A,TB32A,QB33A,EB34A	-0.136574
1A22.A.B_A	1A22.A.B_B	NB31A,TB32A,QB33A,EB34A,WB35A,WB39A	0.166065
1A22.A.B_A	1A22.A.B_B	PA48A,TA50A,SA51A,LA52F	0.602485
1A22.A.B_A	1A22.A.B_B	QA22N,FA25S,DA26E,QA29S,EA30Q,EA33K	-0.094238
1A22.A.B_A	1A22.A.B_B	QA46H,NA47D,PA48S,QA49E,LA52F	1.182001
1A22.A.B_A	1A22.A.B_B	QB121A,KB122A,VB126A	-0.872230
1A22.A.B_A	1A22.A.B_B	QB171A,RB172A,NB173A	1.103567
1A22.A.B_A	1A22.A.B_B	RA127D,LA128V,EA129H	0.316418
1A22.A.B_A	1A22.A.B_B	RA156K,DA160H,IA168V,QA170K	1.953914
1A22.A.B_A	1A22.A.B_B	RA64A,DA160A	3.322751
1A22.A.B_A	1A22.A.B_B	RB116A,DB119A,KB122A	-0.062421
1A22.A.B_A	1A22.A.B_B	RB172A,NB173A	0.902598
1A22.A.B_A	1A22.A.B_B	RB29A,RB30A,EB34A	0.953515
1A22.A.B_A	1A22.A.B_B	SA57T,TA60A,SA62T,NA63G,RA64K,EA65D,TA67A,KA70R,NA72D,LA73V	1.680589
1A22.A.B_A	1A22.A.B_B	SB57A,SB61A	-0.569590
1A22.A.B_A	1A22.A.B_B	SB57A,SB61A,EB79A,KB80A	-0.895466
1A22.A.B_A	1A22.A.B_B	SB57A,SB61A,EB79A,KB80A,QB121A,KB122A,VB126A	-1.400088
1A22.A.B_A	1A22.A.B_B	YA111V,LA113I,KA115E,DA116Q,EA118K,EA119R,QA122E,TA123G,GA126L,RA127I,EA129S	0.251723
1A22.A.B_A	1A22.A.B_B	YA42A,QA46A	0.289800
1A4Y.A.B_A	1A4Y.A.B_B	DA435A	3.485544
1A4Y.A.B_A	1A4Y.A.B_B	EA287A	0.100657
1A4Y.A.B_A	1A4Y.A.B_B	EA344A	0.178610
1A4Y.A.B_A	1A4Y.A.B_B	EA401A	0.883734
1A4Y.A.B_A	1A4Y.A.B_B	EB108A	-0.322725
1A4Y.A.B_A	1A4Y.A.B_B	HB114A	0.656829
1A4Y.A.B_A	1A4Y.A.B_B	HB13A	-0.296685
1A4Y.A.B_A	1A4Y.A.B_B	HB84A	0.170438
1A4Y.A.B_A	1A4Y.A.B_B	HB8A	0.904115
1A4Y.A.B_A	1A4Y.A.B_B	IA459A	0.679432
1A4Y.A.B_A	1A4Y.A.B_B	KA320A	-0.309999
1A4Y.A.B_A	1A4Y.A.B_B	KB40G	3.236800
1A4Y.A.B_A	1A4Y.A.B_B	KB40Q	4.252428
1A4Y.A.B_A	1A4Y.A.B_B	NB68A	0.117810
1A4Y.A.B_A	1A4Y.A.B_B	QB12A	0.300265
1A4Y.A.B_A	1A4Y.A.B_B	RA457A	-0.223986
1A4Y.A.B_A	1A4Y.A.B_B	RB31A	0.250522
1A4Y.A.B_A	1A4Y.A.B_B	RB32A	0.910251
1A4Y.A.B_A	1A4Y.A.B_B	RB33A	0.327074
1A4Y.A.B_A	1A4Y.A.B_B	RB5A	2.309282
1A4Y.A.B_A	1A4Y.A.B_B	RB66A	0.202909
1A4Y.A.B_A	1A4Y.A.B_B	RB70A	-0.231932
1A4Y.A.B_A	1A4Y.A.B_B	SA289A	0.042336
1A4Y.A.B_A	1A4Y.A.B_B	WA261A	0.100657
1A4Y.A.B_A	1A4Y.A.B_B	WA263A	1.171374
1A4Y.A.B_A	1A4Y.A.B_B	WA318A	1.500745
1A4Y.A.B_A	1A4Y.A.B_B	WA375A	1.035362
1A4Y.A.B_A	1A4Y.A.B_B	WB89A	0.240219
1A4Y.A.B_A	1A4Y.A.B_B	YA434A	3.262015
1A4Y.A.B_A	1A4Y.A.B_B	YA434F	0.557858
1A4Y.A.B_A	1A4Y.A.B_B	YA437A	0.836312
1A4Y.A.B_A	1A4Y.A.B_B	YA437F	0.245261
1A4Y.A.B_A	1A4Y.A.B_B	KB40G,DA435A	4.107513
1A4Y.A.B_A	1A4Y.A.B_B	KB40G,YA434A,DA435A	6.213886
1A4Y.A.B_A	1A4Y.A.B_B	KB40G,YA434A,YA437A	9.123152
1A4Y.A.B_A	1A4Y.A.B_B	KB40G,YA434F	6.665417
1A4Y.A.B_A	1A4Y.A.B_B	KB40G,YA437A	6.454105
1A4Y.A.B_A	1A4Y.A.B_B	QA430A,VA432A	0.072214
1A4Y.A.B_A	1A4Y.A.B_B	RB5A,DA435A	6.773434
1A4Y.A.B_A	1A4Y.A.B_B	RB5A,YA434A	6.979789
1A4Y.A.B_A	1A4Y.A.B_B	RB5A,YA434A,DA435A	10.107056
1A4Y.A.B_A	1A4Y.A.B_B	RB5A,YA434A,YA437A	8.531572
1A4Y.A.B_A	1A4Y.A.B_B	WA438A,SA439A,EA440A	1.785699
1A4Y.A.B_A	1A4Y.A.B_B	YA434A,DA435A	6.820856
1A4Y.A.B_A	1A4Y.A.B_B	YA434A,YA437A	6.645332
1ACB.E.I_E	1ACB.E.I_I	LB38D	6.866746
1ACB.E.I_E	1ACB.E.I_I	LB38E	6.646428
1ACB.E.I_E	1ACB.E.I_I	LB38G	6.118069
1ACB.E.I_E	1ACB.E.I_I	LB38I	4.290150
1ACB.E.I_E	1ACB.E.I_I	LB38P	6.949068
1ACB.E.I_E	1ACB.E.I_I	LB38S	5.020848
1AHW.AB.C_AB	1AHW.AB.C_C	DB167A	-0.484810
1AHW.AB.C_AB	1AHW.AB.C_C	LB165A	0.987378
1AHW.AB.C_AB	1AHW.AB.C_C	NB188A	1.078705
1AHW.AB.C_AB	1AHW.AB.C_C	TB156A	-0.074153
1AHW.AB.C_AB	1AHW.AB.C_C	TB159A	1.106266
1AHW.AB.C_AB	1AHW.AB.C_C	TB186A	1.346485
1AHW.AB.C_AB	1AHW.AB.C_C	VB187A	-0.314372
1AHW.AB.C_AB	1AHW.AB.C_C	YB145A	3.807047
1AHW.AB.C_AB	1AHW.AB.C_C	YB146A	-1.889856
1AHW.AB.C_AB	1AHW.AB.C_C	IB141Q,TB143I,YB145T	3.977485
1AHW.AB.C_AB	1AHW.AB.C_C	KB138A,DB139A	1.182001
1AHW.AB.C_AB	1AHW.AB.C_C	KB154A,KB155A	-1.330307
1AHW.AB.C_AB	1AHW.AB.C_C	KB158A,NB160A,NB162A	4.074827
1AHW.AB.C_AB	1AHW.AB.C_C	RB189A,KB190A	4.018360
1AHW.AB.C_AB	1AHW.AB.C_C	SB184A,RB185A	4.018360
1AHW.AB.C_AB	1AHW.AB.C_C	TB110A,KB111A	0.639143
1AK4.A.D_A	1AK4.A.D_D	AB88G	2.654847
1AK4.A.D_A	1AK4.A.D_D	AB88V	0.769763
1AK4.A.D_A	1AK4.A.D_D	AB92G	0.581094
1AK4.A.D_A	1AK4.A.D_D	AB92V	0.359106
1AK4.A.D_A	1AK4.A.D_D	GB89A	2.077467
1AK4.A.D_A	1AK4.A.D_D	GB89V	3.030982
1AK4.A.D_A	1AK4.A.D_D	HB87A	1.009981
1AK4.A.D_A	1AK4.A.D_D	HB87Q	0.972941
1AK4.A.D_A	1AK4.A.D_D	HB87R	1.645703
1AK4.A.D_A	1AK4.A.D_D	IB91A	0.240219
1AK4.A.D_A	1AK4.A.D_D	IB91V	0.000000
1AK4.A.D_A	1AK4.A.D_D	PB85A	1.085717
1AK4.A.D_A	1AK4.A.D_D	PB90A	2.173011
1AK4.A.D_A	1AK4.A.D_D	PB90V	3.030982
1AK4.A.D_A	1AK4.A.D_D	PB93A	0.682907
1AK4.A.D_A	1AK4.A.D_D	VB86A	0.991751
1AK4.A.D_A	1AK4.A.D_D	LB83T,VB86P,HB87A,AB88M,IB91L,AB92P,MB96I	0.742202
1B2S.A.D_A	1B2S.A.D_D	AA27K	-3.866295
1B2S.A.D_A	1B2S.A.D_D	AB43T	-0.342976
1B2S.A.D_A	1B2S.A.D_D	AA27K,AB43T	-5.723925
1B2U.A.D_A	1B2U.A.D_D	AA27K	-5.046028
1B2U.A.D_A	1B2U.A.D_D	AB36D	-4.168248
1B2U.A.D_A	1B2U.A.D_D	AA27K,AB36D	-9.549198
1B3S.A.D_A	1B3S.A.D_D	AA102H	-5.681903
1B3S.A.D_A	1B3S.A.D_D	FB30Y	0.596094
1B3S.A.D_A	1B3S.A.D_D	AA102H,FB30Y	-5.549702
1BD2.ABC.DE_ABC	1BD2.ABC.DE_DE	DB30N	1.937420
1BD2.ABC.DE_ABC	1BD2.ABC.DE_DE	EB218A	2.835139
1BD2.ABC.DE_ABC	1BD2.ABC.DE_DE	EB93A	1.315691
1BD2.ABC.DE_ABC	1BD2.ABC.DE_DE	RA65A	2.499233
1BD2.ABC.DE_ABC	1BD2.ABC.DE_DE	YA379A	3.342017
1BD2.ABC.DE_ABC	1BD2.ABC.DE_DE	YA379F	0.740059
1BD2.ABC.DE_ABC	1BD2.ABC.DE_DE	YA379W	1.928575
1BD2.ABC.DE_ABC	1BD2.ABC.DE_DE	YA382A	2.760374
1BD2.ABC.DE_ABC	1BD2.ABC.DE_DE	YB289A	0.307979
1BD2.ABC.DE_ABC	1BD2.ABC.DE_DE	DB30N,YA379A	1.477002
1BD2.ABC.DE_ABC	1BD2.ABC.DE_DE	DB30N,YA379F	2.499721
1BD2.ABC.DE_ABC	1BD2.ABC.DE_DE	EA63Q,KA66A	1.961498
1BD2.ABC.DE_ABC	1BD2.ABC.DE_DE	EB218A,YA382A	3.966677
1BD2.ABC.DE_ABC	1BD2.ABC.DE_DE	EB93A,RA65A	3.115254
1BD2.ABC.DE_ABC	1BD2.ABC.DE_DE	YB289A,YA379A	2.686992
1BD2.ABC.DE_ABC	1BD2.ABC.DE_DE	YB289A,YA379F	0.894865
1BJ1.HL.VW_HL	1BJ1.HL.VW_VW	HA101Y	-1.584305
1BJ1.HL.VW_HL	1BJ1.HL.VW_VW	HA107A	0.790006
1BJ1.HL.VW_HL	1BJ1.HL.VW_VW	NA31H	-0.762992
1BJ1.HL.VW_HL	1BJ1.HL.VW_VW	SA105T	-0.390571
1BJ1.HL.VW_HL	1BJ1.HL.VW_VW	TA28D	-0.220134
1BJ1.HL.VW_HL	1BJ1.HL.VW_VW	TA59A	0.851048
1BJ1.HL.VW_HL	1BJ1.HL.VW_VW	YA27A	2.243533
1BJ1.HL.VW_HL	1BJ1.HL.VW_VW	YA54A	1.328254
1BJ1.HL.VW_HL	1BJ1.HL.VW_VW	YA54W	-0.137331
1BJ1.HL.VW_HL	1BJ1.HL.VW_VW	YA99A	4.440749
1BJ1.HL.VW_HL	1BJ1.HL.VW_VW	HA101Y,SA105T	-1.344086
1BJ1.HL.VW_HL	1BJ1.HL.VW_VW	HA101Y,YA103I,GA104A,SA105K	-0.431446
1BJ1.HL.VW_HL	1BJ1.HL.VW_VW	HA101Y,YA103R,GA104D,SA105N	-0.995851
1BJ1.HL.VW_HL	1BJ1.HL.VW_VW	HA101Y,YA103R,GA104N,SA105T	-0.762992
1BJ1.HL.VW_HL	1BJ1.HL.VW_VW	HA101Y,YA103R,SA105T	-1.173648
1BJ1.HL.VW_HL	1BJ1.HL.VW_VW	HA101Y,YA103W,SA105T	-1.041446
1BJ1.HL.VW_HL	1BJ1.HL.VW_VW	LA72I,TA74K	0.076552
1BJ1.HL.VW_HL	1BJ1.HL.VW_VW	LA72V,TA74V	0.670960
1BJ1.HL.VW_HL	1BJ1.HL.VW_VW	MA222L,TA28D,NA31H,HA101Y,SA105T	-1.629380
1BJ1.HL.VW_HL	1BJ1.HL.VW_VW	TA28D,NA31H	-0.693211
1BJ1.HL.VW_HL	1BJ1.HL.VW_VW	TA28D,NA31H,HA101Y,SA105T	-1.754742
1BJ1.HL.VW_HL	1BJ1.HL.VW_VW	TA28D,NA31H,YA54W,HA101Y,SA105T	-1.204037
1BP3.A.B_A	1BP3.A.B_B	DA167A	0.067783
1BP3.A.B_A	1BP3.A.B_B	DA26E	0.383096
1BP3.A.B_A	1BP3.A.B_B	EA170A	1.831813
1BP3.A.B_A	1BP3.A.B_B	EA182A	0.000000
1BP3.A.B_A	1BP3.A.B_B	EA56A	-0.118888
1BP3.A.B_A	1BP3.A.B_B	EA65A	0.546438
1BP3.A.B_A	1BP3.A.B_B	EA66A	0.067783
1BP3.A.B_A	1BP3.A.B_B	FA10A	0.000000
1BP3.A.B_A	1BP3.A.B_B	FA172A	1.927937
1BP3.A.B_A	1BP3.A.B_B	FA25A	1.150288
1BP3.A.B_A	1BP3.A.B_B	FA54A	0.209515
1BP3.A.B_A	1BP3.A.B_B	GA183A	0.000000
1BP3.A.B_A	1BP3.A.B_B	HA18A	1.549382
1BP3.A.B_A	1BP3.A.B_B	HA21A	1.247039
1BP3.A.B_A	1BP3.A.B_B	IA175A	0.354190
1BP3.A.B_A	1BP3.A.B_B	IA175M	-0.164483
1BP3.A.B_A	1BP3.A.B_B	IA58A	1.757411
1BP3.A.B_A	1BP3.A.B_B	KA164A	1.728154
1BP3.A.B_A	1BP3.A.B_B	KA168A	2.606432
1BP3.A.B_A	1BP3.A.B_B	KA70A	0.246173
1BP3.A.B_A	1BP3.A.B_B	LA15A	0.000000
1BP3.A.B_A	1BP3.A.B_B	LA73A	0.354190
1BP3.A.B_A	1BP3.A.B_B	NA12A	-0.296685
1BP3.A.B_A	1BP3.A.B_B	NA63A	0.856173
1BP3.A.B_A	1BP3.A.B_B	PA59A	0.156818
1BP3.A.B_A	1BP3.A.B_B	QA177A	0.000000
1BP3.A.B_A	1BP3.A.B_B	QA68A	0.113971
1BP3.A.B_A	1BP3.A.B_B	QA69A	-0.213883
1BP3.A.B_A	1BP3.A.B_B	RA163A	3.024936
1BP3.A.B_A	1BP3.A.B_B	RA16A	0.000000
1BP3.A.B_A	1BP3.A.B_B	RA174A	1.150288
1BP3.A.B_A	1BP3.A.B_B	RA179A	0.567474
1BP3.A.B_A	1BP3.A.B_B	RA19A	0.000000
1BP3.A.B_A	1BP3.A.B_B	RA64A	0.354190
1BP3.A.B_A	1BP3.A.B_B	SA180A	-0.118888
1BP3.A.B_A	1BP3.A.B_B	SA184A	-0.296685
1BP3.A.B_A	1BP3.A.B_B	SA55A	0.246173
1BP3.A.B_A	1BP3.A.B_B	SA57A	0.034860
1BP3.A.B_A	1BP3.A.B_B	SA62A	1.415721
1BP3.A.B_A	1BP3.A.B_B	SA71A	0.613835
1BP3.A.B_A	1BP3.A.B_B	TA171S	0.494239
1BP3.A.B_A	1BP3.A.B_B	VA176A	-0.296685
1BP3.A.B_A	1BP3.A.B_B	VA181A	0.280694
1BP3.A.B_A	1BP3.A.B_B	YA156A	0.209515
1BP3.A.B_A	1BP3.A.B_B	YA160A	0.445517
1BP3.A.B_A	1BP3.A.B_B	DA11A,MA14V,HA18Q,RA19H,FA25A,QA29K,EA33R	3.605305
1BP3.A.B_A	1BP3.A.B_B	EA56D,RA64M	0.445517
1BP3.A.B_A	1BP3.A.B_B	EA88G,QA91Y,FA92H,RA94T,SA95E	0.209515
1BP3.A.B_A	1BP3.A.B_B	FA54H,SA55T,EA56S,IA58L,PA59A,SA62E,NA63D,RA64K,EA66Q,TA67A,KA70M,SA71N,NA72Q,LA73K,EA74D	0.354190
1BP3.A.B_A	1BP3.A.B_B	FA97R,AA98G,NA99M,SA100Q,LA101D,VA102A,YA103P,GA104E	0.383096
1BP3.A.B_A	1BP3.A.B_B	KA164A,EA170A	5.407962
1BP3.A.B_A	1BP3.A.B_B	KA168A,FA172A	5.354871
1BP3.A.B_A	1BP3.A.B_B	NA12R,MA14V,LA15V,RA16L,RA19Y	0.383096
1BP3.A.B_A	1BP3.A.B_B	PA48A,TA50A,SA51A,LA52F	0.246173
1BP3.A.B_A	1BP3.A.B_B	QA22N,FA25S,DA26E,QA29S,EA30Q,EA33K	1.610344
1BP3.A.B_A	1BP3.A.B_B	QA46H,NA47D,PA48S,QA49E,LA52F	0.246173
1BP3.A.B_A	1BP3.A.B_B	RA64A,DA167A	0.378624
1BP3.A.B_A	1BP3.A.B_B	SA57T,TA60A,SA62T,NA63G,RA64K,EA65D,TA67A,KA70R,NA72D,LA73V	2.299455
1BP3.A.B_A	1BP3.A.B_B	YA111V,LA113I,KA115E,DA116Q,EA118K,EA119R,RA120L,QA122E,TA123G,GA126L,RA127I,EA129S	-0.392970
1BRS.A.D_A	1BRS.A.D_D	DA52A	-0.528113
1BRS.A.D_A	1BRS.A.D_D	DB35A	4.286403
1BRS.A.D_A	1BRS.A.D_D	DB39A	6.793056
1BRS.A.D_A	1BRS.A.D_D	EA58A	0.094494
1BRS.A.D_A	1BRS.A.D_D	EA71A	2.352895
1BRS.A.D_A	1BRS.A.D_D	EA71C	2.528762
1BRS.A.D_A	1BRS.A.D_D	EA71F	2.235180
1BRS.A.D_A	1BRS.A.D_D	EA71Q	1.452103
1BRS.A.D_A	1BRS.A.D_D	EA71S	3.010488
1BRS.A.D_A	1BRS.A.D_D	EA71W	1.657255
1BRS.A.D_A	1BRS.A.D_D	EA71Y	2.413733
1BRS.A.D_A	1BRS.A.D_D	EB74A	1.093862
1BRS.A.D_A	1BRS.A.D_D	EB78A	0.476757
1BRS.A.D_A	1BRS.A.D_D	HA100A	6.347277
1BRS.A.D_A	1BRS.A.D_D	HA100D	4.550591
1BRS.A.D_A	1BRS.A.D_D	HA100G	6.820856
1BRS.A.D_A	1BRS.A.D_D	HA100L	7.666353
1BRS.A.D_A	1BRS.A.D_D	HA100Q	4.550591
1BRS.A.D_A	1BRS.A.D_D	KA25A	5.126054
1BRS.A.D_A	1BRS.A.D_D	NA56A	3.091062
1BRS.A.D_A	1BRS.A.D_D	RA57A	4.988752
1BRS.A.D_A	1BRS.A.D_D	RA57K	2.488124
1BRS.A.D_A	1BRS.A.D_D	RA81Q	5.420026
1BRS.A.D_A	1BRS.A.D_D	RA85A	5.758411
1BRS.A.D_A	1BRS.A.D_D	TB42A	1.857630
1BRS.A.D_A	1BRS.A.D_D	WA33F	1.260262
1BRS.A.D_A	1BRS.A.D_D	WB38F	1.642626
1BRS.A.D_A	1BRS.A.D_D	WB44F	0.056467
1BRS.A.D_A	1BRS.A.D_D	YB29A	3.470544
1BRS.A.D_A	1BRS.A.D_D	YB29F	-0.132202
1BRS.A.D_A	1BRS.A.D_D	EA71A,DB35A	6.440232
1BRS.A.D_A	1BRS.A.D_D	EA71A,DB39A	7.185323
1BRS.A.D_A	1BRS.A.D_D	EA71F,DB35A	6.410199
1BRS.A.D_A	1BRS.A.D_D	EA71F,DB39A	7.471731
1BRS.A.D_A	1BRS.A.D_D	EA71Q,DB39A	7.207327
1BRS.A.D_A	1BRS.A.D_D	EA71Q,EB74A	3.527011
1BRS.A.D_A	1BRS.A.D_D	EA71W,DB35A	5.712495
1BRS.A.D_A	1BRS.A.D_D	EA71W,DB39A	6.665240
1BRS.A.D_A	1BRS.A.D_D	EA71W,EB74A	3.549655
1BRS.A.D_A	1BRS.A.D_D	HA100A,DB39A	8.991340
1BRS.A.D_A	1BRS.A.D_D	HA100A,EB74A	7.563057
1BRS.A.D_A	1BRS.A.D_D	HA100A,EB78A	6.745120
1BRS.A.D_A	1BRS.A.D_D	HA100A,TB42A	8.135627
1BRS.A.D_A	1BRS.A.D_D	HA100A,WB38F	7.642168
1BRS.A.D_A	1BRS.A.D_D	HA100A,YB29A	6.306903
1BRS.A.D_A	1BRS.A.D_D	HA100A,YB29F	5.549702
1BRS.A.D_A	1BRS.A.D_D	HA100Q,RA57A	9.308979
1BRS.A.D_A	1BRS.A.D_D	HA100Q,RA57K	6.912182
1BRS.A.D_A	1BRS.A.D_D	KA25A,DB35A	9.549198
1BRS.A.D_A	1BRS.A.D_D	KA25A,DB39A	8.278044
1BRS.A.D_A	1BRS.A.D_D	KA25A,EB74A	6.696013
1BRS.A.D_A	1BRS.A.D_D	KA25A,EB78A	5.513151
1BRS.A.D_A	1BRS.A.D_D	KA25A,TB42A	5.723925
1BRS.A.D_A	1BRS.A.D_D	KA25A,WB38F	5.113170
1BRS.A.D_A	1BRS.A.D_D	KA25A,YB29A	8.624589
1BRS.A.D_A	1BRS.A.D_D	RA57A,DB35A	6.334464
1BRS.A.D_A	1BRS.A.D_D	RA57A,DB39A	11.361335
1BRS.A.D_A	1BRS.A.D_D	RA57A,EB74A	4.970293
1BRS.A.D_A	1BRS.A.D_D	RA57A,EB78A	5.201466
1BRS.A.D_A	1BRS.A.D_D	RA57A,TB42A	6.820856
1BRS.A.D_A	1BRS.A.D_D	RA57A,WB38F	6.277997
1BRS.A.D_A	1BRS.A.D_D	RA57A,YB29A	8.122606
1BRS.A.D_A	1BRS.A.D_D	RA81Q,DB35A	9.605664
1BRS.A.D_A	1BRS.A.D_D	RA81Q,DB39A	6.439105
1BRS.A.D_A	1BRS.A.D_D	RA81Q,EB74A	6.721076
1BRS.A.D_A	1BRS.A.D_D	RA81Q,EB78A	5.764045
1BRS.A.D_A	1BRS.A.D_D	RA81Q,TB42A	6.107559
1BRS.A.D_A	1BRS.A.D_D	RA81Q,WB38F	6.758434
1BRS.A.D_A	1BRS.A.D_D	RA81Q,YB29A	8.293043
1BRS.A.D_A	1BRS.A.D_D	RA85A,DB39A	7.185323
1BRS.A.D_A	1BRS.A.D_D	RA85A,EB74A	6.866451
1BRS.A.D_A	1BRS.A.D_D	RA85A,EB78A	6.126986
1BRS.A.D_A	1BRS.A.D_D	RA85A,TB42A	7.020199
1BRS.A.D_A	1BRS.A.D_D	RA85A,WB38F	7.040989
1BRS.A.D_A	1BRS.A.D_D	RA85A,YB29A	8.052825
1C4Z.ABC.D_ABC	1C4Z.ABC.D_D	AB56G	0.566095
1C4Z.ABC.D_ABC	1C4Z.ABC.D_D	AB95G	0.410656
1C4Z.ABC.D_ABC	1C4Z.ABC.D_D	CA324A	0.108017
1C4Z.ABC.D_ABC	1C4Z.ABC.D_D	DA145A	-0.387420
1C4Z.ABC.D_ABC	1C4Z.ABC.D_D	DA145K	0.207747
1C4Z.ABC.D_ABC	1C4Z.ABC.D_D	DA156A	0.518673
1C4Z.ABC.D_ABC	1C4Z.ABC.D_D	DA156R	1.375903
1C4Z.ABC.D_ABC	1C4Z.ABC.D_D	EB57A	0.087932
1C4Z.ABC.D_ABC	1C4Z.ABC.D_D	EB57R	0.067142
1C4Z.ABC.D_ABC	1C4Z.ABC.D_D	EB90A	-0.434841
1C4Z.ABC.D_ABC	1C4Z.ABC.D_D	EB90R	-1.002914
1C4Z.ABC.D_ABC	1C4Z.ABC.D_D	FA194A	1.596437
1C4Z.ABC.D_ABC	1C4Z.ABC.D_D	FB60A	3.014157
1C4Z.ABC.D_ABC	1C4Z.ABC.D_D	IA159A	0.410656
1C4Z.ABC.D_ABC	1C4Z.ABC.D_D	IA163A	-0.089355
1C4Z.ABC.D_ABC	1C4Z.ABC.D_D	KB61A	0.293084
1C4Z.ABC.D_ABC	1C4Z.ABC.D_D	KB61E	0.725028
1C4Z.ABC.D_ABC	1C4Z.ABC.D_D	KB6A	0.610000
1C4Z.ABC.D_ABC	1C4Z.ABC.D_D	KB6E	1.554990
1C4Z.ABC.D_ABC	1C4Z.ABC.D_D	KB93A	1.135685
1C4Z.ABC.D_ABC	1C4Z.ABC.D_D	KB93E	1.169548
1C4Z.ABC.D_ABC	1C4Z.ABC.D_D	KB97A	1.301750
1C4Z.ABC.D_ABC	1C4Z.ABC.D_D	KB97E	1.420638
1C4Z.ABC.D_ABC	1C4Z.ABC.D_D	LA139A	1.216970
1C4Z.ABC.D_ABC	1C4Z.ABC.D_D	LA143A	0.999110
1C4Z.ABC.D_ABC	1C4Z.ABC.D_D	LA146A	1.974171
1C4Z.ABC.D_ABC	1C4Z.ABC.D_D	LB30A	-0.343515
1C4Z.ABC.D_ABC	1C4Z.ABC.D_D	MA157A	1.930266
1C4Z.ABC.D_ABC	1C4Z.ABC.D_D	MA158A	0.758892
1C4Z.ABC.D_ABC	1C4Z.ABC.D_D	MA174A	-0.573247
1C4Z.ABC.D_ABC	1C4Z.ABC.D_D	NB28A	-0.178390
1C4Z.ABC.D_ABC	1C4Z.ABC.D_D	PB59A	1.409767
1C4Z.ABC.D_ABC	1C4Z.ABC.D_D	PB94A	0.850219
1C4Z.ABC.D_ABC	1C4Z.ABC.D_D	QA141A	-0.387420
1C4Z.ABC.D_ABC	1C4Z.ABC.D_D	RB2A	0.518673
1C4Z.ABC.D_ABC	1C4Z.ABC.D_D	RB2E	1.288436
1C4Z.ABC.D_ABC	1C4Z.ABC.D_D	RB3A	0.467123
1C4Z.ABC.D_ABC	1C4Z.ABC.D_D	RB3E	1.185781
1C4Z.ABC.D_ABC	1C4Z.ABC.D_D	RB49A	-0.011969
1C4Z.ABC.D_ABC	1C4Z.ABC.D_D	SA142A	0.410656
1C4Z.ABC.D_ABC	1C4Z.ABC.D_D	SA164A	-0.410656
1C4Z.ABC.D_ABC	1C4Z.ABC.D_D	SB1A	0.566095
1C4Z.ABC.D_ABC	1C4Z.ABC.D_D	TA160A	0.566095
1C4Z.ABC.D_ABC	1C4Z.ABC.D_D	TA166A	-0.132202
1C4Z.ABC.D_ABC	1C4Z.ABC.D_D	VA138A	0.566095
1C4Z.ABC.D_ABC	1C4Z.ABC.D_D	WB92A	0.821313
1C4Z.ABC.D_ABC	1C4Z.ABC.D_D	YA149A	1.288436
1C4Z.ABC.D_ABC	1C4Z.ABC.D_D	YA198L	0.821313
1C4Z.ABC.D_ABC	1C4Z.ABC.D_D	SA243P,NA245P	-0.075735
1CSE.E.I_E	1CSE.E.I_I	LB38D	4.411843
1CSE.E.I_E	1CSE.E.I_I	LB38E	2.382746
1CSE.E.I_E	1CSE.E.I_I	LB38G	2.280577
1CSE.E.I_E	1CSE.E.I_I	LB38I	2.982502
1CSE.E.I_E	1CSE.E.I_I	LB38P	6.765446
1CSE.E.I_E	1CSE.E.I_I	LB38S	1.188776
1CSO.E.I_E	1CSO.E.I_I	IB13L	-4.481256
1CT2.E.I_E	1CT2.E.I_I	TB13L	-3.204720
1CT4.E.I_E	1CT4.E.I_I	VB13L	-3.034282
1DAN.HL.UT_HL	1DAN.HL.UT_UT	DB155A	1.419978
1DAN.HL.UT_HL	1DAN.HL.UT_UT	DB169A	1.989497
1DAN.HL.UT_HL	1DAN.HL.UT_UT	DB169E	1.380300
1DAN.HL.UT_HL	1DAN.HL.UT_UT	DB172A	0.242044
1DAN.HL.UT_HL	1DAN.HL.UT_UT	DB39A	-0.026554
1DAN.HL.UT_HL	1DAN.HL.UT_UT	DB55A	-0.010675
1DAN.HL.UT_HL	1DAN.HL.UT_UT	EB114A	-0.004828
1DAN.HL.UT_HL	1DAN.HL.UT_UT	EB135A	0.657886
1DAN.HL.UT_HL	1DAN.HL.UT_UT	EB137A	0.101408
1DAN.HL.UT_HL	1DAN.HL.UT_UT	EB15A	-0.059836
1DAN.HL.UT_HL	1DAN.HL.UT_UT	EB173A	0.000000
1DAN.HL.UT_HL	1DAN.HL.UT_UT	EB38A	0.085805
1DAN.HL.UT_HL	1DAN.HL.UT_UT	EB9A	-0.175590
1DAN.HL.UT_HL	1DAN.HL.UT_UT	FB161A	0.437911
1DAN.HL.UT_HL	1DAN.HL.UT_UT	FB187A	1.105437
1DAN.HL.UT_HL	1DAN.HL.UT_UT	FB50A	1.748603
1DAN.HL.UT_HL	1DAN.HL.UT_UT	FB57A	-0.059836
1DAN.HL.UT_HL	1DAN.HL.UT_UT	GB154A	0.064695
1DAN.HL.UT_HL	1DAN.HL.UT_UT	GB70R	-0.162793
1DAN.HL.UT_HL	1DAN.HL.UT_UT	IB133A	0.645076
1DAN.HL.UT_HL	1DAN.HL.UT_UT	IB149A	-0.126532
1DAN.HL.UT_HL	1DAN.HL.UT_UT	IB174A	0.000000
1DAN.HL.UT_HL	1DAN.HL.UT_UT	IB62A	0.178794
1DAN.HL.UT_HL	1DAN.HL.UT_UT	KA189A	-0.186670
1DAN.HL.UT_HL	1DAN.HL.UT_UT	KB126A	-0.397342
1DAN.HL.UT_HL	1DAN.HL.UT_UT	KB131A	2.513255
1DAN.HL.UT_HL	1DAN.HL.UT_UT	KB131R	1.685741
1DAN.HL.UT_HL	1DAN.HL.UT_UT	KB139A	0.116610
1DAN.HL.UT_HL	1DAN.HL.UT_UT	KB152A	0.321569
1DAN.HL.UT_HL	1DAN.HL.UT_UT	KB157A	0.563316
1DAN.HL.UT_HL	1DAN.HL.UT_UT	KB159A	0.667607
1DAN.HL.UT_HL	1DAN.HL.UT_UT	KB179A	-0.070382
1DAN.HL.UT_HL	1DAN.HL.UT_UT	KB32A	-0.123609
1DAN.HL.UT_HL	1DAN.HL.UT_UT	KB75A	0.116610
1DAN.HL.UT_HL	1DAN.HL.UT_UT	KB87A	0.017064
1DAN.HL.UT_HL	1DAN.HL.UT_UT	LA135A	0.015800
1DAN.HL.UT_HL	1DAN.HL.UT_UT	LB170A	0.000000
1DAN.HL.UT_HL	1DAN.HL.UT_UT	LB183A	-0.059836
1DAN.HL.UT_HL	1DAN.HL.UT_UT	LB43A	-0.027561
1DAN.HL.UT_HL	1DAN.HL.UT_UT	LB82A	0.079952
1DAN.HL.UT_HL	1DAN.HL.UT_UT	MA154A	0.744485
1DAN.HL.UT_HL	1DAN.HL.UT_UT	NB105A	0.000000
1DAN.HL.UT_HL	1DAN.HL.UT_UT	NB129A	0.180215
1DAN.HL.UT_HL	1DAN.HL.UT_UT	NB17A	0.000000
1DAN.HL.UT_HL	1DAN.HL.UT_UT	NB48A	0.000000
1DAN.HL.UT_HL	1DAN.HL.UT_UT	PB2A	-0.185827
1DAN.HL.UT_HL	1DAN.HL.UT_UT	QB148A	0.637864
1DAN.HL.UT_HL	1DAN.HL.UT_UT	QB180A	0.000000
1DAN.HL.UT_HL	1DAN.HL.UT_UT	QB20A	1.305465
1DAN.HL.UT_HL	1DAN.HL.UT_UT	RA125A	0.749025
1DAN.HL.UT_HL	1DAN.HL.UT_UT	RB102A	0.460604
1DAN.HL.UT_HL	1DAN.HL.UT_UT	RB41A	0.000000
1DAN.HL.UT_HL	1DAN.HL.UT_UT	RB45A	0.752724
1DAN.HL.UT_HL	1DAN.HL.UT_UT	RB46A	-0.059836
1DAN.HL.UT_HL	1DAN.HL.UT_UT	RB54A	-0.002892
1DAN.HL.UT_HL	1DAN.HL.UT_UT	SB101A	-0.002892
1DAN.HL.UT_HL	1DAN.HL.UT_UT	SB127A	-0.129807
1DAN.HL.UT_HL	1DAN.HL.UT_UT	SB153A	-0.069300
1DAN.HL.UT_HL	1DAN.HL.UT_UT	SB158A	-0.041485
1DAN.HL.UT_HL	1DAN.HL.UT_UT	SB69A	0.022644
1DAN.HL.UT_HL	1DAN.HL.UT_UT	TB103A	0.109843
1DAN.HL.UT_HL	1DAN.HL.UT_UT	TB109A	0.135272
1DAN.HL.UT_HL	1DAN.HL.UT_UT	TB128A	0.120547
1DAN.HL.UT_HL	1DAN.HL.UT_UT	TB132A	-0.159008
1DAN.HL.UT_HL	1DAN.HL.UT_UT	TB163A	0.404857
1DAN.HL.UT_HL	1DAN.HL.UT_UT	TB16A	-0.059836
1DAN.HL.UT_HL	1DAN.HL.UT_UT	TB171A	2.224076
1DAN.HL.UT_HL	1DAN.HL.UT_UT	TB42A	0.000000
1DAN.HL.UT_HL	1DAN.HL.UT_UT	TB49A	-0.015592
1DAN.HL.UT_HL	1DAN.HL.UT_UT	TB73A	0.211986
1DAN.HL.UT_HL	1DAN.HL.UT_UT	TB78A	-0.025549
1DAN.HL.UT_HL	1DAN.HL.UT_UT	VB104A	0.109843
1DAN.HL.UT_HL	1DAN.HL.UT_UT	VB113A	0.690600
1DAN.HL.UT_HL	1DAN.HL.UT_UT	VB144A	-0.185827
1DAN.HL.UT_HL	1DAN.HL.UT_UT	VB147A	-0.126532
1DAN.HL.UT_HL	1DAN.HL.UT_UT	VB175A	0.000000
1DAN.HL.UT_HL	1DAN.HL.UT_UT	VB56A	0.199540
1DAN.HL.UT_HL	1DAN.HL.UT_UT	VB85A	0.109843
1DAN.HL.UT_HL	1DAN.HL.UT_UT	WB125F	0.691750
1DAN.HL.UT_HL	1DAN.HL.UT_UT	WB136F	0.615198
1DAN.HL.UT_HL	1DAN.HL.UT_UT	WB156A	1.935552
1DAN.HL.UT_HL	1DAN.HL.UT_UT	WB156F	1.270596
1DAN.HL.UT_HL	1DAN.HL.UT_UT	WB68F	0.122896
1DAN.HL.UT_HL	1DAN.HL.UT_UT	YB162A	-0.126532
1DAN.HL.UT_HL	1DAN.HL.UT_UT	YB189A	0.627639
1DAN.HL.UT_HL	1DAN.HL.UT_UT	YB4A	0.667917
1DAN.HL.UT_HL	1DAN.HL.UT_UT	YB66L	0.154846
1DAN.HL.UT_HL	1DAN.HL.UT_UT	YB67A	0.000000
1DAN.HL.UT_HL	1DAN.HL.UT_UT	YB91A	-0.329865
1DAN.HL.UT_HL	1DAN.HL.UT_UT	CB160S,CB168S	-0.325876
1DAN.HL.UT_HL	1DAN.HL.UT_UT	DB155A,DB169A	3.857964
1DAN.HL.UT_HL	1DAN.HL.UT_UT	DB155A,FB50A	3.173305
1DAN.HL.UT_HL	1DAN.HL.UT_UT	DB155A,KB131A	3.996229
1DAN.HL.UT_HL	1DAN.HL.UT_UT	DB155A,KB131A,FB50A	5.735139
1DAN.HL.UT_HL	1DAN.HL.UT_UT	DB155A,TB171A	4.159248
1DAN.HL.UT_HL	1DAN.HL.UT_UT	DB155A,WB156A	1.507211
1DAN.HL.UT_HL	1DAN.HL.UT_UT	DB165A,EB167A	0.433301
1DAN.HL.UT_HL	1DAN.HL.UT_UT	DB172A,EB173A	0.304560
1DAN.HL.UT_HL	1DAN.HL.UT_UT	EB40A,RB41F	-0.021546
1DAN.HL.UT_HL	1DAN.HL.UT_UT	EB89A,NB90A	-0.093575
1DAN.HL.UT_HL	1DAN.HL.UT_UT	KB107A,DB110A	0.042668
1DAN.HL.UT_HL	1DAN.HL.UT_UT	KB152A,DB155A	1.571431
1DAN.HL.UT_HL	1DAN.HL.UT_UT	KB157A,KB159A	1.135854
1DAN.HL.UT_HL	1DAN.HL.UT_UT	KB176A,DB177A	-0.504232
1DAN.HL.UT_HL	1DAN.HL.UT_UT	KB179A,QB180A	-0.206115
1DAN.HL.UT_HL	1DAN.HL.UT_UT	KB59A,DB60A	-0.101513
1DAN.HL.UT_HL	1DAN.HL.UT_UT	KB71A,KB72A	-0.239738
1DAN.HL.UT_HL	1DAN.HL.UT_UT	LB14A,EB15A	-0.462906
1DAN.HL.UT_HL	1DAN.HL.UT_UT	NB105A,RB106A	0.399981
1DAN.HL.UT_HL	1DAN.HL.UT_UT	NB17A,QB20A	0.414491
1DAN.HL.UT_HL	1DAN.HL.UT_UT	NB79A,EB80A	-0.024546
1DAN.HL.UT_HL	1DAN.HL.UT_UT	QB24A,EB27A	0.033650
1DAN.HL.UT_HL	1DAN.HL.UT_UT	RB46A,NB47A,NB48A	0.206581
1DAN.HL.UT_HL	1DAN.HL.UT_UT	SB101A,RB102A	0.638566
1DAN.HL.UT_HL	1DAN.HL.UT_UT	TB103A,VB104A	-0.149029
1DAN.HL.UT_HL	1DAN.HL.UT_UT	TB171A,FB50A	4.325087
1DAN.HL.UT_HL	1DAN.HL.UT_UT	TB171A,KB131A	3.054656
1DAN.HL.UT_HL	1DAN.HL.UT_UT	WB156R,SB158G	1.481607
1DQJ.AB.C_AB	1DQJ.AB.C_C	DA246A	2.014335
1DQJ.AB.C_AB	1DQJ.AB.C_C	DB101A	1.377167
1DQJ.AB.C_AB	1DQJ.AB.C_C	KB96A	6.158576
1DQJ.AB.C_AB	1DQJ.AB.C_C	KB97A	3.521282
1DQJ.AB.C_AB	1DQJ.AB.C_C	LB75A	1.453057
1DQJ.AB.C_AB	1DQJ.AB.C_C	NA31A	2.014335
1DQJ.AB.C_AB	1DQJ.AB.C_C	NA32A	4.092513
1DQJ.AB.C_AB	1DQJ.AB.C_C	NB93A	0.650164
1DQJ.AB.C_AB	1DQJ.AB.C_C	RB21A	1.214314
1DQJ.AB.C_AB	1DQJ.AB.C_C	SA91A	1.432529
1DQJ.AB.C_AB	1DQJ.AB.C_C	SB100A	0.775930
1DQJ.AB.C_AB	1DQJ.AB.C_C	TB89A	0.841220
1DQJ.AB.C_AB	1DQJ.AB.C_C	WA312A	4.933734
1DQJ.AB.C_AB	1DQJ.AB.C_C	WB62A	0.758418
1DQJ.AB.C_AB	1DQJ.AB.C_C	WB63A	1.346872
1DQJ.AB.C_AB	1DQJ.AB.C_C	YA247A	5.526939
1DQJ.AB.C_AB	1DQJ.AB.C_C	YA264A	6.891110
1DQJ.AB.C_AB	1DQJ.AB.C_C	YA267A	1.180807
1DQJ.AB.C_AB	1DQJ.AB.C_C	YA50A	2.679498
1DQJ.AB.C_AB	1DQJ.AB.C_C	YA96A	1.135559
1DQJ.AB.C_AB	1DQJ.AB.C_C	YB20A	3.287180
1DQJ.AB.C_AB	1DQJ.AB.C_C	DA246A,KB97A	1.122886
1DQJ.AB.C_AB	1DQJ.AB.C_C	NA32A,KB96A	5.804446
1DQJ.AB.C_AB	1DQJ.AB.C_C	SA91A,RB21A	3.172151
1DQJ.AB.C_AB	1DQJ.AB.C_C	SA91A,YB20A	3.574692
1DQJ.AB.C_AB	1DQJ.AB.C_C	WA312A,KB97A	6.663068
1DQJ.AB.C_AB	1DQJ.AB.C_C	WA312A,SB100A	5.364647
1DQJ.AB.C_AB	1DQJ.AB.C_C	WA312A,YB20A	5.114386
1DQJ.AB.C_AB	1DQJ.AB.C_C	YA267A,DB101A	2.728342
1DQJ.AB.C_AB	1DQJ.AB.C_C	YA267A,LB75A	1.217407
1DQJ.AB.C_AB	1DQJ.AB.C_C	YA267A,WB62A	1.286884
1DQJ.AB.C_AB	1DQJ.AB.C_C	YA267A,WB63A	2.200217
1DQJ.AB.C_AB	1DQJ.AB.C_C	YA96A,RB21A	3.486760
1DQJ.AB.C_AB	1DQJ.AB.C_C	YA96A,SB100A	0.913856
1DVF.AB.CD_AB	1DVF.AB.CD_CD	DA161A	4.283173
1DVF.AB.CD_AB	1DVF.AB.CD_CD	DA165A	1.600721
1DVF.AB.CD_AB	1DVF.AB.CD_CD	DA207A	2.790763
1DVF.AB.CD_AB	1DVF.AB.CD_CD	DB159A	1.683043
1DVF.AB.CD_AB	1DVF.AB.CD_CD	EA205A	4.188524
1DVF.AB.CD_AB	1DVF.AB.CD_CD	HA30A	1.650121
1DVF.AB.CD_AB	1DVF.AB.CD_CD	HB140A	1.861434
1DVF.AB.CD_AB	1DVF.AB.CD_CD	IB208A	2.682746
1DVF.AB.CD_AB	1DVF.AB.CD_CD	KB137A	1.003967
1DVF.AB.CD_AB	1DVF.AB.CD_CD	NA163A	1.162959
1DVF.AB.CD_AB	1DVF.AB.CD_CD	NB162A	1.861434
1DVF.AB.CD_AB	1DVF.AB.CD_CD	QB211A	1.629452
1DVF.AB.CD_AB	1DVF.AB.CD_CD	RA206A	1.875485
1DVF.AB.CD_AB	1DVF.AB.CD_CD	RB213A	4.092513
1DVF.AB.CD_AB	1DVF.AB.CD_CD	SA93A	1.162959
1DVF.AB.CD_AB	1DVF.AB.CD_CD	TA137A	0.907919
1DVF.AB.CD_AB	1DVF.AB.CD_CD	WA159A	4.134849
1DVF.AB.CD_AB	1DVF.AB.CD_CD	WA92A	0.340876
1DVF.AB.CD_AB	1DVF.AB.CD_CD	YA139A	1.832291
1DVF.AB.CD_AB	1DVF.AB.CD_CD	YA208F	2.013215
1DVF.AB.CD_AB	1DVF.AB.CD_CD	YA32A	2.031279
1DVF.AB.CD_AB	1DVF.AB.CD_CD	YA49A	1.679342
1DVF.AB.CD_AB	1DVF.AB.CD_CD	YA50A	0.688082
1DVF.AB.CD_AB	1DVF.AB.CD_CD	YB209A	4.741557
1DVF.AB.CD_AB	1DVF.AB.CD_CD	YB49A	1.861434
1DVF.AB.CD_AB	1DVF.AB.CD_CD	DA161A,YB49A	4.494884
1DVF.AB.CD_AB	1DVF.AB.CD_CD	DA165A,QB211A	1.464828
1DVF.AB.CD_AB	1DVF.AB.CD_CD	DA207A,DB159A	4.321658
1DVF.AB.CD_AB	1DVF.AB.CD_CD	DA207A,HB140A	4.149977
1DVF.AB.CD_AB	1DVF.AB.CD_CD	DA207A,NB162A	4.092513
1DVF.AB.CD_AB	1DVF.AB.CD_CD	EA205A,YB209A	4.635372
1DVF.AB.CD_AB	1DVF.AB.CD_CD	NA163A,HB140A	2.527130
1DVF.AB.CD_AB	1DVF.AB.CD_CD	NA163A,NB162A	2.302123
1DVF.AB.CD_AB	1DVF.AB.CD_CD	NA163A,QB211A	1.487530
1DVF.AB.CD_AB	1DVF.AB.CD_CD	WA159A,QB211A	4.164727
1DVF.AB.CD_AB	1DVF.AB.CD_CD	YA32A,RB213A	4.652671
1DVF.AB.CD_AB	1DVF.AB.CD_CD	YA49A,HB140A	2.626221
1DVF.AB.CD_AB	1DVF.AB.CD_CD	YA49A,NB162A	2.031279
1E50.A.B_A	1E50.A.B_B	DA8A	-0.316172
1E50.A.B_A	1E50.A.B_B	KA86M	0.320086
1E50.A.B_A	1E50.A.B_B	MA48A	1.320266
1E50.A.B_A	1E50.A.B_B	NA11A	0.678436
1E50.A.B_A	1E50.A.B_B	NA51A	1.920314
1E50.A.B_A	1E50.A.B_B	NB62A	0.964808
1E50.A.B_A	1E50.A.B_B	NB99A	1.407914
1E50.A.B_A	1E50.A.B_B	RA84A	-0.191228
1E50.A.B_A	1E50.A.B_B	RB32A	1.774828
1E50.A.B_A	1E50.A.B_B	SA56A	0.978376
1E50.A.B_A	1E50.A.B_B	SB64A	0.115028
1E50.A.B_A	1E50.A.B_B	TA103A	2.185484
1E50.A.B_A	1E50.A.B_B	TA91A	1.278465
1E50.A.B_A	1E50.A.B_B	VA101A	-0.043905
1E50.A.B_A	1E50.A.B_B	VB57A	0.000000
1E50.A.B_A	1E50.A.B_B	YA55A	0.914362
1E50.A.B_A	1E50.A.B_B	DA52A,EA53A	0.391041
1E96.A.B_A	1E96.A.B_B	DA38N	2.201975
1E96.A.B_A	1E96.A.B_B	IA33N	2.043041
1E96.A.B_A	1E96.A.B_B	KA132E	-0.189864
1E96.A.B_A	1E96.A.B_B	LA134R	-0.127443
1E96.A.B_A	1E96.A.B_B	MA45T	0.366015
1E96.A.B_A	1E96.A.B_B	NA26H	1.104526
1EAW.A.B_A	1EAW.A.B_B	DA214A	2.229134
1EAW.A.B_A	1EAW.A.B_B	DA46A	-0.171631
1EAW.A.B_A	1EAW.A.B_B	DA47A	1.502775
1EAW.A.B_A	1EAW.A.B_B	DA91A	0.654440
1EAW.A.B_A	1EAW.A.B_B	EA163A	0.703682
1EAW.A.B_A	1EAW.A.B_B	FA50A	-0.428813
1EAW.A.B_A	1EAW.A.B_B	FA89A	0.728594
1EAW.A.B_A	1EAW.A.B_B	FA92A	0.892020
1EAW.A.B_A	1EAW.A.B_B	HA138A	-0.014480
1EAW.A.B_A	1EAW.A.B_B	IA26A	-0.822506
1EAW.A.B_A	1EAW.A.B_B	IA45A	-0.194358
1EAW.A.B_A	1EAW.A.B_B	KA221A	0.476050
1EAW.A.B_A	1EAW.A.B_B	LA147A	0.502154
1EAW.A.B_A	1EAW.A.B_B	NA90A	0.308098
1EAW.A.B_A	1EAW.A.B_B	QA140A	0.306679
1EAW.A.B_A	1EAW.A.B_B	QA168A	0.565085
1EAW.A.B_A	1EAW.A.B_B	QA169A	-0.133097
1EAW.A.B_A	1EAW.A.B_B	QA218A	0.144238
1EAW.A.B_A	1EAW.A.B_B	QA23A	-0.518912
1EAW.A.B_A	1EAW.A.B_B	RA219A	-0.088552
1EAW.A.B_A	1EAW.A.B_B	RA48A	0.587615
1EAW.A.B_A	1EAW.A.B_B	RA51A	0.231008
1EAW.A.B_A	1EAW.A.B_B	RA82A	-0.149744
1EAW.A.B_A	1EAW.A.B_B	TA144A	0.089451
1EAW.A.B_A	1EAW.A.B_B	TA93A	0.254741
1EAW.A.B_A	1EAW.A.B_B	YA141A	0.502154
1EAW.A.B_A	1EAW.A.B_B	YA52A	-0.078941
1EMV.A.B_A	1EMV.A.B_B	CA21A	0.921970
1EMV.A.B_A	1EMV.A.B_B	DA24A	0.336747
1EMV.A.B_A	1EMV.A.B_B	DA49A	5.918129
1EMV.A.B_A	1EMV.A.B_B	DA58A	0.511313
1EMV.A.B_A	1EMV.A.B_B	EA28A	1.416635
1EMV.A.B_A	1EMV.A.B_B	EA29A	0.307012
1EMV.A.B_A	1EMV.A.B_B	EA30A	0.220386
1EMV.A.B_A	1EMV.A.B_B	EA39A	2.084014
1EMV.A.B_A	1EMV.A.B_B	EA40A	0.658144
1EMV.A.B_A	1EMV.A.B_B	EA43A	0.212774
1EMV.A.B_A	1EMV.A.B_B	FB86A	3.880681
1EMV.A.B_A	1EMV.A.B_B	GA47A	1.486044
1EMV.A.B_A	1EMV.A.B_B	HA44A	0.832184
1EMV.A.B_A	1EMV.A.B_B	IA51A	0.848125
1EMV.A.B_A	1EMV.A.B_B	KA33A	0.191984
1EMV.A.B_A	1EMV.A.B_B	KB97A	1.960515
1EMV.A.B_A	1EMV.A.B_B	LA31A	3.419279
1EMV.A.B_A	1EMV.A.B_B	LA34A	0.907128
1EMV.A.B_A	1EMV.A.B_B	LA50A	0.601316
1EMV.A.B_A	1EMV.A.B_B	NA22A	0.139471
1EMV.A.B_A	1EMV.A.B_B	NA67A	0.277997
1EMV.A.B_A	1EMV.A.B_B	NB72A	1.165191
1EMV.A.B_A	1EMV.A.B_B	NB75A	2.335586
1EMV.A.B_A	1EMV.A.B_B	PA45A	0.437469
1EMV.A.B_A	1EMV.A.B_B	PA54A	1.242840
1EMV.A.B_A	1EMV.A.B_B	QB92A	-0.277728
1EMV.A.B_A	1EMV.A.B_B	RB54A	1.666447
1EMV.A.B_A	1EMV.A.B_B	SA26A	0.173174
1EMV.A.B_A	1EMV.A.B_B	SA27A	0.956433
1EMV.A.B_A	1EMV.A.B_B	SA46A	0.007269
1EMV.A.B_A	1EMV.A.B_B	SA48A	2.188220
1EMV.A.B_A	1EMV.A.B_B	SA61A	0.870420
1EMV.A.B_A	1EMV.A.B_B	SB74A	-0.241128
1EMV.A.B_A	1EMV.A.B_B	SB77A	-0.232993
1EMV.A.B_A	1EMV.A.B_B	SB78A	-0.540139
1EMV.A.B_A	1EMV.A.B_B	SB84A	-0.109472
1EMV.A.B_A	1EMV.A.B_B	TA25A	0.728460
1EMV.A.B_A	1EMV.A.B_B	TA36A	0.899966
1EMV.A.B_A	1EMV.A.B_B	TA42A	0.304830
1EMV.A.B_A	1EMV.A.B_B	TB87A	0.158506
1EMV.A.B_A	1EMV.A.B_B	VA32A	2.579450
1EMV.A.B_A	1EMV.A.B_B	VA35A	1.664612
1EMV.A.B_A	1EMV.A.B_B	VA66A	1.856675
1EMV.A.B_A	1EMV.A.B_B	VB98A	1.089340
1EMV.A.B_A	1EMV.A.B_B	YA52A	4.836801
1EMV.A.B_A	1EMV.A.B_B	YA53A	4.636833
1EMV.A.B_A	1EMV.A.B_B	EA30D,LA31D,VA32N,TA36R,HA37E,EA40R,MA41L,SA46D,KA55R,EA56D,GA57D,DA58R,DA59E,SA63E,NA67K,TA68E,VA69I,QA71E	7.990223
1EMV.A.B_A	1EMV.A.B_B	FB86A,LA31A	6.679958
1EMV.A.B_A	1EMV.A.B_B	FB86A,VA32A	4.665833
1EMV.A.B_A	1EMV.A.B_B	FB86A,VA35A	4.068404
1EMV.A.B_A	1EMV.A.B_B	FB86A,YA52A	8.723507
1EMV.A.B_A	1EMV.A.B_B	FB86A,YA53A	8.263228
1EMV.A.B_A	1EMV.A.B_B	QA15E,LA16F,SA46D,KA55R,EA56D,GA57D,DA58R,DA59E,SA63E,NA67K,TA68E,VA69I,QA71E	-0.208529
1EMV.A.B_A	1EMV.A.B_B	QA15E,LA16F,TA18K,TA19K,NA22R,DA24E,TA25G,SA26A,SA27T,EA30D,LA31D,VA32N,TA36R,HA37E,EA40R,MA41L,SA46D,KA55R,EA56D,GA57D,DA58R,DA59E,SA63E,NA67K,TA68E,VA69I,QA71E	8.058494
1EMV.A.B_A	1EMV.A.B_B	QA15E,LA16F,TA18K,TA19K,NA22R,DA24E,TA25G,SA26A,SA27T,SA46D,KA55R,EA56D,GA57D,DA58R,DA59E,SA63E,NA67K,TA68E,VA69I,QA71E	1.704029
1EMV.A.B_A	1EMV.A.B_B	QA15E,LA16F,TA18K,TA19K,NA22R,DA24E,TA25G,SA26A,SA27T,SA63E,NA67K,TA68E,VA69I,QA71E	2.856625
1EMV.A.B_A	1EMV.A.B_B	QA15E,LA16F,TA18K,TA19K,NA22R,SA46D,KA55R,EA56D,GA57D,DA58R,DA59E,SA63E,NA67K,TA68E,VA69I,QA71E	1.423001
1EMV.A.B_A	1EMV.A.B_B	SA46D,KA55R,EA56D,GA57D,DA58R,DA59E,SA63E,NA67K,TA68E,VA69I,QA71E	-0.517373
1EMV.A.B_A	1EMV.A.B_B	SA63E,NA67K,TA68E,VA69I,QA71E	0.079111
1FC2.C.D_C	1FC2.C.D_D	FA1M	0.912640
1FC2.C.D_C	1FC2.C.D_D	FA26A	0.013662
1FC2.C.D_C	1FC2.C.D_D	FA26W	0.000000
1FC2.C.D_C	1FC2.C.D_D	IA12W	3.138999
1FC2.C.D_C	1FC2.C.D_D	IA27A	3.731126
1FC2.C.D_C	1FC2.C.D_D	KA31A	1.379295
1FC2.C.D_C	1FC2.C.D_D	KA3D	1.061531
1FC2.C.D_C	1FC2.C.D_D	LA13D	1.127632
1FC2.C.D_C	1FC2.C.D_D	LA40W	0.000000
1FC2.C.D_C	1FC2.C.D_D	NA24A	0.593990
1FC2.C.D_C	1FC2.C.D_D	NA24F	0.845498
1FC2.C.D_C	1FC2.C.D_D	NA2F	-0.108017
1FC2.C.D_C	1FC2.C.D_D	NA2Q	0.000000
1FC2.C.D_C	1FC2.C.D_D	NA7F	0.091327
1FC2.C.D_C	1FC2.C.D_D	QA28K	0.170438
1FC2.C.D_C	1FC2.C.D_D	QA28L	0.458078
1FC2.C.D_C	1FC2.C.D_D	YA10F	1.027668
1FC2.C.D_C	1FC2.C.D_D	YA10W	0.410656
1FFW.A.B_A	1FFW.A.B_B	AA102V	1.364171
1FFW.A.B_A	1FFW.A.B_B	AA89V	0.091327
1FFW.A.B_A	1FFW.A.B_B	CB55A	0.204301
1FFW.A.B_A	1FFW.A.B_B	DA12K	0.047421
1FFW.A.B_A	1FFW.A.B_B	DB44A	-0.074153
1FFW.A.B_A	1FFW.A.B_B	DB49A	0.096285
1FFW.A.B_A	1FFW.A.B_B	EA116K	0.713296
1FFW.A.B_A	1FFW.A.B_B	EA92K	0.821313
1FFW.A.B_A	1FFW.A.B_B	EB13A	0.716771
1FFW.A.B_A	1FFW.A.B_B	EB20A	0.639143
1FFW.A.B_A	1FFW.A.B_B	FA110V	1.256154
1FFW.A.B_A	1FFW.A.B_B	FB56A	3.645940
1FFW.A.B_A	1FFW.A.B_B	HB23A	0.033864
1FFW.A.B_A	1FFW.A.B_B	IB58A	0.427830
1FFW.A.B_A	1FFW.A.B_B	TA111I	0.562285
1FFW.A.B_A	1FFW.A.B_B	TA86I	-0.319330
1FFW.A.B_A	1FFW.A.B_B	VA107M	1.131312
1FFW.A.B_A	1FFW.A.B_B	YA105W	0.713296
1FFW.A.B_A	1FFW.A.B_B	YA50C	0.125420
1FR2.A.B_A	1FR2.A.B_B	AA39E	-2.084014
1FSS.A.B_A	1FSS.A.B_B	AB12S	0.324643
1FSS.A.B_A	1FSS.A.B_B	HB29K	-0.619686
1FSS.A.B_A	1FSS.A.B_B	HB29R	-1.273071
1FSS.A.B_A	1FSS.A.B_B	KB32R	1.134917
1FSS.A.B_A	1FSS.A.B_B	LB35W	1.451827
1FSS.A.B_A	1FSS.A.B_B	MB33F	0.937282
1FSS.A.B_A	1FSS.A.B_B	MB33L	0.963045
1FSS.A.B_A	1FSS.A.B_B	MB33Q	1.572595
1FSS.A.B_A	1FSS.A.B_B	MB33Y	1.395360
1FSS.A.B_A	1FSS.A.B_B	NB47F	0.492762
1FSS.A.B_A	1FSS.A.B_B	NB47R	-0.534906
1FSS.A.B_A	1FSS.A.B_B	NB47W	0.115969
1FSS.A.B_A	1FSS.A.B_B	RB11K	0.316524
1FSS.A.B_A	1FSS.A.B_B	RB27F	2.436282
1FSS.A.B_A	1FSS.A.B_B	RB27M	2.664139
1FSS.A.B_A	1FSS.A.B_B	RB27Y	2.629225
1FSS.A.B_A	1FSS.A.B_B	TB8V	-0.084445
1FSS.A.B_A	1FSS.A.B_B	TB9I	-0.232266
1FSS.A.B_A	1FSS.A.B_B	TB9N	1.251458
1FSS.A.B_A	1FSS.A.B_B	VB34T	1.585959
1FSS.A.B_A	1FSS.A.B_B	TB8V,TB9I	0.441845
1FSS.A.B_A	1FSS.A.B_B	TB8V,TB9N	0.357937
1FSS.A.B_A	1FSS.A.B_B	TB8V,TB9N,RB11K,HB29R	-0.391847
1FSS.A.B_A	1FSS.A.B_B	TB8V,TB9N,RB11K,HB29R,KB32R	0.801886
1FY8.E.I_E	1FY8.E.I_I	DA168N	0.170438
1FY8.E.I_E	1FY8.E.I_I	QA128K	1.171374
1GL1.A.I_A	1GL1.A.I_I	LB29V	4.259237
1GL1.A.I_A	1GL1.A.I_I	KB30M,AB31G	-0.132202
1GRN.A.B_A	1GRN.A.B_B	DA38E	0.389867
1GUA.A.B_A	1GUA.A.B_B	DA30E	0.240219
1GUA.A.B_A	1GUA.A.B_B	EA37A	1.300815
1GUA.A.B_A	1GUA.A.B_B	KB10A	-0.399938
1GUA.A.B_A	1GUA.A.B_B	KB29A	1.999214
1GUA.A.B_A	1GUA.A.B_B	KB32A	0.799277
1GUA.A.B_A	1GUA.A.B_B	NB9A	-0.399938
1GUA.A.B_A	1GUA.A.B_B	QB11A	0.100357
1GUA.A.B_A	1GUA.A.B_B	RB4A	1.000844
1GUA.A.B_A	1GUA.A.B_B	SA39A	1.400300
1GUA.A.B_A	1GUA.A.B_B	TB13A	0.701155
1GUA.A.B_A	1GUA.A.B_B	VB14A	0.100357
1GUA.A.B_A	1GUA.A.B_B	VB33A	0.200030
1GUA.A.B_A	1GUA.A.B_B	DA30E,EA31K	2.015046
1GUA.A.B_A	1GUA.A.B_B	RB4A,EA37A	1.300815
1GUA.A.B_A	1GUA.A.B_B	VB14A,EA37A	1.700674
1H9D.A.B_A	1H9D.A.B_B	GB60A	2.077467
1H9D.A.B_A	1H9D.A.B_B	LB93A	0.940201
1H9D.A.B_A	1H9D.A.B_B	NB94A	2.304372
1H9D.A.B_A	1H9D.A.B_B	QB66A	1.364171
1H9D.A.B_A	1H9D.A.B_B	RB2A	1.162188
1H9D.A.B_A	1H9D.A.B_B	VB3A	1.402407
1JCK.A.B_A	1JCK.A.B_B	FB176A	1.960891
1JCK.A.B_A	1JCK.A.B_B	GB102A	0.013021
1JCK.A.B_A	1JCK.A.B_B	KB103A	0.403100
1JCK.A.B_A	1JCK.A.B_B	NB23A	2.077467
1JCK.A.B_A	1JCK.A.B_B	NB60A	1.329281
1JCK.A.B_A	1JCK.A.B_B	QB210A	2.077467
1JCK.A.B_A	1JCK.A.B_B	TB20A	1.489069
1JCK.A.B_A	1JCK.A.B_B	VB91A	2.081586
1JCK.A.B_A	1JCK.A.B_B	YB26A	1.761360
1JCK.A.B_A	1JCK.A.B_B	YB90A	2.336804
1JRH.LH.I_LH	1JRH.LH.I_I	DA223A	1.886944
1JRH.LH.I_LH	1JRH.LH.I_I	DA224A	1.666811
1JRH.LH.I_LH	1JRH.LH.I_I	DA225A	1.855479
1JRH.LH.I_LH	1JRH.LH.I_I	DA28A	0.434841
1JRH.LH.I_LH	1JRH.LH.I_I	EA27A	0.542858
1JRH.LH.I_LH	1JRH.LH.I_I	EB35Q	0.099613
1JRH.LH.I_LH	1JRH.LH.I_I	EB45A	-0.566038
1JRH.LH.I_LH	1JRH.LH.I_I	EB45P	-3.789874
1JRH.LH.I_LH	1JRH.LH.I_I	FA270A	0.000000
1JRH.LH.I_LH	1JRH.LH.I_I	GB40A	4.452231
1JRH.LH.I_LH	1JRH.LH.I_I	HA274A	1.698531
1JRH.LH.I_LH	1JRH.LH.I_I	KB37A	3.715526
1JRH.LH.I_LH	1JRH.LH.I_I	KB37M	3.293804
1JRH.LH.I_LH	1JRH.LH.I_I	KB42A	3.387334
1JRH.LH.I_LH	1JRH.LH.I_I	KB42M	4.913826
1JRH.LH.I_LH	1JRH.LH.I_I	KB88A	0.312233
1JRH.LH.I_LH	1JRH.LH.I_I	NB38A	0.170534
1JRH.LH.I_LH	1JRH.LH.I_I	NB38Q	0.534711
1JRH.LH.I_LH	1JRH.LH.I_I	NB43A	4.301758
1JRH.LH.I_LH	1JRH.LH.I_I	NB69A	-0.199624
1JRH.LH.I_LH	1JRH.LH.I_I	RA267A	0.542858
1JRH.LH.I_LH	1JRH.LH.I_I	RB74A	0.392793
1JRH.LH.I_LH	1JRH.LH.I_I	SA93A	-0.650875
1JRH.LH.I_LH	1JRH.LH.I_I	SB44A	0.377880
1JRH.LH.I_LH	1JRH.LH.I_I	TA94A	0.385442
1JRH.LH.I_LH	1JRH.LH.I_I	TB4V	-0.025577
1JRH.LH.I_LH	1JRH.LH.I_I	VB41A	1.679909
1JRH.LH.I_LH	1JRH.LH.I_I	WA221A	2.687467
1JRH.LH.I_LH	1JRH.LH.I_I	WA222A	2.422402
1JRH.LH.I_LH	1JRH.LH.I_I	WA92A	2.819669
1JRH.LH.I_LH	1JRH.LH.I_I	WA95A	1.666811
1JRH.LH.I_LH	1JRH.LH.I_I	WB46F	-0.252725
1JRH.LH.I_LH	1JRH.LH.I_I	WB46Y	0.298663
1JRH.LH.I_LH	1JRH.LH.I_I	WB72A	4.431029
1JRH.LH.I_LH	1JRH.LH.I_I	WB72F	1.103201
1JRH.LH.I_LH	1JRH.LH.I_I	WB72Y	1.188359
1JRH.LH.I_LH	1JRH.LH.I_I	YA199A	1.433952
1JRH.LH.I_LH	1JRH.LH.I_I	YA227A	1.256154
1JRH.LH.I_LH	1JRH.LH.I_I	YA271A	1.061531
1JRH.LH.I_LH	1JRH.LH.I_I	YA30A	1.108953
1JRH.LH.I_LH	1JRH.LH.I_I	YA91A	0.581094
1JRH.LH.I_LH	1JRH.LH.I_I	YB39A	3.528703
1JRH.LH.I_LH	1JRH.LH.I_I	YB39F	0.909188
1JRH.LH.I_LH	1JRH.LH.I_I	AB49S,IB51T,HB55D	0.070707
1JRH.LH.I_LH	1JRH.LH.I_I	AB85D,KB88R,EB90K	-0.047769
1JRH.LH.I_LH	1JRH.LH.I_I	AB93L,VB94M	0.633947
1JRH.LH.I_LH	1JRH.LH.I_I	EB45P,IB47L	-3.458328
1JRH.LH.I_LH	1JRH.LH.I_I	EB45P,IB47R	-3.441638
1JRH.LH.I_LH	1JRH.LH.I_I	IB25N,PB27S,VB29T,VB31I	0.143770
1JRH.LH.I_LH	1JRH.LH.I_I	MB15L,IB18V	-0.213702
1JRH.LH.I_LH	1JRH.LH.I_I	SB44G,EB45G,IB47R	-3.379217
1JRH.LH.I_LH	1JRH.LH.I_I	SB44G,EB45P,IB47K	-3.886158
1JRH.LH.I_LH	1JRH.LH.I_I	SB61Y,DB62E,HB63Q,VB64I,GB65M,DB66Y,SB68D,NB69V,LB71A	2.960157
1JRH.LH.I_LH	1JRH.LH.I_I	TB9L,EB11K	-0.025577
1JRH.LH.I_LH	1JRH.LH.I_I	VB73A,RB78K	-0.213702
1JTD.A.B_A	1JTD.A.B_B	DB129A	0.960874
1JTD.A.B_A	1JTD.A.B_B	DB132A	-0.549062
1JTD.A.B_A	1JTD.A.B_B	DB14A	1.508105
1JTD.A.B_A	1JTD.A.B_B	DB168A	-1.061531
1JTD.A.B_A	1JTD.A.B_B	DB93A	1.989832
1JTD.A.B_A	1JTD.A.B_B	EA78A	0.840739
1JTD.A.B_A	1JTD.A.B_B	EA84A	0.038236
1JTD.A.B_A	1JTD.A.B_B	EB230A	1.850069
1JTD.A.B_A	1JTD.A.B_B	FB171A	2.200715
1JTD.A.B_A	1JTD.A.B_B	FB192A	3.961852
1JTD.A.B_A	1JTD.A.B_B	FB36A	2.551285
1JTD.A.B_A	1JTD.A.B_B	IB191A	2.890390
1JTD.A.B_A	1JTD.A.B_B	KA85A	2.144609
1JTD.A.B_A	1JTD.A.B_B	LA76A	1.733953
1JTD.A.B_A	1JTD.A.B_B	LB53A	0.667108
1JTD.A.B_A	1JTD.A.B_B	MA103A	2.522645
1JTD.A.B_A	1JTD.A.B_B	MA244A	0.278455
1JTD.A.B_A	1JTD.A.B_B	NA74A	0.801228
1JTD.A.B_A	1JTD.A.B_B	NB12A	1.301750
1JTD.A.B_A	1JTD.A.B_B	NB266A	2.670021
1JTD.A.B_A	1JTD.A.B_B	NB74A	1.209966
1JTD.A.B_A	1JTD.A.B_B	PA81A	1.733953
1JTD.A.B_A	1JTD.A.B_B	QA73A	0.518673
1JTD.A.B_A	1JTD.A.B_B	RB248A	0.888344
1JTD.A.B_A	1JTD.A.B_B	SB131A	0.151628
1JTD.A.B_A	1JTD.A.B_B	TB19A	0.295187
1JTD.A.B_A	1JTD.A.B_B	VA190A	0.038236
1JTD.A.B_A	1JTD.A.B_B	WB114A	3.256201
1JTD.A.B_A	1JTD.A.B_B	WB15A	1.393077
1JTD.A.B_A	1JTD.A.B_B	WB231A	5.811738
1JTD.A.B_A	1JTD.A.B_B	YA79A	2.250860
1JTD.A.B_A	1JTD.A.B_B	YB153A	3.300106
1JTD.A.B_A	1JTD.A.B_B	YB170A	2.027262
1JTD.A.B_A	1JTD.A.B_B	YB210A	0.824391
1JTD.A.B_A	1JTD.A.B_B	YB35A	3.151819
1JTD.A.B_A	1JTD.A.B_B	YB75A	0.480437
1JTG.A.B_A	1JTG.A.B_B	DB163A	-1.340935
1JTG.A.B_A	1JTG.A.B_B	DB163K	-1.982765
1JTG.A.B_A	1JTG.A.B_B	DB49A	2.404163
1JTG.A.B_A	1JTG.A.B_B	EA143A	-0.072582
1JTG.A.B_A	1JTG.A.B_B	EA143G	-0.170438
1JTG.A.B_A	1JTG.A.B_B	EA146K	-0.610000
1JTG.A.B_A	1JTG.A.B_B	EA213K	-0.410656
1JTG.A.B_A	1JTG.A.B_B	EA79A	1.982823
1JTG.A.B_A	1JTG.A.B_B	EA79D	3.643621
1JTG.A.B_A	1JTG.A.B_B	EA79K	3.236983
1JTG.A.B_A	1JTG.A.B_B	EA85A	1.373578
1JTG.A.B_A	1JTG.A.B_B	EA85G	-0.912640
1JTG.A.B_A	1JTG.A.B_B	EA85V	-0.672421
1JTG.A.B_A	1JTG.A.B_B	EB31A	0.821313
1JTG.A.B_A	1JTG.A.B_B	EB73A	0.426757
1JTG.A.B_A	1JTG.A.B_B	EB73M	0.504622
1JTG.A.B_A	1JTG.A.B_B	FB142A	2.855394
1JTG.A.B_A	1JTG.A.B_B	FB36A	3.252641
1JTG.A.B_A	1JTG.A.B_B	GA212S	-0.267779
1JTG.A.B_A	1JTG.A.B_B	GB141A	1.314802
1JTG.A.B_A	1JTG.A.B_B	GB48A	1.147645
1JTG.A.B_A	1JTG.A.B_B	HB148A	2.981495
1JTG.A.B_A	1JTG.A.B_B	HB41A	3.405537
1JTG.A.B_A	1JTG.A.B_B	KA208A	1.222124
1JTG.A.B_A	1JTG.A.B_B	KA86A	-0.858519
1JTG.A.B_A	1JTG.A.B_B	KA86N	0.180924
1JTG.A.B_A	1JTG.A.B_B	KB74A	3.646837
1JTG.A.B_A	1JTG.A.B_B	LA77A	0.870712
1JTG.A.B_A	1JTG.A.B_B	MA104A	1.124220
1JTG.A.B_A	1JTG.A.B_B	MA244A	-0.051082
1JTG.A.B_A	1JTG.A.B_B	NA75A	-0.966584
1JTG.A.B_A	1JTG.A.B_B	NB89K	-0.454927
1JTG.A.B_A	1JTG.A.B_B	PA82A	-0.072991
1JTG.A.B_A	1JTG.A.B_B	PA82Q	0.461324
1JTG.A.B_A	1JTG.A.B_B	QA74A	0.509505
1JTG.A.B_A	1JTG.A.B_B	RA214Y	-0.142877
1JTG.A.B_A	1JTG.A.B_B	RA217A	1.302568
1JTG.A.B_A	1JTG.A.B_B	RB144A	0.645308
1JTG.A.B_A	1JTG.A.B_B	RB160A	2.840954
1JTG.A.B_A	1JTG.A.B_B	SA105A	0.562910
1JTG.A.B_A	1JTG.A.B_B	SA209A	1.239083
1JTG.A.B_A	1JTG.A.B_B	SB113A	-0.521521
1JTG.A.B_A	1JTG.A.B_B	SB35A	0.000000
1JTG.A.B_A	1JTG.A.B_B	SB39A	0.024572
1JTG.A.B_A	1JTG.A.B_B	SB71A	0.135416
1JTG.A.B_A	1JTG.A.B_B	TB140K	-0.014392
1JTG.A.B_A	1JTG.A.B_B	TB32K	0.199344
1JTG.A.B_A	1JTG.A.B_B	VA190A	-0.494878
1JTG.A.B_A	1JTG.A.B_B	VA78A	1.910744
1JTG.A.B_A	1JTG.A.B_B	VB93K	-0.475716
1JTG.A.B_A	1JTG.A.B_B	WB112A	2.900113
1JTG.A.B_A	1JTG.A.B_B	WB150A	4.459152
1JTG.A.B_A	1JTG.A.B_B	WB162A	2.263155
1JTG.A.B_A	1JTG.A.B_B	YA80A	-0.131571
1JTG.A.B_A	1JTG.A.B_B	YB143A	0.734972
1JTG.A.B_A	1JTG.A.B_B	YB50A	-1.716374
1JTG.A.B_A	1JTG.A.B_B	YB51A	0.810843
1JTG.A.B_A	1JTG.A.B_B	YB53A	2.946505
1JTG.A.B_A	1JTG.A.B_B	DB163K,DB135K,VB134K	-3.055167
1JTG.A.B_A	1JTG.A.B_B	DB49A,KA208A	1.600652
1JTG.A.B_A	1JTG.A.B_B	DB49A,RA217A	1.099224
1JTG.A.B_A	1JTG.A.B_B	DB49A,SA105A	0.358089
1JTG.A.B_A	1JTG.A.B_B	EA143A,DB49A	1.505004
1JTG.A.B_A	1JTG.A.B_B	EA143A,FB142A	2.581045
1JTG.A.B_A	1JTG.A.B_B	EA143A,KB74A	4.061928
1JTG.A.B_A	1JTG.A.B_B	EA143A,RB160A	2.318927
1JTG.A.B_A	1JTG.A.B_B	EA143A,WB112A	2.795218
1JTG.A.B_A	1JTG.A.B_B	EA143A,WB150A	4.109652
1JTG.A.B_A	1JTG.A.B_B	EA143A,WB162A	2.077467
1JTG.A.B_A	1JTG.A.B_B	EA79A,EB73M	1.836322
1JTG.A.B_A	1JTG.A.B_B	EA79A,EB73M,FB142A	2.845544
1JTG.A.B_A	1JTG.A.B_B	EA79A,EB73M,KB74A	2.095698
1JTG.A.B_A	1JTG.A.B_B	EA79A,EB73M,KB74A,FB142A	2.582089
1JTG.A.B_A	1JTG.A.B_B	EA79A,SB113A	1.864555
1JTG.A.B_A	1JTG.A.B_B	EA79A,SB113A,SB71A	2.581045
1JTG.A.B_A	1JTG.A.B_B	EA79A,YA80A	1.027010
1JTG.A.B_A	1JTG.A.B_B	EA79K,DB49A	5.640436
1JTG.A.B_A	1JTG.A.B_B	EA79K,FB142A	4.554720
1JTG.A.B_A	1JTG.A.B_B	EA85A,SB113A	4.565591
1JTG.A.B_A	1JTG.A.B_B	EA85A,SB113A,SB71A	5.042290
1JTG.A.B_A	1JTG.A.B_B	EA85A,SB71A	5.019354
1JTG.A.B_A	1JTG.A.B_B	EA85A,YB50A	3.967104
1JTG.A.B_A	1JTG.A.B_B	EA85G,EA143G	-0.610000
1JTG.A.B_A	1JTG.A.B_B	EA85V,EA143G	-0.742202
1JTG.A.B_A	1JTG.A.B_B	EB73A,YB50A	-1.496373
1JTG.A.B_A	1JTG.A.B_B	EB73M,FB142A	2.532690
1JTG.A.B_A	1JTG.A.B_B	EB73M,KB74A	4.294496
1JTG.A.B_A	1JTG.A.B_B	EB73M,KB74A,FB142A	4.556261
1JTG.A.B_A	1JTG.A.B_B	FB142A,EA79A	2.747889
1JTG.A.B_A	1JTG.A.B_B	FB142A,EA79A,YA80A	1.505004
1JTG.A.B_A	1JTG.A.B_B	FB142A,KA208A	3.395148
1JTG.A.B_A	1JTG.A.B_B	FB142A,RA217A	3.395148
1JTG.A.B_A	1JTG.A.B_B	FB142A,SA105A	2.843151
1JTG.A.B_A	1JTG.A.B_B	FB142A,YA80A	0.694366
1JTG.A.B_A	1JTG.A.B_B	FB142A,YB143A	2.843151
1JTG.A.B_A	1JTG.A.B_B	FB142A,YB143A,EA79A	2.891281
1JTG.A.B_A	1JTG.A.B_B	FB142A,YB143A,EA79A,YA80A	2.843151
1JTG.A.B_A	1JTG.A.B_B	FB142A,YB143A,KA208A	4.681933
1JTG.A.B_A	1JTG.A.B_B	FB142A,YB143A,RA217A	4.542801
1JTG.A.B_A	1JTG.A.B_B	FB142A,YB143A,SA105A	4.158278
1JTG.A.B_A	1JTG.A.B_B	FB142A,YB143A,YA80A	2.986904
1JTG.A.B_A	1JTG.A.B_B	GA212S,DB49A	2.635217
1JTG.A.B_A	1JTG.A.B_B	GA212S,FB142A	3.681857
1JTG.A.B_A	1JTG.A.B_B	KA208A,DB49A	1.554021
1JTG.A.B_A	1JTG.A.B_B	KA208A,SA105A	1.979599
1JTG.A.B_A	1JTG.A.B_B	KA208A,SA105A,DB49A	1.318194
1JTG.A.B_A	1JTG.A.B_B	KA208A,SA105A,RA217A	2.509422
1JTG.A.B_A	1JTG.A.B_B	KA208A,SA105A,RA217A,DB49A	1.490970
1JTG.A.B_A	1JTG.A.B_B	KA208A,SA209A,SA105A,RA217A	2.788504
1JTG.A.B_A	1JTG.A.B_B	KA208A,SA209A,SA105A,RA217A,DB49A	1.726972
1JTG.A.B_A	1JTG.A.B_B	KB74A,EA79A	1.576849
1JTG.A.B_A	1JTG.A.B_B	KB74A,EA79A,YA80A	1.386116
1JTG.A.B_A	1JTG.A.B_B	KB74A,FB142A	4.852370
1JTG.A.B_A	1JTG.A.B_B	KB74A,FB142A,EA79A	3.130240
1JTG.A.B_A	1JTG.A.B_B	KB74A,FB142A,EA79A,YA80A	3.130240
1JTG.A.B_A	1JTG.A.B_B	KB74A,FB142A,KA208A	5.830841
1JTG.A.B_A	1JTG.A.B_B	KB74A,FB142A,RA217A	5.496316
1JTG.A.B_A	1JTG.A.B_B	KB74A,FB142A,SA105A	5.161859
1JTG.A.B_A	1JTG.A.B_B	KB74A,FB142A,YA80A	4.779135
1JTG.A.B_A	1JTG.A.B_B	KB74A,FB142A,YB143A	3.895401
1JTG.A.B_A	1JTG.A.B_B	KB74A,FB142A,YB143A,EA79A	2.388983
1JTG.A.B_A	1JTG.A.B_B	KB74A,FB142A,YB143A,EA79A,YA80A	2.412727
1JTG.A.B_A	1JTG.A.B_B	KB74A,FB142A,YB143A,KA208A	5.472615
1JTG.A.B_A	1JTG.A.B_B	KB74A,FB142A,YB143A,RA217A	5.257837
1JTG.A.B_A	1JTG.A.B_B	KB74A,FB142A,YB143A,SA105A	5.066775
1JTG.A.B_A	1JTG.A.B_B	KB74A,FB142A,YB143A,YA80A	4.229416
1JTG.A.B_A	1JTG.A.B_B	KB74A,KA208A	6.548087
1JTG.A.B_A	1JTG.A.B_B	KB74A,RA217A	6.620269
1JTG.A.B_A	1JTG.A.B_B	KB74A,SA105A	3.178630
1JTG.A.B_A	1JTG.A.B_B	KB74A,YA80A	3.322336
1JTG.A.B_A	1JTG.A.B_B	KB74A,YB143A	3.058644
1JTG.A.B_A	1JTG.A.B_B	KB74A,YB143A,EA79A	1.050668
1JTG.A.B_A	1JTG.A.B_B	KB74A,YB143A,EA79A,YA80A	1.767957
1JTG.A.B_A	1JTG.A.B_B	KB74A,YB143A,KA208A	4.876004
1JTG.A.B_A	1JTG.A.B_B	KB74A,YB143A,RA217A	4.373137
1JTG.A.B_A	1JTG.A.B_B	KB74A,YB143A,SA105A	3.728418
1JTG.A.B_A	1JTG.A.B_B	KB74A,YB143A,YA80A	3.395148
1JTG.A.B_A	1JTG.A.B_B	MA104A,FB36A	3.631322
1JTG.A.B_A	1JTG.A.B_B	MA104A,SB113A,SB71A	1.672743
1JTG.A.B_A	1JTG.A.B_B	MA104A,YB50A	0.358089
1JTG.A.B_A	1JTG.A.B_B	MA104A,YB53A	3.609275
1JTG.A.B_A	1JTG.A.B_B	NA75A,DB49A	1.576849
1JTG.A.B_A	1JTG.A.B_B	NA75A,FB142A	2.293604
1JTG.A.B_A	1JTG.A.B_B	NA75A,HB148A	2.102992
1JTG.A.B_A	1JTG.A.B_B	NA75A,KB74A	3.511833
1JTG.A.B_A	1JTG.A.B_B	NA75A,RB160A	1.576849
1JTG.A.B_A	1JTG.A.B_B	NA75A,WB112A	2.795218
1JTG.A.B_A	1JTG.A.B_B	NA75A,WB150A	4.349468
1JTG.A.B_A	1JTG.A.B_B	NA75A,WB162A	2.102992
1JTG.A.B_A	1JTG.A.B_B	PA82A,HB41A	2.652946
1JTG.A.B_A	1JTG.A.B_B	PA82A,YB50A	-0.647161
1JTG.A.B_A	1JTG.A.B_B	PA82A,YB53A	2.388983
1JTG.A.B_A	1JTG.A.B_B	QA74A,DB49A	2.198384
1JTG.A.B_A	1JTG.A.B_B	QA74A,FB142A	2.819137
1JTG.A.B_A	1JTG.A.B_B	QA74A,HB148A	3.201420
1JTG.A.B_A	1JTG.A.B_B	QA74A,KB74A	4.109652
1JTG.A.B_A	1JTG.A.B_B	QA74A,RB160A	3.750947
1JTG.A.B_A	1JTG.A.B_B	QA74A,WB112A	3.537737
1JTG.A.B_A	1JTG.A.B_B	QA74A,WB150A	3.823668
1JTG.A.B_A	1JTG.A.B_B	QA74A,WB162A	2.891281
1JTG.A.B_A	1JTG.A.B_B	RA217A,DB49A	1.111682
1JTG.A.B_A	1JTG.A.B_B	RA217A,KA208A	2.730075
1JTG.A.B_A	1JTG.A.B_B	RA217A,KA208A,DB49A	1.904421
1JTG.A.B_A	1JTG.A.B_B	RA217A,SA105A	1.849695
1JTG.A.B_A	1JTG.A.B_B	RA217A,SA105A,DB49A	1.254939
1JTG.A.B_A	1JTG.A.B_B	RA217A,SA209A	0.739594
1JTG.A.B_A	1JTG.A.B_B	RA217A,SA209A,DB49A	0.408048
1JTG.A.B_A	1JTG.A.B_B	RA217A,SA209A,KA208A	2.716957
1JTG.A.B_A	1JTG.A.B_B	RA217A,SA209A,KA208A,DB49A	2.032426
1JTG.A.B_A	1JTG.A.B_B	RA217A,SA209A,SA105A	1.688109
1JTG.A.B_A	1JTG.A.B_B	RA217A,SA209A,SA105A,DB49A	0.894266
1JTG.A.B_A	1JTG.A.B_B	SA105A,DB49A	1.384632
1JTG.A.B_A	1JTG.A.B_B	SA209A,DB49A	1.641106
1JTG.A.B_A	1JTG.A.B_B	SA209A,KA208A	2.093723
1JTG.A.B_A	1JTG.A.B_B	SA209A,KA208A,DB49A	1.534826
1JTG.A.B_A	1JTG.A.B_B	SA209A,SA105A	1.152734
1JTG.A.B_A	1JTG.A.B_B	SA209A,SA105A,DB49A	1.094157
1JTG.A.B_A	1JTG.A.B_B	SA209A,SA105A,KA208A	1.849695
1JTG.A.B_A	1JTG.A.B_B	SA209A,SA105A,KA208A,DB49A	0.609256
1JTG.A.B_A	1JTG.A.B_B	SB71A,SB113A	0.456068
1JTG.A.B_A	1JTG.A.B_B	TB140K,QB157K	-0.396606
1JTG.A.B_A	1JTG.A.B_B	VA190A,FB142A	2.198384
1JTG.A.B_A	1JTG.A.B_B	VA190A,YB50A	-0.885531
1JTG.A.B_A	1JTG.A.B_B	VA78A,FB142A	4.516677
1JTG.A.B_A	1JTG.A.B_B	VA78A,RB160A	4.349468
1JTG.A.B_A	1JTG.A.B_B	VA78A,WB162A	4.229416
1JTG.A.B_A	1JTG.A.B_B	VB165K,DB163K,DB135K,NB89K	-3.360556
1JTG.A.B_A	1JTG.A.B_B	VB165K,DB163K,NB89K	-2.393421
1JTG.A.B_A	1JTG.A.B_B	YB143A,EA79A	1.864555
1JTG.A.B_A	1JTG.A.B_B	YB143A,EA79A,YA80A	2.054678
1JTG.A.B_A	1JTG.A.B_B	YB143A,KA208A	2.556661
1JTG.A.B_A	1JTG.A.B_B	YB143A,RA217A	2.269850
1JTG.A.B_A	1JTG.A.B_B	YB143A,SA105A	1.791966
1JTG.A.B_A	1JTG.A.B_B	YB143A,YA80A	1.075443
1KIQ.AB.C_AB	1KIQ.AB.C_C	FA208Y	-2.496076
1KNE.A.P_A	1KNE.A.P_P	AA3F	-0.115028
1KNE.A.P_A	1KNE.A.P_P	AA3K	0.894953
1KNE.A.P_A	1KNE.A.P_P	AA3L	0.000000
1KNE.A.P_A	1KNE.A.P_P	AA3T	-0.376793
1KNE.A.P_A	1KNE.A.P_P	DA40F	-0.617011
1KNE.A.P_A	1KNE.A.P_P	DA40I	0.460753
1KNE.A.P_A	1KNE.A.P_P	DA40K	-0.376793
1KNE.A.P_A	1KNE.A.P_P	DA40T	0.491941
1KNE.A.P_A	1KNE.A.P_P	KA24A	-1.267886
1KNE.A.P_A	1KNE.A.P_P	TB2F	0.096285
1KNE.A.P_A	1KNE.A.P_P	TB2I	0.274082
1KNE.A.P_A	1KNE.A.P_P	TB2K	-0.314372
1KNE.A.P_A	1KNE.A.P_P	TB2L	0.204301
1KNE.A.P_A	1KNE.A.P_P	AA3F,TB2F	0.803626
1KNE.A.P_A	1KNE.A.P_P	AA3F,TB2I	0.589743
1KNE.A.P_A	1KNE.A.P_P	AA3F,TB2K	-0.035917
1KNE.A.P_A	1KNE.A.P_P	AA3F,TB2L	0.392970
1KNE.A.P_A	1KNE.A.P_P	AA3K,TB2F	1.469277
1KNE.A.P_A	1KNE.A.P_P	AA3K,TB2I	1.398035
1KNE.A.P_A	1KNE.A.P_P	AA3K,TB2K	1.599725
1KNE.A.P_A	1KNE.A.P_P	AA3K,TB2L	1.834454
1KNE.A.P_A	1KNE.A.P_P	AA3L,TB2F	0.251723
1KNE.A.P_A	1KNE.A.P_P	AA3L,TB2I	0.065896
1KNE.A.P_A	1KNE.A.P_P	AA3L,TB2K	-0.158934
1KNE.A.P_A	1KNE.A.P_P	AA3L,TB2L	0.251723
1KNE.A.P_A	1KNE.A.P_P	AA3T,TB2F	0.785396
1KNE.A.P_A	1KNE.A.P_P	AA3T,TB2I	0.602485
1KNE.A.P_A	1KNE.A.P_P	AA3T,TB2K	-0.314372
1KNE.A.P_A	1KNE.A.P_P	AA3T,TB2L	0.563408
1KNE.A.P_A	1KNE.A.P_P	DA40F,TB2F	-0.158934
1KNE.A.P_A	1KNE.A.P_P	DA40F,TB2I	0.204301
1KNE.A.P_A	1KNE.A.P_P	DA40F,TB2K	-0.206355
1KNE.A.P_A	1KNE.A.P_P	DA40F,TB2L	0.295628
1KNE.A.P_A	1KNE.A.P_P	DA40I,TB2F	1.095395
1KNE.A.P_A	1KNE.A.P_P	DA40I,TB2I	0.614958
1KNE.A.P_A	1KNE.A.P_P	DA40I,TB2K	0.589743
1KNE.A.P_A	1KNE.A.P_P	DA40I,TB2L	0.576722
1KNE.A.P_A	1KNE.A.P_P	DA40K,TB2F	-0.035917
1KNE.A.P_A	1KNE.A.P_P	DA40K,TB2I	0.000000
1KNE.A.P_A	1KNE.A.P_P	DA40K,TB2K	0.336503
1KNE.A.P_A	1KNE.A.P_P	DA40K,TB2L	-0.314372
1KNE.A.P_A	1KNE.A.P_P	DA40T,TB2F	1.240618
1KNE.A.P_A	1KNE.A.P_P	DA40T,TB2I	0.887209
1KNE.A.P_A	1KNE.A.P_P	DA40T,TB2K	0.727075
1KNE.A.P_A	1KNE.A.P_P	DA40T,TB2L	0.251723
1KNE.A.P_A	1KNE.A.P_P	KA24A,AA3K	-0.257905
1LP9.ABC.EF_ABC	1LP9.ABC.EF_EF	KA66A	0.940625
1LP9.ABC.EF_ABC	1LP9.ABC.EF_EF	TA163A	-0.404320
1LP9.ABC.EF_ABC	1LP9.ABC.EF_EF	WA167A	0.298805
1MI5.ABC.DE_ABC	1MI5.ABC.DE_DE	AB298G	1.231969
1MI5.ABC.DE_ABC	1MI5.ABC.DE_DE	AB91G	0.608305
1MI5.ABC.DE_ABC	1MI5.ABC.DE_DE	DB29A	1.231969
1MI5.ABC.DE_ABC	1MI5.ABC.DE_DE	EB251A	0.818938
1MI5.ABC.DE_ABC	1MI5.ABC.DE_DE	EB300A	0.119749
1MI5.ABC.DE_ABC	1MI5.ABC.DE_DE	GB227A	-0.289361
1MI5.ABC.DE_ABC	1MI5.ABC.DE_DE	GB296A	1.231969
1MI5.ABC.DE_ABC	1MI5.ABC.DE_DE	GB92A	0.764135
1MI5.ABC.DE_ABC	1MI5.ABC.DE_DE	GB93A	1.231969
1MI5.ABC.DE_ABC	1MI5.ABC.DE_DE	GB97A	1.231969
1MI5.ABC.DE_ABC	1MI5.ABC.DE_DE	HB32A	1.231969
1MI5.ABC.DE_ABC	1MI5.ABC.DE_DE	HB47A	1.117280
1MI5.ABC.DE_ABC	1MI5.ABC.DE_DE	KB98A	1.231969
1MI5.ABC.DE_ABC	1MI5.ABC.DE_DE	LB295A	0.115864
1MI5.ABC.DE_ABC	1MI5.ABC.DE_DE	LB49A	1.231969
1MI5.ABC.DE_ABC	1MI5.ABC.DE_DE	LB90A	1.231969
1MI5.ABC.DE_ABC	1MI5.ABC.DE_DE	NB250A	-0.432870
1MI5.ABC.DE_ABC	1MI5.ABC.DE_DE	NB52A	-0.019268
1MI5.ABC.DE_ABC	1MI5.ABC.DE_DE	PB89A	1.231969
1MI5.ABC.DE_ABC	1MI5.ABC.DE_DE	QB249A	-0.070374
1MI5.ABC.DE_ABC	1MI5.ABC.DE_DE	QB297A	1.231969
1MI5.ABC.DE_ABC	1MI5.ABC.DE_DE	QB301A	1.231969
1MI5.ABC.DE_ABC	1MI5.ABC.DE_DE	SB226A	0.032282
1MI5.ABC.DE_ABC	1MI5.ABC.DE_DE	SB230A	1.063897
1MI5.ABC.DE_ABC	1MI5.ABC.DE_DE	SB23A	0.100064
1MI5.ABC.DE_ABC	1MI5.ABC.DE_DE	SB26A	-0.039185
1MI5.ABC.DE_ABC	1MI5.ABC.DE_DE	SB293A	0.301691
1MI5.ABC.DE_ABC	1MI5.ABC.DE_DE	SB294A	-0.611899
1MI5.ABC.DE_ABC	1MI5.ABC.DE_DE	SB51A	0.482015
1MI5.ABC.DE_ABC	1MI5.ABC.DE_DE	SB95A	0.827208
1MI5.ABC.DE_ABC	1MI5.ABC.DE_DE	TB24A	0.260409
1MI5.ABC.DE_ABC	1MI5.ABC.DE_DE	TB28A	0.587576
1MI5.ABC.DE_ABC	1MI5.ABC.DE_DE	TB50A	-0.558466
1MI5.ABC.DE_ABC	1MI5.ABC.DE_DE	TB94A	0.942995
1MI5.ABC.DE_ABC	1MI5.ABC.DE_DE	VB229A	0.293084
1MI5.ABC.DE_ABC	1MI5.ABC.DE_DE	YB299A	1.231969
1MI5.ABC.DE_ABC	1MI5.ABC.DE_DE	YB302A	0.260409
1MI5.ABC.DE_ABC	1MI5.ABC.DE_DE	YB30A	0.449632
1MI5.ABC.DE_ABC	1MI5.ABC.DE_DE	YB96A	1.231969
1MLC.AB.E_AB	1MLC.AB.E_E	KA279D	0.018557
1MLC.AB.E_AB	1MLC.AB.E_E	NA32G	-0.877780
1MLC.AB.E_AB	1MLC.AB.E_E	NA32Y	0.000000
1MLC.AB.E_AB	1MLC.AB.E_E	NA92A	-1.253914
1MLC.AB.E_AB	1MLC.AB.E_E	SA271A	-0.379191
1MLC.AB.E_AB	1MLC.AB.E_E	SA271V	-0.494402
1MLC.AB.E_AB	1MLC.AB.E_E	TA242D	-0.151011
1MLC.AB.E_AB	1MLC.AB.E_E	TA245A	0.447207
1MLC.AB.E_AB	1MLC.AB.E_E	TA245V	0.526476
1MLC.AB.E_AB	1MLC.AB.E_E	TA245W	0.132202
1MLC.AB.E_AB	1MLC.AB.E_E	TA272D	-0.559933
1MLC.AB.E_AB	1MLC.AB.E_E	NA32G,NA92A	-0.686961
1MLC.AB.E_AB	1MLC.AB.E_E	NA32G,NA92A,SA271V,TA272D	-1.735751
1MLC.AB.E_AB	1MLC.AB.E_E	NA92A,SA271V,TA272D	-2.395260
1MLC.AB.E_AB	1MLC.AB.E_E	NA92A,TA242D,SA271V,TA272D	-2.329972
1MLC.AB.E_AB	1MLC.AB.E_E	NA92A,TA242D,SA271V,TA272D,EA249S	1.907029
1MLC.AB.E_AB	1MLC.AB.E_E	NA92A,TA242D,SA271V,TA272D,EA249S,GA313D	-2.955247
1MLC.AB.E_AB	1MLC.AB.E_E	NA92A,TA242D,SA271V,TA272D,GA313D	-0.203668
1MLC.AB.E_AB	1MLC.AB.E_E	NA92A,TA242D,SA271V,TA272D,NA32L	-2.585465
1MLC.AB.E_AB	1MLC.AB.E_E	NA92A,TA242D,SA271V,TA272D,RA312M,DA314Q	-0.410656
1MLC.AB.E_AB	1MLC.AB.E_E	NA92A,TA242D,SA271V,TA272D,SA244G	-2.359523
1MLC.AB.E_AB	1MLC.AB.E_E	NA92A,TA242D,SA271V,TA272D,SA91N	1.850563
1MLC.AB.E_AB	1MLC.AB.E_E	NA92A,TA242D,SA271V,TA272D,SA91N,SA93A	-1.611161
1MLC.AB.E_AB	1MLC.AB.E_E	NA92A,TA242D,SA271V,TA272D,YA246R,RA312S	1.850563
1MLC.AB.E_AB	1MLC.AB.E_E	NA92A,TA242D,SA271V,TA272D,YA246W,RA312V,DA314Q	0.361549
1MLC.AB.E_AB	1MLC.AB.E_E	NA92A,TA242D,SA271V,TA272D,YA273E	-1.466826
1MLC.AB.E_AB	1MLC.AB.E_E	SA271V,TA272D	-0.988171
1N8O.ABC.E_ABC	1N8O.ABC.E_E	MB80K	1.459715
1N8O.ABC.E_ABC	1N8O.ABC.E_E	MB80L	-0.062421
1N8O.ABC.E_ABC	1N8O.ABC.E_E	MB80R	1.349172
1NCA.N.LH_N	1NCA.N.LH_LH	DB315K	0.714480
1NCA.N.LH_N	1NCA.N.LH_LH	EB314D	0.410656
1NCA.N.LH_N	1NCA.N.LH_LH	NB245Q	0.000000
1NCA.N.LH_N	1NCA.N.LH_LH	NB316Q	0.542858
1OHZ.A.B_A	1OHZ.A.B_B	SB11A,TB12A	0.079703
1OHZ.A.B_A	1OHZ.A.B_B	SB11A,TB12A,SB45A,TB46A	0.000000
1OHZ.A.B_A	1OHZ.A.B_B	SB11L,TB12L,SB45Q	3.006797
1OHZ.A.B_A	1OHZ.A.B_B	SB11Q,SB45Q	2.185484
1OHZ.A.B_A	1OHZ.A.B_B	SB45A,TB46A	0.079703
1P69.A.B_A	1P69.A.B_B	SA15P	0.793381
1P6A.A.B_A	1P6A.A.B_B	YA87S	1.252759
1SBN.E.I_E	1SBN.E.I_I	RB38K	-0.309999
1SGD.E.I_E	1SGD.E.I_I	DB13L	-5.668659
1SGN.E.I_E	1SGN.E.I_I	NB13L	-3.399817
1SGP.E.I_E	1SGP.E.I_I	AB13L	-2.989160
1SGY.E.I_E	1SGY.E.I_I	YB13L	-1.676006
1SIB.E.I_E	1SIB.E.I_I	KB46R	-0.731527
1TM1.E.I_E	1TM1.E.I_I	EB41A	2.989437
1TM1.E.I_E	1TM1.E.I_I	EB41S	2.747769
1TM1.E.I_E	1TM1.E.I_I	MB40A	1.027668
1TM1.E.I_E	1TM1.E.I_I	MB40F	1.027668
1TM1.E.I_E	1TM1.E.I_I	MB40G	2.232905
1TM1.E.I_E	1TM1.E.I_I	MB40K	1.093564
1TM1.E.I_E	1TM1.E.I_I	MB40Y	0.056467
1TM1.E.I_E	1TM1.E.I_I	RB43A	1.256154
1TM1.E.I_E	1TM1.E.I_I	RB46A	3.417935
1TM1.E.I_E	1TM1.E.I_I	RB48A	3.010781
1TM1.E.I_E	1TM1.E.I_I	RB48C	3.235801
1TM1.E.I_E	1TM1.E.I_I	TB39A	2.650369
1TM1.E.I_E	1TM1.E.I_I	TB39D	2.099074
1TM1.E.I_E	1TM1.E.I_I	TB39P	3.756010
1TM1.E.I_E	1TM1.E.I_I	VB51A	0.024862
1TM1.E.I_E	1TM1.E.I_I	YB42A	2.580556
1TM1.E.I_E	1TM1.E.I_I	YB42G	4.680967
1TM1.E.I_E	1TM1.E.I_I	EB41S,MB40R	3.549655
1TM1.E.I_E	1TM1.E.I_I	RB48A,RB46A	5.051923
1TM1.E.I_E	1TM1.E.I_I	TB39A,EB41A	3.390396
1TM1.E.I_E	1TM1.E.I_I	TB39D,EB41A	0.754171
1TM4.E.I_E	1TM4.E.I_I	GB40M	-2.232905
1TM5.E.I_E	1TM5.E.I_I	AB40M	-1.027668
1TMG.E.I_E	1TMG.E.I_I	FB40M	-1.027668
1TO1.E.I_E	1TO1.E.I_I	AB42Y	-2.981582
1U7F.B.AC_B	1U7F.B.AC_AC	DA140A	2.673813
1U7F.B.AC_B	1U7F.B.AC_AC	RA65A	1.737952
1UUZ.A.D_A	1UUZ.A.D_D	CA64A	0.650875
1UUZ.A.D_A	1UUZ.A.D_D	HA62A	1.774828
1UUZ.A.D_A	1UUZ.A.D_D	HA62D	3.379217
1UUZ.A.D_A	1UUZ.A.D_D	HA62N	1.519609
1UUZ.A.D_A	1UUZ.A.D_D	HA62Q	1.519609
1X1X.A.D_A	1X1X.A.D_D	AB76E	-0.823553
1XGP.AB.C_AB	1XGP.AB.C_C	AA248F	-4.062480
1XGP.AB.C_AB	1XGP.AB.C_C	AA248I	-2.261219
1XGP.AB.C_AB	1XGP.AB.C_C	AA248L	-2.199876
1XGP.AB.C_AB	1XGP.AB.C_C	AA248V	-1.153095
1XGQ.AB.C_AB	1XGQ.AB.C_C	VA248A	1.153095
1XGQ.AB.C_AB	1XGQ.AB.C_C	VA248F	-2.909385
1XGQ.AB.C_AB	1XGQ.AB.C_C	VA248I	-1.108124
1XGQ.AB.C_AB	1XGQ.AB.C_C	VA248L	-1.046781
1XGT.AB.C_AB	1XGT.AB.C_C	LA248A	2.199876
1XGT.AB.C_AB	1XGT.AB.C_C	LA248F	-1.862604
1XGT.AB.C_AB	1XGT.AB.C_C	LA248I	-0.061343
1XGT.AB.C_AB	1XGT.AB.C_C	LA248V	1.046781
1XGU.AB.C_AB	1XGU.AB.C_C	FA247A	4.062480
1XGU.AB.C_AB	1XGU.AB.C_C	FA247I	1.801261
1XGU.AB.C_AB	1XGU.AB.C_C	FA247L	1.862604
1XGU.AB.C_AB	1XGU.AB.C_C	FA247V	2.909385
1Y1K.E.I_E	1Y1K.E.I_I	AB39T	-2.728342
1Y34.E.I_E	1Y34.E.I_I	AB41E	-3.054218
1Y3B.E.I_E	1Y3B.E.I_I	SB41E	-2.747769
1Y3D.E.I_E	1Y3D.E.I_I	AB48R	-3.098124
1Y48.E.I_E	1Y48.E.I_I	AB46R	-3.756010
1YY9.CD.A_CD	1YY9.CD.A_A	AA25P	0.072288
1YY9.CD.A_CD	1YY9.CD.A_A	AA309P	1.037692
1YY9.CD.A_CD	1YY9.CD.A_A	GA265P	0.268190
1YY9.CD.A_CD	1YY9.CD.A_A	LA240P	0.030841
1YY9.CD.A_CD	1YY9.CD.A_A	NA267A	-0.057072
1YY9.CD.A_CD	1YY9.CD.A_A	NA93A	-0.742202
1YY9.CD.A_CD	1YY9.CD.A_A	SA264P	0.817911
1YY9.CD.A_CD	1YY9.CD.A_A	SA26D	-0.199344
1YY9.CD.A_CD	1YY9.CD.A_A	SA26P	-0.009115
1YY9.CD.A_CD	1YY9.CD.A_A	SA28P	-0.222399
1YY9.CD.A_CD	1YY9.CD.A_A	SA54P	-0.018372
1YY9.CD.A_CD	1YY9.CD.A_A	TA272E	-0.057072
1YY9.CD.A_CD	1YY9.CD.A_A	TA31E	-0.519157
1YY9.CD.A_CD	1YY9.CD.A_A	TA96P	4.004943
1YY9.CD.A_CD	1YY9.CD.A_A	WA263P	1.478933
1YY9.CD.A_CD	1YY9.CD.A_A	YA312P	1.652159
1YY9.CD.A_CD	1YY9.CD.A_A	SA26D,TA31E,NA93A	-1.333541
1YY9.CD.A_CD	1YY9.CD.A_A	SA26D,TA31E,NA93A,NA267A,TA272E	-0.652085
1YY9.CD.A_CD	1YY9.CD.A_A	TA31E,NA93A	-0.818900
1Z7X.W.X_W	1Z7X.W.X_X	DA435A	3.662431
1Z7X.W.X_W	1Z7X.W.X_X	EA206A	1.018685
1Z7X.W.X_W	1Z7X.W.X_X	EA287A	1.321325
1Z7X.W.X_W	1Z7X.W.X_X	EA344A	1.561543
1Z7X.W.X_W	1Z7X.W.X_X	EA401A	1.306325
1Z7X.W.X_W	1Z7X.W.X_X	IA459A	0.337421
1Z7X.W.X_W	1Z7X.W.X_X	KA320A	1.321325
1Z7X.W.X_W	1Z7X.W.X_X	RA457A	0.848247
1Z7X.W.X_W	1Z7X.W.X_X	SA289A	0.814384
1Z7X.W.X_W	1Z7X.W.X_X	WA261A	1.335954
1Z7X.W.X_W	1Z7X.W.X_X	WA263A	2.212418
1Z7X.W.X_W	1Z7X.W.X_X	WA318A	0.993470
1Z7X.W.X_W	1Z7X.W.X_X	WA375A	1.669560
1Z7X.W.X_W	1Z7X.W.X_X	YA434A	5.955931
1Z7X.W.X_W	1Z7X.W.X_X	YA434F	0.120623
1Z7X.W.X_W	1Z7X.W.X_X	YA437A	2.624135
1Z7X.W.X_W	1Z7X.W.X_X	YA437F	2.166058
1Z7X.W.X_W	1Z7X.W.X_X	QA430A,VA432A	0.939574
1Z7X.W.X_W	1Z7X.W.X_X	WA438A,SA439A,EA440A	1.972200
1Z7X.W.X_W	1Z7X.W.X_X	YA434A,DA435A	7.171211
1Z7X.W.X_W	1Z7X.W.X_X	YA434A,YA437A	7.240991
2A9K.A.B_A	2A9K.A.B_B	EB65A	3.030982
2A9K.A.B_A	2A9K.A.B_B	GB55D	2.317686
2ABZ.B.E_B	2ABZ.B.E_E	AB14C,AB38C	-0.553533
2AJF.A.E_A	2AJF.A.E_E	DA20A	0.585403
2AJF.A.E_A	2AJF.A.E_E	FB38S	-0.082254
2AJF.A.E_A	2AJF.A.E_E	KB22R	-0.007360
2AJF.A.E_A	2AJF.A.E_E	NB151K	2.012603
2AJF.A.E_A	2AJF.A.E_E	TB159S	1.823934
2AJF.A.E_A	2AJF.A.E_E	YA23A	1.452401
2AJF.A.E_A	2AJF.A.E_E	YA23F	1.397794
2AK4.ABC.DE_ABC	2AK4.ABC.DE_DE	AA158G	0.873589
2AK4.ABC.DE_ABC	2AK4.ABC.DE_DE	EA154A	0.234915
2AK4.ABC.DE_ABC	2AK4.ABC.DE_DE	EA161A	0.465104
2AK4.ABC.DE_ABC	2AK4.ABC.DE_DE	EB301A	0.048639
2AK4.ABC.DE_ABC	2AK4.ABC.DE_DE	LA163A	0.140382
2AK4.ABC.DE_ABC	2AK4.ABC.DE_DE	LA380A	1.403989
2AK4.ABC.DE_ABC	2AK4.ABC.DE_DE	LA385A	0.513636
2AK4.ABC.DE_ABC	2AK4.ABC.DE_DE	LB298A	0.838487
2AK4.ABC.DE_ABC	2AK4.ABC.DE_DE	NB230A	0.208773
2AK4.ABC.DE_ABC	2AK4.ABC.DE_DE	NB232A	0.822895
2AK4.ABC.DE_ABC	2AK4.ABC.DE_DE	NB267A	-0.042688
2AK4.ABC.DE_ABC	2AK4.ABC.DE_DE	NB51A	1.403989
2AK4.ABC.DE_ABC	2AK4.ABC.DE_DE	NB98A	1.403989
2AK4.ABC.DE_ABC	2AK4.ABC.DE_DE	PA379A	1.096392
2AK4.ABC.DE_ABC	2AK4.ABC.DE_DE	PA381A	1.403989
2AK4.ABC.DE_ABC	2AK4.ABC.DE_DE	QA155A	0.929594
2AK4.ABC.DE_ABC	2AK4.ABC.DE_DE	QA382A	1.403989
2AK4.ABC.DE_ABC	2AK4.ABC.DE_DE	QA384A	0.065896
2AK4.ABC.DE_ABC	2AK4.ABC.DE_DE	QA65A	-0.257905
2AK4.ABC.DE_ABC	2AK4.ABC.DE_DE	QA72A	0.239162
2AK4.ABC.DE_ABC	2AK4.ABC.DE_DE	RA151A	1.367331
2AK4.ABC.DE_ABC	2AK4.ABC.DE_DE	RA157A	1.403989
2AK4.ABC.DE_ABC	2AK4.ABC.DE_DE	SB233G	1.403989
2AK4.ABC.DE_ABC	2AK4.ABC.DE_DE	SB253A	-0.314372
2AK4.ABC.DE_ABC	2AK4.ABC.DE_DE	SB94A	1.403989
2AK4.ABC.DE_ABC	2AK4.ABC.DE_DE	TA69A	-0.341933
2AK4.ABC.DE_ABC	2AK4.ABC.DE_DE	TB30A	-0.126683
2AK4.ABC.DE_ABC	2AK4.ABC.DE_DE	YB32A	0.098972
2AK4.ABC.DE_ABC	2AK4.ABC.DE_DE	YB97A	1.403989
2AW2.A.B_A	2AW2.A.B_B	PB16A	2.575591
2AW2.A.B_A	2AW2.A.B_B	VB35A	1.096392
2AW2.A.B_A	2AW2.A.B_B	YB22A	1.885084
2B0U.AB.C_AB	2B0U.AB.C_C	FB47A	0.542858
2B0U.AB.C_AB	2B0U.AB.C_C	FB47E	0.410656
2B0U.AB.C_AB	2B0U.AB.C_C	FB52A	0.000000
2B0U.AB.C_AB	2B0U.AB.C_C	FB52E	0.000000
2B0U.AB.C_AB	2B0U.AB.C_C	IB51A	0.000000
2B0U.AB.C_AB	2B0U.AB.C_C	IB51E	0.240219
2B0U.AB.C_AB	2B0U.AB.C_C	VB15E	0.000000
2B0Z.A.B_A	2B0Z.A.B_B	IB87F	-2.528999
2B11.A.B_A	2B11.A.B_B	WB87F	-0.754171
2B2X.HL.A_HL	2B2X.HL.A_A	EA64K	-0.033449
2B2X.HL.A_HL	2B2X.HL.A_A	VA50T	0.024065
2B2X.HL.A_HL	2B2X.HL.A_A	YA262E	-0.224205
2B2X.HL.A_HL	2B2X.HL.A_A	EA64K,QA238S,YA262N	0.912023
2B2X.HL.A_HL	2B2X.HL.A_A	EA64K,QA238S,YA262N,GA102S	2.711884
2B2X.HL.A_HL	2B2X.HL.A_A	EA64K,QA238S,YA262N,SA35A	3.120451
2B2X.HL.A_HL	2B2X.HL.A_A	EA64K,QA238S,YA262N,SA35V	3.772023
2B2X.HL.A_HL	2B2X.HL.A_A	EA64K,YA262N	0.348686
2B2X.HL.A_HL	2B2X.HL.A_A	QA238S,YA262N	0.863080
2B2X.HL.A_HL	2B2X.HL.A_A	VA50T,EA64D,QA238S,YA262N	0.872162
2B2X.HL.A_HL	2B2X.HL.A_A	VA50T,EA64K,QA238S	0.992033
2B2X.HL.A_HL	2B2X.HL.A_A	VA50T,EA64K,QA238S,YA262D	1.544668
2B2X.HL.A_HL	2B2X.HL.A_A	VA50T,EA64K,QA238S,YA262E	0.954956
2B2X.HL.A_HL	2B2X.HL.A_A	VA50T,EA64K,QA238S,YA262K	1.701485
2B2X.HL.A_HL	2B2X.HL.A_A	VA50T,EA64K,QA238S,YA262N	1.043681
2B2X.HL.A_HL	2B2X.HL.A_A	VA50T,EA64K,QA238S,YA262N,FA99W	1.043681
2B2X.HL.A_HL	2B2X.HL.A_A	VA50T,EA64K,QA238S,YA262N,FA99Y	1.798688
2B2X.HL.A_HL	2B2X.HL.A_A	VA50T,EA64K,QA238S,YA262N,GA100F	1.432873
2B2X.HL.A_HL	2B2X.HL.A_A	VA50T,EA64K,QA238S,YA262N,GA100L	3.772023
2B2X.HL.A_HL	2B2X.HL.A_A	VA50T,EA64K,QA238S,YA262N,GA100M	1.145861
2B2X.HL.A_HL	2B2X.HL.A_A	VA50T,EA64K,QA238S,YA262N,GA100S	1.601678
2B2X.HL.A_HL	2B2X.HL.A_A	VA50T,EA64K,QA238S,YA262N,GA302Q	2.617070
2B2X.HL.A_HL	2B2X.HL.A_A	VA50T,EA64K,QA238S,YA262N,GA302S	1.556517
2B2X.HL.A_HL	2B2X.HL.A_A	VA50T,EA64K,QA238S,YA262N,GA53A	1.556517
2B2X.HL.A_HL	2B2X.HL.A_A	VA50T,EA64K,QA238S,YA262N,GA53N	2.299556
2B2X.HL.A_HL	2B2X.HL.A_A	VA50T,EA64K,QA238S,YA262N,GA53S	1.719577
2B2X.HL.A_HL	2B2X.HL.A_A	VA50T,EA64K,QA238S,YA262N,GA54I	2.407852
2B2X.HL.A_HL	2B2X.HL.A_A	VA50T,EA64K,QA238S,YA262N,GA54T	2.208369
2B2X.HL.A_HL	2B2X.HL.A_A	VA50T,EA64K,QA238S,YA262N,GA54Y	1.043681
2B2X.HL.A_HL	2B2X.HL.A_A	VA50T,EA64K,QA238S,YA262N,HA241K	2.208369
2B2X.HL.A_HL	2B2X.HL.A_A	VA50T,EA64K,QA238S,YA262N,HA241R	2.167982
2B2X.HL.A_HL	2B2X.HL.A_A	VA50T,EA64K,QA238S,YA262N,HA241W	2.299556
2B2X.HL.A_HL	2B2X.HL.A_A	VA50T,EA64K,QA238S,YA262N,LA259F	1.756280
2B2X.HL.A_HL	2B2X.HL.A_A	VA50T,EA64K,QA238S,YA262N,LA259K	1.905268
2B2X.HL.A_HL	2B2X.HL.A_A	VA50T,EA64K,QA238S,YA262N,LA259W	2.952103
2B2X.HL.A_HL	2B2X.HL.A_A	VA50T,EA64K,QA238S,YA262N,LA60D	0.982334
2B2X.HL.A_HL	2B2X.HL.A_A	VA50T,EA64K,QA238S,YA262N,NA240V	2.093480
2B2X.HL.A_HL	2B2X.HL.A_A	VA50T,EA64K,QA238S,YA262N,NA240W	2.617070
2B2X.HL.A_HL	2B2X.HL.A_A	VA50T,EA64K,QA238S,YA262N,NA240Y	2.952103
2B2X.HL.A_HL	2B2X.HL.A_A	VA50T,EA64K,QA238S,YA262N,NA240Y,SA301I	1.478244
2B2X.HL.A_HL	2B2X.HL.A_A	VA50T,EA64K,QA238S,YA262N,RA31Q	2.351594
2B2X.HL.A_HL	2B2X.HL.A_A	VA50T,EA64K,QA238S,YA262N,SA234R	0.828252
2B2X.HL.A_HL	2B2X.HL.A_A	VA50T,EA64K,QA238S,YA262N,SA301Q	2.818509
2B2X.HL.A_HL	2B2X.HL.A_A	VA50T,EA64K,QA238S,YA262N,SA301R	3.772023
2B2X.HL.A_HL	2B2X.HL.A_A	VA50T,EA64K,QA238S,YA262N,SA301R,NA240E	3.772023
2B2X.HL.A_HL	2B2X.HL.A_A	VA50T,EA64K,QA238S,YA262N,SA301T	3.361367
2B2X.HL.A_HL	2B2X.HL.A_A	VA50T,EA64K,QA238S,YA262N,SA35A	2.617070
2B2X.HL.A_HL	2B2X.HL.A_A	VA50T,EA64K,QA238S,YA262N,SA35A,GA102S	2.617070
2B2X.HL.A_HL	2B2X.HL.A_A	VA50T,EA64K,QA238S,YA262N,SA35Q	3.772023
2B2X.HL.A_HL	2B2X.HL.A_A	VA50T,EA64K,QA238S,YA262N,SA35V,GA102S	2.469994
2B2X.HL.A_HL	2B2X.HL.A_A	VA50T,EA64K,QA238S,YA262N,SA52M	3.120451
2B2X.HL.A_HL	2B2X.HL.A_A	VA50T,EA64K,QA238S,YA262N,TA33E,GA53Q	2.711884
2B2X.HL.A_HL	2B2X.HL.A_A	VA50T,EA64K,QA238S,YA262N,TA33I,SA52T,GA53N,GA54N	2.952103
2B2X.HL.A_HL	2B2X.HL.A_A	VA50T,EA64K,QA238S,YA262N,TA33I,SA52T,GA53Q,GA54F	2.299556
2B2X.HL.A_HL	2B2X.HL.A_A	VA50T,EA64K,QA238S,YA262N,TA33N	3.772023
2B2X.HL.A_HL	2B2X.HL.A_A	VA50T,EA64K,QA238S,YA262N,TA33V	1.478244
2B2X.HL.A_HL	2B2X.HL.A_A	VA50T,EA64K,QA238S,YA262N,WA300Q	3.120451
2B2X.HL.A_HL	2B2X.HL.A_A	VA50T,EA64K,QA238S,YA262N,WA300Q,FA243Y	1.915090
2B2X.HL.A_HL	2B2X.HL.A_A	VA50T,EA64K,QA238S,YA262N,YA58E	3.120451
2B2X.HL.A_HL	2B2X.HL.A_A	VA50T,EA64K,QA238S,YA262N,YA58Q	3.120451
2B2X.HL.A_HL	2B2X.HL.A_A	VA50T,EA64K,QA238S,YA262N,YA58W	1.864994
2B2X.HL.A_HL	2B2X.HL.A_A	VA50T,EA64K,QA238S,YA262N,YA59E	1.587932
2B2X.HL.A_HL	2B2X.HL.A_A	VA50T,EA64K,QA238S,YA262R	1.888900
2B2X.HL.A_HL	2B2X.HL.A_A	VA50T,EA64K,YA262N	0.281861
2B2X.HL.A_HL	2B2X.HL.A_A	VA50T,EA64N,QA238S,YA262N	1.007393
2B2X.HL.A_HL	2B2X.HL.A_A	VA50T,EA64Q,QA238S,YA262N	0.966032
2B2X.HL.A_HL	2B2X.HL.A_A	VA50T,EA64Q,QA238S,YA262N,LA60D	1.086690
2B2X.HL.A_HL	2B2X.HL.A_A	VA50T,QA238S,YA262N	0.966032
2B2X.HL.A_HL	2B2X.HL.A_A	VA50T,QA238S,YA262N,LA60D	0.901817
2B2X.HL.A_HL	2B2X.HL.A_A	VA50T,YA262N	0.186451
2B42.A.B_A	2B42.A.B_B	HA357A	1.638458
2B42.A.B_A	2B42.A.B_B	HA357K	2.567788
2B42.A.B_A	2B42.A.B_B	HA357Q	1.076116
2BDN.HL.A_HL	2BDN.HL.A_A	DA31E	1.085717
2BDN.HL.A_HL	2BDN.HL.A_A	LA27K	0.874404
2BDN.HL.A_HL	2BDN.HL.A_A	LA27R	0.650875
2BDN.HL.A_HL	2BDN.HL.A_A	NA248K	3.491334
2BDN.HL.A_HL	2BDN.HL.A_A	NA248R	-0.917598
2BDN.HL.A_HL	2BDN.HL.A_A	NA28D	0.132202
2BDN.HL.A_HL	2BDN.HL.A_A	NA28Q	1.400088
2BDN.HL.A_HL	2BDN.HL.A_A	SA270D	-0.160645
2BDN.HL.A_HL	2BDN.HL.A_A	SA270E	-0.851702
2BDN.HL.A_HL	2BDN.HL.A_A	TA273D	-0.425656
2BDN.HL.A_HL	2BDN.HL.A_A	TA273E	-0.689111
2BDN.HL.A_HL	2BDN.HL.A_A	YA247K	0.675060
2BNR.ABC.DE_ABC	2BNR.ABC.DE_DE	AA149G	0.018231
2BNR.ABC.DE_ABC	2BNR.ABC.DE_DE	AA150G	0.736888
2BNR.ABC.DE_ABC	2BNR.ABC.DE_DE	AA69G	1.855210
2BNR.ABC.DE_ABC	2BNR.ABC.DE_DE	CA385V	-0.501983
2BNR.ABC.DE_ABC	2BNR.ABC.DE_DE	DA61A	-0.089786
2BNR.ABC.DE_ABC	2BNR.ABC.DE_DE	EA154A	0.018231
2BNR.ABC.DE_ABC	2BNR.ABC.DE_DE	EA58A	0.000000
2BNR.ABC.DE_ABC	2BNR.ABC.DE_DE	EA63A	0.334711
2BNR.ABC.DE_ABC	2BNR.ABC.DE_DE	HA151A	0.533152
2BNR.ABC.DE_ABC	2BNR.ABC.DE_DE	HA70A	1.695717
2BNR.ABC.DE_ABC	2BNR.ABC.DE_DE	HA74A	0.975325
2BNR.ABC.DE_ABC	2BNR.ABC.DE_DE	KA146A	0.624371
2BNR.ABC.DE_ABC	2BNR.ABC.DE_DE	KA66A	1.689335
2BNR.ABC.DE_ABC	2BNR.ABC.DE_DE	KA68A	0.005528
2BNR.ABC.DE_ABC	2BNR.ABC.DE_DE	QA155A	0.232766
2BNR.ABC.DE_ABC	2BNR.ABC.DE_DE	QA43A	0.082802
2BNR.ABC.DE_ABC	2BNR.ABC.DE_DE	QA72A	-0.096285
2BNR.ABC.DE_ABC	2BNR.ABC.DE_DE	RA65A	1.806372
2BNR.ABC.DE_ABC	2BNR.ABC.DE_DE	RA75A	0.530889
2BNR.ABC.DE_ABC	2BNR.ABC.DE_DE	TA163A	0.458647
2BNR.ABC.DE_ABC	2BNR.ABC.DE_DE	TA64A	0.271471
2BNR.ABC.DE_ABC	2BNR.ABC.DE_DE	TA73A	1.285060
2BNR.ABC.DE_ABC	2BNR.ABC.DE_DE	TA80A	0.535406
2BNR.ABC.DE_ABC	2BNR.ABC.DE_DE	VA152A	0.903310
2BNR.ABC.DE_ABC	2BNR.ABC.DE_DE	VA67A	0.392802
2BNR.ABC.DE_ABC	2BNR.ABC.DE_DE	VA76A	0.672090
2C5D.A.C_A	2C5D.A.C_C	DB61G	-0.503781
2C5D.A.C_A	2C5D.A.C_C	GB101R	-0.018231
2C5D.A.C_A	2C5D.A.C_C	GB6S	0.098972
2C5D.A.C_A	2C5D.A.C_C	VB66A	-0.599325
2C5D.A.C_A	2C5D.A.C_C	DB61G,GB101R	-0.561089
2C5D.A.C_A	2C5D.A.C_C	DB61G,VB66A	-1.040370
2C5D.A.C_A	2C5D.A.C_C	DB61G,VB66A,GB101R	-0.869932
2C5D.A.C_A	2C5D.A.C_C	EB33R,TB51R	6.113514
2C5D.A.C_A	2C5D.A.C_C	GB6S,DB61G	-0.529544
2C5D.A.C_A	2C5D.A.C_C	GB6S,DB61G,GB101R	-0.551904
2C5D.A.C_A	2C5D.A.C_C	GB6S,DB61G,VB66R	-1.235571
2C5D.A.C_A	2C5D.A.C_C	GB6S,DB61G,VB66R,GB101R	-1.483059
2C5D.A.C_A	2C5D.A.C_C	GB6S,GB101R	0.034860
2C5D.A.C_A	2C5D.A.C_C	GB6S,VB66A	-0.846996
2C5D.A.C_A	2C5D.A.C_C	GB6S,VB66A,GB101R	-0.796697
2C5D.A.C_A	2C5D.A.C_C	VB66A,GB101R	-0.656286
2C5D.AB.CD_AB	2C5D.AB.CD_CD	AA126V,AA507V	0.758892
2C5D.AB.CD_AB	2C5D.AB.CD_CD	EB30R,EB222R	0.302640
2C5D.AB.CD_AB	2C5D.AB.CD_CD	EB30R,EB33R,EB222R,EB33R	1.848981
2C5D.AB.CD_AB	2C5D.AB.CD_CD	EB33R,EB225R	1.654842
2C5D.AB.CD_AB	2C5D.AB.CD_CD	FA207A,FA588A	0.371101
2C5D.AB.CD_AB	2C5D.AB.CD_CD	FA209A,FA590A	1.061531
2C5D.AB.CD_AB	2C5D.AB.CD_CD	KA34E,KA415E	1.948220
2C5D.AB.CD_AB	2C5D.AB.CD_CD	KB178E,KB370E	0.742202
2C5D.AB.CD_AB	2C5D.AB.CD_CD	LA324A,LA705A	2.034473
2C5D.AB.CD_AB	2C5D.AB.CD_CD	LB105E,LB297E	0.240219
2C5D.AB.CD_AB	2C5D.AB.CD_CD	QB28R,QB220R	0.091327
2C5D.AB.CD_AB	2C5D.AB.CD_CD	QB96R,QB288R	0.302640
2C5D.AB.CD_AB	2C5D.AB.CD_CD	RA32E,KA34E,RA413E,KA34E	3.960311
2C5D.AB.CD_AB	2C5D.AB.CD_CD	RA32E,RA413E	1.712406
2C5D.AB.CD_AB	2C5D.AB.CD_CD	TA26D,TA407D	0.725028
2C5D.AB.CD_AB	2C5D.AB.CD_CD	TB182E,TB374E	0.742202
2C5D.AB.CD_AB	2C5D.AB.CD_CD	TB51R,TB243R	2.339020
2C5D.AB.CD_AB	2C5D.AB.CD_CD	WA238F,WA619F	0.982421
2C5D.AB.CD_AB	2C5D.AB.CD_CD	YA364A,YA745A	0.982421
2CCL.A.B_A	2CCL.A.B_B	AB48S,AB49T	-0.079703
2DSQ.I.G_I	2DSQ.I.G_G	RA20A	0.061132
2DSQ.I.G_I	2DSQ.I.G_G	RA35A	0.610409
2DSQ.I.G_I	2DSQ.I.G_G	RA40A	-0.087760
2DSQ.I.G_I	2DSQ.I.G_G	RA41A	0.088869
2DVW.A.B_A	2DVW.A.B_B	EA180A	0.438177
2DVW.A.B_A	2DVW.A.B_B	KA114A	0.034206
2DVW.A.B_A	2DVW.A.B_B	KB62E	0.205474
2DVW.A.B_A	2DVW.A.B_B	RA39A	0.910624
2DVW.A.B_A	2DVW.A.B_B	RB7A	0.693606
2DVW.A.B_A	2DVW.A.B_B	DA37A,DA69A	0.191622
2DVW.A.B_A	2DVW.A.B_B	EB21A,EB22A	0.038346
2DVW.A.B_A	2DVW.A.B_B	RA39A,KA114A	2.362596
2DVW.A.B_A	2DVW.A.B_B	RB3A,RB4A,RB7A	2.790147
2DVW.A.B_A	2DVW.A.B_B	RB3A,RB7A	2.153378
2E7L.EQ.AD_EQ	2E7L.EQ.AD_AD	FA180R	3.059888
2FTL.E.I_E	2FTL.E.I_I	FB33A	4.092513
2FTL.E.I_E	2FTL.E.I_I	GB12A	4.392778
2FTL.E.I_E	2FTL.E.I_I	GB36A	4.942732
2FTL.E.I_E	2FTL.E.I_I	GB37A	4.092513
2FTL.E.I_E	2FTL.E.I_I	IB18A	5.021843
2FTL.E.I_E	2FTL.E.I_I	IB19A	4.092513
2FTL.E.I_E	2FTL.E.I_I	KB15A	10.399064
2FTL.E.I_E	2FTL.E.I_I	KB15D	11.502718
2FTL.E.I_E	2FTL.E.I_I	KB15E	9.424007
2FTL.E.I_E	2FTL.E.I_I	KB15F	7.027211
2FTL.E.I_E	2FTL.E.I_I	KB15G	12.352226
2FTL.E.I_E	2FTL.E.I_I	KB15H	8.781781
2FTL.E.I_E	2FTL.E.I_I	KB15I	11.171452
2FTL.E.I_E	2FTL.E.I_I	KB15L	8.864103
2FTL.E.I_E	2FTL.E.I_I	KB15M	7.692373
2FTL.E.I_E	2FTL.E.I_I	KB15N	8.033104
2FTL.E.I_E	2FTL.E.I_I	KB15Q	9.370644
2FTL.E.I_E	2FTL.E.I_I	KB15R	-0.582439
2FTL.E.I_E	2FTL.E.I_I	KB15S	7.723918
2FTL.E.I_E	2FTL.E.I_I	KB15T	10.597484
2FTL.E.I_E	2FTL.E.I_I	KB15V	11.756444
2FTL.E.I_E	2FTL.E.I_I	KB15W	8.664119
2FTL.E.I_E	2FTL.E.I_I	KB15Y	6.857010
2FTL.E.I_E	2FTL.E.I_I	KB46A	4.092513
2FTL.E.I_E	2FTL.E.I_I	PB13A	4.092513
2FTL.E.I_E	2FTL.E.I_I	RB17A	4.092513
2FTL.E.I_E	2FTL.E.I_I	RB20A	4.092513
2FTL.E.I_E	2FTL.E.I_I	RB39A	4.092513
2FTL.E.I_E	2FTL.E.I_I	TB11A	4.092513
2FTL.E.I_E	2FTL.E.I_I	VB34A	4.092513
2FTL.E.I_E	2FTL.E.I_I	YB35A	4.092513
2GYK.A.B_A	2GYK.A.B_B	AA49D	-5.918129
2HRK.A.B_A	2HRK.A.B_B	KA140A	0.953515
2HRK.A.B_A	2HRK.A.B_B	TA108V	0.721070
2HRK.A.B_A	2HRK.A.B_B	TB55V	0.624201
2I26.N.L_N	2I26.N.L_L	AA29V	0.030389
2I26.N.L_N	2I26.N.L_L	SA60R	-0.626441
2J12.A.B_A	2J12.A.B_B	SA116A	0.953515
2J1K.C.T_C	2J1K.C.T_T	GA10D	0.183752
2J1K.C.T_C	2J1K.C.T_T	RA155A	0.051550
2J1K.C.T_C	2J1K.C.T_T	RA24A	0.764846
2JCC.ABC.EF_ABC	2JCC.ABC.EF_EF	AA167W	-0.298805
2JEL.LH.P_LH	2JEL.LH.P_P	AB82S	0.000000
2JEL.LH.P_LH	2JEL.LH.P_P	DB69E	0.953515
2JEL.LH.P_LH	2JEL.LH.P_P	EB5D	0.410656
2JEL.LH.P_LH	2JEL.LH.P_P	EB5Q	0.713296
2JEL.LH.P_LH	2JEL.LH.P_P	EB66K	4.092513
2JEL.LH.P_LH	2JEL.LH.P_P	EB68A	0.410656
2JEL.LH.P_LH	2JEL.LH.P_P	EB70A	2.728342
2JEL.LH.P_LH	2JEL.LH.P_P	EB70K	4.092513
2JEL.LH.P_LH	2JEL.LH.P_P	EB75R	2.728342
2JEL.LH.P_LH	2JEL.LH.P_P	EB83A	0.000000
2JEL.LH.P_LH	2JEL.LH.P_P	EB85A	0.000000
2JEL.LH.P_LH	2JEL.LH.P_P	EB85D	0.000000
2JEL.LH.P_LH	2JEL.LH.P_P	EB85K	0.000000
2JEL.LH.P_LH	2JEL.LH.P_P	EB85Q	0.000000
2JEL.LH.P_LH	2JEL.LH.P_P	FB2W	2.620325
2JEL.LH.P_LH	2JEL.LH.P_P	FB2Y	0.000000
2JEL.LH.P_LH	2JEL.LH.P_P	HB76A	-0.410656
2JEL.LH.P_LH	2JEL.LH.P_P	HB76D	-0.650875
2JEL.LH.P_LH	2JEL.LH.P_P	KB24E	0.000000
2JEL.LH.P_LH	2JEL.LH.P_P	KB27E	0.000000
2JEL.LH.P_LH	2JEL.LH.P_P	KB72E	0.410656
2JEL.LH.P_LH	2JEL.LH.P_P	KB72R	0.000000
2JEL.LH.P_LH	2JEL.LH.P_P	KB79E	0.410656
2JEL.LH.P_LH	2JEL.LH.P_P	NB12D	0.000000
2JEL.LH.P_LH	2JEL.LH.P_P	NB38T	0.000000
2JEL.LH.P_LH	2JEL.LH.P_P	PB11E	0.000000
2JEL.LH.P_LH	2JEL.LH.P_P	QB3K	4.092513
2JEL.LH.P_LH	2JEL.LH.P_P	QB4K	1.364171
2JEL.LH.P_LH	2JEL.LH.P_P	QB57E	-0.410656
2JEL.LH.P_LH	2JEL.LH.P_P	QB71E	2.728342
2JEL.LH.P_LH	2JEL.LH.P_P	RB17G	0.000000
2JEL.LH.P_LH	2JEL.LH.P_P	RB17K	0.000000
2JEL.LH.P_LH	2JEL.LH.P_P	SB41C	1.496373
2JEL.LH.P_LH	2JEL.LH.P_P	SB43C	0.000000
2JEL.LH.P_LH	2JEL.LH.P_P	SB46C	0.000000
2JEL.LH.P_LH	2JEL.LH.P_P	SB64T	4.092513
2JEL.LH.P_LH	2JEL.LH.P_P	TB34N	6.820856
2JEL.LH.P_LH	2JEL.LH.P_P	TB34Q	0.000000
2JEL.LH.P_LH	2JEL.LH.P_P	TB36Q	0.410656
2JEL.LH.P_LH	2JEL.LH.P_P	TB62A	0.000000
2JEL.LH.P_LH	2JEL.LH.P_P	TB62N	0.000000
2JEL.LH.P_LH	2JEL.LH.P_P	TB7N	0.410656
2JEL.LH.P_LH	2JEL.LH.P_P	TB7S	0.000000
2JEL.LH.P_LH	2JEL.LH.P_P	VB6F	0.000000
2NU0.E.I_E	2NU0.E.I_I	WB13L	-1.865208
2NU2.E.I_E	2NU2.E.I_I	RB13L	-3.366955
2NU4.E.I_E	2NU4.E.I_I	KB13L	-3.182076
2NY7.HL.G_HL	2NY7.HL.G_G	CB27I,CB226Q	0.199808
2NY7.HL.G_HL	2NY7.HL.G_G	CB27I,CB226Q,MB231A	0.203283
2NY7.HL.G_HL	2NY7.HL.G_G	GB229C,MB231A	-0.378967
2NY7.HL.G_HL	2NY7.HL.G_G	GB229C,WB13M,MB231A,CB14W,CB110V,CB27I,CB226Q	0.214721
2NY7.HL.G_HL	2NY7.HL.G_G	KB66C,EB102C,CB27I,CB226Q	0.040875
2NY7.HL.G_HL	2NY7.HL.G_G	KB66C,EB102C,WB13M,MB231A,CB14W,CB110V,CB27I,CB226Q	0.399981
2NY7.HL.G_HL	2NY7.HL.G_G	KB66C,EB103C,WB13M,MB231A,CB14W,CB110V,CB27I,CB226Q	0.300030
2NY7.HL.G_HL	2NY7.HL.G_G	WB13M,MB231A,CB14W,CB110V	1.157952
2NY7.HL.G_HL	2NY7.HL.G_G	WB13M,MB231A,CB14W,CB110V,CB27I,CB226Q	0.449248
2NY7.HL.G_HL	2NY7.HL.G_G	WB13M,MB231A,CB14W,CB110V,KB66C,EB102C	0.551262
2NY7.HL.G_HL	2NY7.HL.G_G	WB13M,SB92T,WB181S,MB231A,CB14W,CB110V,CB27I,CB226Q	-0.303726
2NYY.DC.A_DC	2NYY.DC.A_A	DA247Y	0.645757
2NYY.DC.A_DC	2NYY.DC.A_A	EA5Q	-0.249774
2NYY.DC.A_DC	2NYY.DC.A_A	EB892A	2.859595
2NYY.DC.A_DC	2NYY.DC.A_A	FB889A	0.422389
2NYY.DC.A_DC	2NYY.DC.A_A	FB925A	4.087755
2NYY.DC.A_DC	2NYY.DC.A_A	HA251R	0.101612
2NYY.DC.A_DC	2NYY.DC.A_A	IB928A	-0.009556
2NYY.DC.A_DC	2NYY.DC.A_A	KA29R	0.071900
2NYY.DC.A_DC	2NYY.DC.A_A	KB875A	0.293084
2NYY.DC.A_DC	2NYY.DC.A_A	KB895A	-0.141156
2NYY.DC.A_DC	2NYY.DC.A_A	LB891A	2.607872
2NYY.DC.A_DC	2NYY.DC.A_A	MA33Q	-0.060301
2NYY.DC.A_DC	2NYY.DC.A_A	NB890A	0.896858
2NYY.DC.A_DC	2NYY.DC.A_A	NB926A	0.100064
2NYY.DC.A_DC	2NYY.DC.A_A	QB887A	0.524568
2NYY.DC.A_DC	2NYY.DC.A_A	SA245Q	0.416362
2NYY.DC.A_DC	2NYY.DC.A_A	SA248N	-0.355930
2NYY.DC.A_DC	2NYY.DC.A_A	SB874A	-0.231982
2NYY.DC.A_DC	2NYY.DC.A_A	SB927A	0.000000
2NYY.DC.A_DC	2NYY.DC.A_A	VA36I	-0.214708
2NYY.DC.A_DC	2NYY.DC.A_A	YA30D	0.065091
2NYY.DC.A_DC	2NYY.DC.A_A	YA30Q	0.129904
2NYY.DC.A_DC	2NYY.DC.A_A	YA56Q	0.523432
2NYY.DC.A_DC	2NYY.DC.A_A	KA29S,YA30D,DA31H,SA60P	0.049968
2NYY.DC.A_DC	2NYY.DC.A_A	VA36I,EA5Q	-0.049400
2NZ9.DC.A_DC	2NZ9.DC.A_A	EB892A	2.790327
2NZ9.DC.A_DC	2NZ9.DC.A_A	FB889A	-0.049968
2NZ9.DC.A_DC	2NZ9.DC.A_A	FB925A	3.364515
2NZ9.DC.A_DC	2NZ9.DC.A_A	IB928A	0.069781
2NZ9.DC.A_DC	2NZ9.DC.A_A	KB875A	0.544598
2NZ9.DC.A_DC	2NZ9.DC.A_A	KB895A	-0.301914
2NZ9.DC.A_DC	2NZ9.DC.A_A	LB891A	2.296398
2NZ9.DC.A_DC	2NZ9.DC.A_A	NB890A	2.175600
2NZ9.DC.A_DC	2NZ9.DC.A_A	NB926A	-0.153264
2NZ9.DC.A_DC	2NZ9.DC.A_A	QB887A	0.099976
2NZ9.DC.A_DC	2NZ9.DC.A_A	SB874A	-0.120342
2NZ9.DC.A_DC	2NZ9.DC.A_A	SB927A	-0.079111
2NZ9.DC.A_DC	2NZ9.DC.A_A	SA29K,DA30Y,HA31D	-0.049968
2O3B.A.B_A	2O3B.A.B_B	DB75E	5.437875
2O3B.A.B_A	2O3B.A.B_B	DB75N	5.903258
2O3B.A.B_A	2O3B.A.B_B	EB24A	5.474915
2O3B.A.B_A	2O3B.A.B_B	EB24D	0.599325
2O3B.A.B_A	2O3B.A.B_B	EB24Q	5.398363
2O3B.A.B_A	2O3B.A.B_B	QB74A	3.232964
2O3B.A.B_A	2O3B.A.B_B	WB76A	4.073704
2O3B.A.B_A	2O3B.A.B_B	QB74A,WB76A	5.755610
2P5E.ABC.DE_ABC	2P5E.ABC.DE_DE	YB32D	7.607647
2P5E.ABC.DE_ABC	2P5E.ABC.DE_DE	TB52P,PB53F,AB243S,IB244V,QB245G,TB246M,LB96T,LB97S,DB98G,TB100S,LB288V	1.962705
2P5E.ABC.DE_ABC	2P5E.ABC.DE_DE	TB52Q,PB53S,WB54S,AB243G,IB244A,QB245G	4.409873
2P5E.ABC.DE_ABC	2P5E.ABC.DE_DE	TB52Q,PB53S,WB54S,AB243G,IB244A,QB245G,TB246I,LB96T,LB97S,DB98G,TB100S,LB288V	7.955882
2P5E.ABC.DE_ABC	2P5E.ABC.DE_DE	YB32D,TB52Q,PB53S,WB54S,AB243G,IB244A,QB245G,TB246I,LB96T,LB97S,DB98G,TB100S,LB288V	7.778085
2PCB.A.B_A	2PCB.A.B_B	AA193F	0.733677
2PCB.A.B_A	2PCB.A.B_B	DA34N	0.821313
2PCB.A.B_A	2PCB.A.B_B	EA290N	0.871009
2PCB.A.B_A	2PCB.A.B_B	EA291Q	-0.056526
2PCB.A.B_A	2PCB.A.B_B	EA32Q	0.605753
2PCB.A.B_A	2PCB.A.B_B	EA35Q	0.676007
2PCC.A.B_A	2PCC.A.B_B	AB86G	1.901855
2PCC.A.B_A	2PCC.A.B_B	DA34A	-0.897048
2PCC.A.B_A	2PCC.A.B_B	EA290A	6.202555
2PCC.A.B_A	2PCC.A.B_B	KB77A	0.303669
2PCC.A.B_A	2PCC.A.B_B	KB92A	0.901871
2PCC.A.B_A	2PCC.A.B_B	VA197A	2.102682
2PCC.A.B_A	2PCC.A.B_B	AB86G,DA34A	-0.097802
2PCC.A.B_A	2PCC.A.B_B	AB86G,VA197A	2.102682
2PCC.A.B_A	2PCC.A.B_B	KB77A,EA290A	1.102177
2PCC.A.B_A	2PCC.A.B_B	KB77A,VA197A	2.800978
2PCC.A.B_A	2PCC.A.B_B	KB92A,DA34A	0.203012
2PCC.A.B_A	2PCC.A.B_B	KB92A,VA197A	1.501502
2PYE.ABC.DE_ABC	2PYE.ABC.DE_DE	QB52P,SB53F,SB54W,GB245S,AB246V,TB248M,LB96T,LB97S,DB98G,TB100S,LB290V	-2.447168
2PYE.ABC.DE_ABC	2PYE.ABC.DE_DE	QB52T,SB53P,SB54W,GB245A,AB246I,GB247Q	-4.409873
2PYE.ABC.DE_ABC	2PYE.ABC.DE_DE	TB248I,LB96T,LB97S,DB98G,TB100S,LB290V	3.546009
2PYE.ABC.DE_ABC	2PYE.ABC.DE_DE	YB32D,QB52T,SB53P,SB54W,GB245A,AB246I,GB247Q	3.197774
2PYE.ABC.DE_ABC	2PYE.ABC.DE_DE	YB32D,TB248I,LB96T,LB97S,DB98G,TB100S,LB290V	3.368212
2QJA.AB.C_AB	2QJA.AB.C_C	GB11H,DB15E,AB30T,IB31M	0.885079
2QJA.AB.C_AB	2QJA.AB.C_C	RB57K,TB59S,IB61K,PB62A,HB63Q,QB64L,SB67T,TB43A,LB47M,GB48K,LB49Y	-0.267779
2QJA.AB.C_AB	2QJA.AB.C_C	TB43A,LB47M,GB48K,LB49Y	0.462206
2QJB.AB.C_AB	2QJB.AB.C_C	HB11G,EB15D,TB30A,MB31I	-0.885079
2QJB.AB.C_AB	2QJB.AB.C_C	RB57K,TB59S,IB61K,PB62A,HB63Q,QB64L,SB67T,TB43A,LB47M,GB48K,LB49Y,HB11G,EB15D,TB30A,MB31I	-1.152858
2QJB.AB.C_AB	2QJB.AB.C_C	TB43A,LB47M,GB48K,LB49Y,HB11G,EB15D,TB30A,MB31I	-0.422872
2SGP.E.I_E	2SGP.E.I_I	PB13L	-8.445845
2SGQ.E.I_E	2SGQ.E.I_I	QB13L	-2.603541
2SIC.E.I_E	2SIC.E.I_I	MB67A	0.217859
2SIC.E.I_E	2SIC.E.I_I	MB67D	0.751532
2SIC.E.I_E	2SIC.E.I_I	MB67E	0.796098
2SIC.E.I_E	2SIC.E.I_I	MB67G	0.145223
2SIC.E.I_E	2SIC.E.I_I	MB67H	0.217859
2SIC.E.I_E	2SIC.E.I_I	MB67I	1.604390
2SIC.E.I_E	2SIC.E.I_I	MB67K	0.000000
2SIC.E.I_E	2SIC.E.I_I	MB67L	-0.240219
2SIC.E.I_E	2SIC.E.I_I	MB67R	0.000000
2SIC.E.I_E	2SIC.E.I_I	MB67V	0.713296
2VIS.AB.C_AB	2VIS.AB.C_C	IB89T	-4.913826
2VLN.A.B_A	2VLN.A.B_B	AB75N	-2.335586
2WPT.A.B_A	2WPT.A.B_B	DA30A	-0.776203
2WPT.A.B_A	2WPT.A.B_B	DA30L	-3.403402
2WPT.A.B_A	2WPT.A.B_B	DA48A	5.216466
2WPT.A.B_A	2WPT.A.B_B	EA27A	1.733953
2WPT.A.B_A	2WPT.A.B_B	EA36H	0.038236
2WPT.A.B_A	2WPT.A.B_B	EA38A	4.503170
2WPT.A.B_A	2WPT.A.B_B	FB79A	1.594689
2WPT.A.B_A	2WPT.A.B_B	KB90A	0.649318
2WPT.A.B_A	2WPT.A.B_B	NA31A	-0.259215
2WPT.A.B_A	2WPT.A.B_B	NA31V	-0.897048
2WPT.A.B_A	2WPT.A.B_B	NB65A	0.701317
2WPT.A.B_A	2WPT.A.B_B	NB68A	1.251599
2WPT.A.B_A	2WPT.A.B_B	PA53A	2.927686
2WPT.A.B_A	2WPT.A.B_B	QB85A	0.383969
2WPT.A.B_A	2WPT.A.B_B	RA35A	-1.110931
2WPT.A.B_A	2WPT.A.B_B	RA35T	-1.038295
2WPT.A.B_A	2WPT.A.B_B	RA39A	-0.240219
2WPT.A.B_A	2WPT.A.B_B	RA39E	-0.372420
2WPT.A.B_A	2WPT.A.B_B	RB47A	0.872171
2WPT.A.B_A	2WPT.A.B_B	SA47A	2.425703
2WPT.A.B_A	2WPT.A.B_B	SB67A	-0.134107
2WPT.A.B_A	2WPT.A.B_B	SB70A	-0.457141
2WPT.A.B_A	2WPT.A.B_B	SB71A	-0.095209
2WPT.A.B_A	2WPT.A.B_B	SB77A	-0.073552
2WPT.A.B_A	2WPT.A.B_B	TB80A	0.376562
2WPT.A.B_A	2WPT.A.B_B	VA34A	3.809300
2WPT.A.B_A	2WPT.A.B_B	VB91A	0.264979
2WPT.A.B_A	2WPT.A.B_B	YA51A	5.216466
2WPT.A.B_A	2WPT.A.B_B	YA52A	5.216466
2WPT.A.B_A	2WPT.A.B_B	DA29E,DA30L,NA31V,RA35T,EA36H,RA39E,LA40M	-6.354466
2WPT.A.B_A	2WPT.A.B_B	DA29E,DA30L,NA31V,RA35T,EA36H,RA39E,LA40M,DA45S,RA54K,DA55E,DA56G,RA57D,EA58D	-5.201869
2WPT.A.B_A	2WPT.A.B_B	DA30A,FB79A	-0.164686
2WPT.A.B_A	2WPT.A.B_B	DA30L,NA31V,RA35T	-6.336046
2WPT.A.B_A	2WPT.A.B_B	EA14Q,FA15L,KA17T,KA18T,RA21N,EA23D,GA24T,AA25S,TA26S	-0.068271
2WPT.A.B_A	2WPT.A.B_B	EA14Q,FA15L,KA17T,KA18T,RA21N,EA23D,GA24T,AA25S,TA26S,DA29E,DA30L,NA31V,RA35T,EA36H,RA39E,LA40M	-8.575867
2WPT.A.B_A	2WPT.A.B_B	EA14Q,FA15L,KA17T,KA18T,RA21N,EA23D,GA24T,AA25S,TA26S,DA29E,DA30L,NA31V,RA35T,EA36H,RA39E,LA40M,DA45S,RA54K,DA55E,DA56G,RA57D,EA58D	-7.979383
2WPT.A.B_A	2WPT.A.B_B	EA14Q,FA15L,KA17T,KA18T,RA21N,EA23D,GA24T,AA25S,TA26S,DA29E,DA30L,NA31V,RA35T,EA36H,RA39E,LA40M,DA45S,RA54K,DA55E,DA56G,RA57D,EA58D,EA62S,KA66N,EA67T,IA68V,EA70Q	-8.058494
2WPT.A.B_A	2WPT.A.B_B	EA23D,GA24T,AA25S,TA26S,DA29E,DA30L,NA31V,RA35T,EA36H,RA39E,LA40M	-6.635494
2WPT.A.B_A	2WPT.A.B_B	FB79A,DA30A	-0.132202
2WPT.A.B_A	2WPT.A.B_B	FB79A,NA31A	1.352202
2WPT.A.B_A	2WPT.A.B_B	FB79A,VA34A	3.112753
2WPT.A.B_A	2WPT.A.B_B	KA17T,KA18T,RA21N,EA23D,GA24T,AA25S,TA26S,DA29E,DA30L,NA31V,RA35T,EA36H,RA39E,LA40M	-8.267023
2WPT.A.B_A	2WPT.A.B_B	NA31V,RA35T	-2.588293
2WPT.A.B_A	2WPT.A.B_B	NA31V,RA35T,EA36H,RA39E	-2.998950
2WPT.A.B_A	2WPT.A.B_B	NA31V,RA35T,RA39E	-3.232964
2WPT.A.B_A	2WPT.A.B_B	SB77A,NA31A	-0.437255
3AAA.AB.C_AB	3AAA.AB.C_C	DB43A	5.125139
3AAA.AB.C_AB	3AAA.AB.C_C	EB77A	1.966055
3AAA.AB.C_AB	3AAA.AB.C_C	EB77R	4.092513
3AAA.AB.C_AB	3AAA.AB.C_C	KA248A	2.488124
3AAA.AB.C_AB	3AAA.AB.C_C	KA248E	3.450042
3AAA.AB.C_AB	3AAA.AB.C_C	RA252A	3.047672
3AAA.AB.C_AB	3AAA.AB.C_C	RA252E	4.001186
3AAA.AB.C_AB	3AAA.AB.C_C	RA258A	2.245785
3AAA.AB.C_AB	3AAA.AB.C_C	RA258E	3.563596
3AAA.AB.C_AB	3AAA.AB.C_C	WB7A	3.388547
3AAA.AB.C_AB	3AAA.AB.C_C	KA248A,RA258A	4.797285
3B4V.AB.C_AB	3B4V.AB.C_C	FB52A	3.850175
3B4V.AB.C_AB	3B4V.AB.C_C	FB52E	3.881201
3B4V.AB.C_AB	3B4V.AB.C_C	LB16E	0.821313
3B4V.AB.C_AB	3B4V.AB.C_C	LB49A	3.580573
3B4V.AB.C_AB	3B4V.AB.C_C	LB49E	4.133388
3B4V.AB.C_AB	3B4V.AB.C_C	LB53A	3.393158
3B4V.AB.C_AB	3B4V.AB.C_C	LB53E	4.092513
3BK3.A.C_A	3BK3.A.C_C	AB37R	1.382728
3BK3.A.C_A	3BK3.A.C_C	IB19A	0.486392
3BK3.A.C_A	3BK3.A.C_C	IB19R	0.423971
3BK3.A.C_A	3BK3.A.C_C	IB22A	1.307704
3BK3.A.C_A	3BK3.A.C_C	IB22R	2.121565
3BK3.A.C_A	3BK3.A.C_C	IB28A	1.261516
3BK3.A.C_A	3BK3.A.C_C	IB28R	1.175503
3BK3.A.C_A	3BK3.A.C_C	IB3A	1.038654
3BK3.A.C_A	3BK3.A.C_C	IB3R	0.650875
3BK3.A.C_A	3BK3.A.C_C	LB2A	0.000000
3BK3.A.C_A	3BK3.A.C_C	LB2R	0.026336
3BK3.A.C_A	3BK3.A.C_C	TB4P	0.486392
3BK3.A.C_A	3BK3.A.C_C	TB6P	1.743020
3BT1.A.U_A	3BT1.A.U_U	AB18S	0.072636
3BT1.A.U_A	3BT1.A.U_U	AB223S	-0.233814
3BT1.A.U_A	3BT1.A.U_U	AB240S	-0.179087
3BT1.A.U_A	3BT1.A.U_U	AB242S	-0.315661
3BT1.A.U_A	3BT1.A.U_U	AB248S	0.127028
3BT1.A.U_A	3BT1.A.U_U	AB253S	0.204838
3BT1.A.U_A	3BT1.A.U_U	DB100A	1.692025
3BT1.A.U_A	3BT1.A.U_U	DB11A	-0.026336
3BT1.A.U_A	3BT1.A.U_U	DB122A	0.788206
3BT1.A.U_A	3BT1.A.U_U	DB138A	1.295998
3BT1.A.U_A	3BT1.A.U_U	DB139A	1.048510
3BT1.A.U_A	3BT1.A.U_U	DB161A	-0.097802
3BT1.A.U_A	3BT1.A.U_U	DB212A	-0.068173
3BT1.A.U_A	3BT1.A.U_U	DB22A	0.231570
3BT1.A.U_A	3BT1.A.U_U	DB252A	0.061132
3BT1.A.U_A	3BT1.A.U_U	DB260A	0.105866
3BT1.A.U_A	3BT1.A.U_U	DB273A	0.049400
3BT1.A.U_A	3BT1.A.U_U	DB74A	0.305210
3BT1.A.U_A	3BT1.A.U_U	EB104A	0.814838
3BT1.A.U_A	3BT1.A.U_U	EB117A	-0.294115
3BT1.A.U_A	3BT1.A.U_U	EB118A	0.000000
3BT1.A.U_A	3BT1.A.U_U	EB130A	0.037430
3BT1.A.U_A	3BT1.A.U_U	EB132A	-0.161913
3BT1.A.U_A	3BT1.A.U_U	EB133A	-0.145223
3BT1.A.U_A	3BT1.A.U_U	EB15A	0.116541
3BT1.A.U_A	3BT1.A.U_U	EB16A	0.083921
3BT1.A.U_A	3BT1.A.U_U	EB176A	0.025215
3BT1.A.U_A	3BT1.A.U_U	EB181A	0.460056
3BT1.A.U_A	3BT1.A.U_U	EB183A	0.391015
3BT1.A.U_A	3BT1.A.U_U	EB206A	-0.113191
3BT1.A.U_A	3BT1.A.U_U	EB207A	-0.253240
3BT1.A.U_A	3BT1.A.U_U	EB228A	0.176843
3BT1.A.U_A	3BT1.A.U_U	EB33A	0.377550
3BT1.A.U_A	3BT1.A.U_U	EB34A	0.342483
3BT1.A.U_A	3BT1.A.U_U	EB36A	0.094995
3BT1.A.U_A	3BT1.A.U_U	EB37A	0.049400
3BT1.A.U_A	3BT1.A.U_U	EB39A	0.157416
3BT1.A.U_A	3BT1.A.U_U	EB42A	-0.196773
3BT1.A.U_A	3BT1.A.U_U	EB49A	-0.026336
3BT1.A.U_A	3BT1.A.U_U	EB68A	0.049400
3BT1.A.U_A	3BT1.A.U_U	EB92A	0.204838
3BT1.A.U_A	3BT1.A.U_U	FB157A	0.700275
3BT1.A.U_A	3BT1.A.U_U	FB163A	1.063674
3BT1.A.U_A	3BT1.A.U_U	FB165A	0.127028
3BT1.A.U_A	3BT1.A.U_U	FB209A	0.195652
3BT1.A.U_A	3BT1.A.U_U	FB254A	0.893949
3BT1.A.U_A	3BT1.A.U_U	GB10A	0.265433
3BT1.A.U_A	3BT1.A.U_U	GB131A	-0.215004
3BT1.A.U_A	3BT1.A.U_U	GB134A	-0.082802
3BT1.A.U_A	3BT1.A.U_U	GB144A	1.250980
3BT1.A.U_A	3BT1.A.U_U	GB146A	1.440215
3BT1.A.U_A	3BT1.A.U_U	GB150A	0.516523
3BT1.A.U_A	3BT1.A.U_U	GB156A	-0.233814
3BT1.A.U_A	3BT1.A.U_U	GB177A	0.327854
3BT1.A.U_A	3BT1.A.U_U	GB189A	-0.097802
3BT1.A.U_A	3BT1.A.U_U	GB197A	0.025215
3BT1.A.U_A	3BT1.A.U_U	GB202A	-0.410656
3BT1.A.U_A	3BT1.A.U_U	GB20A	0.000000
3BT1.A.U_A	3BT1.A.U_U	GB215A	-0.097802
3BT1.A.U_A	3BT1.A.U_U	GB225A	0.712007
3BT1.A.U_A	3BT1.A.U_U	GB238A	-0.082802
3BT1.A.U_A	3BT1.A.U_U	GB251A	0.176843
3BT1.A.U_A	3BT1.A.U_U	GB268A	-0.294115
3BT1.A.U_A	3BT1.A.U_U	GB35A	0.320402
3BT1.A.U_A	3BT1.A.U_U	GB60A	0.297465
3BT1.A.U_A	3BT1.A.U_U	GB72A	0.240219
3BT1.A.U_A	3BT1.A.U_U	GB79A	0.222792
3BT1.A.U_A	3BT1.A.U_U	GB82A	0.094995
3BT1.A.U_A	3BT1.A.U_U	GB97A	-0.663896
3BT1.A.U_A	3BT1.A.U_U	HB108A	0.417061
3BT1.A.U_A	3BT1.A.U_U	HB126A	0.391015
3BT1.A.U_A	3BT1.A.U_U	HB141A	0.649741
3BT1.A.U_A	3BT1.A.U_U	HB158A	0.204838
3BT1.A.U_A	3BT1.A.U_U	HB164A	1.028425
3BT1.A.U_A	3BT1.A.U_U	HB201A	0.012741
3BT1.A.U_A	3BT1.A.U_U	HB227A	0.265433
3BT1.A.U_A	3BT1.A.U_U	HB247A	0.049400
3BT1.A.U_A	3BT1.A.U_U	HB249A	0.281666
3BT1.A.U_A	3BT1.A.U_U	HB258A	0.049400
3BT1.A.U_A	3BT1.A.U_U	HB271A	0.147459
3BT1.A.U_A	3BT1.A.U_U	HB47A	0.391015
3BT1.A.U_A	3BT1.A.U_U	IB128A	-0.315661
3BT1.A.U_A	3BT1.A.U_U	IB179A	0.363771
3BT1.A.U_A	3BT1.A.U_U	IB211A	0.147459
3BT1.A.U_A	3BT1.A.U_U	IB259A	0.137331
3BT1.A.U_A	3BT1.A.U_U	IB28A	0.072636
3BT1.A.U_A	3BT1.A.U_U	IB63A	0.116541
3BT1.A.U_A	3BT1.A.U_U	IB94A	0.186322
3BT1.A.U_A	3BT1.A.U_U	KB137A	0.647156
3BT1.A.U_A	3BT1.A.U_U	KB167A	0.281666
3BT1.A.U_A	3BT1.A.U_U	KB173A	0.692322
3BT1.A.U_A	3BT1.A.U_U	KB196A	0.248743
3BT1.A.U_A	3BT1.A.U_U	KB230A	0.265433
3BT1.A.U_A	3BT1.A.U_U	KB266A	0.094995
3BT1.A.U_A	3BT1.A.U_U	KB43A	0.222792
3BT1.A.U_A	3BT1.A.U_U	KB50A	0.642226
3BT1.A.U_A	3BT1.A.U_U	KB62A	0.417061
3BT1.A.U_A	3BT1.A.U_U	KB7A	0.273605
3BT1.A.U_A	3BT1.A.U_U	LB111A	1.464627
3BT1.A.U_A	3BT1.A.U_U	LB121A	0.460056
3BT1.A.U_A	3BT1.A.U_U	LB142A	0.723511
3BT1.A.U_A	3BT1.A.U_U	LB148A	1.662416
3BT1.A.U_A	3BT1.A.U_U	LB166A	0.745870
3BT1.A.U_A	3BT1.A.U_U	LB180A	0.671961
3BT1.A.U_A	3BT1.A.U_U	LB182A	0.731058
3BT1.A.U_A	3BT1.A.U_U	LB185A	0.204838
3BT1.A.U_A	3BT1.A.U_U	LB19A	0.176843
3BT1.A.U_A	3BT1.A.U_U	LB1A	0.342483
3BT1.A.U_A	3BT1.A.U_U	LB210A	-0.523847
3BT1.A.U_A	3BT1.A.U_U	LB221A	0.265433
3BT1.A.U_A	3BT1.A.U_U	LB23A	0.460056
3BT1.A.U_A	3BT1.A.U_U	LB250A	0.417061
3BT1.A.U_A	3BT1.A.U_U	LB31A	0.312855
3BT1.A.U_A	3BT1.A.U_U	LB38A	0.521884
3BT1.A.U_A	3BT1.A.U_U	LB40A	0.870712
3BT1.A.U_A	3BT1.A.U_U	LB55A	1.110931
3BT1.A.U_A	3BT1.A.U_U	LB61A	-0.128991
3BT1.A.U_A	3BT1.A.U_U	LB66A	1.376913
3BT1.A.U_A	3BT1.A.U_U	LB73A	0.231570
3BT1.A.U_A	3BT1.A.U_U	LB75A	0.516523
3BT1.A.U_A	3BT1.A.U_U	LB91A	-0.161913
3BT1.A.U_A	3BT1.A.U_U	MB101A	0.410656
3BT1.A.U_A	3BT1.A.U_U	MB217A	1.028425
3BT1.A.U_A	3BT1.A.U_U	MB235A	0.049400
3BT1.A.U_A	3BT1.A.U_U	MB244A	0.127028
3BT1.A.U_A	3BT1.A.U_U	MB256A	0.738511
3BT1.A.U_A	3BT1.A.U_U	MB4A	0.037430
3BT1.A.U_A	3BT1.A.U_U	NB155A	0.601662
3BT1.A.U_A	3BT1.A.U_U	NB159A	0.370701
3BT1.A.U_A	3BT1.A.U_U	NB160Q	0.391015
3BT1.A.U_A	3BT1.A.U_U	NB170Q	0.176843
3BT1.A.U_A	3BT1.A.U_U	NB184A	0.327854
3BT1.A.U_A	3BT1.A.U_U	NB188A	-0.233814
3BT1.A.U_A	3BT1.A.U_U	NB198Q	0.012741
3BT1.A.U_A	3BT1.A.U_U	NB218A	-0.179087
3BT1.A.U_A	3BT1.A.U_U	NB231A	0.335214
3BT1.A.U_A	3BT1.A.U_U	NB257A	-0.233814
3BT1.A.U_A	3BT1.A.U_U	NB52Q	0.633449
3BT1.A.U_A	3BT1.A.U_U	NB80A	0.204838
3BT1.A.U_A	3BT1.A.U_U	NB9A	0.305210
3BT1.A.U_A	3BT1.A.U_U	PB116A	-0.253240
3BT1.A.U_A	3BT1.A.U_U	PB136A	0.335214
3BT1.A.U_A	3BT1.A.U_U	PB149A	0.596979
3BT1.A.U_A	3BT1.A.U_U	PB152A	0.460056
3BT1.A.U_A	3BT1.A.U_U	PB178A	-0.273325
3BT1.A.U_A	3BT1.A.U_U	PB186A	-0.013021
3BT1.A.U_A	3BT1.A.U_U	PB216A	-0.113191
3BT1.A.U_A	3BT1.A.U_U	PB229A	0.049400
3BT1.A.U_A	3BT1.A.U_U	PB272A	-0.013021
3BT1.A.U_A	3BT1.A.U_U	QB109A	0.083921
3BT1.A.U_A	3BT1.A.U_U	QB112A	-0.128991
3BT1.A.U_A	3BT1.A.U_U	QB119A	-0.068173
3BT1.A.U_A	3BT1.A.U_U	QB129A	-0.097802
3BT1.A.U_A	3BT1.A.U_U	QB187A	-0.179087
3BT1.A.U_A	3BT1.A.U_U	QB191A	-0.196773
3BT1.A.U_A	3BT1.A.U_U	QB219A	-0.068173
3BT1.A.U_A	3BT1.A.U_U	QB21A	0.312855
3BT1.A.U_A	3BT1.A.U_U	QB232A	0.094995
3BT1.A.U_A	3BT1.A.U_U	QB246A	0.460056
3BT1.A.U_A	3BT1.A.U_U	QB5A	0.061132
3BT1.A.U_A	3BT1.A.U_U	QB78A	0.240219
3BT1.A.U_A	3BT1.A.U_U	RB105A	0.404181
3BT1.A.U_A	3BT1.A.U_U	RB107A	0.265433
3BT1.A.U_A	3BT1.A.U_U	RB114A	0.213883
3BT1.A.U_A	3BT1.A.U_U	RB135A	-0.019448
3BT1.A.U_A	3BT1.A.U_U	RB13A	0.273605
3BT1.A.U_A	3BT1.A.U_U	RB140A	0.584113
3BT1.A.U_A	3BT1.A.U_U	RB143A	0.669694
3BT1.A.U_A	3BT1.A.U_U	RB190A	0.320402
3BT1.A.U_A	3BT1.A.U_U	RB214A	-0.026336
3BT1.A.U_A	3BT1.A.U_U	RB237A	0.195652
3BT1.A.U_A	3BT1.A.U_U	RB25A	1.016965
3BT1.A.U_A	3BT1.A.U_U	RB2A	0.094995
3BT1.A.U_A	3BT1.A.U_U	RB30A	0.460056
3BT1.A.U_A	3BT1.A.U_U	RB53A	0.888225
3BT1.A.U_A	3BT1.A.U_U	RB58A	-0.068173
3BT1.A.U_A	3BT1.A.U_U	RB87A	0.240219
3BT1.A.U_A	3BT1.A.U_U	RB89A	0.281666
3BT1.A.U_A	3BT1.A.U_U	SB102A	0.610919
3BT1.A.U_A	3BT1.A.U_U	SB110A	0.248743
3BT1.A.U_A	3BT1.A.U_U	SB115A	0.012741
3BT1.A.U_A	3BT1.A.U_U	SB154A	-0.039956
3BT1.A.U_A	3BT1.A.U_U	SB194A	-0.273325
3BT1.A.U_A	3BT1.A.U_U	SB199A	-0.128991
3BT1.A.U_A	3BT1.A.U_U	SB204A	-0.215004
3BT1.A.U_A	3BT1.A.U_U	SB205A	-0.215004
3BT1.A.U_A	3BT1.A.U_U	SB233A	-0.179087
3BT1.A.U_A	3BT1.A.U_U	SB243A	-0.068173
3BT1.A.U_A	3BT1.A.U_U	SB255A	0.213883
3BT1.A.U_A	3BT1.A.U_U	SB262A	-0.068173
3BT1.A.U_A	3BT1.A.U_U	SB267A	-0.145223
3BT1.A.U_A	3BT1.A.U_U	SB44A	0.222792
3BT1.A.U_A	3BT1.A.U_U	SB48A	0.404181
3BT1.A.U_A	3BT1.A.U_U	SB56A	0.049400
3BT1.A.U_A	3BT1.A.U_U	SB65A	0.312855
3BT1.A.U_A	3BT1.A.U_U	SB81A	0.257147
3BT1.A.U_A	3BT1.A.U_U	SB86A	0.240219
3BT1.A.U_A	3BT1.A.U_U	SB88A	0.195652
3BT1.A.U_A	3BT1.A.U_U	SB95A	0.870712
3BT1.A.U_A	3BT1.A.U_U	SB98A	1.156527
3BT1.A.U_A	3BT1.A.U_U	SB99A	0.297465
3BT1.A.U_A	3BT1.A.U_U	TB125A	1.002914
3BT1.A.U_A	3BT1.A.U_U	TB162A	-0.082802
3BT1.A.U_A	3BT1.A.U_U	TB171A	0.273605
3BT1.A.U_A	3BT1.A.U_U	TB172A	0.410656
3BT1.A.U_A	3BT1.A.U_U	TB200A	-0.233814
3BT1.A.U_A	3BT1.A.U_U	TB208A	0.231570
3BT1.A.U_A	3BT1.A.U_U	TB224A	-0.215004
3BT1.A.U_A	3BT1.A.U_U	TB226A	-0.026336
3BT1.A.U_A	3BT1.A.U_U	TB241A	0.349665
3BT1.A.U_A	3BT1.A.U_U	TB265A	0.061132
3BT1.A.U_A	3BT1.A.U_U	TB26A	0.186322
3BT1.A.U_A	3BT1.A.U_U	TB27A	0.910797
3BT1.A.U_A	3BT1.A.U_U	TB46A	0.460056
3BT1.A.U_A	3BT1.A.U_U	TB51A	0.712007
3BT1.A.U_A	3BT1.A.U_U	TB54A	0.391015
3BT1.A.U_A	3BT1.A.U_U	TB59A	0.553073
3BT1.A.U_A	3BT1.A.U_U	TB64A	0.659400
3BT1.A.U_A	3BT1.A.U_U	TB67A	0.186322
3BT1.A.U_A	3BT1.A.U_U	TB84A	-0.082802
3BT1.A.U_A	3BT1.A.U_U	TB8A	0.176843
3BT1.A.U_A	3BT1.A.U_U	VB123A	0.788206
3BT1.A.U_A	3BT1.A.U_U	VB124A	0.745870
3BT1.A.U_A	3BT1.A.U_U	VB14A	0.281666
3BT1.A.U_A	3BT1.A.U_U	VB222A	-0.493459
3BT1.A.U_A	3BT1.A.U_U	VB236A	0.157416
3BT1.A.U_A	3BT1.A.U_U	VB261A	0.240219
3BT1.A.U_A	3BT1.A.U_U	VB29A	0.715866
3BT1.A.U_A	3BT1.A.U_U	VB41A	0.488962
3BT1.A.U_A	3BT1.A.U_U	VB69A	0.222792
3BT1.A.U_A	3BT1.A.U_U	VB70A	0.147459
3BT1.A.U_A	3BT1.A.U_U	VB83A	0.281666
3BT1.A.U_A	3BT1.A.U_U	WB127A	-0.436992
3BT1.A.U_A	3BT1.A.U_U	WB32A	-0.013021
3BT1.A.U_A	3BT1.A.U_U	YB147A	-0.113191
3BT1.A.U_A	3BT1.A.U_U	YB193A	-0.068173
3BT1.A.U_A	3BT1.A.U_U	YB234A	0.186322
3BT1.A.U_A	3BT1.A.U_U	YB57A	1.200563
3BT1.A.U_A	3BT1.A.U_U	YB85A	0.248743
3BT1.A.U_A	3BT1.A.U_U	YB90A	0.176843
3BTE.E.I_E	3BTE.E.I_I	EB13K	-9.424007
3BTG.E.I_E	3BTG.E.I_I	GB13K	-12.352226
3BTH.E.I_E	3BTH.E.I_I	HB13K	-8.781781
3BTQ.E.I_E	3BTQ.E.I_I	QB13K	-9.370644
3BTT.E.I_E	3BTT.E.I_I	TB13K	-10.597484
3BX1.A.C_A	3BX1.A.C_C	AB86T	1.837249
3BX1.A.C_A	3BX1.A.C_C	FB84V	0.410656
3BX1.A.C_A	3BX1.A.C_C	RB85G	0.355505
3BX1.A.C_A	3BX1.A.C_C	TB88V	2.838549
3BX1.A.C_A	3BX1.A.C_C	TB89A	0.170438
3BX1.A.C_A	3BX1.A.C_C	YB87A	1.298817
3BX1.A.C_A	3BX1.A.C_C	YB87I	1.782025
3C60.CD.AB_CD	3C60.CD.AB_AB	DA195A	0.047421
3C60.CD.AB_CD	3C60.CD.AB_AB	DA268A	0.047421
3C60.CD.AB_CD	3C60.CD.AB_AB	DA56A	0.698296
3C60.CD.AB_CD	3C60.CD.AB_AB	EA184A	0.047421
3C60.CD.AB_CD	3C60.CD.AB_AB	EA251A	0.047421
3C60.CD.AB_CD	3C60.CD.AB_AB	EA258A	0.000000
3C60.CD.AB_CD	3C60.CD.AB_AB	EA261A	0.047421
3C60.CD.AB_CD	3C60.CD.AB_AB	EA276A	0.000000
3C60.CD.AB_CD	3C60.CD.AB_AB	FA183A	0.000000
3C60.CD.AB_CD	3C60.CD.AB_AB	HA273A	1.085717
3C60.CD.AB_CD	3C60.CD.AB_AB	HA69A	0.359106
3C60.CD.AB_CD	3C60.CD.AB_AB	IA259A	0.047421
3C60.CD.AB_CD	3C60.CD.AB_AB	KA187A	1.152858
3C60.CD.AB_CD	3C60.CD.AB_AB	KA189A	2.151185
3C60.CD.AB_CD	3C60.CD.AB_AB	KA192A	0.000000
3C60.CD.AB_CD	3C60.CD.AB_AB	KA40A	1.594432
3C60.CD.AB_CD	3C60.CD.AB_AB	KA68A	0.562285
3C60.CD.AB_CD	3C60.CD.AB_AB	KA76A	0.047421
3C60.CD.AB_CD	3C60.CD.AB_AB	LA61A	0.943557
3C60.CD.AB_CD	3C60.CD.AB_AB	NA191A	0.000000
3C60.CD.AB_CD	3C60.CD.AB_AB	NA63A	0.953515
3C60.CD.AB_CD	3C60.CD.AB_AB	PA257A	0.000000
3C60.CD.AB_CD	3C60.CD.AB_AB	QA186A	1.166799
3C60.CD.AB_CD	3C60.CD.AB_AB	QA256A	0.000000
3C60.CD.AB_CD	3C60.CD.AB_AB	QA58A	0.963308
3C60.CD.AB_CD	3C60.CD.AB_AB	QA62A	0.868734
3C60.CD.AB_CD	3C60.CD.AB_AB	RA262A	2.026455
3C60.CD.AB_CD	3C60.CD.AB_AB	RA264A	0.000000
3C60.CD.AB_CD	3C60.CD.AB_AB	RA272A	0.047421
3C60.CD.AB_CD	3C60.CD.AB_AB	SA255A	0.000000
3C60.CD.AB_CD	3C60.CD.AB_AB	TA269A	1.166799
3C60.CD.AB_CD	3C60.CD.AB_AB	VA194A	0.000000
3C60.CD.AB_CD	3C60.CD.AB_AB	VA66A	1.250200
3C60.CD.AB_CD	3C60.CD.AB_AB	VA73A	0.000000
3C60.CD.AB_CD	3C60.CD.AB_AB	YA252A	0.000000
3D5R.A.C_A	3D5R.A.C_C	AB38N	-1.451656
3EG5.A.B_A	3EG5.A.B_B	HA104F	-2.085420
3EG5.A.B_A	3EG5.A.B_B	TB73N,SB74N,HB75N	1.053579
3EG5.A.B_A	3EG5.A.B_B	TB73N,SB74N,HB75N,HA104F	-1.327418
3EQS.A.B_A	3EQS.A.B_B	EB5A	1.114622
3EQS.A.B_A	3EQS.A.B_B	FB3A	5.558497
3EQS.A.B_A	3EQS.A.B_B	LB10A	3.334362
3EQS.A.B_A	3EQS.A.B_B	LB9A	-0.170438
3EQS.A.B_A	3EQS.A.B_B	NB8A	-1.111737
3EQS.A.B_A	3EQS.A.B_B	SB11A	0.117202
3EQS.A.B_A	3EQS.A.B_B	SB2A	1.263514
3EQS.A.B_A	3EQS.A.B_B	TB1A	0.391847
3EQS.A.B_A	3EQS.A.B_B	WB7A	6.410199
3EQS.A.B_A	3EQS.A.B_B	YB6A	3.110555
3F1S.A.B_A	3F1S.A.B_B	DA200A	0.554476
3F1S.A.B_A	3F1S.A.B_B	DA255A	3.760968
3F1S.A.B_A	3F1S.A.B_B	DA36A	2.185484
3F1S.A.B_A	3F1S.A.B_B	KA201A	-2.079828
3F1S.A.B_A	3F1S.A.B_B	KA201C	-1.694946
3F1S.A.B_A	3F1S.A.B_B	MA33A	1.238981
3F1S.A.B_A	3F1S.A.B_B	YA202A	2.996122
3HH2.AB.C_AB	3HH2.AB.C_C	FB47A	1.325308
3HH2.AB.C_AB	3HH2.AB.C_C	FB47E	0.713296
3HH2.AB.C_AB	3HH2.AB.C_C	FB52A	1.272844
3HH2.AB.C_AB	3HH2.AB.C_C	FB52E	0.816592
3HH2.AB.C_AB	3HH2.AB.C_C	IB51A	0.713296
3HH2.AB.C_AB	3HH2.AB.C_C	IB51E	0.862188
3HH2.AB.C_AB	3HH2.AB.C_C	VB15E	0.684390
3KBH.A.E_A	3KBH.A.E_E	DA20A	0.873407
3KBH.A.E_A	3KBH.A.E_E	SB54A	1.857334
3KBH.A.E_A	3KBH.A.E_E	SB54T	2.490672
3KBH.A.E_A	3KBH.A.E_E	YA23A	1.812791
3KBH.A.E_A	3KBH.A.E_E	YA23F	1.615894
3KBH.A.E_A	3KBH.A.E_E	YB17A	0.100018
3L5X.A.HL_A	3L5X.A.HL_HL	YB318A	-0.829223
3L5X.A.HL_A	3L5X.A.HL_HL	EB317F,YB318G	-0.428200
3L5X.A.HL_A	3L5X.A.HL_HL	EB317H,YB318G	-0.762992
3L5X.A.HL_A	3L5X.A.HL_HL	HB315P,NB316I,EB317D,YB318A	-0.646959
3L5X.A.HL_A	3L5X.A.HL_HL	HB315P,NB316L,EB317D,YB318S	-0.633073
3L5X.A.HL_A	3L5X.A.HL_HL	HB315P,NB316L,EB317D,YB318T	-0.810413
3L5X.A.HL_A	3L5X.A.HL_HL	HB315P,NB316L,EB317D,YB318V	-0.858607
3L5X.A.HL_A	3L5X.A.HL_HL	HB315P,NB316L,YB318A	-0.444612
3L5X.A.HL_A	3L5X.A.HL_HL	HB315Q,NB316D,EB317I,YB318G	-1.551074
3L5X.A.HL_A	3L5X.A.HL_HL	HB315Q,NB316D,EB317L,YB318G	-1.785931
3L5X.A.HL_A	3L5X.A.HL_HL	HB315Q,NB316D,EB317Y,YB318G	-1.452103
3L5X.A.HL_A	3L5X.A.HL_HL	NB316D,EB317L,YB318G	-0.429821
3L5X.A.HL_A	3L5X.A.HL_HL	NB316D,EB317N,YB318S	-0.534278
3L5X.A.HL_A	3L5X.A.HL_HL	NB316D,EB317P,YB318G	-1.470618
3L5X.A.HL_A	3L5X.A.HL_HL	NB316D,EB317R,YB318D	-0.522773
3L5X.A.HL_A	3L5X.A.HL_HL	NB316D,EB317W,YB318E	-1.196885
3L5X.A.HL_A	3L5X.A.HL_HL	NB316D,EB317W,YB318G	-1.683276
3L5X.A.HL_A	3L5X.A.HL_HL	NB316D,EB317W,YB318S	-0.716447
3L5X.A.HL_A	3L5X.A.HL_HL	NB316D,EB317Y,YB318A	-0.807336
3L5X.A.HL_A	3L5X.A.HL_HL	NB316E,EB317S,YB318G	-1.265925
3L5X.A.HL_A	3L5X.A.HL_HL	NB316E,EB317W,YB318G	-1.551074
3L5X.A.HL_A	3L5X.A.HL_HL	NB316F,EB317W,YB318G	-1.233543
3L5X.A.HL_A	3L5X.A.HL_HL	NB316L,EB317D,YB318S	-0.617324
3L5X.A.HL_A	3L5X.A.HL_HL	NB316L,EB317L,YB318G	-0.626250
3L5X.A.HL_A	3L5X.A.HL_HL	NB316L,EB317M,YB318G	-0.826046
3L5X.A.HL_A	3L5X.A.HL_HL	NB316L,EB317N,YB318G	-0.695748
3L5X.A.HL_A	3L5X.A.HL_HL	NB316S,EB317H,YB318G	-1.246284
3L5X.A.HL_A	3L5X.A.HL_HL	NB316S,EB317I,YB318G	-0.807336
3L5X.A.HL_A	3L5X.A.HL_HL	NB316S,EB317S,YB318G	-0.249324
3L5X.A.HL_A	3L5X.A.HL_HL	NB316S,EB317V,YB318G	-0.517104
3L5X.A.HL_A	3L5X.A.HL_HL	NB316S,EB317W,YB318A	-0.303164
3L5X.A.HL_A	3L5X.A.HL_HL	NB316S,EB317W,YB318G	-1.272620
3L5X.A.HL_A	3L5X.A.HL_HL	NB316S,EB317Y,YB318G	-0.964619
3L5X.A.HL_A	3L5X.A.HL_HL	NB316V,EB317G,YB318G	-0.463207
3L5X.A.HL_A	3L5X.A.HL_HL	NB316V,EB317W,YB318G	-0.835628
3LNZ.A.B_A	3LNZ.A.B_B	AB8N	1.111737
3LZF.AB.HL_AB	3LZF.AB.HL_HL	DA187E	0.498588
3LZF.AB.HL_AB	3LZF.AB.HL_HL	DA222G	0.538100
3LZF.AB.HL_AB	3LZF.AB.HL_HL	DA187E,DA222G	0.127443
3M62.A.B_A	3M62.A.B_B	DA46A	2.800001
3M62.A.B_A	3M62.A.B_B	EA32A	0.829717
3M62.A.B_A	3M62.A.B_B	EA55A	1.051574
3M62.A.B_A	3M62.A.B_B	FB7A	0.995967
3M62.A.B_A	3M62.A.B_B	GA102A	1.264892
3M62.A.B_A	3M62.A.B_B	IA110A	1.853938
3M62.A.B_A	3M62.A.B_B	IB43A	2.883780
3M62.A.B_A	3M62.A.B_B	KB8A	0.497127
3M62.A.B_A	3M62.A.B_B	LA50A	2.829264
3M62.A.B_A	3M62.A.B_B	MB69A	0.681123
3M62.A.B_A	3M62.A.B_B	QB50A	1.054436
3M62.A.B_A	3M62.A.B_B	QB65A	0.283721
3M62.A.B_A	3M62.A.B_B	RA98A	0.788693
3M62.A.B_A	3M62.A.B_B	SB45A	1.278739
3M62.A.B_A	3M62.A.B_B	TA54A	0.016690
3M62.A.B_A	3M62.A.B_B	VB48A	1.090437
3M62.A.B_A	3M62.A.B_B	VB67A	1.138169
3M62.A.B_A	3M62.A.B_B	YA103A	4.477219
3MZG.A.B_A	3MZG.A.B_B	HA125A	-0.114451
3MZG.A.B_A	3MZG.A.B_B	HA14A	-0.019183
3MZG.A.B_A	3MZG.A.B_B	HA160A	0.923650
3MZG.A.B_A	3MZG.A.B_B	HA167A	1.488029
3MZG.A.B_A	3MZG.A.B_B	HA17A	0.062033
3MZG.A.B_A	3MZG.A.B_B	HA182A	0.369815
3MZG.A.B_A	3MZG.A.B_B	HA33A	0.139849
3MZG.A.B_A	3MZG.A.B_B	HA46A	0.408744
3MZG.A.B_A	3MZG.A.B_B	HA84A	0.079361
3MZG.A.B_A	3MZG.A.B_B	HB188A	1.777212
3MZG.A.B_A	3MZG.A.B_B	HA167A,HB188A	2.654328
3N06.A.B_A	3N06.A.B_B	AA14H	0.019183
3N4I.A.B_A	3N4I.A.B_B	EA79D	4.384282
3NCB.A.B_A	3NCB.A.B_B	AA167H	-1.488029
3NGB.HL.G_HL	3NGB.HL.G_G	AA57G	-0.056055
3NGB.HL.G_HL	3NGB.HL.G_G	DA103A	0.058910
3NGB.HL.G_HL	3NGB.HL.G_G	EA312A	1.298750
3NGB.HL.G_HL	3NGB.HL.G_G	FA313A	0.845067
3NGB.HL.G_HL	3NGB.HL.G_G	GA55A	-1.256154
3NGB.HL.G_HL	3NGB.HL.G_G	GA55S	0.743376
3NGB.HL.G_HL	3NGB.HL.G_G	GA56A	1.245283
3NGB.HL.G_HL	3NGB.HL.G_G	IA30A	-0.002699
3NGB.HL.G_HL	3NGB.HL.G_G	IA30T	0.073427
3NGB.HL.G_HL	3NGB.HL.G_G	KA52A	0.612878
3NGB.HL.G_HL	3NGB.HL.G_G	KA52N	0.175048
3NGB.HL.G_HL	3NGB.HL.G_G	MA70A	0.522030
3NGB.HL.G_HL	3NGB.HL.G_G	NA105A	1.100608
3NGB.HL.G_HL	3NGB.HL.G_G	NA59A	1.738742
3NGB.HL.G_HL	3NGB.HL.G_G	PA63A	-0.041838
3NGB.HL.G_HL	3NGB.HL.G_G	PA63K	0.232627
3NGB.HL.G_HL	3NGB.HL.G_G	QA249A	-0.226905
3NGB.HL.G_HL	3NGB.HL.G_G	QA65A	-0.334921
3NGB.HL.G_HL	3NGB.HL.G_G	RA54A	-0.255218
3NGB.HL.G_HL	3NGB.HL.G_G	RA54N	0.046471
3NGB.HL.G_HL	3NGB.HL.G_G	RA62A	0.979850
3NGB.HL.G_HL	3NGB.HL.G_G	RA62Q	0.096593
3NGB.HL.G_HL	3NGB.HL.G_G	RA72A	1.616825
3NGB.HL.G_HL	3NGB.HL.G_G	SA252A	-0.142388
3NGB.HL.G_HL	3NGB.HL.G_G	TA33A	0.695805
3NGB.HL.G_HL	3NGB.HL.G_G	TA33Y	0.084232
3NGB.HL.G_HL	3NGB.HL.G_G	VA225A	-0.760942
3NGB.HL.G_HL	3NGB.HL.G_G	VA58A	1.336610
3NGB.HL.G_HL	3NGB.HL.G_G	VA58T	0.137934
3NGB.HL.G_HL	3NGB.HL.G_G	VA74A	1.070441
3NGB.HL.G_HL	3NGB.HL.G_G	VA74T	0.165013
3NGB.HL.G_HL	3NGB.HL.G_G	WA106A	4.390828
3NGB.HL.G_HL	3NGB.HL.G_G	WA47A	1.182862
3NGB.HL.G_HL	3NGB.HL.G_G	WA50A	1.271046
3NGB.HL.G_HL	3NGB.HL.G_G	YA104A	1.400722
3NGB.HL.G_HL	3NGB.HL.G_G	YA250A	0.969456
3NGB.HL.G_HL	3NGB.HL.G_G	YA250S	0.651560
3NGB.HL.G_HL	3NGB.HL.G_G	YA311A	1.990300
3NGB.HL.G_HL	3NGB.HL.G_G	YA60A	0.539618
3NGB.HL.G_HL	3NGB.HL.G_G	YA75A	-0.196121
3NGB.HL.G_HL	3NGB.HL.G_G	YA75S	0.332720
3NGB.HL.G_HL	3NGB.HL.G_G	AA57G,VA58T,PA63K,VA74T	1.674171
3NGB.HL.G_HL	3NGB.HL.G_G	CA32S,CA102A	0.259114
3NGB.HL.G_HL	3NGB.HL.G_G	IA30T,KA52N,RA54N,GA55S,AA57G,VA58T,RA62Q,PA63K,VA74T,YA75S,YA250S	0.862531
3NGB.HL.G_HL	3NGB.HL.G_G	TA33Y,GA56S,AA57G,VA58T,PA63K,VA74T,YA75S	1.939062
3NPS.A.BC_A	3NPS.A.BC_BC	DA214A	1.467400
3NPS.A.BC_A	3NPS.A.BC_BC	DA46A	0.340139
3NPS.A.BC_A	3NPS.A.BC_BC	DA47A	1.067948
3NPS.A.BC_A	3NPS.A.BC_BC	DA91A	1.507709
3NPS.A.BC_A	3NPS.A.BC_BC	EA163A	0.615624
3NPS.A.BC_A	3NPS.A.BC_BC	FA50A	0.219669
3NPS.A.BC_A	3NPS.A.BC_BC	FA89A	1.572108
3NPS.A.BC_A	3NPS.A.BC_BC	FA92A	0.463747
3NPS.A.BC_A	3NPS.A.BC_BC	HA138A	1.875931
3NPS.A.BC_A	3NPS.A.BC_BC	IA26A	0.641830
3NPS.A.BC_A	3NPS.A.BC_BC	IA45A	-0.331966
3NPS.A.BC_A	3NPS.A.BC_BC	KA221A	-0.103657
3NPS.A.BC_A	3NPS.A.BC_BC	LA147A	0.295869
3NPS.A.BC_A	3NPS.A.BC_BC	NA90A	0.253533
3NPS.A.BC_A	3NPS.A.BC_BC	QA140A	0.295869
3NPS.A.BC_A	3NPS.A.BC_BC	QA168A	-0.059250
3NPS.A.BC_A	3NPS.A.BC_BC	QA169A	0.741239
3NPS.A.BC_A	3NPS.A.BC_BC	QA218A	-0.040935
3NPS.A.BC_A	3NPS.A.BC_BC	QA23A	0.026336
3NPS.A.BC_A	3NPS.A.BC_BC	RA219A	-0.083939
3NPS.A.BC_A	3NPS.A.BC_BC	RA48A	-1.063217
3NPS.A.BC_A	3NPS.A.BC_BC	RA51A	0.138230
3NPS.A.BC_A	3NPS.A.BC_BC	RA82A	-0.151663
3NPS.A.BC_A	3NPS.A.BC_BC	TA144A	0.175048
3NPS.A.BC_A	3NPS.A.BC_BC	TA93A	0.724136
3NPS.A.BC_A	3NPS.A.BC_BC	YA141A	1.775668
3NPS.A.BC_A	3NPS.A.BC_BC	YA52A	0.452092
3NVN.B.A_B	3NVN.B.A_A	RA186S	1.268627
3NVN.B.A_B	3NVN.B.A_A	RB193E	2.486546
3Q8D.A.E_A	3Q8D.A.E_E	FA227A	0.302640
3Q8D.A.E_A	3Q8D.A.E_E	FA227D	3.030982
3Q8D.A.E_A	3Q8D.A.E_E	RA12A	0.359106
3Q8D.A.E_A	3Q8D.A.E_E	RA131A	3.030982
3Q8D.A.E_A	3Q8D.A.E_E	RA202A	0.458078
3Q8D.A.E_A	3Q8D.A.E_E	RA202E	1.383598
3Q8D.A.E_A	3Q8D.A.E_E	RA209A	1.323296
3Q8D.A.E_A	3Q8D.A.E_E	RA209E	3.030982
3Q8D.A.E_A	3Q8D.A.E_E	RA228A	0.359106
3Q8D.A.E_A	3Q8D.A.E_E	RA228E	1.206755
3Q8D.A.E_A	3Q8D.A.E_E	RA97A	0.458078
3QDJ.ABC.DE_ABC	3QDJ.ABC.DE_DE	AA377L	2.299999
3QDJ.ABC.DE_ABC	3QDJ.ABC.DE_DE	AB251P	0.207165
3QDJ.ABC.DE_ABC	3QDJ.ABC.DE_DE	DB26W	-2.171864
3QDJ.ABC.DE_ABC	3QDJ.ABC.DE_DE	DB26Y	-1.337237
3QDJ.ABC.DE_ABC	3QDJ.ABC.DE_DE	FB296W	0.389620
3QDJ.ABC.DE_ABC	3QDJ.ABC.DE_DE	FB296Y	0.778466
3QDJ.ABC.DE_ABC	3QDJ.ABC.DE_DE	GB28I	-0.105268
3QDJ.ABC.DE_ABC	3QDJ.ABC.DE_DE	GB28L	0.655450
3QDJ.ABC.DE_ABC	3QDJ.ABC.DE_DE	GB28N	0.410656
3QDJ.ABC.DE_ABC	3QDJ.ABC.DE_DE	GB28P	1.225040
3QDJ.ABC.DE_ABC	3QDJ.ABC.DE_DE	GB28Y	0.556478
3QDJ.ABC.DE_ABC	3QDJ.ABC.DE_DE	LB294W	-0.807693
3QDJ.ABC.DE_ABC	3QDJ.ABC.DE_DE	RB27P	0.039956
3QDJ.ABC.DE_ABC	3QDJ.ABC.DE_DE	RB27W	0.216798
3QDJ.ABC.DE_ABC	3QDJ.ABC.DE_DE	TB298F	-0.275705
3QDJ.ABC.DE_ABC	3QDJ.ABC.DE_DE	DB26W,LB294W	-2.530970
3QDJ.ABC.DE_ABC	3QDJ.ABC.DE_DE	DB26Y,LB294W	-1.913959
3QHY.A.B_A	3QHY.A.B_B	DB127A	0.380268
3QHY.A.B_A	3QHY.A.B_B	DB12A	2.255265
3QHY.A.B_A	3QHY.A.B_B	DB130A	0.961362
3QHY.A.B_A	3QHY.A.B_B	DB166A	3.498105
3QHY.A.B_A	3QHY.A.B_B	DB91A	1.889391
3QHY.A.B_A	3QHY.A.B_B	EB228A	3.012936
3QHY.A.B_A	3QHY.A.B_B	FB169A	2.062468
3QHY.A.B_A	3QHY.A.B_B	FB190A	3.075479
3QHY.A.B_A	3QHY.A.B_B	FB34A	3.984497
3QHY.A.B_A	3QHY.A.B_B	IB189A	3.067735
3QHY.A.B_A	3QHY.A.B_B	LB51A	0.816355
3QHY.A.B_A	3QHY.A.B_B	NB10A	2.255265
3QHY.A.B_A	3QHY.A.B_B	NB264A	2.695871
3QHY.A.B_A	3QHY.A.B_B	NB72A	1.605705
3QHY.A.B_A	3QHY.A.B_B	RB246A	0.534906
3QHY.A.B_A	3QHY.A.B_B	SB129A	-0.084780
3QHY.A.B_A	3QHY.A.B_B	TB17A	0.056467
3QHY.A.B_A	3QHY.A.B_B	WB112A	3.789874
3QHY.A.B_A	3QHY.A.B_B	WB13A	2.863695
3QHY.A.B_A	3QHY.A.B_B	WB229A	5.432499
3QHY.A.B_A	3QHY.A.B_B	YB151A	3.423593
3QHY.A.B_A	3QHY.A.B_B	YB168A	1.743398
3QHY.A.B_A	3QHY.A.B_B	YB208A	0.240219
3QHY.A.B_A	3QHY.A.B_B	YB33A	2.903207
3QHY.A.B_A	3QHY.A.B_B	YB73A	0.801228
3R9A.AC.B_AC	3R9A.AC.B_B	AA323W	0.338756
3R9A.AC.B_AC	3R9A.AC.B_B	GA165R	0.048722
3R9A.AC.B_AC	3R9A.AC.B_B	VA331D	0.000000
3R9A.AC.B_AC	3R9A.AC.B_B	YA325A	1.014580
3R9A.AC.B_AC	3R9A.AC.B_B	YA325W	0.482315
3RF3.A.C_A	3RF3.A.C_C	AB8K	1.729232
3S9D.A.B_A	3S9D.A.B_B	AA116G	2.105411
3S9D.A.B_A	3S9D.A.B_B	AA116M	1.072763
3S9D.A.B_A	3S9D.A.B_B	AA12W	-0.181065
3S9D.A.B_A	3S9D.A.B_B	AB67M	-0.167811
3S9D.A.B_A	3S9D.A.B_B	DA25A	0.645420
3S9D.A.B_A	3S9D.A.B_B	DA28A	0.301372
3S9D.A.B_A	3S9D.A.B_B	DB121R	-0.080517
3S9D.A.B_A	3S9D.A.B_B	DB40A	0.000000
3S9D.A.B_A	3S9D.A.B_B	DB91A	1.337922
3S9D.A.B_A	3S9D.A.B_B	EA103A	-0.169570
3S9D.A.B_A	3S9D.A.B_B	EA34A	0.000000
3S9D.A.B_A	3S9D.A.B_B	EA82A	0.170438
3S9D.A.B_A	3S9D.A.B_B	EB17R	0.000000
3S9D.A.B_A	3S9D.A.B_B	EB39A	0.205624
3S9D.A.B_A	3S9D.A.B_B	EB39R	0.650875
3S9D.A.B_A	3S9D.A.B_B	EB66A	2.415669
3S9D.A.B_A	3S9D.A.B_B	FA20A	0.710592
3S9D.A.B_A	3S9D.A.B_B	FA50A	0.170438
3S9D.A.B_A	3S9D.A.B_B	HA27A	0.541068
3S9D.A.B_A	3S9D.A.B_B	HB166A	0.000000
3S9D.A.B_A	3S9D.A.B_B	HB65A	0.823759
3S9D.A.B_A	3S9D.A.B_B	HB84A	0.043764
3S9D.A.B_A	3S9D.A.B_B	IA17A	-0.107354
3S9D.A.B_A	3S9D.A.B_B	IB34A	1.852547
3S9D.A.B_A	3S9D.A.B_B	IB90A	1.617135
3S9D.A.B_A	3S9D.A.B_B	KA102A	0.236179
3S9D.A.B_A	3S9D.A.B_B	KA104A	0.755473
3S9D.A.B_A	3S9D.A.B_B	KA105A	0.130537
3S9D.A.B_A	3S9D.A.B_B	KA24A	0.619210
3S9D.A.B_A	3S9D.A.B_B	KA56A	0.000000
3S9D.A.B_A	3S9D.A.B_B	KA69A	0.000000
3S9D.A.B_A	3S9D.A.B_B	KA92A	0.015017
3S9D.A.B_A	3S9D.A.B_B	KB37A	0.504200
3S9D.A.B_A	3S9D.A.B_B	KB42A	0.484726
3S9D.A.B_A	3S9D.A.B_B	LA124A	1.447551
3S9D.A.B_A	3S9D.A.B_B	LA19A	1.105309
3S9D.A.B_A	3S9D.A.B_B	LA23A	3.809890
3S9D.A.B_A	3S9D.A.B_B	LA23V	2.437092
3S9D.A.B_A	3S9D.A.B_B	LA66A	0.302640
3S9D.A.B_A	3S9D.A.B_B	LA8A	1.536403
3S9D.A.B_A	3S9D.A.B_B	LA99A	-0.062421
3S9D.A.B_A	3S9D.A.B_B	MA119A	2.254743
3S9D.A.B_A	3S9D.A.B_B	MA9A	0.062125
3S9D.A.B_A	3S9D.A.B_B	MB35A	2.999771
3S9D.A.B_A	3S9D.A.B_B	MB35V	2.375030
3S9D.A.B_A	3S9D.A.B_B	NA127A	-0.042390
3S9D.A.B_A	3S9D.A.B_B	NA51A	0.000000
3S9D.A.B_A	3S9D.A.B_B	NA79A	0.170438
3S9D.A.B_A	3S9D.A.B_B	NB85A	-0.171757
3S9D.A.B_A	3S9D.A.B_B	QA33A	0.019426
3S9D.A.B_A	3S9D.A.B_B	QA48A	0.000000
3S9D.A.B_A	3S9D.A.B_B	QA76A	0.170438
3S9D.A.B_A	3S9D.A.B_B	RA115A	2.147494
3S9D.A.B_A	3S9D.A.B_B	RA120A	3.022242
3S9D.A.B_A	3S9D.A.B_B	RA15A	0.195286
3S9D.A.B_A	3S9D.A.B_B	RA16A	0.227745
3S9D.A.B_A	3S9D.A.B_B	RA26A	5.125925
3S9D.A.B_A	3S9D.A.B_B	RA26K	4.588389
3S9D.A.B_A	3S9D.A.B_B	RA26Q	6.082001
3S9D.A.B_A	3S9D.A.B_B	RA5A	0.621870
3S9D.A.B_A	3S9D.A.B_B	RA91K	0.030784
3S9D.A.B_A	3S9D.A.B_B	RA96A	0.210536
3S9D.A.B_A	3S9D.A.B_B	RB62A	0.170438
3S9D.A.B_A	3S9D.A.B_B	SA123A	1.122685
3S9D.A.B_A	3S9D.A.B_B	SA18A	-0.098698
3S9D.A.B_A	3S9D.A.B_B	SA21A	0.000000
3S9D.A.B_A	3S9D.A.B_B	SA54A	0.000000
3S9D.A.B_A	3S9D.A.B_B	SA59A	0.170438
3S9D.A.B_A	3S9D.A.B_B	SB36A	0.504991
3S9D.A.B_A	3S9D.A.B_B	SB63A	0.293934
3S9D.A.B_A	3S9D.A.B_B	TA55A	0.000000
3S9D.A.B_A	3S9D.A.B_B	TA65A	0.170438
3S9D.A.B_A	3S9D.A.B_B	TA72A	0.170438
3S9D.A.B_A	3S9D.A.B_B	TB33A	1.731171
3S9D.A.B_A	3S9D.A.B_B	TB64A	0.255810
3S9D.A.B_A	3S9D.A.B_B	VB69A	2.317686
3S9D.A.B_A	3S9D.A.B_B	WB61F	0.725028
3S9D.A.B_A	3S9D.A.B_B	WB87A	1.112253
3S9D.A.B_A	3S9D.A.B_B	YA71A	0.302640
3S9D.A.B_A	3S9D.A.B_B	YA75A	0.302640
3S9D.A.B_A	3S9D.A.B_B	YB32A	1.308297
3S9D.A.B_A	3S9D.A.B_B	AA43H,AA44E,AA47Q	-0.008713
3S9D.A.B_A	3S9D.A.B_B	AA43Y,AA44N,AA47S	-0.190819
3S9D.A.B_A	3S9D.A.B_B	DB91A,FA20A	2.384828
3S9D.A.B_A	3S9D.A.B_B	DB91A,LA124A	3.021426
3S9D.A.B_A	3S9D.A.B_B	DB91A,LA19A	2.944376
3S9D.A.B_A	3S9D.A.B_B	DB91A,RA115A	3.672301
3S9D.A.B_A	3S9D.A.B_B	DB91A,SA123A	2.678943
3S9D.A.B_A	3S9D.A.B_B	EB66A,AA116G	5.041269
3S9D.A.B_A	3S9D.A.B_B	EB66A,LA124A	3.769789
3S9D.A.B_A	3S9D.A.B_B	EB66A,LA23A	6.058160
3S9D.A.B_A	3S9D.A.B_B	EB66A,LA8A	4.092513
3S9D.A.B_A	3S9D.A.B_B	EB66A,MA119A	4.980968
3S9D.A.B_A	3S9D.A.B_B	EB66A,RA115A	4.658608
3S9D.A.B_A	3S9D.A.B_B	EB66A,RA120A	3.632457
3S9D.A.B_A	3S9D.A.B_B	EB66A,SA123A	3.543701
3S9D.A.B_A	3S9D.A.B_B	HB65A,LA124A	2.939418
3S9D.A.B_A	3S9D.A.B_B	HB65A,LA19A	3.056493
3S9D.A.B_A	3S9D.A.B_B	HB65A,LA8A	4.016778
3S9D.A.B_A	3S9D.A.B_B	HB65A,RA120A	3.846340
3S9D.A.B_A	3S9D.A.B_B	HB65A,RA5A	2.214390
3S9D.A.B_A	3S9D.A.B_B	HB65A,SA123A	1.135685
3S9D.A.B_A	3S9D.A.B_B	IB34A,AA116G	4.474027
3S9D.A.B_A	3S9D.A.B_B	IB34A,LA124A	3.561387
3S9D.A.B_A	3S9D.A.B_B	IB34A,MA119A	4.235052
3S9D.A.B_A	3S9D.A.B_B	IB34A,RA115A	4.271188
3S9D.A.B_A	3S9D.A.B_B	IB34A,RA120A	5.001758
3S9D.A.B_A	3S9D.A.B_B	IB34A,SA123A	3.006797
3S9D.A.B_A	3S9D.A.B_B	IB90A,FA20A	2.816274
3S9D.A.B_A	3S9D.A.B_B	IB90A,LA124A	3.346746
3S9D.A.B_A	3S9D.A.B_B	IB90A,LA19A	3.035703
3S9D.A.B_A	3S9D.A.B_B	IB90A,LA23A	5.449532
3S9D.A.B_A	3S9D.A.B_B	IB90A,LA8A	3.740474
3S9D.A.B_A	3S9D.A.B_B	IB90A,MA119A	4.035335
3S9D.A.B_A	3S9D.A.B_B	IB90A,RA115A	3.525470
3S9D.A.B_A	3S9D.A.B_B	IB90A,RA120A	4.908470
3S9D.A.B_A	3S9D.A.B_B	IB90A,SA123A	3.256808
3S9D.A.B_A	3S9D.A.B_B	MB35V,AA116G	5.300298
3S9D.A.B_A	3S9D.A.B_B	MB35V,LA124A	4.533203
3S9D.A.B_A	3S9D.A.B_B	MB35V,LA19A	4.316719
3S9D.A.B_A	3S9D.A.B_B	MB35V,LA23A	7.113939
3S9D.A.B_A	3S9D.A.B_B	MB35V,LA8A	4.427435
3S9D.A.B_A	3S9D.A.B_B	MB35V,MA119A	5.456684
3S9D.A.B_A	3S9D.A.B_B	MB35V,RA115A	3.705093
3S9D.A.B_A	3S9D.A.B_B	MB35V,RA120A	6.066684
3S9D.A.B_A	3S9D.A.B_B	MB35V,SA123A	4.080544
3S9D.A.B_A	3S9D.A.B_B	RA120A,EB66A	3.602474
3S9D.A.B_A	3S9D.A.B_B	TB33A,AA116G	4.351393
3S9D.A.B_A	3S9D.A.B_B	TB33A,FA20A	3.021426
3S9D.A.B_A	3S9D.A.B_B	TB33A,LA124A	3.312391
3S9D.A.B_A	3S9D.A.B_B	TB33A,LA19A	3.394809
3S9D.A.B_A	3S9D.A.B_B	TB33A,LA23A	5.961370
3S9D.A.B_A	3S9D.A.B_B	TB33A,LA8A	3.578561
3S9D.A.B_A	3S9D.A.B_B	TB33A,MA119A	4.463985
3S9D.A.B_A	3S9D.A.B_B	TB33A,RA115A	4.048243
3S9D.A.B_A	3S9D.A.B_B	TB33A,RA120A	5.268608
3S9D.A.B_A	3S9D.A.B_B	TB33A,SA123A	3.063263
3S9D.A.B_A	3S9D.A.B_B	WB87A,LA124A	2.944376
3S9D.A.B_A	3S9D.A.B_B	WB87A,LA8A	3.076578
3S9D.A.B_A	3S9D.A.B_B	WB87A,MA119A	3.846340
3S9D.A.B_A	3S9D.A.B_B	WB87A,RA5A	2.340922
3S9D.A.B_A	3S9D.A.B_B	WB87A,SA123A	2.751579
3SE3.B.C_B	3SE3.B.C_C	YA43A,NA44A,SA47A	0.173393
3SE3.B.C_B	3SE3.B.C_C	YA43H,NA44E,SA47Q	0.190819
3SE8.HL.G_HL	3SE8.HL.G_G	DA110A	-0.383096
3SE8.HL.G_HL	3SE8.HL.G_G	DA114A	-0.240219
3SE8.HL.G_HL	3SE8.HL.G_G	DA276A	0.842103
3SE8.HL.G_HL	3SE8.HL.G_G	EA228A	-0.547579
3SE8.HL.G_HL	3SE8.HL.G_G	EA318A	1.489182
3SE8.HL.G_HL	3SE8.HL.G_G	FA115A	1.050457
3SE8.HL.G_HL	3SE8.HL.G_G	FA317A	-0.850219
3SE8.HL.G_HL	3SE8.HL.G_G	FA319A	0.818957
3SE8.HL.G_HL	3SE8.HL.G_G	GA56A	0.351362
3SE8.HL.G_HL	3SE8.HL.G_G	KA52A	1.093564
3SE8.HL.G_HL	3SE8.HL.G_G	LA54A	0.053896
3SE8.HL.G_HL	3SE8.HL.G_G	NA257A	0.191228
3SE8.HL.G_HL	3SE8.HL.G_G	PA78A	0.018516
3SE8.HL.G_HL	3SE8.HL.G_G	PA81A	-0.069781
3SE8.HL.G_HL	3SE8.HL.G_G	QA254A	-0.212658
3SE8.HL.G_HL	3SE8.HL.G_G	QA63A	1.096526
3SE8.HL.G_HL	3SE8.HL.G_G	QA65A	0.540974
3SE8.HL.G_HL	3SE8.HL.G_G	QA76A	0.095344
3SE8.HL.G_HL	3SE8.HL.G_G	RA30A	-0.038863
3SE8.HL.G_HL	3SE8.HL.G_G	RA62A	1.186797
3SE8.HL.G_HL	3SE8.HL.G_G	RA72A	2.601989
3SE8.HL.G_HL	3SE8.HL.G_G	SA59A	1.132356
3SE8.HL.G_HL	3SE8.HL.G_G	VA58A	1.229614
3SE8.HL.G_HL	3SE8.HL.G_G	WA47A	1.451454
3SE8.HL.G_HL	3SE8.HL.G_G	WA50A	1.312108
3SE8.HL.G_HL	3SE8.HL.G_G	WA55A	0.748881
3SE8.HL.G_HL	3SE8.HL.G_G	YA111A	0.816592
3SE8.HL.G_HL	3SE8.HL.G_G	YA60A	0.842103
3SE9.HL.G_HL	3SE9.HL.G_G	DA77A	-0.754171
3SE9.HL.G_HL	3SE9.HL.G_G	EA315A	0.410656
3SE9.HL.G_HL	3SE9.HL.G_G	FA316A	0.023236
3SE9.HL.G_HL	3SE9.HL.G_G	GA106A	-0.302640
3SE9.HL.G_HL	3SE9.HL.G_G	GA107A	-0.605279
3SE9.HL.G_HL	3SE9.HL.G_G	GA109A	0.182170
3SE9.HL.G_HL	3SE9.HL.G_G	GA254A	0.456252
3SE9.HL.G_HL	3SE9.HL.G_G	GA57A	0.445178
3SE9.HL.G_HL	3SE9.HL.G_G	GA62A	0.045596
3SE9.HL.G_HL	3SE9.HL.G_G	LA314A	0.948756
3SE9.HL.G_HL	3SE9.HL.G_G	LA34A	0.556909
3SE9.HL.G_HL	3SE9.HL.G_G	NA60A	1.497320
3SE9.HL.G_HL	3SE9.HL.G_G	PA64A	-0.434841
3SE9.HL.G_HL	3SE9.HL.G_G	RA67A	1.445942
3SE9.HL.G_HL	3SE9.HL.G_G	RA74A	2.636225
3SE9.HL.G_HL	3SE9.HL.G_G	RA76A	-0.228487
3SE9.HL.G_HL	3SE9.HL.G_G	TA105A	-0.434841
3SE9.HL.G_HL	3SE9.HL.G_G	TA56A	-0.845498
3SE9.HL.G_HL	3SE9.HL.G_G	VA228A	-0.486392
3SE9.HL.G_HL	3SE9.HL.G_G	VA55A	-0.845498
3SE9.HL.G_HL	3SE9.HL.G_G	VA59A	0.967566
3SE9.HL.G_HL	3SE9.HL.G_G	WA48A	1.041446
3SE9.HL.G_HL	3SE9.HL.G_G	WA51A	1.255206
3SE9.HL.G_HL	3SE9.HL.G_G	YA104A	0.456252
3SE9.HL.G_HL	3SE9.HL.G_G	YA253A	1.099767
3SF4.A.D_A	3SF4.A.D_D	EB19R	1.926456
3SF4.A.D_A	3SF4.A.D_D	KB27D	0.410656
3SF4.A.D_A	3SF4.A.D_D	NA264R	1.225766
3SF4.A.D_A	3SF4.A.D_D	RA202E	2.365107
3SF4.A.D_A	3SF4.A.D_D	WB8A	3.073828
3SGB.E.I_E	3SGB.E.I_I	AB9C	0.041537
3SGB.E.I_E	3SGB.E.I_I	AB9D	0.476378
3SGB.E.I_E	3SGB.E.I_I	AB9E	0.671475
3SGB.E.I_E	3SGB.E.I_I	AB9F	-1.180640
3SGB.E.I_E	3SGB.E.I_I	AB9G	2.486466
3SGB.E.I_E	3SGB.E.I_I	AB9H	-0.453189
3SGB.E.I_E	3SGB.E.I_I	AB9I	-0.453189
3SGB.E.I_E	3SGB.E.I_I	AB9K	2.491424
3SGB.E.I_E	3SGB.E.I_I	AB9L	0.168781
3SGB.E.I_E	3SGB.E.I_I	AB9M	0.088958
3SGB.E.I_E	3SGB.E.I_I	AB9N	-0.089124
3SGB.E.I_E	3SGB.E.I_I	AB9P	0.552705
3SGB.E.I_E	3SGB.E.I_I	AB9Q	0.430190
3SGB.E.I_E	3SGB.E.I_I	AB9R	2.035646
3SGB.E.I_E	3SGB.E.I_I	AB9S	0.910983
3SGB.E.I_E	3SGB.E.I_I	AB9T	0.331072
3SGB.E.I_E	3SGB.E.I_I	AB9V	-0.722139
3SGB.E.I_E	3SGB.E.I_I	AB9W	-1.553668
3SGB.E.I_E	3SGB.E.I_I	AB9Y	-1.647278
3SGB.E.I_E	3SGB.E.I_I	EB13A	1.019236
3SGB.E.I_E	3SGB.E.I_I	EB13C	1.174675
3SGB.E.I_E	3SGB.E.I_I	EB13D	0.552705
3SGB.E.I_E	3SGB.E.I_I	EB13F	1.943608
3SGB.E.I_E	3SGB.E.I_I	EB13G	2.104953
3SGB.E.I_E	3SGB.E.I_I	EB13H	0.526074
3SGB.E.I_E	3SGB.E.I_I	EB13I	-0.623389
3SGB.E.I_E	3SGB.E.I_I	EB13K	0.168781
3SGB.E.I_E	3SGB.E.I_I	EB13L	0.779314
3SGB.E.I_E	3SGB.E.I_I	EB13M	-0.189497
3SGB.E.I_E	3SGB.E.I_I	EB13N	1.102039
3SGB.E.I_E	3SGB.E.I_I	EB13P	2.275154
3SGB.E.I_E	3SGB.E.I_I	EB13Q	0.183531
3SGB.E.I_E	3SGB.E.I_I	EB13R	1.275047
3SGB.E.I_E	3SGB.E.I_I	EB13S	1.943608
3SGB.E.I_E	3SGB.E.I_I	EB13T	2.143485
3SGB.E.I_E	3SGB.E.I_I	EB13V	0.127550
3SGB.E.I_E	3SGB.E.I_I	EB13W	1.547702
3SGB.E.I_E	3SGB.E.I_I	EB13Y	0.779314
3SGB.E.I_E	3SGB.E.I_I	GB26A	1.293484
3SGB.E.I_E	3SGB.E.I_I	GB26C	2.611657
3SGB.E.I_E	3SGB.E.I_I	GB26D	1.624989
3SGB.E.I_E	3SGB.E.I_I	GB26E	1.972751
3SGB.E.I_E	3SGB.E.I_I	GB26F	3.022313
3SGB.E.I_E	3SGB.E.I_I	GB26H	2.738189
3SGB.E.I_E	3SGB.E.I_I	GB26I	4.092513
3SGB.E.I_E	3SGB.E.I_I	GB26K	2.525013
3SGB.E.I_E	3SGB.E.I_I	GB26L	2.658148
3SGB.E.I_E	3SGB.E.I_I	GB26M	2.794064
3SGB.E.I_E	3SGB.E.I_I	GB26N	2.275154
3SGB.E.I_E	3SGB.E.I_I	GB26P	1.096864
3SGB.E.I_E	3SGB.E.I_I	GB26Q	2.956299
3SGB.E.I_E	3SGB.E.I_I	GB26R	3.507656
3SGB.E.I_E	3SGB.E.I_I	GB26S	1.607690
3SGB.E.I_E	3SGB.E.I_I	GB26T	3.034282
3SGB.E.I_E	3SGB.E.I_I	GB26V	2.827304
3SGB.E.I_E	3SGB.E.I_I	GB26W	3.912062
3SGB.E.I_E	3SGB.E.I_I	GB26Y	3.096111
3SGB.E.I_E	3SGB.E.I_I	KB7A	-2.572141
3SGB.E.I_E	3SGB.E.I_I	KB7C	-0.584857
3SGB.E.I_E	3SGB.E.I_I	KB7D	-0.623389
3SGB.E.I_E	3SGB.E.I_I	KB7E	0.032206
3SGB.E.I_E	3SGB.E.I_I	KB7F	-0.725558
3SGB.E.I_E	3SGB.E.I_I	KB7G	-0.725558
3SGB.E.I_E	3SGB.E.I_I	KB7H	-0.401461
3SGB.E.I_E	3SGB.E.I_I	KB7I	-1.344638
3SGB.E.I_E	3SGB.E.I_I	KB7L	-1.817360
3SGB.E.I_E	3SGB.E.I_I	KB7M	-1.166248
3SGB.E.I_E	3SGB.E.I_I	KB7N	-0.659544
3SGB.E.I_E	3SGB.E.I_I	KB7P	0.000000
3SGB.E.I_E	3SGB.E.I_I	KB7Q	-0.623389
3SGB.E.I_E	3SGB.E.I_I	KB7R	-0.692696
3SGB.E.I_E	3SGB.E.I_I	KB7S	-2.587597
3SGB.E.I_E	3SGB.E.I_I	KB7T	-1.949028
3SGB.E.I_E	3SGB.E.I_I	KB7V	-0.955172
3SGB.E.I_E	3SGB.E.I_I	KB7W	-0.013389
3SGB.E.I_E	3SGB.E.I_I	KB7Y	-0.584857
3SGB.E.I_E	3SGB.E.I_I	LB12A	2.972730
3SGB.E.I_E	3SGB.E.I_I	LB12C	-0.013389
3SGB.E.I_E	3SGB.E.I_I	LB12D	5.668659
3SGB.E.I_E	3SGB.E.I_I	LB12E	6.175213
3SGB.E.I_E	3SGB.E.I_I	LB12F	1.374018
3SGB.E.I_E	3SGB.E.I_I	LB12G	5.003496
3SGB.E.I_E	3SGB.E.I_I	LB12H	1.713876
3SGB.E.I_E	3SGB.E.I_I	LB12I	4.481256
3SGB.E.I_E	3SGB.E.I_I	LB12K	3.182076
3SGB.E.I_E	3SGB.E.I_I	LB12M	0.453284
3SGB.E.I_E	3SGB.E.I_I	LB12N	3.399817
3SGB.E.I_E	3SGB.E.I_I	LB12P	8.445845
3SGB.E.I_E	3SGB.E.I_I	LB12Q	2.545004
3SGB.E.I_E	3SGB.E.I_I	LB12R	3.366955
3SGB.E.I_E	3SGB.E.I_I	LB12S	4.158235
3SGB.E.I_E	3SGB.E.I_I	LB12T	3.204720
3SGB.E.I_E	3SGB.E.I_I	LB12V	3.034282
3SGB.E.I_E	3SGB.E.I_I	LB12W	1.865208
3SGB.E.I_E	3SGB.E.I_I	LB12Y	1.676006
3SGB.E.I_E	3SGB.E.I_I	NB22S	0.009847
3SGB.E.I_E	3SGB.E.I_I	NB30A	0.331072
3SGB.E.I_E	3SGB.E.I_I	NB30C	0.349705
3SGB.E.I_E	3SGB.E.I_I	NB30D	0.910983
3SGB.E.I_E	3SGB.E.I_I	NB30E	0.962710
3SGB.E.I_E	3SGB.E.I_I	NB30F	-0.141374
3SGB.E.I_E	3SGB.E.I_I	NB30G	0.311835
3SGB.E.I_E	3SGB.E.I_I	NB30H	-0.124801
3SGB.E.I_E	3SGB.E.I_I	NB30I	0.197923
3SGB.E.I_E	3SGB.E.I_I	NB30K	0.579437
3SGB.E.I_E	3SGB.E.I_I	NB30L	0.740782
3SGB.E.I_E	3SGB.E.I_I	NB30M	0.140745
3SGB.E.I_E	3SGB.E.I_I	NB30P	0.579437
3SGB.E.I_E	3SGB.E.I_I	NB30Q	0.243519
3SGB.E.I_E	3SGB.E.I_I	NB30R	0.579437
3SGB.E.I_E	3SGB.E.I_I	NB30S	0.408999
3SGB.E.I_E	3SGB.E.I_I	NB30T	0.009847
3SGB.E.I_E	3SGB.E.I_I	NB30V	-0.241876
3SGB.E.I_E	3SGB.E.I_I	NB30W	0.526074
3SGB.E.I_E	3SGB.E.I_I	NB30Y	-0.108679
3SGB.E.I_E	3SGB.E.I_I	PB8A	-0.189497
3SGB.E.I_E	3SGB.E.I_I	PB8C	-0.327423
3SGB.E.I_E	3SGB.E.I_I	PB8D	-1.033099
3SGB.E.I_E	3SGB.E.I_I	PB8E	-0.623389
3SGB.E.I_E	3SGB.E.I_I	PB8F	-0.344935
3SGB.E.I_E	3SGB.E.I_I	PB8G	0.053752
3SGB.E.I_E	3SGB.E.I_I	PB8H	0.277627
3SGB.E.I_E	3SGB.E.I_I	PB8I	-0.023634
3SGB.E.I_E	3SGB.E.I_I	PB8K	0.114054
3SGB.E.I_E	3SGB.E.I_I	PB8L	-0.141374
3SGB.E.I_E	3SGB.E.I_I	PB8M	-0.500551
3SGB.E.I_E	3SGB.E.I_I	PB8N	-0.124801
3SGB.E.I_E	3SGB.E.I_I	PB8Q	-0.316029
3SGB.E.I_E	3SGB.E.I_I	PB8R	0.311835
3SGB.E.I_E	3SGB.E.I_I	PB8S	0.065722
3SGB.E.I_E	3SGB.E.I_I	PB8T	-0.108679
3SGB.E.I_E	3SGB.E.I_I	PB8V	-0.310413
3SGB.E.I_E	3SGB.E.I_I	PB8W	-0.500551
3SGB.E.I_E	3SGB.E.I_I	PB8Y	-0.401461
3SGB.E.I_E	3SGB.E.I_I	RB15A	0.053752
3SGB.E.I_E	3SGB.E.I_I	RB15C	0.552705
3SGB.E.I_E	3SGB.E.I_I	RB15D	0.638613
3SGB.E.I_E	3SGB.E.I_I	RB15E	0.671475
3SGB.E.I_E	3SGB.E.I_I	RB15F	0.227957
3SGB.E.I_E	3SGB.E.I_I	RB15G	1.107168
3SGB.E.I_E	3SGB.E.I_I	RB15H	0.453734
3SGB.E.I_E	3SGB.E.I_I	RB15I	0.243519
3SGB.E.I_E	3SGB.E.I_I	RB15K	-0.277793
3SGB.E.I_E	3SGB.E.I_I	RB15L	0.227957
3SGB.E.I_E	3SGB.E.I_I	RB15M	0.127550
3SGB.E.I_E	3SGB.E.I_I	RB15N	0.331072
3SGB.E.I_E	3SGB.E.I_I	RB15P	7.684476
3SGB.E.I_E	3SGB.E.I_I	RB15Q	0.041537
3SGB.E.I_E	3SGB.E.I_I	RB15S	0.277627
3SGB.E.I_E	3SGB.E.I_I	RB15T	0.453734
3SGB.E.I_E	3SGB.E.I_I	RB15V	-0.023634
3SGB.E.I_E	3SGB.E.I_I	RB15W	0.311835
3SGB.E.I_E	3SGB.E.I_I	RB15Y	0.293971
3SGB.E.I_E	3SGB.E.I_I	TB11A	3.410671
3SGB.E.I_E	3SGB.E.I_I	TB11C	2.926266
3SGB.E.I_E	3SGB.E.I_I	TB11D	4.956134
3SGB.E.I_E	3SGB.E.I_I	TB11E	4.628711
3SGB.E.I_E	3SGB.E.I_I	TB11F	3.639325
3SGB.E.I_E	3SGB.E.I_I	TB11G	5.584234
3SGB.E.I_E	3SGB.E.I_I	TB11H	3.507656
3SGB.E.I_E	3SGB.E.I_I	TB11I	1.752914
3SGB.E.I_E	3SGB.E.I_I	TB11K	2.035646
3SGB.E.I_E	3SGB.E.I_I	TB11L	2.471339
3SGB.E.I_E	3SGB.E.I_I	TB11M	2.035646
3SGB.E.I_E	3SGB.E.I_I	TB11N	3.254416
3SGB.E.I_E	3SGB.E.I_I	TB11P	3.182076
3SGB.E.I_E	3SGB.E.I_I	TB11Q	2.940317
3SGB.E.I_E	3SGB.E.I_I	TB11R	1.972751
3SGB.E.I_E	3SGB.E.I_I	TB11S	2.502528
3SGB.E.I_E	3SGB.E.I_I	TB11V	2.260321
3SGB.E.I_E	3SGB.E.I_I	TB11W	3.034282
3SGB.E.I_E	3SGB.E.I_I	TB11Y	3.366955
3SGB.E.I_E	3SGB.E.I_I	YB14A	1.943608
3SGB.E.I_E	3SGB.E.I_I	YB14C	1.695244
3SGB.E.I_E	3SGB.E.I_I	YB14D	2.864587
3SGB.E.I_E	3SGB.E.I_I	YB14E	2.035646
3SGB.E.I_E	3SGB.E.I_I	YB14F	0.168781
3SGB.E.I_E	3SGB.E.I_I	YB14G	2.842396
3SGB.E.I_E	3SGB.E.I_I	YB14H	1.559792
3SGB.E.I_E	3SGB.E.I_I	YB14I	3.591963
3SGB.E.I_E	3SGB.E.I_I	YB14K	3.432970
3SGB.E.I_E	3SGB.E.I_I	YB14L	1.576145
3SGB.E.I_E	3SGB.E.I_I	YB14M	2.002784
3SGB.E.I_E	3SGB.E.I_I	YB14N	3.158532
3SGB.E.I_E	3SGB.E.I_I	YB14P	6.276340
3SGB.E.I_E	3SGB.E.I_I	YB14Q	3.281048
3SGB.E.I_E	3SGB.E.I_I	YB14R	2.760549
3SGB.E.I_E	3SGB.E.I_I	YB14S	2.035646
3SGB.E.I_E	3SGB.E.I_I	YB14T	4.871827
3SGB.E.I_E	3SGB.E.I_I	YB14V	4.421690
3SGB.E.I_E	3SGB.E.I_I	YB14W	0.388742
3SGB.E.I_E	3SGB.E.I_I	AB9D,GB26A	1.081065
3SGB.E.I_E	3SGB.E.I_I	AB9D,GB26A,NB27S	2.183827
3SGB.E.I_E	3SGB.E.I_I	AB9D,LB12A	2.619663
3SGB.E.I_E	3SGB.E.I_I	AB9D,LB12A,YB14D	5.768520
3SGB.E.I_E	3SGB.E.I_I	AB9G,LB12M,LB17V,KB23I,EB37K	3.229379
3SGB.E.I_E	3SGB.E.I_I	AB9G,TB11M,LB12M,YB14R,RB15L,GB26N,NB27D,SB45N,KB49E	8.009047
3SGB.E.I_E	3SGB.E.I_I	AB9R,LB12R	5.148537
3SGB.E.I_E	3SGB.E.I_I	AB9R,TB11K,LB12R	6.780235
3SGB.E.I_E	3SGB.E.I_I	AB9R,TB11K,LB12R,EB13S	7.194702
3SGB.E.I_E	3SGB.E.I_I	AB9R,TB11K,LB12R,RB15L	6.982303
3SGB.E.I_E	3SGB.E.I_I	AB9R,TB11P,LB12R	8.567927
3SGB.E.I_E	3SGB.E.I_I	AB9T,LB12M	0.476378
3SGB.E.I_E	3SGB.E.I_I	AB9V,TB11S	1.607690
3SGB.E.I_E	3SGB.E.I_I	AB9V,TB11S,RB15M,NB22S,KB23Q,GB26S,KB28E,EB37D	4.481256
3SGB.E.I_E	3SGB.E.I_I	DB1N,EB4D,AB9V,TB11S,EB13L,RB15M,VB36A,EB37D	2.639218
3SGB.E.I_E	3SGB.E.I_I	DB1N,EB4G,LB12M,RB15M,EB37D,KB49E	0.019533
3SGB.E.I_E	3SGB.E.I_I	EB4D,AB9V,EB13D,RB15M,GB26S,EB37D,LB42I,KB49R	1.086378
3SGB.E.I_E	3SGB.E.I_I	EB4D,AB9V,EB13D,RB15M,KB23T,GB26S,EB37D,LB42I	1.197034
3SGB.E.I_E	3SGB.E.I_I	EB4D,AB9V,TB11P,EB13D,RB15M,NB22S,GB26S,NB39S,SB45R	2.538846
3SGB.E.I_E	3SGB.E.I_I	EB4D,AB9V,TB11S,EB13D,RB15M,KB23T,GB26N,NB30I,EB37D,LB42I	4.261294
3SGB.E.I_E	3SGB.E.I_I	EB4D,AB9V,TB11S,RB15M,NB22S,GB26N,NB30D,SB45G	3.893831
3SGB.E.I_E	3SGB.E.I_I	EB4D,AB9V,TB11S,RB15M,NB22S,GB26S,EB37D	3.204720
3SGB.E.I_E	3SGB.E.I_I	EB4D,AB9V,TB11S,RB15M,NB22S,GB26S,EB37D,TB43I	3.005969
3SGB.E.I_E	3SGB.E.I_I	EB4D,AB9V,TB11S,RB15M,NB22S,GB26S,NB30D,EB37D	3.366955
3SGB.E.I_E	3SGB.E.I_I	EB4D,AB9V,TB11S,RB15M,NB22S,GB26S,NB30D,EB37D,TB43N	3.336922
3SGB.E.I_E	3SGB.E.I_I	EB4D,AB9V,TB11S,RB15M,NB22S,GB26S,NB30D,VB35F,EB37D,TB43S	3.307779
3SGB.E.I_E	3SGB.E.I_I	EB4D,AB9V,TB11S,RB15M,NB22S,GB26S,VB36A,EB37D	2.619663
3SGB.E.I_E	3SGB.E.I_I	EB4D,AB9V,TB11S,RB15M,VB36A,EB37D	1.504916
3SGB.E.I_E	3SGB.E.I_I	EB4D,AB9V,TB11S,YB14D,RB15M,NB22S,GB26S,EB37D	4.871827
3SGB.E.I_E	3SGB.E.I_I	EB4D,AB9V,YB14D,RB15M,KB23I,GB26H,NB30Y,VB36A,EB37H,LB44F	2.326881
3SGB.E.I_E	3SGB.E.I_I	EB4D,AB9V,YB14E,RB15M,EB37D	1.713876
3SGB.E.I_E	3SGB.E.I_I	EB4D,KB7M,LB12M,LB17V	0.077454
3SGB.E.I_E	3SGB.E.I_I	EB4D,KB7Q,AB9V,TB11M,LB12G,EB13D,RB15M,NB22S,GB26S,EB37D,SB45N	5.824453
3SGB.E.I_E	3SGB.E.I_I	EB4D,KB7R,AB9D,RB15M,EB37D	-0.288468
3SGB.E.I_E	3SGB.E.I_I	EB4D,KB7R,AB9V,EB13D,RB15M,GB26S,EB37D,LB42I,KB49R	-0.081480
3SGB.E.I_E	3SGB.E.I_I	EB4D,LB12F,RB15M,EB37D	0.779314
3SGB.E.I_E	3SGB.E.I_I	EB4D,LB12M,RB15M,EB37D	0.476378
3SGB.E.I_E	3SGB.E.I_I	EB4D,LB12M,RB15M,GB26D,EB37D	1.972751
3SGB.E.I_E	3SGB.E.I_I	EB4D,LB12V,RB15M,EB37D	3.034282
3SGB.E.I_E	3SGB.E.I_I	EB4D,LB12V,RB15M,GB26D,EB37D	4.029724
3SGB.E.I_E	3SGB.E.I_I	EB4D,RB15M,EB37D	0.077454
3SGB.E.I_E	3SGB.E.I_I	EB4D,RB15M,KB23Q,GB26S,NB30S,EB37D	1.695244
3SGB.E.I_E	3SGB.E.I_I	EB4D,RB15M,KB28R,EB37D	-0.141374
3SGB.E.I_E	3SGB.E.I_I	EB4D,RB15M,LB17F,NB22S,GB26S,EB37D	1.607690
3SGB.E.I_E	3SGB.E.I_I	EB4D,TB11L,RB15M,GB26D,NB30S,EB37D,TB43S	3.770815
3SGB.E.I_E	3SGB.E.I_I	EB4D,TB11R,LB12M,RB15M,EB37D	2.383407
3SGB.E.I_E	3SGB.E.I_I	EB4D,TB11S,EB13D,RB15M,NB22S,GB26S,EB37D,GB48E	4.671950
3SGB.E.I_E	3SGB.E.I_I	EB4D,YB5H,AB9V,TB11S,RB15M,NB22S,GB26S,NB30D	4.011034
3SGB.E.I_E	3SGB.E.I_I	EB4D,YB5H,TB11L,LB12Q,YB14Q,RB15K,GB26D,NB30S,EB37D	7.459469
3SGB.E.I_E	3SGB.E.I_I	EB4D,YB5H,TB11L,LB12Q,YB14Q,RB15K,LB17I,GB26D,NB30S,EB37D	7.429435
3SGB.E.I_E	3SGB.E.I_I	EB4G,KB7Q,PB8S,TB11P,LB12Q,EB13D,RB15V,LB17F,GB26S,VB36A,EB37D	4.233259
3SGB.E.I_E	3SGB.E.I_I	EB4G,KB7Q,TB11S,RB15V,LB17F,GB26S,NB30D,VB36A,EB37D	3.182076
3SGB.E.I_E	3SGB.E.I_I	EB4G,LB12M,RB15M,EB37D	0.910983
3SGB.E.I_E	3SGB.E.I_I	EB4G,LB12M,RB15M,EB37D,KB49E	0.183531
3SGB.E.I_E	3SGB.E.I_I	EB4G,LB12M,YB14S,LB17I,KB23T,GB26S,HB46Y,FB47P,KB49V	3.691053
3SGB.E.I_E	3SGB.E.I_I	KB7R,AB9R,TB11K,LB12R	5.593154
3SGB.E.I_E	3SGB.E.I_I	KB7R,PB8F,AB9R,TB11K,LB12R	5.736031
3SGB.E.I_E	3SGB.E.I_I	KB7S,PB8D,AB9Y	-4.137708
3SGB.E.I_E	3SGB.E.I_I	KB7S,PB8D,AB9Y,LB12G,EB13I,RB15K	0.095615
3SGB.E.I_E	3SGB.E.I_I	KB7T,PB8E,AB9Y	-3.857900
3SGB.E.I_E	3SGB.E.I_I	KB7T,PB8E,AB9Y,LB12G,RB15M,GB26P,NB30V	1.847206
3SGB.E.I_E	3SGB.E.I_I	LB12I,GB26D	5.845427
3SGB.E.I_E	3SGB.E.I_I	LB12M,GB26D	2.275154
3SGB.E.I_E	3SGB.E.I_I	LB12M,HB46R	0.501037
3SGB.E.I_E	3SGB.E.I_I	LB12M,HB46R,KB49E	-0.116685
3SGB.E.I_E	3SGB.E.I_I	LB12M,LB17V,KB23I,EB37K	0.819656
3SGB.E.I_E	3SGB.E.I_I	LB12M,NB30D,SB45N	1.096864
3SGB.E.I_E	3SGB.E.I_I	LB12M,SB45N	0.453734
3SGB.E.I_E	3SGB.E.I_I	LB12M,SB45N,HB46R,KB49Q	0.227957
3SGB.E.I_E	3SGB.E.I_I	LB12M,TB24S,GB26D	2.326881
3SGB.E.I_E	3SGB.E.I_I	LB12M,TB43N,KB49T	0.277627
3SGB.E.I_E	3SGB.E.I_I	LB12M,YB14Q	3.776484
3SGB.E.I_E	3SGB.E.I_I	LB12S,RB15V,LB17I	4.481256
3SGB.E.I_E	3SGB.E.I_I	NB22S,GB26A	1.330113
3SGB.E.I_E	3SGB.E.I_I	PB8S,AB9L,TB11K,LB12R	4.974818
3SGB.E.I_E	3SGB.E.I_I	PB8S,AB9R,TB11P,LB12R	8.217128
3SGB.E.I_E	3SGB.E.I_I	RB15M,KB23Q,GB26S,EB37D	2.104953
3SGB.E.I_E	3SGB.E.I_I	RB15V,LB17I	0.168781
3SGB.E.I_E	3SGB.E.I_I	TB11K,LB12R	5.307283
3SGB.E.I_E	3SGB.E.I_I	TB11M,LB12S,GB26V	6.909814
3SGB.E.I_E	3SGB.E.I_I	TB11P,LB12K	6.320305
3SGB.E.I_E	3SGB.E.I_I	TB11P,LB12K,EB13D,LB17V,GB26S,SB45N	5.055224
3SGB.E.I_E	3SGB.E.I_I	TB11P,LB12K,EB13D,LB17V,SB45N	4.912169
3SGB.E.I_E	3SGB.E.I_I	TB11P,LB12K,EB13D,LB17V,SB45N,HB46R	4.833295
3SGB.E.I_E	3SGB.E.I_I	TB11P,LB12K,GB26D	6.543063
3SGB.E.I_E	3SGB.E.I_I	TB11R,LB12R	5.552076
3SGB.E.I_E	3SGB.E.I_I	YB5H,EB13D,LB17I,NB22S,GB26S,NB30D,VB36M,EB37D	2.326881
3SGB.E.I_E	3SGB.E.I_I	YB5H,YB14D,TB24I,GB26S,NB30D,VB36L	5.612886
3U82.A.B_A	3U82.A.B_B	IB45A	2.596140
3U82.A.B_A	3U82.A.B_B	TB28A,QB29A,EB90A,NB98A	-1.010693
3UIH.A.P_A	3UIH.A.P_P	KA58Y,HA76W	-1.072402
3VR6.ABCDEF.GH_ABCDEF	3VR6.ABCDEF.GH_GH	AB138S	-0.340876
3VR6.ABCDEF.GH_ABCDEF	3VR6.ABCDEF.GH_GH	LB139N	0.709582
3VR6.ABCDEF.GH_ABCDEF	3VR6.ABCDEF.GH_GH	LB28N	0.309999
3VR6.ABCDEF.GH_ABCDEF	3VR6.ABCDEF.GH_GH	LB29N	0.675060
3VR6.ABCDEF.GH_ABCDEF	3VR6.ABCDEF.GH_GH	RB134A	0.830498
3VR6.ABCDEF.GH_ABCDEF	3VR6.ABCDEF.GH_GH	RB135A	0.899266
3VR6.ABCDEF.GH_ABCDEF	3VR6.ABCDEF.GH_GH	LA2147A,LA2598A,LA3053A	1.136773
3VR6.ABCDEF.GH_ABCDEF	3VR6.ABCDEF.GH_GH	LA477A,LA1069A,LA1651A,VA478A,VA1070A,VA1652A	-0.221988
3VR6.ABCDEF.GH_ABCDEF	3VR6.ABCDEF.GH_GH	LA477A,LA1069A,LA1651A,VA478A,VA1070A,VA1652A,LA2147A,LA2598A,LA3053A	-0.170438
3VR6.ABCDEF.GH_ABCDEF	3VR6.ABCDEF.GH_GH	LA477A,LA1069A,LA1651A,VA478A,VA1070A,VA1652A,LB139N	-0.079111
3VR6.ABCDEF.GH_ABCDEF	3VR6.ABCDEF.GH_GH	LA477A,LA1069A,LA1651A,VA478A,VA1070A,VA1652A,RB134A,RB135A	2.049801
3VR6.ABCDEF.GH_ABCDEF	3VR6.ABCDEF.GH_GH	RA2108E,RA2559E,RA3014E	0.287640
3VR6.ABCDEF.GH_ABCDEF	3VR6.ABCDEF.GH_GH	RA2108K,RA2559K,RA3014K	1.213160
3VR6.ABCDEF.GH_ABCDEF	3VR6.ABCDEF.GH_GH	RA476A,RA1068A,RA1650A	-0.278455
3VR6.ABCDEF.GH_ABCDEF	3VR6.ABCDEF.GH_GH	RA476A,RA1068A,RA1650A,RB134A,RB135A	1.317983
3VR6.ABCDEF.GH_ABCDEF	3VR6.ABCDEF.GH_GH	RB134A,RB135A	1.400088
3VR6.ABCDEF.GH_ABCDEF	3VR6.ABCDEF.GH_GH	VA2146A,VA2597A,VA3052A	0.698296
3VR6.ABCDEF.GH_ABCDEF	3VR6.ABCDEF.GH_GH	VA2146A,VA2597A,VA3052A,RB134A,RB135A	1.131312
4CPA.A.I_A	4CPA.A.I_I	PB35G	2.596140
4CPA.A.I_A	4CPA.A.I_I	VB37A	2.325533
4CPA.A.I_A	4CPA.A.I_I	VB37F	0.000000
4CPA.A.I_A	4CPA.A.I_I	VB37G	3.734722
4CPA.A.I_A	4CPA.A.I_I	VB37I	0.199344
4CPA.A.I_A	4CPA.A.I_I	VB37L	1.279391
4CPA.A.I_A	4CPA.A.I_I	YB36F	0.000000
4CPA.A.I_A	4CPA.A.I_I	YB36G	0.501983
4CVW.A.C_A	4CVW.A.C_C	DA720R	3.047672
4CVW.A.C_A	4CVW.A.C_C	DA720W	1.221294
4CVW.A.C_A	4CVW.A.C_C	LB34G	2.728342
4CVW.A.C_A	4CVW.A.C_C	LB34W	0.335562
4CVW.A.C_A	4CVW.A.C_C	RB27A	1.828724
4CVW.A.C_A	4CVW.A.C_C	RB31A	2.077467
4CVW.A.C_A	4CVW.A.C_C	RB31W	1.490704
4CVW.A.C_A	4CVW.A.C_C	VB35D	4.920838
4CVW.A.C_A	4CVW.A.C_C	LB34G,VB35D	7.745464
4E6K.AB.G_AB	4E6K.AB.G_G	KB40A	0.501983
4E6K.AB.G_AB	4E6K.AB.G_G	LB5A	1.903428
4E6K.AB.G_AB	4E6K.AB.G_G	YB2F	0.696914
4E6K.AB.G_AB	4E6K.AB.G_G	EA81A,EA238A	2.584812
4E6K.AB.G_AB	4E6K.AB.G_G	EA85A,EA242A	3.072575
4E6K.AB.G_AB	4E6K.AB.G_G	LA68A,LA225A	2.669897
4EKD.A.B_A	4EKD.A.B_B	CA147R	-0.056467
4FTV.ABC.DE_ABC	4FTV.ABC.DE_DE	DB93A	0.896945
4FTV.ABC.DE_ABC	4FTV.ABC.DE_DE	KB66A	-1.579571
4FTV.ABC.DE_ABC	4FTV.ABC.DE_DE	QB301E	0.056467
4FTV.ABC.DE_ABC	4FTV.ABC.DE_DE	QB301R	0.410656
4FTV.ABC.DE_ABC	4FTV.ABC.DE_DE	RA65A	3.507599
4FTV.ABC.DE_ABC	4FTV.ABC.DE_DE	TA163A	0.361119
4FTV.ABC.DE_ABC	4FTV.ABC.DE_DE	DB93A,RA65A	1.163969
4FTV.ABC.DE_ABC	4FTV.ABC.DE_DE	EA63Q,DB93A	-0.004540
4FTV.ABC.DE_ABC	4FTV.ABC.DE_DE	EA63Q,DB93A,KA66A	1.855068
4FTV.ABC.DE_ABC	4FTV.ABC.DE_DE	EA63Q,KA66A	1.331636
4FTV.ABC.DE_ABC	4FTV.ABC.DE_DE	KB66A,TA163A	-2.130459
4FTV.ABC.DE_ABC	4FTV.ABC.DE_DE	MB298A,AB300G,QB301R	3.619436
4FTV.ABC.DE_ABC	4FTV.ABC.DE_DE	MB298A,QB301E	0.506200
4FTV.ABC.DE_ABC	4FTV.ABC.DE_DE	MB298A,SB299G,AB300G,QB301R	3.960311
4FTV.ABC.DE_ABC	4FTV.ABC.DE_DE	SB299G,AB300G,QB301R	3.651468
4FZA.A.B_A	4FZA.A.B_B	EB122A	0.425412
4FZA.A.B_A	4FZA.A.B_B	FA168E	0.542858
4FZA.A.B_A	4FZA.A.B_B	RA217A	1.027897
4FZA.A.B_A	4FZA.A.B_B	YA213A	1.270784
4G0N.A.B_A	4G0N.A.B_B	AB32K	-1.108953
4G0N.A.B_A	4G0N.A.B_B	DA33A	0.877040
4G0N.A.B_A	4G0N.A.B_B	DA38A	2.864766
4G0N.A.B_A	4G0N.A.B_B	EA31A	0.936812
4G0N.A.B_A	4G0N.A.B_B	EA37A	1.742959
4G0N.A.B_A	4G0N.A.B_B	FB8W	0.603454
4G0N.A.B_A	4G0N.A.B_B	HA27A	-0.290695
4G0N.A.B_A	4G0N.A.B_B	IA21A	0.871229
4G0N.A.B_A	4G0N.A.B_B	IA36A	1.742959
4G0N.A.B_A	4G0N.A.B_B	KB12A	1.832206
4G0N.A.B_A	4G0N.A.B_B	KB12E	1.916987
4G0N.A.B_A	4G0N.A.B_B	KB12M	1.322578
4G0N.A.B_A	4G0N.A.B_B	KB31A	2.584261
4G0N.A.B_A	4G0N.A.B_B	KB31E	5.065778
4G0N.A.B_A	4G0N.A.B_B	NB11A	0.679854
4G0N.A.B_A	4G0N.A.B_B	NB11D	1.808970
4G0N.A.B_A	4G0N.A.B_B	NB18R	-0.698296
4G0N.A.B_A	4G0N.A.B_B	QB13A	2.215739
4G0N.A.B_A	4G0N.A.B_B	RA41A	-0.344161
4G0N.A.B_A	4G0N.A.B_B	RB14A	1.920429
4G0N.A.B_A	4G0N.A.B_B	RB36L	5.358625
4G0N.A.B_A	4G0N.A.B_B	RB6A	2.141096
4G0N.A.B_A	4G0N.A.B_B	SA39A	0.290701
4G0N.A.B_A	4G0N.A.B_B	TA35A	2.786873
4G0N.A.B_A	4G0N.A.B_B	TA35S	2.214390
4G0N.A.B_A	4G0N.A.B_B	TB15A	1.804871
4G0N.A.B_A	4G0N.A.B_B	VA45A	-0.290695
4G0N.A.B_A	4G0N.A.B_B	VB16A	1.155396
4G0N.A.B_A	4G0N.A.B_B	VB35A	-0.005257
4G0N.A.B_A	4G0N.A.B_B	VB35I	0.551904
4G0N.A.B_A	4G0N.A.B_B	FB8W,NB18R	-0.287640
4G0N.A.B_A	4G0N.A.B_B	FB8W,NB18R,VB35I	0.363235
4G0N.A.B_A	4G0N.A.B_B	FB8W,RB14L,NB18R,VB35I	0.603454
4G0N.A.B_A	4G0N.A.B_B	FB8W,RB14L,VB16E,NB18R,KB31R,VB35I	3.604047
4G0N.A.B_A	4G0N.A.B_B	FB8W,VB16E,NB18R,VB35I	1.818733
4G0N.A.B_A	4G0N.A.B_B	KB31A,DA33A	2.613789
4G0N.A.B_A	4G0N.A.B_B	KB31A,EA31A	2.032993
4G0N.A.B_A	4G0N.A.B_B	KB31A,EA37A	3.387531
4G0N.A.B_A	4G0N.A.B_B	KB31A,RB36G	5.358625
4G0N.A.B_A	4G0N.A.B_B	NB11A,RA41A	-0.580602
4G0N.A.B_A	4G0N.A.B_B	NB11A,VA45A	0.000000
4G0N.A.B_A	4G0N.A.B_B	NB18R,AB32K	-1.279391
4G0N.A.B_A	4G0N.A.B_B	QB13A,RA41A	1.258514
4G0N.A.B_A	4G0N.A.B_B	QB13A,SA39A	2.032993
4G0N.A.B_A	4G0N.A.B_B	QB13A,VA45A	1.551360
4G0N.A.B_A	4G0N.A.B_B	RB14A,SA39A	2.226851
4G0N.A.B_A	4G0N.A.B_B	RB14A,VA45A	1.742959
4G0N.A.B_A	4G0N.A.B_B	RB6A,DA33A	2.516607
4G0N.A.B_A	4G0N.A.B_B	RB6A,DA38A	4.451485
4G0N.A.B_A	4G0N.A.B_B	RB6A,EA31A	2.129756
4G0N.A.B_A	4G0N.A.B_B	RB6A,EA37A	2.323566
4G0N.A.B_A	4G0N.A.B_B	RB6A,IA36A	4.257757
4G0N.A.B_A	4G0N.A.B_B	RB6A,NB11D	3.421207
4G0N.A.B_A	4G0N.A.B_B	TA35A,AB32K	2.578799
4G0N.A.B_A	4G0N.A.B_B	TA35A,NB18R	2.099827
4G0N.A.B_A	4G0N.A.B_B	TA35A,NB18R,AB32K	1.967625
4G0N.A.B_A	4G0N.A.B_B	TB15A,DA38A	3.000671
4G0N.A.B_A	4G0N.A.B_B	TB15A,EA31A	1.551360
4G0N.A.B_A	4G0N.A.B_B	TB15A,EA37A	2.807084
4G0N.A.B_A	4G0N.A.B_B	TB15A,IA21A	2.129756
4G0N.A.B_A	4G0N.A.B_B	TB15A,IA36A	3.000671
4G0N.A.B_A	4G0N.A.B_B	TB15A,SA39A	1.937270
4G0N.A.B_A	4G0N.A.B_B	TB15A,VA45A	1.064969
4G0N.A.B_A	4G0N.A.B_B	VB16A,EA37A	2.710342
4G0N.A.B_A	4G0N.A.B_B	VB16A,IA21A	1.551360
4G0N.A.B_A	4G0N.A.B_B	VB16A,IA36A	2.613789
4G0N.A.B_A	4G0N.A.B_B	VB35A,HA27A	0.192551
4G0N.A.B_A	4G0N.A.B_B	VB35A,IA21A	0.290701
4G0N.A.B_A	4G0N.A.B_B	YA32C,CA116S	0.735655
4G0N.A.B_A	4G0N.A.B_B	YA32C,CA116S,AB32K	-0.641830
4G0N.A.B_A	4G0N.A.B_B	YA32C,CA116S,NB18R	-0.366751
4G0N.A.B_A	4G0N.A.B_B	YA32C,CA116S,NB18R,AB32K	-1.730922
4G2V.A.B_A	4G2V.A.B_B	NA260R	0.221988
4G2V.A.B_A	4G2V.A.B_B	RA198E	2.237034
4G2V.A.B_A	4G2V.A.B_B	RA198E,NA260R	2.284455
4GXU.ABCDEF.MN_ABCDEF	4GXU.ABCDEF.MN_MN	DA189E	2.166058
4GXU.ABCDEF.MN_ABCDEF	4GXU.ABCDEF.MN_MN	DA224G	1.961756
4GXU.ABCDEF.MN_ABCDEF	4GXU.ABCDEF.MN_MN	DA189E,DA224G	3.011555
4HFK.A.BD_A	4HFK.A.BD_BD	EB46A	1.188572
4HFK.A.BD_A	4HFK.A.BD_BD	EB56A	0.942399
4HFK.A.BD_A	4HFK.A.BD_BD	LB45A	2.525464
4HFK.A.BD_A	4HFK.A.BD_BD	LB50A	0.030058
4HFK.A.BD_A	4HFK.A.BD_BD	NB49A	-0.020161
4HFK.A.BD_A	4HFK.A.BD_BD	RB22A	1.392132
4HFK.A.BD_A	4HFK.A.BD_BD	SB48A	0.201542
4HFK.A.BD_A	4HFK.A.BD_BD	TB170A	1.850210
4HRN.A.D_A	4HRN.A.D_D	FB47A	2.460563
4HRN.A.D_A	4HRN.A.D_D	LB17A	2.598380
4HRN.A.D_A	4HRN.A.D_D	SB43A	0.803082
4HRN.A.D_A	4HRN.A.D_D	VB44A	2.811925
4JEU.A.B_A	4JEU.A.B_B	IB215A	3.241702
4JEU.A.B_A	4JEU.A.B_B	LB7A	1.108953
4JEU.A.B_A	4JEU.A.B_B	RA169A	-0.410656
4JEU.A.B_A	4JEU.A.B_B	RA37C	0.909609
4JEU.A.B_A	4JEU.A.B_B	RB3A	1.128169
4JEU.A.B_A	4JEU.A.B_B	TB4A	0.180924
4JEU.A.B_A	4JEU.A.B_B	LB147A,EB148A	1.101857
4JFD.ABC.DE_ABC	4JFD.ABC.DE_DE	AA380G	-6.518216
4JFD.ABC.DE_ABC	4JFD.ABC.DE_DE	AA380G,EA377A	0.804623
4JFD.ABC.DE_ABC	4JFD.ABC.DE_DE	AA380G,GA382A	0.077050
4JFD.ABC.DE_ABC	4JFD.ABC.DE_DE	AA380G,IA383A	-0.088590
4JFD.ABC.DE_ABC	4JFD.ABC.DE_DE	AA380G,LA384A	-0.319330
4JFD.ABC.DE_ABC	4JFD.ABC.DE_DE	AA380G,TA385A	0.016233
4JFE.ABC.DE_ABC	4JFE.ABC.DE_DE	AA383I	-6.429626
4JFE.ABC.DE_ABC	4JFE.ABC.DE_DE	AA383I,EA377A	0.893213
4JFE.ABC.DE_ABC	4JFE.ABC.DE_DE	AA383I,GA380A	0.088590
4JFE.ABC.DE_ABC	4JFE.ABC.DE_DE	AA383I,GA382A	0.165641
4JFE.ABC.DE_ABC	4JFE.ABC.DE_DE	AA383I,LA384A	-0.230739
4JFE.ABC.DE_ABC	4JFE.ABC.DE_DE	AA383I,TA385A	0.104823
4JGH.ABC.D_ABC	4JGH.ABC.D_D	WB44A	2.049183
4JPK.HL.A_HL	4JPK.HL.A_A	DB141R	3.859050
4JPK.HL.A_HL	4JPK.HL.A_A	FB144I	1.388139
4JPK.HL.A_HL	4JPK.HL.A_A	FB63L	1.167809
4JPK.HL.A_HL	4JPK.HL.A_A	RB130K	0.230169
4JPK.HL.A_HL	4JPK.HL.A_A	RB81T	0.759043
4JPK.HL.A_HL	4JPK.HL.A_A	SB41G	2.152659
4JPK.HL.A_HL	4JPK.HL.A_A	TB35S	-0.032108
4JPK.HL.A_HL	4JPK.HL.A_A	VB30N	0.594861
4JPK.HL.A_HL	4JPK.HL.A_A	DB159N,DB33N	0.619245
4K71.A.BC_A	4K71.A.BC_BC	AA545V	1.470993
4K71.A.BC_A	4K71.A.BC_BC	GA503E	0.742202
4K71.A.BC_A	4K71.A.BC_BC	HA462A	1.051574
4K71.A.BC_A	4K71.A.BC_BC	HA462F	1.009981
4K71.A.BC_A	4K71.A.BC_BC	HB157A	0.644255
4K71.A.BC_A	4K71.A.BC_BC	HB157F	0.185067
4K71.A.BC_A	4K71.A.BC_BC	AA418T,GA503E,AA545V	3.129041
4K71.A.BC_A	4K71.A.BC_BC	GA503E,AA545V	2.849380
4K71.A.BC_A	4K71.A.BC_BC	GA503R,AA545V	1.667994
4K71.A.BC_A	4K71.A.BC_BC	MA416V,AA418T	1.092546
4K71.A.BC_A	4K71.A.BC_BC	MA416V,AA418T,AA545V	2.854191
4K71.A.BC_A	4K71.A.BC_BC	MA416V,AA418T,GA503E,AA545V	3.636605
4K71.A.BC_A	4K71.A.BC_BC	MA416V,AA418T,GA503R	2.322624
4K71.A.BC_A	4K71.A.BC_BC	MA416V,AA418T,GA503R,AA545V	2.891328
4K71.A.BC_A	4K71.A.BC_BC	MA416V,GA503E,AA545V	2.927686
4KRO.A.B_A	4KRO.A.B_B	DB92A	1.504898
4KRO.A.B_A	4KRO.A.B_B	RB15A	1.584009
4KRO.A.B_A	4KRO.A.B_B	DA321T,FA323A	0.127028
4KRP.A.B_A	4KRP.A.B_B	EB105A	1.606764
4KRP.A.B_A	4KRP.A.B_B	DA277T,FA279A	0.358457
4L0P.A.B_A	4L0P.A.B_B	EA27K	2.665921
4L0P.A.B_A	4L0P.A.B_B	NA59S	0.314372
4L0P.A.B_A	4L0P.A.B_B	SA20F	0.056467
4L0P.A.B_A	4L0P.A.B_B	TA11K	0.000000
4L0P.A.B_A	4L0P.A.B_B	TA140N	0.278455
4L0P.A.B_A	4L0P.A.B_B	TA76Q	1.472188
4LRX.AB.CD_AB	4LRX.AB.CD_CD	HA56N	0.325876
4MNQ.ABC.DE_ABC	4MNQ.ABC.DE_DE	KA380A	4.935637
4MNQ.ABC.DE_ABC	4MNQ.ABC.DE_DE	LA382A	4.148980
4MNQ.ABC.DE_ABC	4MNQ.ABC.DE_DE	AB93S,LB94G,PB95T,GB97K	0.923126
4MNQ.ABC.DE_ABC	4MNQ.ABC.DE_DE	HB250W,PB251E,EB252F,YB253E	0.259645
4MNQ.ABC.DE_ABC	4MNQ.ABC.DE_DE	HB250W,PB251E,EB252F,YB253E,AB93S,LB94G,PB95T,GB97K	0.897640
4MNQ.ABC.DE_ABC	4MNQ.ABC.DE_DE	IB249V,HB250G,PB251A,EB252G,YB253I	1.519609
4MNQ.ABC.DE_ABC	4MNQ.ABC.DE_DE	IB249V,HB250G,PB251A,EB252G,YB253I,AB93S,LB94G,PB95T,GB97K	5.821152
4MNQ.ABC.DE_ABC	4MNQ.ABC.DE_DE	KA380A,AB93S,LB94G,PB95T,GB97K	3.632457
4MNQ.ABC.DE_ABC	4MNQ.ABC.DE_DE	KA380A,HB250W,PB251E,EB252F,YB253E	4.942732
4MNQ.ABC.DE_ABC	4MNQ.ABC.DE_DE	KA380A,IB249V,HB250G,PB251A,EB252G,YB253I	4.247952
4MNQ.ABC.DE_ABC	4MNQ.ABC.DE_DE	LA382A,AB93S,LB94G,PB95T,GB97K	5.102495
4MNQ.ABC.DE_ABC	4MNQ.ABC.DE_DE	LA382A,HB250W,PB251E,EB252F,YB253E	4.389199
4MNQ.ABC.DE_ABC	4MNQ.ABC.DE_DE	LA382A,HB250W,PB251E,EB252F,YB253E,AB93S,LB94G,PB95T,GB97K	5.426296
4MNQ.ABC.DE_ABC	4MNQ.ABC.DE_DE	LA382A,IB249V,HB250G,PB251A,EB252G,YB253I	4.669893
4MYW.A.B_A	4MYW.A.B_B	IB48A	2.573214
4MYW.A.B_A	4MYW.A.B_B	TB31A,QB32A,EB93A,NB101A	-0.529820
4N8V.G.ABC_G	4N8V.G.ABC_ABC	KA38A	0.588058
4N8V.G.ABC_G	4N8V.G.ABC_ABC	PA10A	-0.216674
4N8V.G.ABC_G	4N8V.G.ABC_ABC	YA124A	0.120342
4N8V.G.ABC_G	4N8V.G.ABC_ABC	YA39F	0.515551
4O27.A.B_A	4O27.A.B_B	EB122A	0.301691
4O27.A.B_A	4O27.A.B_B	EB42A	0.371472
4O27.A.B_A	4O27.A.B_B	KA88A	1.024873
4O27.A.B_A	4O27.A.B_B	YA215A	1.195311
4OFY.A.D_A	4OFY.A.D_D	DA38A	0.548853
4OFY.A.D_A	4OFY.A.D_D	EA88A	0.282208
4OFY.A.D_A	4OFY.A.D_D	FA40A	4.604454
4OFY.A.D_A	4OFY.A.D_D	LB42A	2.567862
4OFY.A.D_A	4OFY.A.D_D	MA36A	0.084111
4OFY.A.D_A	4OFY.A.D_D	QA34A	1.176756
4OFY.A.D_A	4OFY.A.D_D	QA85A	1.733235
4OFY.A.D_A	4OFY.A.D_D	QB34A	2.870501
4OFY.A.D_A	4OFY.A.D_D	QB86A	4.645329
4OFY.A.D_A	4OFY.A.D_D	RB96A	3.421207
4OFY.A.D_A	4OFY.A.D_D	SA87A	0.142159
4OFY.A.D_A	4OFY.A.D_D	QA34A,FA40A	4.140707
4OFY.A.D_A	4OFY.A.D_D	QA34A,MA36A,FA40A,SA87A	4.461577
4P5T.CD.AB_CD	4P5T.CD.AB_AB	DA192A	0.000000
4P5T.CD.AB_CD	4P5T.CD.AB_AB	DA263A	0.000000
4P5T.CD.AB_CD	4P5T.CD.AB_AB	DA56A	0.617011
4P5T.CD.AB_CD	4P5T.CD.AB_AB	EA181A	1.061531
4P5T.CD.AB_CD	4P5T.CD.AB_AB	EA246A	0.240219
4P5T.CD.AB_CD	4P5T.CD.AB_AB	EA253A	0.617011
4P5T.CD.AB_CD	4P5T.CD.AB_AB	EA256A	1.009981
4P5T.CD.AB_CD	4P5T.CD.AB_AB	EA271A	0.000000
4P5T.CD.AB_CD	4P5T.CD.AB_AB	FA180A	0.000000
4P5T.CD.AB_CD	4P5T.CD.AB_AB	HA268A	0.796098
4P5T.CD.AB_CD	4P5T.CD.AB_AB	HA69A	1.009981
4P5T.CD.AB_CD	4P5T.CD.AB_AB	IA254A	0.091327
4P5T.CD.AB_CD	4P5T.CD.AB_AB	KA184A	1.991546
4P5T.CD.AB_CD	4P5T.CD.AB_AB	KA186A	1.549238
4P5T.CD.AB_CD	4P5T.CD.AB_AB	KA189A	0.240219
4P5T.CD.AB_CD	4P5T.CD.AB_AB	KA40A	1.138582
4P5T.CD.AB_CD	4P5T.CD.AB_AB	KA68A	0.991751
4P5T.CD.AB_CD	4P5T.CD.AB_AB	KA76A	0.359106
4P5T.CD.AB_CD	4P5T.CD.AB_AB	LA61A	1.009981
4P5T.CD.AB_CD	4P5T.CD.AB_AB	NA188A	0.000000
4P5T.CD.AB_CD	4P5T.CD.AB_AB	NA63A	1.496373
4P5T.CD.AB_CD	4P5T.CD.AB_AB	PA252A	0.000000
4P5T.CD.AB_CD	4P5T.CD.AB_AB	QA183A	1.654842
4P5T.CD.AB_CD	4P5T.CD.AB_AB	QA251A	0.000000
4P5T.CD.AB_CD	4P5T.CD.AB_AB	QA58A	0.000000
4P5T.CD.AB_CD	4P5T.CD.AB_AB	QA62A	0.000000
4P5T.CD.AB_CD	4P5T.CD.AB_AB	RA257A	2.074497
4P5T.CD.AB_CD	4P5T.CD.AB_AB	RA259A	0.000000
4P5T.CD.AB_CD	4P5T.CD.AB_AB	RA267A	0.000000
4P5T.CD.AB_CD	4P5T.CD.AB_AB	SA250A	0.000000
4P5T.CD.AB_CD	4P5T.CD.AB_AB	TA264A	0.821313
4P5T.CD.AB_CD	4P5T.CD.AB_AB	VA191A	0.091327
4P5T.CD.AB_CD	4P5T.CD.AB_AB	VA66A	0.868734
4P5T.CD.AB_CD	4P5T.CD.AB_AB	VA73A	0.000000
4P5T.CD.AB_CD	4P5T.CD.AB_AB	YA247A	0.170438
4UYP.A.D_A	4UYP.A.D_D	AB18F,AB54F,SB15I,IB16N	4.680967
4UYP.A.D_A	4UYP.A.D_D	DB23Q,DB59Q,SB15I,IB16N	4.472781
4UYP.A.D_A	4UYP.A.D_D	IB51S,IB16N	1.974171
4UYP.A.D_A	4UYP.A.D_D	IB51S,NB52I,SB15I,IB16N	-0.211313
4UYP.A.D_A	4UYP.A.D_D	LB20Y,LB56Y,SB15I,IB16N	0.240219
4UYP.A.D_A	4UYP.A.D_D	NB52I,SB15I	3.837295
4UYP.A.D_A	4UYP.A.D_D	RB14N,KB50N,SB15I,IB16N	0.689111
4UYP.A.D_A	4UYP.A.D_D	SB15I,IB16N	-0.255218
4UYQ.A.B_A	4UYQ.A.B_B	AB18F,AB54F,SB51I,IB52N	4.892280
4UYQ.A.B_A	4UYQ.A.B_B	DB23Q,DB59Q,SB51I,IB52N	4.684094
4UYQ.A.B_A	4UYQ.A.B_B	IB15S,IB52N	2.185484
4UYQ.A.B_A	4UYQ.A.B_B	IB15S,NB16I,SB51I,IB52N	0.211313
4UYQ.A.B_A	4UYQ.A.B_B	LB20Y,LB56Y,SB51I,IB52N	0.451531
4UYQ.A.B_A	4UYQ.A.B_B	NB16I,SB51I	4.048608
4UYQ.A.B_A	4UYQ.A.B_B	RB14N,KB50N,SB51I,IB52N	0.900424
4UYQ.A.B_A	4UYQ.A.B_B	SB51I,IB52N	-0.043905
4X4M.AB.E_AB	4X4M.AB.E_E	HB154A	0.383096
4X4M.AB.E_AB	4X4M.AB.E_E	HB154E	1.985130
4X4M.AB.E_AB	4X4M.AB.E_E	KB153A	0.639547
4X4M.AB.E_AB	4X4M.AB.E_E	KB153E	0.953515
4X4M.AB.E_AB	4X4M.AB.E_E	RB155A	1.740171
4X4M.AB.E_AB	4X4M.AB.E_E	RB155E	0.641830
4X4M.AB.E_AB	4X4M.AB.E_E	KB153A,HB154A,RB155A	1.788142
4Y61.A.B_A	4Y61.A.B_B	RB86A	-0.193053
4Y61.A.B_A	4Y61.A.B_B	YA246A	-0.078161
4Y61.A.B_A	4Y61.A.B_B	FB219A,HB222A	0.289174
4YH7.A.B_A	4YH7.A.B_B	DB258A	1.591076
4YH7.A.B_A	4YH7.A.B_B	DB7A	1.642626
4YH7.A.B_A	4YH7.A.B_B	RA169A	1.438324
4YH7.A.B_A	4YH7.A.B_B	RA48A	1.733953
4YH7.A.B_A	4YH7.A.B_B	YA246A	1.034597
4YH7.A.B_A	4YH7.A.B_B	EA207G,LA208S,RA209S,EA210G	-0.040875
4YH7.A.B_A	4YH7.A.B_B	EA207Q,RA209E,EA210Q	0.038236
4YH7.A.B_A	4YH7.A.B_B	MB45A,YB47A,PB58A,FB61A	1.733953
4ZS6.HL.A_HL	4ZS6.HL.A_A	EB156A	3.040027
4ZS6.HL.A_HL	4ZS6.HL.A_A	YB160A	-0.110300
5CXB.A.B_A	5CXB.A.B_B	EB49D	0.365061
5CXB.A.B_A	5CXB.A.B_B	RB54A	0.564404
5CXB.A.B_A	5CXB.A.B_B	RB54E	2.680372
5CXB.A.B_A	5CXB.A.B_B	TB52Q	0.062421
5CXB.A.B_A	5CXB.A.B_B	VB56W	0.564404
5CYK.A.B_A	5CYK.A.B_B	EB52A	-2.115968
5CYK.A.B_A	5CYK.A.B_B	EB52R	-2.680372
5CYK.A.B_A	5CYK.A.B_B	EB52R,EB47D	-2.315311
5CYK.A.B_A	5CYK.A.B_B	EB52R,TB50Q	-2.617951
5CYK.A.B_A	5CYK.A.B_B	EB52R,VB54W	-2.115968
5E9D.AB.CDE_AB	5E9D.AB.CDE_CDE	AB218Y	-0.899806
5E9D.AB.CDE_AB	5E9D.AB.CDE_CDE	GB37E	-0.479357
5E9D.AB.CDE_AB	5E9D.AB.CDE_CDE	KB106Q	0.187488
5E9D.AB.CDE_AB	5E9D.AB.CDE_CDE	NB147G	0.275202
5E9D.AB.CDE_AB	5E9D.AB.CDE_CDE	SB60G	-0.035647
5E9D.AB.CDE_AB	5E9D.AB.CDE_CDE	TB100Q	-0.573930
5E9D.AB.CDE_AB	5E9D.AB.CDE_CDE	VB169D	-0.432683
5E9D.AB.CDE_AB	5E9D.AB.CDE_CDE	YB59W	-0.349101
5E9D.AB.CDE_AB	5E9D.AB.CDE_CDE	GB37E,AB218Y	-1.310463
5E9D.AB.CDE_AB	5E9D.AB.CDE_CDE	GB37E,TB100Q	-1.550681
5E9D.AB.CDE_AB	5E9D.AB.CDE_CDE	GB37E,TB100Q,AB218Y	-2.475290
5E9D.AB.CDE_AB	5E9D.AB.CDE_CDE	GB37E,TB100Q,VB169D,AB218E	-2.636398
5E9D.AB.CDE_AB	5E9D.AB.CDE_CDE	GB37E,VB169D	-1.202446
5E9D.AB.CDE_AB	5E9D.AB.CDE_CDE	GB37R,TB100Q,VB169E,AB218D	-3.126165
5E9D.AB.CDE_AB	5E9D.AB.CDE_CDE	GB37R,TB100Q,VB169E,AB218V	-2.759414
5E9D.AB.CDE_AB	5E9D.AB.CDE_CDE	TB100Q,AB218Y	-1.272227
5F4E.A.B_A	5F4E.A.B_B	DA51A	0.109688
5F4E.A.B_A	5F4E.A.B_B	EA50A	0.288412
5F4E.A.B_A	5F4E.A.B_B	EA50K	0.415656
5F4E.A.B_A	5F4E.A.B_B	EB26A	1.449152
5F4E.A.B_A	5F4E.A.B_B	EB26K	2.286768
5F4E.A.B_A	5F4E.A.B_B	HA136A	2.025004
5F4E.A.B_A	5F4E.A.B_B	KB139A	0.294551
5F4E.A.B_A	5F4E.A.B_B	KB139E	0.485990
5F4E.A.B_A	5F4E.A.B_B	LB62A	2.985065
5F4E.A.B_A	5F4E.A.B_B	QA109A	-0.030918
5F4E.A.B_A	5F4E.A.B_B	RA139A	1.490317
5F4E.A.B_A	5F4E.A.B_B	RA139E	2.143891
5F4E.A.B_A	5F4E.A.B_B	WB43A	1.073132
5M2O.A.B_A	5M2O.A.B_B	EA80A	0.699855
5M2O.A.B_A	5M2O.A.B_B	HA117A	0.883034
5M2O.A.B_A	5M2O.A.B_B	IB17A	2.026362
5M2O.A.B_A	5M2O.A.B_B	KA73A	-0.757076
5M2O.A.B_A	5M2O.A.B_B	KB32A	1.063626
5M2O.A.B_A	5M2O.A.B_B	LA75A	1.627034
5M2O.A.B_A	5M2O.A.B_B	LB65A	0.850652
5M2O.A.B_A	5M2O.A.B_B	NA120A	0.449897
5M2O.A.B_A	5M2O.A.B_B	NA64A	0.041853
5M2O.A.B_A	5M2O.A.B_B	NA71A	0.154846
5M2O.A.B_A	5M2O.A.B_B	QB25A	1.144911
5M2O.A.B_A	5M2O.A.B_B	QB61A	-0.157751
5M2O.A.B_A	5M2O.A.B_B	SB18A	0.047045
5M2O.A.B_A	5M2O.A.B_B	VB21A	2.443841
5M2O.A.B_A	5M2O.A.B_B	EA80A,HA117A	2.529977
5M2O.A.B_A	5M2O.A.B_B	EA80A,NA120A	1.210967
5M2O.A.B_A	5M2O.A.B_B	HA117A,NA120A	2.338982
5M2O.A.B_A	5M2O.A.B_B	NA71A,EA80A	1.028942
5M2O.A.B_A	5M2O.A.B_B	NA71A,HA117A	2.286818
5M2O.A.B_A	5M2O.A.B_B	NA71A,NA120A	2.459463
5M2O.A.B_A	5M2O.A.B_B	VB21A,QB25A	3.317599
5UFQ.A.C_A	5UFQ.A.C_C	DA12C	0.982421
5UFQ.A.C_A	5UFQ.A.C_C	DA12G	1.273908
5UFQ.A.C_A	5UFQ.A.C_C	DA12V	0.650875
5UFQ.A.C_A	5UFQ.A.C_C	DA12G,QB25R,KB55G	1.513885
5UFQ.A.C_A	5UFQ.A.C_C	QB25R,KB55G	0.246358
