1A22.A.B_A	1A22.A.B_B	CA171A	1.019411
1A22.A.B_A	1A22.A.B_B	CB67A	0.000000
1A22.A.B_A	1A22.A.B_B	CB81A	0.000000
1A22.A.B_A	1A22.A.B_B	DA160A	0.974370
1A22.A.B_A	1A22.A.B_B	DA26A	-0.211313
1A22.A.B_A	1A22.A.B_B	DB119A	1.531305
1A22.A.B_A	1A22.A.B_B	DB160A	-0.046188
1A22.A.B_A	1A22.A.B_B	DB85A	0.984745
1A22.A.B_A	1A22.A.B_B	DB91A	1.085717
1A22.A.B_A	1A22.A.B_B	EA163A	-0.910037
1A22.A.B_A	1A22.A.B_B	EA175A	-0.074272
1A22.A.B_A	1A22.A.B_B	EA56A	0.624571
1A22.A.B_A	1A22.A.B_B	EA65A	-0.393725
1A22.A.B_A	1A22.A.B_B	EA66A	0.436234
1A22.A.B_A	1A22.A.B_B	EB10A	0.705528
1A22.A.B_A	1A22.A.B_B	EB128A	0.082802
1A22.A.B_A	1A22.A.B_B	EB12A	1.373793
1A22.A.B_A	1A22.A.B_B	EB130A	-0.079111
1A22.A.B_A	1A22.A.B_B	EB135A	0.199344
1A22.A.B_A	1A22.A.B_B	EB162A	-0.079111
1A22.A.B_A	1A22.A.B_B	EB164A	-0.062421
1A22.A.B_A	1A22.A.B_B	EB179A	0.108017
1A22.A.B_A	1A22.A.B_B	EB34A	-0.098667
1A22.A.B_A	1A22.A.B_B	EB38A	-0.079111
1A22.A.B_A	1A22.A.B_B	EB41A	0.783077
1A22.A.B_A	1A22.A.B_B	EB50A	0.177798
1A22.A.B_A	1A22.A.B_B	EB79A	-0.202294
1A22.A.B_A	1A22.A.B_B	EB86A	0.786411
1A22.A.B_A	1A22.A.B_B	FA10A	1.049799
1A22.A.B_A	1A22.A.B_B	FA165A	1.024455
1A22.A.B_A	1A22.A.B_B	FA165Y	1.269933
1A22.A.B_A	1A22.A.B_B	FA180A	0.191828
1A22.A.B_A	1A22.A.B_B	FA25A	-0.423821
1A22.A.B_A	1A22.A.B_B	FA54A	0.879362
1A22.A.B_A	1A22.A.B_B	FB55S	-0.041053
1A22.A.B_A	1A22.A.B_B	FB59A	-0.015000
1A22.A.B_A	1A22.A.B_B	GA176A	0.346296
1A22.A.B_A	1A22.A.B_B	HA18A	-0.346373
1A22.A.B_A	1A22.A.B_B	HA21A	0.155438
1A22.A.B_A	1A22.A.B_B	IA168A	0.698028
1A22.A.B_A	1A22.A.B_B	IA4A	0.410656
1A22.A.B_A	1A22.A.B_B	IA58A	1.659799
1A22.A.B_A	1A22.A.B_B	IA58L	0.316418
1A22.A.B_A	1A22.A.B_B	IB120A	2.154394
1A22.A.B_A	1A22.A.B_B	IB62A	1.272705
1A22.A.B_A	1A22.A.B_B	IB64A	1.350494
1A22.A.B_A	1A22.A.B_B	IB87A	0.588454
1A22.A.B_A	1A22.A.B_B	KA157A	-0.052375
1A22.A.B_A	1A22.A.B_B	KA161A	1.779152
1A22.A.B_A	1A22.A.B_B	KA70A	0.521570
1A22.A.B_A	1A22.A.B_B	KB122A	-0.008843
1A22.A.B_A	1A22.A.B_B	KB134A	0.000000
1A22.A.B_A	1A22.A.B_B	KB158A	0.240219
1A22.A.B_A	1A22.A.B_B	KB161A	0.199344
1A22.A.B_A	1A22.A.B_B	KB170A	0.642630
1A22.A.B_A	1A22.A.B_B	KB40A	0.143934
1A22.A.B_A	1A22.A.B_B	KB69A	0.042847
1A22.A.B_A	1A22.A.B_B	KB80A	0.079457
1A22.A.B_A	1A22.A.B_B	LA15A	0.152751
1A22.A.B_A	1A22.A.B_B	LA45A	1.224517
1A22.A.B_A	1A22.A.B_B	LA6A	0.639143
1A22.A.B_A	1A22.A.B_B	LA73A	-0.206355
1A22.A.B_A	1A22.A.B_B	LA9A	-0.035917
1A22.A.B_A	1A22.A.B_B	MA14A	0.234353
1A22.A.B_A	1A22.A.B_B	NA12A	0.096285
1A22.A.B_A	1A22.A.B_B	NA63A	0.510328
1A22.A.B_A	1A22.A.B_B	NB173A	0.287041
1A22.A.B_A	1A22.A.B_B	NB31A	0.003612
1A22.A.B_A	1A22.A.B_B	NB56A	-0.255218
1A22.A.B_A	1A22.A.B_B	PA2A	-0.054727
1A22.A.B_A	1A22.A.B_B	PA48A	0.410656
1A22.A.B_A	1A22.A.B_B	PA59A	0.383925
1A22.A.B_A	1A22.A.B_B	PA5A	0.436234
1A22.A.B_A	1A22.A.B_B	PA61A	1.209325
1A22.A.B_A	1A22.A.B_B	PB65A	2.966264
1A22.A.B_A	1A22.A.B_B	PB9A	0.259645
1A22.A.B_A	1A22.A.B_B	QA170A	0.274082
1A22.A.B_A	1A22.A.B_B	QA22A	-0.219837
1A22.A.B_A	1A22.A.B_B	QA29A	-0.589047
1A22.A.B_A	1A22.A.B_B	QA46A	0.108017
1A22.A.B_A	1A22.A.B_B	QA68A	0.787916
1A22.A.B_A	1A22.A.B_B	QA69A	-0.054727
1A22.A.B_A	1A22.A.B_B	QB121A	0.008587
1A22.A.B_A	1A22.A.B_B	QB171A	0.884437
1A22.A.B_A	1A22.A.B_B	QB33A	-0.193698
1A22.A.B_A	1A22.A.B_B	QB37A	-0.410656
1A22.A.B_A	1A22.A.B_B	QB89A	-0.030389
1A22.A.B_A	1A22.A.B_B	RA156A	0.059761
1A22.A.B_A	1A22.A.B_B	RA167A	2.425703
1A22.A.B_A	1A22.A.B_B	RA167K	0.953515
1A22.A.B_A	1A22.A.B_B	RA167N	1.269933
1A22.A.B_A	1A22.A.B_B	RA16A	0.240219
1A22.A.B_A	1A22.A.B_B	RA172A	0.489546
1A22.A.B_A	1A22.A.B_B	RA19A	0.050096
1A22.A.B_A	1A22.A.B_B	RA64A	1.721932
1A22.A.B_A	1A22.A.B_B	RA64K	-0.314372
1A22.A.B_A	1A22.A.B_B	RA8A	0.204301
1A22.A.B_A	1A22.A.B_B	RB11A	1.524245
1A22.A.B_A	1A22.A.B_B	RB11L	0.521570
1A22.A.B_A	1A22.A.B_B	RB11M	1.000400
1A22.A.B_A	1A22.A.B_B	RB166A	0.056467
1A22.A.B_A	1A22.A.B_B	RB168A	-0.190523
1A22.A.B_A	1A22.A.B_B	RB172A	0.261142
1A22.A.B_A	1A22.A.B_B	RB29A	0.554108
1A22.A.B_A	1A22.A.B_B	RB30A	0.567586
1A22.A.B_A	1A22.A.B_B	RB7A	0.269124
1A22.A.B_A	1A22.A.B_B	SA173A	-0.054727
1A22.A.B_A	1A22.A.B_B	SA177A	-0.206355
1A22.A.B_A	1A22.A.B_B	SA51A	0.348235
1A22.A.B_A	1A22.A.B_B	SA55A	0.110914
1A22.A.B_A	1A22.A.B_B	SA57A	0.204301
1A22.A.B_A	1A22.A.B_B	SA62A	0.397291
1A22.A.B_A	1A22.A.B_B	SA71A	0.410656
1A22.A.B_A	1A22.A.B_B	SA7A	0.346296
1A22.A.B_A	1A22.A.B_B	SB15A	-0.015000
1A22.A.B_A	1A22.A.B_B	SB174A	0.033864
1A22.A.B_A	1A22.A.B_B	SB57A	-0.168411
1A22.A.B_A	1A22.A.B_B	SB58A	-0.506941
1A22.A.B_A	1A22.A.B_B	SB61A	0.020845
1A22.A.B_A	1A22.A.B_B	SB83A	0.225940
1A22.A.B_A	1A22.A.B_B	TA164A	1.907029
1A22.A.B_A	1A22.A.B_B	TA164S	1.690717
1A22.A.B_A	1A22.A.B_B	TA3A	-0.054727
1A22.A.B_A	1A22.A.B_B	TB149A	0.191049
1A22.A.B_A	1A22.A.B_B	TB150A	-0.108445
1A22.A.B_A	1A22.A.B_B	TB19A	0.069781
1A22.A.B_A	1A22.A.B_B	TB32A	-0.084168
1A22.A.B_A	1A22.A.B_B	TB36A	-0.025458
1A22.A.B_A	1A22.A.B_B	TB60A	1.423664
1A22.A.B_A	1A22.A.B_B	VA169A	0.000000
1A22.A.B_A	1A22.A.B_B	VA174A	0.879362
1A22.A.B_A	1A22.A.B_B	VB126A	-0.670132
1A22.A.B_A	1A22.A.B_B	VB84A	1.142183
1A22.A.B_A	1A22.A.B_B	VB88A	-0.046188
1A22.A.B_A	1A22.A.B_B	WB124A	4.731656
1A22.A.B_A	1A22.A.B_B	WB35A	0.544846
1A22.A.B_A	1A22.A.B_B	WB39A	0.049679
1A22.A.B_A	1A22.A.B_B	WB63A	4.683514
1A22.A.B_A	1A22.A.B_B	WB63F	2.784809
1A22.A.B_A	1A22.A.B_B	YA153A	0.348235
1A22.A.B_A	1A22.A.B_B	YA42A	0.199344
1A22.A.B_A	1A22.A.B_B	YB54A	0.199344
1A22.A.B_A	1A22.A.B_B	DA11A,MA14V,HA18Q,RA19H,FA25A,QA29K,EA33R	0.747160
1A22.A.B_A	1A22.A.B_B	DB107A,RB111A,EB113A	0.314372
1A22.A.B_A	1A22.A.B_B	DB78A,EB79A,KB80A	0.209830
1A22.A.B_A	1A22.A.B_B	EA56D,RA64M	2.003314
1A22.A.B_A	1A22.A.B_B	EA88G,QA91Y,FA92H,RA94T,SA95E	0.191828
1A22.A.B_A	1A22.A.B_B	EB138A,KB140A,KB142A,DB145A	0.120233
1A22.A.B_A	1A22.A.B_B	EB79A,KB80A	-0.344761
1A22.A.B_A	1A22.A.B_B	FA25A,YA42A,QA46A	0.198171
1A22.A.B_A	1A22.A.B_B	FA54H,SA55T,EA56S,IA58L,PA59A,SA62E,NA63D,RA64K,EA66Q,TA67A,KA70M,SA71N,NA72Q,LA73K,EA74D	2.496773
1A22.A.B_A	1A22.A.B_B	FA97R,AA98G,NA99M,SA100Q,LA101D,VA102A,YA103P,GA104E	0.263008
1A22.A.B_A	1A22.A.B_B	KA157A,EA163A	-0.769763
1A22.A.B_A	1A22.A.B_B	KA161A,FA165A	3.780828
1A22.A.B_A	1A22.A.B_B	KB158A,DB160A,KB161A,EB162A,EB164A	1.120238
1A22.A.B_A	1A22.A.B_B	KB2A,KB5A	0.240219
1A22.A.B_A	1A22.A.B_B	NA109D,VA110D,DA112H	0.346296
1A22.A.B_A	1A22.A.B_B	NA12H,FA25L	0.838487
1A22.A.B_A	1A22.A.B_B	NA12R,MA14V,LA15V,RA16L,RA19Y	1.680589
1A22.A.B_A	1A22.A.B_B	NA12R,MA14V,LA15V,RA16L,RA19Y,FA25S,DA26E,QA29S,EA30Q,EA33K	1.398035
1A22.A.B_A	1A22.A.B_B	NB31A,TB32A,QB33A,EB34A	-0.136574
1A22.A.B_A	1A22.A.B_B	NB31A,TB32A,QB33A,EB34A,WB35A,WB39A	0.166065
1A22.A.B_A	1A22.A.B_B	PA48A,TA50A,SA51A,LA52F	0.602485
1A22.A.B_A	1A22.A.B_B	QA22N,FA25S,DA26E,QA29S,EA30Q,EA33K	-0.094238
1A22.A.B_A	1A22.A.B_B	QA46H,NA47D,PA48S,QA49E,LA52F	1.182001
1A22.A.B_A	1A22.A.B_B	QB121A,KB122A,VB126A	-0.872230
1A22.A.B_A	1A22.A.B_B	QB171A,RB172A,NB173A	1.103567
1A22.A.B_A	1A22.A.B_B	RA127D,LA128V,EA129H	0.316418
1A22.A.B_A	1A22.A.B_B	RA156K,DA160H,IA168V,QA170K	1.953914
1A22.A.B_A	1A22.A.B_B	RA64A,DA160A	3.322751
1A22.A.B_A	1A22.A.B_B	RB116A,DB119A,KB122A	-0.062421
1A22.A.B_A	1A22.A.B_B	RB172A,NB173A	0.902598
1A22.A.B_A	1A22.A.B_B	RB29A,RB30A,EB34A	0.953515
1A22.A.B_A	1A22.A.B_B	SA57T,TA60A,SA62T,NA63G,RA64K,EA65D,TA67A,KA70R,NA72D,LA73V	1.680589
1A22.A.B_A	1A22.A.B_B	SB57A,SB61A	-0.569590
1A22.A.B_A	1A22.A.B_B	SB57A,SB61A,EB79A,KB80A	-0.895466
1A22.A.B_A	1A22.A.B_B	SB57A,SB61A,EB79A,KB80A,QB121A,KB122A,VB126A	-1.400088
1A22.A.B_A	1A22.A.B_B	YA111V,LA113I,KA115E,DA116Q,EA118K,EA119R,QA122E,TA123G,GA126L,RA127I,EA129S	0.251723
1A22.A.B_A	1A22.A.B_B	YA42A,QA46A	0.289800
1A4Y.A.B_A	1A4Y.A.B_B	DA435A	3.485544
1A4Y.A.B_A	1A4Y.A.B_B	EA287A	0.100657
1A4Y.A.B_A	1A4Y.A.B_B	EA344A	0.178610
1A4Y.A.B_A	1A4Y.A.B_B	EA401A	0.883734
1A4Y.A.B_A	1A4Y.A.B_B	EB108A	-0.322725
1A4Y.A.B_A	1A4Y.A.B_B	HB114A	0.656829
1A4Y.A.B_A	1A4Y.A.B_B	HB13A	-0.296685
1A4Y.A.B_A	1A4Y.A.B_B	HB84A	0.170438
1A4Y.A.B_A	1A4Y.A.B_B	HB8A	0.904115
1A4Y.A.B_A	1A4Y.A.B_B	IA459A	0.679432
1A4Y.A.B_A	1A4Y.A.B_B	KA320A	-0.309999
1A4Y.A.B_A	1A4Y.A.B_B	KB40G	3.236800
1A4Y.A.B_A	1A4Y.A.B_B	KB40Q	4.252428
1A4Y.A.B_A	1A4Y.A.B_B	NB68A	0.117810
1A4Y.A.B_A	1A4Y.A.B_B	QB12A	0.300265
1A4Y.A.B_A	1A4Y.A.B_B	RA457A	-0.223986
1A4Y.A.B_A	1A4Y.A.B_B	RB31A	0.250522
1A4Y.A.B_A	1A4Y.A.B_B	RB32A	0.910251
1A4Y.A.B_A	1A4Y.A.B_B	RB33A	0.327074
1A4Y.A.B_A	1A4Y.A.B_B	RB5A	2.309282
1A4Y.A.B_A	1A4Y.A.B_B	RB66A	0.202909
1A4Y.A.B_A	1A4Y.A.B_B	RB70A	-0.231932
1A4Y.A.B_A	1A4Y.A.B_B	SA289A	0.042336
1A4Y.A.B_A	1A4Y.A.B_B	WA261A	0.100657
1A4Y.A.B_A	1A4Y.A.B_B	WA263A	1.171374
1A4Y.A.B_A	1A4Y.A.B_B	WA318A	1.500745
1A4Y.A.B_A	1A4Y.A.B_B	WA375A	1.035362
1A4Y.A.B_A	1A4Y.A.B_B	WB89A	0.240219
1A4Y.A.B_A	1A4Y.A.B_B	YA434A	3.262015
1A4Y.A.B_A	1A4Y.A.B_B	YA434F	0.557858
1A4Y.A.B_A	1A4Y.A.B_B	YA437A	0.836312
1A4Y.A.B_A	1A4Y.A.B_B	YA437F	0.245261
1A4Y.A.B_A	1A4Y.A.B_B	KB40G,DA435A	4.107513
1A4Y.A.B_A	1A4Y.A.B_B	KB40G,YA434A,DA435A	6.213886
1A4Y.A.B_A	1A4Y.A.B_B	KB40G,YA434A,YA437A	9.123152
1A4Y.A.B_A	1A4Y.A.B_B	KB40G,YA434F	6.665417
1A4Y.A.B_A	1A4Y.A.B_B	KB40G,YA437A	6.454105
1A4Y.A.B_A	1A4Y.A.B_B	QA430A,VA432A	0.072214
1A4Y.A.B_A	1A4Y.A.B_B	RB5A,DA435A	6.773434
1A4Y.A.B_A	1A4Y.A.B_B	RB5A,YA434A	6.979789
1A4Y.A.B_A	1A4Y.A.B_B	RB5A,YA434A,DA435A	10.107056
1A4Y.A.B_A	1A4Y.A.B_B	RB5A,YA434A,YA437A	8.531572
1A4Y.A.B_A	1A4Y.A.B_B	WA438A,SA439A,EA440A	1.785699
1A4Y.A.B_A	1A4Y.A.B_B	YA434A,DA435A	6.820856
1A4Y.A.B_A	1A4Y.A.B_B	YA434A,YA437A	6.645332
1AO7.ABC.DE_ABC	1AO7.ABC.DE_DE	AA149G	-0.154496
1AO7.ABC.DE_ABC	1AO7.ABC.DE_DE	AA150G	0.061950
1AO7.ABC.DE_ABC	1AO7.ABC.DE_DE	AA150P	1.003967
1AO7.ABC.DE_ABC	1AO7.ABC.DE_DE	AA158G	0.311991
1AO7.ABC.DE_ABC	1AO7.ABC.DE_DE	AA69G	1.366800
1AO7.ABC.DE_ABC	1AO7.ABC.DE_DE	AB165P	-0.325517
1AO7.ABC.DE_ABC	1AO7.ABC.DE_DE	AB211K	0.061574
1AO7.ABC.DE_ABC	1AO7.ABC.DE_DE	AB211M	-0.310481
1AO7.ABC.DE_ABC	1AO7.ABC.DE_DE	DA61A	0.379559
1AO7.ABC.DE_ABC	1AO7.ABC.DE_DE	DB26A	0.979000
1AO7.ABC.DE_ABC	1AO7.ABC.DE_DE	DB26M	0.211313
1AO7.ABC.DE_ABC	1AO7.ABC.DE_DE	DB26V	1.364171
1AO7.ABC.DE_ABC	1AO7.ABC.DE_DE	DB26W	-1.080450
1AO7.ABC.DE_ABC	1AO7.ABC.DE_DE	DB93A	0.779626
1AO7.ABC.DE_ABC	1AO7.ABC.DE_DE	DB93N	2.459521
1AO7.ABC.DE_ABC	1AO7.ABC.DE_DE	EA154A	0.361549
1AO7.ABC.DE_ABC	1AO7.ABC.DE_DE	EA166A	2.200084
1AO7.ABC.DE_ABC	1AO7.ABC.DE_DE	EA55A	0.855644
1AO7.ABC.DE_ABC	1AO7.ABC.DE_DE	EA58A	-0.487530
1AO7.ABC.DE_ABC	1AO7.ABC.DE_DE	EA63A	0.158537
1AO7.ABC.DE_ABC	1AO7.ABC.DE_DE	EB143A	2.022149
1AO7.ABC.DE_ABC	1AO7.ABC.DE_DE	GB212S	-0.326497
1AO7.ABC.DE_ABC	1AO7.ABC.DE_DE	GB213A	-1.091030
1AO7.ABC.DE_ABC	1AO7.ABC.DE_DE	GB213P	0.449733
1AO7.ABC.DE_ABC	1AO7.ABC.DE_DE	GB28A	0.542858
1AO7.ABC.DE_ABC	1AO7.ABC.DE_DE	GB28I	-0.279584
1AO7.ABC.DE_ABC	1AO7.ABC.DE_DE	GB28L	-0.466841
1AO7.ABC.DE_ABC	1AO7.ABC.DE_DE	GB28M	-0.518673
1AO7.ABC.DE_ABC	1AO7.ABC.DE_DE	GB28R	2.317686
1AO7.ABC.DE_ABC	1AO7.ABC.DE_DE	GB28T	-0.759230
1AO7.ABC.DE_ABC	1AO7.ABC.DE_DE	GB28V	0.542858
1AO7.ABC.DE_ABC	1AO7.ABC.DE_DE	HA151A	-0.302640
1AO7.ABC.DE_ABC	1AO7.ABC.DE_DE	HA70A	3.155595
1AO7.ABC.DE_ABC	1AO7.ABC.DE_DE	HA74A	1.604390
1AO7.ABC.DE_ABC	1AO7.ABC.DE_DE	IB167R	1.364171
1AO7.ABC.DE_ABC	1AO7.ABC.DE_DE	KA146A	0.462206
1AO7.ABC.DE_ABC	1AO7.ABC.DE_DE	KA66A	2.627111
1AO7.ABC.DE_ABC	1AO7.ABC.DE_DE	KA68A	0.193545
1AO7.ABC.DE_ABC	1AO7.ABC.DE_DE	KB66A	1.211536
1AO7.ABC.DE_ABC	1AO7.ABC.DE_DE	KB66H	0.953515
1AO7.ABC.DE_ABC	1AO7.ABC.DE_DE	KB97P	-0.267779
1AO7.ABC.DE_ABC	1AO7.ABC.DE_DE	LA375A	0.939034
1AO7.ABC.DE_ABC	1AO7.ABC.DE_DE	NB52A	0.354919
1AO7.ABC.DE_ABC	1AO7.ABC.DE_DE	PB215A	1.157746
1AO7.ABC.DE_ABC	1AO7.ABC.DE_DE	QA155A	0.231625
1AO7.ABC.DE_ABC	1AO7.ABC.DE_DE	QA43A	0.028906
1AO7.ABC.DE_ABC	1AO7.ABC.DE_DE	QA72A	0.186956
1AO7.ABC.DE_ABC	1AO7.ABC.DE_DE	QB30E	0.410656
1AO7.ABC.DE_ABC	1AO7.ABC.DE_DE	QB30L	1.685457
1AO7.ABC.DE_ABC	1AO7.ABC.DE_DE	QB30N	0.713296
1AO7.ABC.DE_ABC	1AO7.ABC.DE_DE	QB30V	-0.092118
1AO7.ABC.DE_ABC	1AO7.ABC.DE_DE	RA170A	-0.076653
1AO7.ABC.DE_ABC	1AO7.ABC.DE_DE	RA65A	3.043512
1AO7.ABC.DE_ABC	1AO7.ABC.DE_DE	RA75A	0.534724
1AO7.ABC.DE_ABC	1AO7.ABC.DE_DE	RB207A	0.389991
1AO7.ABC.DE_ABC	1AO7.ABC.DE_DE	RB214A	0.064695
1AO7.ABC.DE_ABC	1AO7.ABC.DE_DE	RB214P	-1.941686
1AO7.ABC.DE_ABC	1AO7.ABC.DE_DE	RB214Q	0.410656
1AO7.ABC.DE_ABC	1AO7.ABC.DE_DE	RB27A	0.490461
1AO7.ABC.DE_ABC	1AO7.ABC.DE_DE	RB27F	-0.199344
1AO7.ABC.DE_ABC	1AO7.ABC.DE_DE	RB27P	0.308001
1AO7.ABC.DE_ABC	1AO7.ABC.DE_DE	SB29A	0.302640
1AO7.ABC.DE_ABC	1AO7.ABC.DE_DE	SB31A	0.846152
1AO7.ABC.DE_ABC	1AO7.ABC.DE_DE	SB51M	-0.377734
1AO7.ABC.DE_ABC	1AO7.ABC.DE_DE	SB94A	-0.237595
1AO7.ABC.DE_ABC	1AO7.ABC.DE_DE	SB94N	1.907029
1AO7.ABC.DE_ABC	1AO7.ABC.DE_DE	SB94T	-0.493487
1AO7.ABC.DE_ABC	1AO7.ABC.DE_DE	SB94Y	2.317686
1AO7.ABC.DE_ABC	1AO7.ABC.DE_DE	TA163A	0.581570
1AO7.ABC.DE_ABC	1AO7.ABC.DE_DE	TA64A	-0.076041
1AO7.ABC.DE_ABC	1AO7.ABC.DE_DE	TA73A	0.766695
1AO7.ABC.DE_ABC	1AO7.ABC.DE_DE	TA80A	0.075735
1AO7.ABC.DE_ABC	1AO7.ABC.DE_DE	TB91A	0.957615
1AO7.ABC.DE_ABC	1AO7.ABC.DE_DE	TB92A	1.946656
1AO7.ABC.DE_ABC	1AO7.ABC.DE_DE	VA152A	-0.194249
1AO7.ABC.DE_ABC	1AO7.ABC.DE_DE	VA381R	1.225423
1AO7.ABC.DE_ABC	1AO7.ABC.DE_DE	VA67A	-0.558203
1AO7.ABC.DE_ABC	1AO7.ABC.DE_DE	VA76A	0.596872
1AO7.ABC.DE_ABC	1AO7.ABC.DE_DE	WA167A	1.313164
1AO7.ABC.DE_ABC	1AO7.ABC.DE_DE	WB95A	2.224471
1AO7.ABC.DE_ABC	1AO7.ABC.DE_DE	YA159A	3.245335
1AO7.ABC.DE_ABC	1AO7.ABC.DE_DE	YA379A	1.586162
1AO7.ABC.DE_ABC	1AO7.ABC.DE_DE	YA379F	0.086851
1AO7.ABC.DE_ABC	1AO7.ABC.DE_DE	YA379W	0.889024
1AO7.ABC.DE_ABC	1AO7.ABC.DE_DE	YA382A	3.167533
1AO7.ABC.DE_ABC	1AO7.ABC.DE_DE	YB50A	0.491139
1AO7.ABC.DE_ABC	1AO7.ABC.DE_DE	AB211M,GB212S	-1.044842
1AO7.ABC.DE_ABC	1AO7.ABC.DE_DE	AB211M,GB212S,GB213A	-3.546847
1AO7.ABC.DE_ABC	1AO7.ABC.DE_DE	AB211M,GB212S,GB213A,RB214E	-3.903845
1AO7.ABC.DE_ABC	1AO7.ABC.DE_DE	AB211M,GB212S,GB213A,RB214Q	-3.941193
1AO7.ABC.DE_ABC	1AO7.ABC.DE_DE	DB26A,EA58A	0.749596
1AO7.ABC.DE_ABC	1AO7.ABC.DE_DE	DB26W,AB211M,GB212S,GB213A,RB214Q	-4.038617
1AO7.ABC.DE_ABC	1AO7.ABC.DE_DE	DB26W,GB28M,SB51M,SB94T	-1.078705
1AO7.ABC.DE_ABC	1AO7.ABC.DE_DE	DB26W,GB28T,SB51M,SB94T	-1.237639
1AO7.ABC.DE_ABC	1AO7.ABC.DE_DE	DB26W,RB27F,GB28T,SB51M,SB94T	-2.014892
1AO7.ABC.DE_ABC	1AO7.ABC.DE_DE	DB26W,RB27F,GB28T,SB51M,SB94T,KB97P,AB165P,RB214P	-4.622057
1AO7.ABC.DE_ABC	1AO7.ABC.DE_DE	DB26W,RB27F,GB28T,SB51M,SB94T,RB214P	-3.373856
1AO7.ABC.DE_ABC	1AO7.ABC.DE_DE	DB26W,RB27F,SB51M,AB211M,GB212S,GB213A,RB214Q	-3.710763
1AO7.ABC.DE_ABC	1AO7.ABC.DE_DE	DB26W,RB27F,SB51M,SB94T	-2.717164
1AO7.ABC.DE_ABC	1AO7.ABC.DE_DE	DB26W,RB27F,SB51M,SB94T,AB211M,GB212S,GB213A,RB214Q	-3.451118
1AO7.ABC.DE_ABC	1AO7.ABC.DE_DE	DB26W,RB27F,SB51M,SB94T,VA381R	-1.393077
1AO7.ABC.DE_ABC	1AO7.ABC.DE_DE	DB93A,QA72A	1.060843
1AO7.ABC.DE_ABC	1AO7.ABC.DE_DE	DB93N,RA65A	3.084350
1AO7.ABC.DE_ABC	1AO7.ABC.DE_DE	EA63Q,KA66A	1.130372
1AO7.ABC.DE_ABC	1AO7.ABC.DE_DE	EA63Q,QB30V	-0.006823
1AO7.ABC.DE_ABC	1AO7.ABC.DE_DE	EA63Q,QB30V,KA66A	1.855068
1AO7.ABC.DE_ABC	1AO7.ABC.DE_DE	EB143A,YA382A	3.425438
1AO7.ABC.DE_ABC	1AO7.ABC.DE_DE	GB212S,GB213A,RB214E	-3.454111
1AO7.ABC.DE_ABC	1AO7.ABC.DE_DE	GB213A,RB214Q	-1.563515
1AO7.ABC.DE_ABC	1AO7.ABC.DE_DE	GB28I,SB94A	-0.383096
1AO7.ABC.DE_ABC	1AO7.ABC.DE_DE	GB28I,SB94T	-0.899618
1AO7.ABC.DE_ABC	1AO7.ABC.DE_DE	GB28L,SB94A	-0.508603
1AO7.ABC.DE_ABC	1AO7.ABC.DE_DE	GB28L,SB94T	-1.028609
1AO7.ABC.DE_ABC	1AO7.ABC.DE_DE	GB28M,SB51M,SB94T	-2.126458
1AO7.ABC.DE_ABC	1AO7.ABC.DE_DE	GB28M,SB94A	-0.804623
1AO7.ABC.DE_ABC	1AO7.ABC.DE_DE	GB28M,SB94T	-1.747267
1AO7.ABC.DE_ABC	1AO7.ABC.DE_DE	GB28T,AB211M,GB212S,GB213A	-3.861774
1AO7.ABC.DE_ABC	1AO7.ABC.DE_DE	GB28T,AB211M,GB212S,GB213A,RB214Q	-3.965981
1AO7.ABC.DE_ABC	1AO7.ABC.DE_DE	GB28T,SB51M,SB94T	-1.604390
1AO7.ABC.DE_ABC	1AO7.ABC.DE_DE	KB66A,EA166A	3.033763
1AO7.ABC.DE_ABC	1AO7.ABC.DE_DE	KB66A,TA163A	0.978101
1AO7.ABC.DE_ABC	1AO7.ABC.DE_DE	KB97P,AB165P,RB214P	-1.631951
1AO7.ABC.DE_ABC	1AO7.ABC.DE_DE	KB97P,RB214P	-1.221294
1AO7.ABC.DE_ABC	1AO7.ABC.DE_DE	NB52A,EA166A	3.143156
1AO7.ABC.DE_ABC	1AO7.ABC.DE_DE	PB215A,QA155A	0.930361
1AO7.ABC.DE_ABC	1AO7.ABC.DE_DE	PB215A,YA379A	2.259469
1AO7.ABC.DE_ABC	1AO7.ABC.DE_DE	QB30L,LA375A	2.893427
1AO7.ABC.DE_ABC	1AO7.ABC.DE_DE	QB30V,LA375A	0.723712
1AO7.ABC.DE_ABC	1AO7.ABC.DE_DE	QB30V,YA159A	3.330276
1AO7.ABC.DE_ABC	1AO7.ABC.DE_DE	RB207A,YA379A	1.595050
1AO7.ABC.DE_ABC	1AO7.ABC.DE_DE	RB207A,YA379F	0.605980
1AO7.ABC.DE_ABC	1AO7.ABC.DE_DE	RB214A,YA379A	1.885943
1AO7.ABC.DE_ABC	1AO7.ABC.DE_DE	RB27A,RA170A	1.186508
1AO7.ABC.DE_ABC	1AO7.ABC.DE_DE	RB27F,GB28M,SB51M,SB94T	-1.803733
1AO7.ABC.DE_ABC	1AO7.ABC.DE_DE	RB27F,GB28T,SB51M,SB94T	-1.604390
1AO7.ABC.DE_ABC	1AO7.ABC.DE_DE	SB31A,YA379A	1.709491
1AO7.ABC.DE_ABC	1AO7.ABC.DE_DE	SB31A,YA379F	-0.040546
1AO7.ABC.DE_ABC	1AO7.ABC.DE_DE	SB94A,YA379A	1.861012
1AO7.ABC.DE_ABC	1AO7.ABC.DE_DE	TB91A,YA379A	3.030982
1AO7.ABC.DE_ABC	1AO7.ABC.DE_DE	TB92A,RA65A	2.423471
1AO7.ABC.DE_ABC	1AO7.ABC.DE_DE	WB95A,AA69G	2.905459
1AO7.ABC.DE_ABC	1AO7.ABC.DE_DE	YB50A,QA155A	0.082009
1B2S.A.D_A	1B2S.A.D_D	AA27K	-3.866295
1B2S.A.D_A	1B2S.A.D_D	AB43T	-0.342976
1B2S.A.D_A	1B2S.A.D_D	AA27K,AB43T	-5.723925
1B2U.A.D_A	1B2U.A.D_D	AA27K	-5.046028
1B2U.A.D_A	1B2U.A.D_D	AB36D	-4.168248
1B2U.A.D_A	1B2U.A.D_D	AA27K,AB36D	-9.549198
1B3S.A.D_A	1B3S.A.D_D	AA102H	-5.681903
1B3S.A.D_A	1B3S.A.D_D	FB30Y	0.596094
1B3S.A.D_A	1B3S.A.D_D	AA102H,FB30Y	-5.549702
1B41.A.B_A	1B41.A.B_B	AB12S	0.706960
1B41.A.B_A	1B41.A.B_B	HB29K	-0.887951
1B41.A.B_A	1B41.A.B_B	HB29R	-0.409397
1B41.A.B_A	1B41.A.B_B	KB32R	0.391440
1B41.A.B_A	1B41.A.B_B	LB35W	1.304545
1B41.A.B_A	1B41.A.B_B	MB33F	0.778860
1B41.A.B_A	1B41.A.B_B	MB33L	1.811486
1B41.A.B_A	1B41.A.B_B	MB33Q	1.595926
1B41.A.B_A	1B41.A.B_B	MB33Y	0.706960
1B41.A.B_A	1B41.A.B_B	NB47F	-0.141732
1B41.A.B_A	1B41.A.B_B	NB47R	-0.030389
1B41.A.B_A	1B41.A.B_B	NB47W	0.036658
1B41.A.B_A	1B41.A.B_B	RB11K	0.625112
1B41.A.B_A	1B41.A.B_B	RB27F	2.108171
1B41.A.B_A	1B41.A.B_B	RB27M	1.483632
1B41.A.B_A	1B41.A.B_B	RB27Y	2.396639
1B41.A.B_A	1B41.A.B_B	TB8V	1.136426
1B41.A.B_A	1B41.A.B_B	TB9I	0.024689
1B41.A.B_A	1B41.A.B_B	TB9N	3.610972
1B41.A.B_A	1B41.A.B_B	VB34T	1.214378
1B41.A.B_A	1B41.A.B_B	TB8V,TB9I	0.394686
1B41.A.B_A	1B41.A.B_B	TB8V,TB9N	2.427800
1BD2.ABC.DE_ABC	1BD2.ABC.DE_DE	DB30N	1.937420
1BD2.ABC.DE_ABC	1BD2.ABC.DE_DE	EB218A	2.835139
1BD2.ABC.DE_ABC	1BD2.ABC.DE_DE	EB93A	1.315691
1BD2.ABC.DE_ABC	1BD2.ABC.DE_DE	RA65A	2.499233
1BD2.ABC.DE_ABC	1BD2.ABC.DE_DE	YA379A	3.342017
1BD2.ABC.DE_ABC	1BD2.ABC.DE_DE	YA379F	0.740059
1BD2.ABC.DE_ABC	1BD2.ABC.DE_DE	YA379W	1.928575
1BD2.ABC.DE_ABC	1BD2.ABC.DE_DE	YA382A	2.760374
1BD2.ABC.DE_ABC	1BD2.ABC.DE_DE	YB289A	0.307979
1BD2.ABC.DE_ABC	1BD2.ABC.DE_DE	DB30N,YA379A	1.477002
1BD2.ABC.DE_ABC	1BD2.ABC.DE_DE	DB30N,YA379F	2.499721
1BD2.ABC.DE_ABC	1BD2.ABC.DE_DE	EA63Q,KA66A	1.961498
1BD2.ABC.DE_ABC	1BD2.ABC.DE_DE	EB218A,YA382A	3.966677
1BD2.ABC.DE_ABC	1BD2.ABC.DE_DE	EB93A,RA65A	3.115254
1BD2.ABC.DE_ABC	1BD2.ABC.DE_DE	YB289A,YA379A	2.686992
1BD2.ABC.DE_ABC	1BD2.ABC.DE_DE	YB289A,YA379F	0.894865
1BP3.A.B_A	1BP3.A.B_B	DA167A	0.067783
1BP3.A.B_A	1BP3.A.B_B	DA26E	0.383096
1BP3.A.B_A	1BP3.A.B_B	EA170A	1.831813
1BP3.A.B_A	1BP3.A.B_B	EA182A	0.000000
1BP3.A.B_A	1BP3.A.B_B	EA56A	-0.118888
1BP3.A.B_A	1BP3.A.B_B	EA65A	0.546438
1BP3.A.B_A	1BP3.A.B_B	EA66A	0.067783
1BP3.A.B_A	1BP3.A.B_B	FA10A	0.000000
1BP3.A.B_A	1BP3.A.B_B	FA172A	1.927937
1BP3.A.B_A	1BP3.A.B_B	FA25A	1.150288
1BP3.A.B_A	1BP3.A.B_B	FA54A	0.209515
1BP3.A.B_A	1BP3.A.B_B	GA183A	0.000000
1BP3.A.B_A	1BP3.A.B_B	HA18A	1.549382
1BP3.A.B_A	1BP3.A.B_B	HA21A	1.247039
1BP3.A.B_A	1BP3.A.B_B	IA175A	0.354190
1BP3.A.B_A	1BP3.A.B_B	IA175M	-0.164483
1BP3.A.B_A	1BP3.A.B_B	IA58A	1.757411
1BP3.A.B_A	1BP3.A.B_B	KA164A	1.728154
1BP3.A.B_A	1BP3.A.B_B	KA168A	2.606432
1BP3.A.B_A	1BP3.A.B_B	KA70A	0.246173
1BP3.A.B_A	1BP3.A.B_B	LA15A	0.000000
1BP3.A.B_A	1BP3.A.B_B	LA73A	0.354190
1BP3.A.B_A	1BP3.A.B_B	NA12A	-0.296685
1BP3.A.B_A	1BP3.A.B_B	NA63A	0.856173
1BP3.A.B_A	1BP3.A.B_B	PA59A	0.156818
1BP3.A.B_A	1BP3.A.B_B	QA177A	0.000000
1BP3.A.B_A	1BP3.A.B_B	QA68A	0.113971
1BP3.A.B_A	1BP3.A.B_B	QA69A	-0.213883
1BP3.A.B_A	1BP3.A.B_B	RA163A	3.024936
1BP3.A.B_A	1BP3.A.B_B	RA16A	0.000000
1BP3.A.B_A	1BP3.A.B_B	RA174A	1.150288
1BP3.A.B_A	1BP3.A.B_B	RA179A	0.567474
1BP3.A.B_A	1BP3.A.B_B	RA19A	0.000000
1BP3.A.B_A	1BP3.A.B_B	RA64A	0.354190
1BP3.A.B_A	1BP3.A.B_B	SA180A	-0.118888
1BP3.A.B_A	1BP3.A.B_B	SA184A	-0.296685
1BP3.A.B_A	1BP3.A.B_B	SA55A	0.246173
1BP3.A.B_A	1BP3.A.B_B	SA57A	0.034860
1BP3.A.B_A	1BP3.A.B_B	SA62A	1.415721
1BP3.A.B_A	1BP3.A.B_B	SA71A	0.613835
1BP3.A.B_A	1BP3.A.B_B	TA171S	0.494239
1BP3.A.B_A	1BP3.A.B_B	VA176A	-0.296685
1BP3.A.B_A	1BP3.A.B_B	VA181A	0.280694
1BP3.A.B_A	1BP3.A.B_B	YA156A	0.209515
1BP3.A.B_A	1BP3.A.B_B	YA160A	0.445517
1BP3.A.B_A	1BP3.A.B_B	DA11A,MA14V,HA18Q,RA19H,FA25A,QA29K,EA33R	3.605305
1BP3.A.B_A	1BP3.A.B_B	EA56D,RA64M	0.445517
1BP3.A.B_A	1BP3.A.B_B	EA88G,QA91Y,FA92H,RA94T,SA95E	0.209515
1BP3.A.B_A	1BP3.A.B_B	FA54H,SA55T,EA56S,IA58L,PA59A,SA62E,NA63D,RA64K,EA66Q,TA67A,KA70M,SA71N,NA72Q,LA73K,EA74D	0.354190
1BP3.A.B_A	1BP3.A.B_B	FA97R,AA98G,NA99M,SA100Q,LA101D,VA102A,YA103P,GA104E	0.383096
1BP3.A.B_A	1BP3.A.B_B	KA164A,EA170A	5.407962
1BP3.A.B_A	1BP3.A.B_B	KA168A,FA172A	5.354871
1BP3.A.B_A	1BP3.A.B_B	NA12R,MA14V,LA15V,RA16L,RA19Y	0.383096
1BP3.A.B_A	1BP3.A.B_B	PA48A,TA50A,SA51A,LA52F	0.246173
1BP3.A.B_A	1BP3.A.B_B	QA22N,FA25S,DA26E,QA29S,EA30Q,EA33K	1.610344
1BP3.A.B_A	1BP3.A.B_B	QA46H,NA47D,PA48S,QA49E,LA52F	0.246173
1BP3.A.B_A	1BP3.A.B_B	RA64A,DA167A	0.378624
1BP3.A.B_A	1BP3.A.B_B	SA57T,TA60A,SA62T,NA63G,RA64K,EA65D,TA67A,KA70R,NA72D,LA73V	2.299455
1BP3.A.B_A	1BP3.A.B_B	YA111V,LA113I,KA115E,DA116Q,EA118K,EA119R,RA120L,QA122E,TA123G,GA126L,RA127I,EA129S	-0.392970
1BRS.A.D_A	1BRS.A.D_D	DA52A	-0.528113
1BRS.A.D_A	1BRS.A.D_D	DB35A	4.286403
1BRS.A.D_A	1BRS.A.D_D	DB39A	6.793056
1BRS.A.D_A	1BRS.A.D_D	EA58A	0.094494
1BRS.A.D_A	1BRS.A.D_D	EA71A	2.352895
1BRS.A.D_A	1BRS.A.D_D	EA71C	2.528762
1BRS.A.D_A	1BRS.A.D_D	EA71F	2.235180
1BRS.A.D_A	1BRS.A.D_D	EA71Q	1.452103
1BRS.A.D_A	1BRS.A.D_D	EA71S	3.010488
1BRS.A.D_A	1BRS.A.D_D	EA71W	1.657255
1BRS.A.D_A	1BRS.A.D_D	EA71Y	2.413733
1BRS.A.D_A	1BRS.A.D_D	EB74A	1.093862
1BRS.A.D_A	1BRS.A.D_D	EB78A	0.476757
1BRS.A.D_A	1BRS.A.D_D	HA100A	6.347277
1BRS.A.D_A	1BRS.A.D_D	HA100D	4.550591
1BRS.A.D_A	1BRS.A.D_D	HA100G	6.820856
1BRS.A.D_A	1BRS.A.D_D	HA100L	7.666353
1BRS.A.D_A	1BRS.A.D_D	HA100Q	4.550591
1BRS.A.D_A	1BRS.A.D_D	KA25A	5.126054
1BRS.A.D_A	1BRS.A.D_D	NA56A	3.091062
1BRS.A.D_A	1BRS.A.D_D	RA57A	4.988752
1BRS.A.D_A	1BRS.A.D_D	RA57K	2.488124
1BRS.A.D_A	1BRS.A.D_D	RA81Q	5.420026
1BRS.A.D_A	1BRS.A.D_D	RA85A	5.758411
1BRS.A.D_A	1BRS.A.D_D	TB42A	1.857630
1BRS.A.D_A	1BRS.A.D_D	WA33F	1.260262
1BRS.A.D_A	1BRS.A.D_D	WB38F	1.642626
1BRS.A.D_A	1BRS.A.D_D	WB44F	0.056467
1BRS.A.D_A	1BRS.A.D_D	YB29A	3.470544
1BRS.A.D_A	1BRS.A.D_D	YB29F	-0.132202
1BRS.A.D_A	1BRS.A.D_D	EA71A,DB35A	6.440232
1BRS.A.D_A	1BRS.A.D_D	EA71A,DB39A	7.185323
1BRS.A.D_A	1BRS.A.D_D	EA71F,DB35A	6.410199
1BRS.A.D_A	1BRS.A.D_D	EA71F,DB39A	7.471731
1BRS.A.D_A	1BRS.A.D_D	EA71Q,DB39A	7.207327
1BRS.A.D_A	1BRS.A.D_D	EA71Q,EB74A	3.527011
1BRS.A.D_A	1BRS.A.D_D	EA71W,DB35A	5.712495
1BRS.A.D_A	1BRS.A.D_D	EA71W,DB39A	6.665240
1BRS.A.D_A	1BRS.A.D_D	EA71W,EB74A	3.549655
1BRS.A.D_A	1BRS.A.D_D	HA100A,DB39A	8.991340
1BRS.A.D_A	1BRS.A.D_D	HA100A,EB74A	7.563057
1BRS.A.D_A	1BRS.A.D_D	HA100A,EB78A	6.745120
1BRS.A.D_A	1BRS.A.D_D	HA100A,TB42A	8.135627
1BRS.A.D_A	1BRS.A.D_D	HA100A,WB38F	7.642168
1BRS.A.D_A	1BRS.A.D_D	HA100A,YB29A	6.306903
1BRS.A.D_A	1BRS.A.D_D	HA100A,YB29F	5.549702
1BRS.A.D_A	1BRS.A.D_D	HA100Q,RA57A	9.308979
1BRS.A.D_A	1BRS.A.D_D	HA100Q,RA57K	6.912182
1BRS.A.D_A	1BRS.A.D_D	KA25A,DB35A	9.549198
1BRS.A.D_A	1BRS.A.D_D	KA25A,DB39A	8.278044
1BRS.A.D_A	1BRS.A.D_D	KA25A,EB74A	6.696013
1BRS.A.D_A	1BRS.A.D_D	KA25A,EB78A	5.513151
1BRS.A.D_A	1BRS.A.D_D	KA25A,TB42A	5.723925
1BRS.A.D_A	1BRS.A.D_D	KA25A,WB38F	5.113170
1BRS.A.D_A	1BRS.A.D_D	KA25A,YB29A	8.624589
1BRS.A.D_A	1BRS.A.D_D	RA57A,DB35A	6.334464
1BRS.A.D_A	1BRS.A.D_D	RA57A,DB39A	11.361335
1BRS.A.D_A	1BRS.A.D_D	RA57A,EB74A	4.970293
1BRS.A.D_A	1BRS.A.D_D	RA57A,EB78A	5.201466
1BRS.A.D_A	1BRS.A.D_D	RA57A,TB42A	6.820856
1BRS.A.D_A	1BRS.A.D_D	RA57A,WB38F	6.277997
1BRS.A.D_A	1BRS.A.D_D	RA57A,YB29A	8.122606
1BRS.A.D_A	1BRS.A.D_D	RA81Q,DB35A	9.605664
1BRS.A.D_A	1BRS.A.D_D	RA81Q,DB39A	6.439105
1BRS.A.D_A	1BRS.A.D_D	RA81Q,EB74A	6.721076
1BRS.A.D_A	1BRS.A.D_D	RA81Q,EB78A	5.764045
1BRS.A.D_A	1BRS.A.D_D	RA81Q,TB42A	6.107559
1BRS.A.D_A	1BRS.A.D_D	RA81Q,WB38F	6.758434
1BRS.A.D_A	1BRS.A.D_D	RA81Q,YB29A	8.293043
1BRS.A.D_A	1BRS.A.D_D	RA85A,DB39A	7.185323
1BRS.A.D_A	1BRS.A.D_D	RA85A,EB74A	6.866451
1BRS.A.D_A	1BRS.A.D_D	RA85A,EB78A	6.126986
1BRS.A.D_A	1BRS.A.D_D	RA85A,TB42A	7.020199
1BRS.A.D_A	1BRS.A.D_D	RA85A,WB38F	7.040989
1BRS.A.D_A	1BRS.A.D_D	RA85A,YB29A	8.052825
1C1Y.A.B_A	1C1Y.A.B_B	DA38A	2.620325
1C1Y.A.B_A	1C1Y.A.B_B	KA31E	-1.774828
1C1Y.A.B_A	1C1Y.A.B_B	KB11A	1.108953
1C1Y.A.B_A	1C1Y.A.B_B	KB11E	0.891094
1C1Y.A.B_A	1C1Y.A.B_B	KB11M	0.713296
1C1Y.A.B_A	1C1Y.A.B_B	KB30A	1.312621
1C1Y.A.B_A	1C1Y.A.B_B	KB30E	2.232905
1C1Y.A.B_A	1C1Y.A.B_B	NB10A	0.501983
1C1Y.A.B_A	1C1Y.A.B_B	NB10D	1.476288
1C1Y.A.B_A	1C1Y.A.B_B	QB12A	1.580890
1C1Y.A.B_A	1C1Y.A.B_B	RB13A	1.455498
1C1Y.A.B_A	1C1Y.A.B_B	RB35L	2.620325
1C1Y.A.B_A	1C1Y.A.B_B	RB5A	1.907029
1C1Y.A.B_A	1C1Y.A.B_B	TB14A	1.455498
1C1Y.A.B_A	1C1Y.A.B_B	VB15A	1.123952
1C1Y.A.B_A	1C1Y.A.B_B	KA31E,EA30D	-2.015046
1C1Y.A.B_A	1C1Y.A.B_B	KB30A,RB35G	2.620325
1C1Y.A.B_A	1C1Y.A.B_B	RB5A,NB10D	2.752527
1C4Z.ABC.D_ABC	1C4Z.ABC.D_D	AB56G	0.566095
1C4Z.ABC.D_ABC	1C4Z.ABC.D_D	AB95G	0.410656
1C4Z.ABC.D_ABC	1C4Z.ABC.D_D	CA324A	0.108017
1C4Z.ABC.D_ABC	1C4Z.ABC.D_D	DA145A	-0.387420
1C4Z.ABC.D_ABC	1C4Z.ABC.D_D	DA145K	0.207747
1C4Z.ABC.D_ABC	1C4Z.ABC.D_D	DA156A	0.518673
1C4Z.ABC.D_ABC	1C4Z.ABC.D_D	DA156R	1.375903
1C4Z.ABC.D_ABC	1C4Z.ABC.D_D	EB57A	0.087932
1C4Z.ABC.D_ABC	1C4Z.ABC.D_D	EB57R	0.067142
1C4Z.ABC.D_ABC	1C4Z.ABC.D_D	EB90A	-0.434841
1C4Z.ABC.D_ABC	1C4Z.ABC.D_D	EB90R	-1.002914
1C4Z.ABC.D_ABC	1C4Z.ABC.D_D	FA194A	1.596437
1C4Z.ABC.D_ABC	1C4Z.ABC.D_D	FB60A	3.014157
1C4Z.ABC.D_ABC	1C4Z.ABC.D_D	IA159A	0.410656
1C4Z.ABC.D_ABC	1C4Z.ABC.D_D	IA163A	-0.089355
1C4Z.ABC.D_ABC	1C4Z.ABC.D_D	KB61A	0.293084
1C4Z.ABC.D_ABC	1C4Z.ABC.D_D	KB61E	0.725028
1C4Z.ABC.D_ABC	1C4Z.ABC.D_D	KB6A	0.610000
1C4Z.ABC.D_ABC	1C4Z.ABC.D_D	KB6E	1.554990
1C4Z.ABC.D_ABC	1C4Z.ABC.D_D	KB93A	1.135685
1C4Z.ABC.D_ABC	1C4Z.ABC.D_D	KB93E	1.169548
1C4Z.ABC.D_ABC	1C4Z.ABC.D_D	KB97A	1.301750
1C4Z.ABC.D_ABC	1C4Z.ABC.D_D	KB97E	1.420638
1C4Z.ABC.D_ABC	1C4Z.ABC.D_D	LA139A	1.216970
1C4Z.ABC.D_ABC	1C4Z.ABC.D_D	LA143A	0.999110
1C4Z.ABC.D_ABC	1C4Z.ABC.D_D	LA146A	1.974171
1C4Z.ABC.D_ABC	1C4Z.ABC.D_D	LB30A	-0.343515
1C4Z.ABC.D_ABC	1C4Z.ABC.D_D	MA157A	1.930266
1C4Z.ABC.D_ABC	1C4Z.ABC.D_D	MA158A	0.758892
1C4Z.ABC.D_ABC	1C4Z.ABC.D_D	MA174A	-0.573247
1C4Z.ABC.D_ABC	1C4Z.ABC.D_D	NB28A	-0.178390
1C4Z.ABC.D_ABC	1C4Z.ABC.D_D	PB59A	1.409767
1C4Z.ABC.D_ABC	1C4Z.ABC.D_D	PB94A	0.850219
1C4Z.ABC.D_ABC	1C4Z.ABC.D_D	QA141A	-0.387420
1C4Z.ABC.D_ABC	1C4Z.ABC.D_D	RB2A	0.518673
1C4Z.ABC.D_ABC	1C4Z.ABC.D_D	RB2E	1.288436
1C4Z.ABC.D_ABC	1C4Z.ABC.D_D	RB3A	0.467123
1C4Z.ABC.D_ABC	1C4Z.ABC.D_D	RB3E	1.185781
1C4Z.ABC.D_ABC	1C4Z.ABC.D_D	RB49A	-0.011969
1C4Z.ABC.D_ABC	1C4Z.ABC.D_D	SA142A	0.410656
1C4Z.ABC.D_ABC	1C4Z.ABC.D_D	SA164A	-0.410656
1C4Z.ABC.D_ABC	1C4Z.ABC.D_D	SB1A	0.566095
1C4Z.ABC.D_ABC	1C4Z.ABC.D_D	TA160A	0.566095
1C4Z.ABC.D_ABC	1C4Z.ABC.D_D	TA166A	-0.132202
1C4Z.ABC.D_ABC	1C4Z.ABC.D_D	VA138A	0.566095
1C4Z.ABC.D_ABC	1C4Z.ABC.D_D	WB92A	0.821313
1C4Z.ABC.D_ABC	1C4Z.ABC.D_D	YA149A	1.288436
1C4Z.ABC.D_ABC	1C4Z.ABC.D_D	YA198L	0.821313
1C4Z.ABC.D_ABC	1C4Z.ABC.D_D	SA243P,NA245P	-0.075735
1DAN.HL.UT_HL	1DAN.HL.UT_UT	DB155A	1.419978
1DAN.HL.UT_HL	1DAN.HL.UT_UT	DB169A	1.989497
1DAN.HL.UT_HL	1DAN.HL.UT_UT	DB169E	1.380300
1DAN.HL.UT_HL	1DAN.HL.UT_UT	DB172A	0.242044
1DAN.HL.UT_HL	1DAN.HL.UT_UT	DB39A	-0.026554
1DAN.HL.UT_HL	1DAN.HL.UT_UT	DB55A	-0.010675
1DAN.HL.UT_HL	1DAN.HL.UT_UT	EB114A	-0.004828
1DAN.HL.UT_HL	1DAN.HL.UT_UT	EB135A	0.657886
1DAN.HL.UT_HL	1DAN.HL.UT_UT	EB137A	0.101408
1DAN.HL.UT_HL	1DAN.HL.UT_UT	EB15A	-0.059836
1DAN.HL.UT_HL	1DAN.HL.UT_UT	EB173A	0.000000
1DAN.HL.UT_HL	1DAN.HL.UT_UT	EB38A	0.085805
1DAN.HL.UT_HL	1DAN.HL.UT_UT	EB9A	-0.175590
1DAN.HL.UT_HL	1DAN.HL.UT_UT	FB161A	0.437911
1DAN.HL.UT_HL	1DAN.HL.UT_UT	FB187A	1.105437
1DAN.HL.UT_HL	1DAN.HL.UT_UT	FB50A	1.748603
1DAN.HL.UT_HL	1DAN.HL.UT_UT	FB57A	-0.059836
1DAN.HL.UT_HL	1DAN.HL.UT_UT	GB154A	0.064695
1DAN.HL.UT_HL	1DAN.HL.UT_UT	GB70R	-0.162793
1DAN.HL.UT_HL	1DAN.HL.UT_UT	IB133A	0.645076
1DAN.HL.UT_HL	1DAN.HL.UT_UT	IB149A	-0.126532
1DAN.HL.UT_HL	1DAN.HL.UT_UT	IB174A	0.000000
1DAN.HL.UT_HL	1DAN.HL.UT_UT	IB62A	0.178794
1DAN.HL.UT_HL	1DAN.HL.UT_UT	KA189A	-0.186670
1DAN.HL.UT_HL	1DAN.HL.UT_UT	KB126A	-0.397342
1DAN.HL.UT_HL	1DAN.HL.UT_UT	KB131A	2.513255
1DAN.HL.UT_HL	1DAN.HL.UT_UT	KB131R	1.685741
1DAN.HL.UT_HL	1DAN.HL.UT_UT	KB139A	0.116610
1DAN.HL.UT_HL	1DAN.HL.UT_UT	KB152A	0.321569
1DAN.HL.UT_HL	1DAN.HL.UT_UT	KB157A	0.563316
1DAN.HL.UT_HL	1DAN.HL.UT_UT	KB159A	0.667607
1DAN.HL.UT_HL	1DAN.HL.UT_UT	KB179A	-0.070382
1DAN.HL.UT_HL	1DAN.HL.UT_UT	KB32A	-0.123609
1DAN.HL.UT_HL	1DAN.HL.UT_UT	KB75A	0.116610
1DAN.HL.UT_HL	1DAN.HL.UT_UT	KB87A	0.017064
1DAN.HL.UT_HL	1DAN.HL.UT_UT	LA135A	0.015800
1DAN.HL.UT_HL	1DAN.HL.UT_UT	LB170A	0.000000
1DAN.HL.UT_HL	1DAN.HL.UT_UT	LB183A	-0.059836
1DAN.HL.UT_HL	1DAN.HL.UT_UT	LB43A	-0.027561
1DAN.HL.UT_HL	1DAN.HL.UT_UT	LB82A	0.079952
1DAN.HL.UT_HL	1DAN.HL.UT_UT	MA154A	0.744485
1DAN.HL.UT_HL	1DAN.HL.UT_UT	NB105A	0.000000
1DAN.HL.UT_HL	1DAN.HL.UT_UT	NB129A	0.180215
1DAN.HL.UT_HL	1DAN.HL.UT_UT	NB17A	0.000000
1DAN.HL.UT_HL	1DAN.HL.UT_UT	NB48A	0.000000
1DAN.HL.UT_HL	1DAN.HL.UT_UT	PB2A	-0.185827
1DAN.HL.UT_HL	1DAN.HL.UT_UT	QB148A	0.637864
1DAN.HL.UT_HL	1DAN.HL.UT_UT	QB180A	0.000000
1DAN.HL.UT_HL	1DAN.HL.UT_UT	QB20A	1.305465
1DAN.HL.UT_HL	1DAN.HL.UT_UT	RA125A	0.749025
1DAN.HL.UT_HL	1DAN.HL.UT_UT	RB102A	0.460604
1DAN.HL.UT_HL	1DAN.HL.UT_UT	RB41A	0.000000
1DAN.HL.UT_HL	1DAN.HL.UT_UT	RB45A	0.752724
1DAN.HL.UT_HL	1DAN.HL.UT_UT	RB46A	-0.059836
1DAN.HL.UT_HL	1DAN.HL.UT_UT	RB54A	-0.002892
1DAN.HL.UT_HL	1DAN.HL.UT_UT	SB101A	-0.002892
1DAN.HL.UT_HL	1DAN.HL.UT_UT	SB127A	-0.129807
1DAN.HL.UT_HL	1DAN.HL.UT_UT	SB153A	-0.069300
1DAN.HL.UT_HL	1DAN.HL.UT_UT	SB158A	-0.041485
1DAN.HL.UT_HL	1DAN.HL.UT_UT	SB69A	0.022644
1DAN.HL.UT_HL	1DAN.HL.UT_UT	TB103A	0.109843
1DAN.HL.UT_HL	1DAN.HL.UT_UT	TB109A	0.135272
1DAN.HL.UT_HL	1DAN.HL.UT_UT	TB128A	0.120547
1DAN.HL.UT_HL	1DAN.HL.UT_UT	TB132A	-0.159008
1DAN.HL.UT_HL	1DAN.HL.UT_UT	TB163A	0.404857
1DAN.HL.UT_HL	1DAN.HL.UT_UT	TB16A	-0.059836
1DAN.HL.UT_HL	1DAN.HL.UT_UT	TB171A	2.224076
1DAN.HL.UT_HL	1DAN.HL.UT_UT	TB42A	0.000000
1DAN.HL.UT_HL	1DAN.HL.UT_UT	TB49A	-0.015592
1DAN.HL.UT_HL	1DAN.HL.UT_UT	TB73A	0.211986
1DAN.HL.UT_HL	1DAN.HL.UT_UT	TB78A	-0.025549
1DAN.HL.UT_HL	1DAN.HL.UT_UT	VB104A	0.109843
1DAN.HL.UT_HL	1DAN.HL.UT_UT	VB113A	0.690600
1DAN.HL.UT_HL	1DAN.HL.UT_UT	VB144A	-0.185827
1DAN.HL.UT_HL	1DAN.HL.UT_UT	VB147A	-0.126532
1DAN.HL.UT_HL	1DAN.HL.UT_UT	VB175A	0.000000
1DAN.HL.UT_HL	1DAN.HL.UT_UT	VB56A	0.199540
1DAN.HL.UT_HL	1DAN.HL.UT_UT	VB85A	0.109843
1DAN.HL.UT_HL	1DAN.HL.UT_UT	WB125F	0.691750
1DAN.HL.UT_HL	1DAN.HL.UT_UT	WB136F	0.615198
1DAN.HL.UT_HL	1DAN.HL.UT_UT	WB156A	1.935552
1DAN.HL.UT_HL	1DAN.HL.UT_UT	WB156F	1.270596
1DAN.HL.UT_HL	1DAN.HL.UT_UT	WB68F	0.122896
1DAN.HL.UT_HL	1DAN.HL.UT_UT	YB162A	-0.126532
1DAN.HL.UT_HL	1DAN.HL.UT_UT	YB189A	0.627639
1DAN.HL.UT_HL	1DAN.HL.UT_UT	YB4A	0.667917
1DAN.HL.UT_HL	1DAN.HL.UT_UT	YB66L	0.154846
1DAN.HL.UT_HL	1DAN.HL.UT_UT	YB67A	0.000000
1DAN.HL.UT_HL	1DAN.HL.UT_UT	YB91A	-0.329865
1DAN.HL.UT_HL	1DAN.HL.UT_UT	CB160S,CB168S	-0.325876
1DAN.HL.UT_HL	1DAN.HL.UT_UT	DB155A,DB169A	3.857964
1DAN.HL.UT_HL	1DAN.HL.UT_UT	DB155A,FB50A	3.173305
1DAN.HL.UT_HL	1DAN.HL.UT_UT	DB155A,KB131A	3.996229
1DAN.HL.UT_HL	1DAN.HL.UT_UT	DB155A,KB131A,FB50A	5.735139
1DAN.HL.UT_HL	1DAN.HL.UT_UT	DB155A,TB171A	4.159248
1DAN.HL.UT_HL	1DAN.HL.UT_UT	DB155A,WB156A	1.507211
1DAN.HL.UT_HL	1DAN.HL.UT_UT	DB165A,EB167A	0.433301
1DAN.HL.UT_HL	1DAN.HL.UT_UT	DB172A,EB173A	0.304560
1DAN.HL.UT_HL	1DAN.HL.UT_UT	EB40A,RB41F	-0.021546
1DAN.HL.UT_HL	1DAN.HL.UT_UT	EB89A,NB90A	-0.093575
1DAN.HL.UT_HL	1DAN.HL.UT_UT	KB107A,DB110A	0.042668
1DAN.HL.UT_HL	1DAN.HL.UT_UT	KB152A,DB155A	1.571431
1DAN.HL.UT_HL	1DAN.HL.UT_UT	KB157A,KB159A	1.135854
1DAN.HL.UT_HL	1DAN.HL.UT_UT	KB176A,DB177A	-0.504232
1DAN.HL.UT_HL	1DAN.HL.UT_UT	KB179A,QB180A	-0.206115
1DAN.HL.UT_HL	1DAN.HL.UT_UT	KB59A,DB60A	-0.101513
1DAN.HL.UT_HL	1DAN.HL.UT_UT	KB71A,KB72A	-0.239738
1DAN.HL.UT_HL	1DAN.HL.UT_UT	LB14A,EB15A	-0.462906
1DAN.HL.UT_HL	1DAN.HL.UT_UT	NB105A,RB106A	0.399981
1DAN.HL.UT_HL	1DAN.HL.UT_UT	NB17A,QB20A	0.414491
1DAN.HL.UT_HL	1DAN.HL.UT_UT	NB79A,EB80A	-0.024546
1DAN.HL.UT_HL	1DAN.HL.UT_UT	QB24A,EB27A	0.033650
1DAN.HL.UT_HL	1DAN.HL.UT_UT	RB46A,NB47A,NB48A	0.206581
1DAN.HL.UT_HL	1DAN.HL.UT_UT	SB101A,RB102A	0.638566
1DAN.HL.UT_HL	1DAN.HL.UT_UT	TB103A,VB104A	-0.149029
1DAN.HL.UT_HL	1DAN.HL.UT_UT	TB171A,FB50A	4.325087
1DAN.HL.UT_HL	1DAN.HL.UT_UT	TB171A,KB131A	3.054656
1DAN.HL.UT_HL	1DAN.HL.UT_UT	WB156R,SB158G	1.481607
1E50.A.B_A	1E50.A.B_B	DA8A	-0.316172
1E50.A.B_A	1E50.A.B_B	KA86M	0.320086
1E50.A.B_A	1E50.A.B_B	MA48A	1.320266
1E50.A.B_A	1E50.A.B_B	NA11A	0.678436
1E50.A.B_A	1E50.A.B_B	NA51A	1.920314
1E50.A.B_A	1E50.A.B_B	NB62A	0.964808
1E50.A.B_A	1E50.A.B_B	NB99A	1.407914
1E50.A.B_A	1E50.A.B_B	RA84A	-0.191228
1E50.A.B_A	1E50.A.B_B	RB32A	1.774828
1E50.A.B_A	1E50.A.B_B	SA56A	0.978376
1E50.A.B_A	1E50.A.B_B	SB64A	0.115028
1E50.A.B_A	1E50.A.B_B	TA103A	2.185484
1E50.A.B_A	1E50.A.B_B	TA91A	1.278465
1E50.A.B_A	1E50.A.B_B	VA101A	-0.043905
1E50.A.B_A	1E50.A.B_B	VB57A	0.000000
1E50.A.B_A	1E50.A.B_B	YA55A	0.914362
1E50.A.B_A	1E50.A.B_B	DA52A,EA53A	0.391041
1EMV.A.B_A	1EMV.A.B_B	CA21A	0.921970
1EMV.A.B_A	1EMV.A.B_B	DA24A	0.336747
1EMV.A.B_A	1EMV.A.B_B	DA49A	5.918129
1EMV.A.B_A	1EMV.A.B_B	DA58A	0.511313
1EMV.A.B_A	1EMV.A.B_B	EA28A	1.416635
1EMV.A.B_A	1EMV.A.B_B	EA29A	0.307012
1EMV.A.B_A	1EMV.A.B_B	EA30A	0.220386
1EMV.A.B_A	1EMV.A.B_B	EA39A	2.084014
1EMV.A.B_A	1EMV.A.B_B	EA40A	0.658144
1EMV.A.B_A	1EMV.A.B_B	EA43A	0.212774
1EMV.A.B_A	1EMV.A.B_B	FB86A	3.880681
1EMV.A.B_A	1EMV.A.B_B	GA47A	1.486044
1EMV.A.B_A	1EMV.A.B_B	HA44A	0.832184
1EMV.A.B_A	1EMV.A.B_B	IA51A	0.848125
1EMV.A.B_A	1EMV.A.B_B	KA33A	0.191984
1EMV.A.B_A	1EMV.A.B_B	KB97A	1.960515
1EMV.A.B_A	1EMV.A.B_B	LA31A	3.419279
1EMV.A.B_A	1EMV.A.B_B	LA34A	0.907128
1EMV.A.B_A	1EMV.A.B_B	LA50A	0.601316
1EMV.A.B_A	1EMV.A.B_B	NA22A	0.139471
1EMV.A.B_A	1EMV.A.B_B	NA67A	0.277997
1EMV.A.B_A	1EMV.A.B_B	NB72A	1.165191
1EMV.A.B_A	1EMV.A.B_B	NB75A	2.335586
1EMV.A.B_A	1EMV.A.B_B	PA45A	0.437469
1EMV.A.B_A	1EMV.A.B_B	PA54A	1.242840
1EMV.A.B_A	1EMV.A.B_B	QB92A	-0.277728
1EMV.A.B_A	1EMV.A.B_B	RB54A	1.666447
1EMV.A.B_A	1EMV.A.B_B	SA26A	0.173174
1EMV.A.B_A	1EMV.A.B_B	SA27A	0.956433
1EMV.A.B_A	1EMV.A.B_B	SA46A	0.007269
1EMV.A.B_A	1EMV.A.B_B	SA48A	2.188220
1EMV.A.B_A	1EMV.A.B_B	SA61A	0.870420
1EMV.A.B_A	1EMV.A.B_B	SB74A	-0.241128
1EMV.A.B_A	1EMV.A.B_B	SB77A	-0.232993
1EMV.A.B_A	1EMV.A.B_B	SB78A	-0.540139
1EMV.A.B_A	1EMV.A.B_B	SB84A	-0.109472
1EMV.A.B_A	1EMV.A.B_B	TA25A	0.728460
1EMV.A.B_A	1EMV.A.B_B	TA36A	0.899966
1EMV.A.B_A	1EMV.A.B_B	TA42A	0.304830
1EMV.A.B_A	1EMV.A.B_B	TB87A	0.158506
1EMV.A.B_A	1EMV.A.B_B	VA32A	2.579450
1EMV.A.B_A	1EMV.A.B_B	VA35A	1.664612
1EMV.A.B_A	1EMV.A.B_B	VA66A	1.856675
1EMV.A.B_A	1EMV.A.B_B	VB98A	1.089340
1EMV.A.B_A	1EMV.A.B_B	YA52A	4.836801
1EMV.A.B_A	1EMV.A.B_B	YA53A	4.636833
1EMV.A.B_A	1EMV.A.B_B	EA30D,LA31D,VA32N,TA36R,HA37E,EA40R,MA41L,SA46D,KA55R,EA56D,GA57D,DA58R,DA59E,SA63E,NA67K,TA68E,VA69I,QA71E	7.990223
1EMV.A.B_A	1EMV.A.B_B	FB86A,LA31A	6.679958
1EMV.A.B_A	1EMV.A.B_B	FB86A,VA32A	4.665833
1EMV.A.B_A	1EMV.A.B_B	FB86A,VA35A	4.068404
1EMV.A.B_A	1EMV.A.B_B	FB86A,YA52A	8.723507
1EMV.A.B_A	1EMV.A.B_B	FB86A,YA53A	8.263228
1EMV.A.B_A	1EMV.A.B_B	QA15E,LA16F,SA46D,KA55R,EA56D,GA57D,DA58R,DA59E,SA63E,NA67K,TA68E,VA69I,QA71E	-0.208529
1EMV.A.B_A	1EMV.A.B_B	QA15E,LA16F,TA18K,TA19K,NA22R,DA24E,TA25G,SA26A,SA27T,EA30D,LA31D,VA32N,TA36R,HA37E,EA40R,MA41L,SA46D,KA55R,EA56D,GA57D,DA58R,DA59E,SA63E,NA67K,TA68E,VA69I,QA71E	8.058494
1EMV.A.B_A	1EMV.A.B_B	QA15E,LA16F,TA18K,TA19K,NA22R,DA24E,TA25G,SA26A,SA27T,SA46D,KA55R,EA56D,GA57D,DA58R,DA59E,SA63E,NA67K,TA68E,VA69I,QA71E	1.704029
1EMV.A.B_A	1EMV.A.B_B	QA15E,LA16F,TA18K,TA19K,NA22R,DA24E,TA25G,SA26A,SA27T,SA63E,NA67K,TA68E,VA69I,QA71E	2.856625
1EMV.A.B_A	1EMV.A.B_B	QA15E,LA16F,TA18K,TA19K,NA22R,SA46D,KA55R,EA56D,GA57D,DA58R,DA59E,SA63E,NA67K,TA68E,VA69I,QA71E	1.423001
1EMV.A.B_A	1EMV.A.B_B	SA46D,KA55R,EA56D,GA57D,DA58R,DA59E,SA63E,NA67K,TA68E,VA69I,QA71E	-0.517373
1EMV.A.B_A	1EMV.A.B_B	SA63E,NA67K,TA68E,VA69I,QA71E	0.079111
1FR2.A.B_A	1FR2.A.B_B	AA39E	-2.084014
1FSS.A.B_A	1FSS.A.B_B	AB12S	0.324643
1FSS.A.B_A	1FSS.A.B_B	HB29K	-0.619686
1FSS.A.B_A	1FSS.A.B_B	HB29R	-1.273071
1FSS.A.B_A	1FSS.A.B_B	KB32R	1.134917
1FSS.A.B_A	1FSS.A.B_B	LB35W	1.451827
1FSS.A.B_A	1FSS.A.B_B	MB33F	0.937282
1FSS.A.B_A	1FSS.A.B_B	MB33L	0.963045
1FSS.A.B_A	1FSS.A.B_B	MB33Q	1.572595
1FSS.A.B_A	1FSS.A.B_B	MB33Y	1.395360
1FSS.A.B_A	1FSS.A.B_B	NB47F	0.492762
1FSS.A.B_A	1FSS.A.B_B	NB47R	-0.534906
1FSS.A.B_A	1FSS.A.B_B	NB47W	0.115969
1FSS.A.B_A	1FSS.A.B_B	RB11K	0.316524
1FSS.A.B_A	1FSS.A.B_B	RB27F	2.436282
1FSS.A.B_A	1FSS.A.B_B	RB27M	2.664139
1FSS.A.B_A	1FSS.A.B_B	RB27Y	2.629225
1FSS.A.B_A	1FSS.A.B_B	TB8V	-0.084445
1FSS.A.B_A	1FSS.A.B_B	TB9I	-0.232266
1FSS.A.B_A	1FSS.A.B_B	TB9N	1.251458
1FSS.A.B_A	1FSS.A.B_B	VB34T	1.585959
1FSS.A.B_A	1FSS.A.B_B	TB8V,TB9I	0.441845
1FSS.A.B_A	1FSS.A.B_B	TB8V,TB9N	0.357937
1FSS.A.B_A	1FSS.A.B_B	TB8V,TB9N,RB11K,HB29R	-0.391847
1FSS.A.B_A	1FSS.A.B_B	TB8V,TB9N,RB11K,HB29R,KB32R	0.801886
1GUA.A.B_A	1GUA.A.B_B	DA30E	0.240219
1GUA.A.B_A	1GUA.A.B_B	EA37A	1.300815
1GUA.A.B_A	1GUA.A.B_B	KB10A	-0.399938
1GUA.A.B_A	1GUA.A.B_B	KB29A	1.999214
1GUA.A.B_A	1GUA.A.B_B	KB32A	0.799277
1GUA.A.B_A	1GUA.A.B_B	NB9A	-0.399938
1GUA.A.B_A	1GUA.A.B_B	QB11A	0.100357
1GUA.A.B_A	1GUA.A.B_B	RB4A	1.000844
1GUA.A.B_A	1GUA.A.B_B	SA39A	1.400300
1GUA.A.B_A	1GUA.A.B_B	TB13A	0.701155
1GUA.A.B_A	1GUA.A.B_B	VB14A	0.100357
1GUA.A.B_A	1GUA.A.B_B	VB33A	0.200030
1GUA.A.B_A	1GUA.A.B_B	DA30E,EA31K	2.015046
1GUA.A.B_A	1GUA.A.B_B	RB4A,EA37A	1.300815
1GUA.A.B_A	1GUA.A.B_B	VB14A,EA37A	1.700674
1H9D.A.B_A	1H9D.A.B_B	GB60A	2.077467
1H9D.A.B_A	1H9D.A.B_B	LB93A	0.940201
1H9D.A.B_A	1H9D.A.B_B	NB94A	2.304372
1H9D.A.B_A	1H9D.A.B_B	QB66A	1.364171
1H9D.A.B_A	1H9D.A.B_B	RB2A	1.162188
1H9D.A.B_A	1H9D.A.B_B	VB3A	1.402407
1HE8.A.B_A	1HE8.A.B_B	KA80V	0.475352
1HE8.A.B_A	1HE8.A.B_B	KA80V,DA117A	0.944329
1HE8.A.B_A	1HE8.A.B_B	KA80V,DA95A	1.038295
1HE8.A.B_A	1HE8.A.B_B	KA80V,EA124K	-0.098972
1HE8.A.B_A	1HE8.A.B_B	KA80V,EA606A	0.454562
1HE8.A.B_A	1HE8.A.B_B	KA80V,EA606K	-0.458078
1HE8.A.B_A	1HE8.A.B_B	KA80V,FA78S	2.162248
1HE8.A.B_A	1HE8.A.B_B	KA80V,KA108A	2.162248
1HE8.A.B_A	1HE8.A.B_B	KA80V,KA108E	2.162248
1HE8.A.B_A	1HE8.A.B_B	KA80V,KA111A	1.967625
1HE8.A.B_A	1HE8.A.B_B	KA80V,KA112A	2.162248
1HE8.A.B_A	1HE8.A.B_B	KA80V,KA113A	1.675856
1HE8.A.B_A	1HE8.A.B_B	KA80V,KA91A	1.523105
1HE8.A.B_A	1HE8.A.B_B	KA80V,RA83A	1.897844
1HE8.A.B_A	1HE8.A.B_B	KA80V,TA89D	2.162248
1IAR.A.B_A	1IAR.A.B_B	EA19A	-0.319957
1IAR.A.B_A	1IAR.A.B_B	EA19R	-0.116859
1IAR.A.B_A	1IAR.A.B_B	EA9Q	3.112829
1IAR.A.B_A	1IAR.A.B_B	FA82A	-0.086471
1IAR.A.B_A	1IAR.A.B_B	FA82D	-0.580607
1IAR.A.B_A	1IAR.A.B_B	IA11A	0.068968
1IAR.A.B_A	1IAR.A.B_B	IA5A	1.171374
1IAR.A.B_A	1IAR.A.B_B	IA5R	0.796098
1IAR.A.B_A	1IAR.A.B_B	KA12E	0.139471
1IAR.A.B_A	1IAR.A.B_B	KA12S	-0.014812
1IAR.A.B_A	1IAR.A.B_B	KA77A	0.153748
1IAR.A.B_A	1IAR.A.B_B	KA77E	0.611826
1IAR.A.B_A	1IAR.A.B_B	KA84A	0.344976
1IAR.A.B_A	1IAR.A.B_B	KA84D	1.880095
1IAR.A.B_A	1IAR.A.B_B	NA15A	-0.033864
1IAR.A.B_A	1IAR.A.B_B	NA15D	-0.078067
1IAR.A.B_A	1IAR.A.B_B	NA89A	1.558794
1IAR.A.B_A	1IAR.A.B_B	QA78A	0.124842
1IAR.A.B_A	1IAR.A.B_B	QA78E	0.245075
1IAR.A.B_A	1IAR.A.B_B	QA8A	-0.022359
1IAR.A.B_A	1IAR.A.B_B	QA8R	0.038921
1IAR.A.B_A	1IAR.A.B_B	RA53Q	0.835764
1IAR.A.B_A	1IAR.A.B_B	RA81A	0.479624
1IAR.A.B_A	1IAR.A.B_B	RA81E	1.461734
1IAR.A.B_A	1IAR.A.B_B	RA85A	0.426889
1IAR.A.B_A	1IAR.A.B_B	RA85E	1.224610
1IAR.A.B_A	1IAR.A.B_B	RA88A	3.754718
1IAR.A.B_A	1IAR.A.B_B	RA88Q	2.828999
1IAR.A.B_A	1IAR.A.B_B	SA16A	-0.182755
1IAR.A.B_A	1IAR.A.B_B	SA16D	-0.103644
1IAR.A.B_A	1IAR.A.B_B	TA13A	0.978577
1IAR.A.B_A	1IAR.A.B_B	TA13D	-0.218673
1IAR.A.B_A	1IAR.A.B_B	TA6A	-0.103644
1IAR.A.B_A	1IAR.A.B_B	TA6D	1.392729
1IAR.A.B_A	1IAR.A.B_B	WA91A	0.729529
1IAR.A.B_A	1IAR.A.B_B	WA91D	1.306606
1JRH.LH.I_LH	1JRH.LH.I_I	DA223A	1.886944
1JRH.LH.I_LH	1JRH.LH.I_I	DA224A	1.666811
1JRH.LH.I_LH	1JRH.LH.I_I	DA225A	1.855479
1JRH.LH.I_LH	1JRH.LH.I_I	DA28A	0.434841
1JRH.LH.I_LH	1JRH.LH.I_I	EA27A	0.542858
1JRH.LH.I_LH	1JRH.LH.I_I	EB35Q	0.099613
1JRH.LH.I_LH	1JRH.LH.I_I	EB45A	-0.566038
1JRH.LH.I_LH	1JRH.LH.I_I	EB45P	-3.789874
1JRH.LH.I_LH	1JRH.LH.I_I	FA270A	0.000000
1JRH.LH.I_LH	1JRH.LH.I_I	GB40A	4.452231
1JRH.LH.I_LH	1JRH.LH.I_I	HA274A	1.698531
1JRH.LH.I_LH	1JRH.LH.I_I	KB37A	3.715526
1JRH.LH.I_LH	1JRH.LH.I_I	KB37M	3.293804
1JRH.LH.I_LH	1JRH.LH.I_I	KB42A	3.387334
1JRH.LH.I_LH	1JRH.LH.I_I	KB42M	4.913826
1JRH.LH.I_LH	1JRH.LH.I_I	KB88A	0.312233
1JRH.LH.I_LH	1JRH.LH.I_I	NB38A	0.170534
1JRH.LH.I_LH	1JRH.LH.I_I	NB38Q	0.534711
1JRH.LH.I_LH	1JRH.LH.I_I	NB43A	4.301758
1JRH.LH.I_LH	1JRH.LH.I_I	NB69A	-0.199624
1JRH.LH.I_LH	1JRH.LH.I_I	RA267A	0.542858
1JRH.LH.I_LH	1JRH.LH.I_I	RB74A	0.392793
1JRH.LH.I_LH	1JRH.LH.I_I	SA93A	-0.650875
1JRH.LH.I_LH	1JRH.LH.I_I	SB44A	0.377880
1JRH.LH.I_LH	1JRH.LH.I_I	TA94A	0.385442
1JRH.LH.I_LH	1JRH.LH.I_I	TB4V	-0.025577
1JRH.LH.I_LH	1JRH.LH.I_I	VB41A	1.679909
1JRH.LH.I_LH	1JRH.LH.I_I	WA221A	2.687467
1JRH.LH.I_LH	1JRH.LH.I_I	WA222A	2.422402
1JRH.LH.I_LH	1JRH.LH.I_I	WA92A	2.819669
1JRH.LH.I_LH	1JRH.LH.I_I	WA95A	1.666811
1JRH.LH.I_LH	1JRH.LH.I_I	WB46F	-0.252725
1JRH.LH.I_LH	1JRH.LH.I_I	WB46Y	0.298663
1JRH.LH.I_LH	1JRH.LH.I_I	WB72A	4.431029
1JRH.LH.I_LH	1JRH.LH.I_I	WB72F	1.103201
1JRH.LH.I_LH	1JRH.LH.I_I	WB72Y	1.188359
1JRH.LH.I_LH	1JRH.LH.I_I	YA199A	1.433952
1JRH.LH.I_LH	1JRH.LH.I_I	YA227A	1.256154
1JRH.LH.I_LH	1JRH.LH.I_I	YA271A	1.061531
1JRH.LH.I_LH	1JRH.LH.I_I	YA30A	1.108953
1JRH.LH.I_LH	1JRH.LH.I_I	YA91A	0.581094
1JRH.LH.I_LH	1JRH.LH.I_I	YB39A	3.528703
1JRH.LH.I_LH	1JRH.LH.I_I	YB39F	0.909188
1JRH.LH.I_LH	1JRH.LH.I_I	AB49S,IB51T,HB55D	0.070707
1JRH.LH.I_LH	1JRH.LH.I_I	AB85D,KB88R,EB90K	-0.047769
1JRH.LH.I_LH	1JRH.LH.I_I	AB93L,VB94M	0.633947
1JRH.LH.I_LH	1JRH.LH.I_I	EB45P,IB47L	-3.458328
1JRH.LH.I_LH	1JRH.LH.I_I	EB45P,IB47R	-3.441638
1JRH.LH.I_LH	1JRH.LH.I_I	IB25N,PB27S,VB29T,VB31I	0.143770
1JRH.LH.I_LH	1JRH.LH.I_I	MB15L,IB18V	-0.213702
1JRH.LH.I_LH	1JRH.LH.I_I	SB44G,EB45G,IB47R	-3.379217
1JRH.LH.I_LH	1JRH.LH.I_I	SB44G,EB45P,IB47K	-3.886158
1JRH.LH.I_LH	1JRH.LH.I_I	SB61Y,DB62E,HB63Q,VB64I,GB65M,DB66Y,SB68D,NB69V,LB71A	2.960157
1JRH.LH.I_LH	1JRH.LH.I_I	TB9L,EB11K	-0.025577
1JRH.LH.I_LH	1JRH.LH.I_I	VB73A,RB78K	-0.213702
1JTD.A.B_A	1JTD.A.B_B	DB129A	0.960874
1JTD.A.B_A	1JTD.A.B_B	DB132A	-0.549062
1JTD.A.B_A	1JTD.A.B_B	DB14A	1.508105
1JTD.A.B_A	1JTD.A.B_B	DB168A	-1.061531
1JTD.A.B_A	1JTD.A.B_B	DB93A	1.989832
1JTD.A.B_A	1JTD.A.B_B	EA78A	0.840739
1JTD.A.B_A	1JTD.A.B_B	EA84A	0.038236
1JTD.A.B_A	1JTD.A.B_B	EB230A	1.850069
1JTD.A.B_A	1JTD.A.B_B	FB171A	2.200715
1JTD.A.B_A	1JTD.A.B_B	FB192A	3.961852
1JTD.A.B_A	1JTD.A.B_B	FB36A	2.551285
1JTD.A.B_A	1JTD.A.B_B	IB191A	2.890390
1JTD.A.B_A	1JTD.A.B_B	KA85A	2.144609
1JTD.A.B_A	1JTD.A.B_B	LA76A	1.733953
1JTD.A.B_A	1JTD.A.B_B	LB53A	0.667108
1JTD.A.B_A	1JTD.A.B_B	MA103A	2.522645
1JTD.A.B_A	1JTD.A.B_B	MA244A	0.278455
1JTD.A.B_A	1JTD.A.B_B	NA74A	0.801228
1JTD.A.B_A	1JTD.A.B_B	NB12A	1.301750
1JTD.A.B_A	1JTD.A.B_B	NB266A	2.670021
1JTD.A.B_A	1JTD.A.B_B	NB74A	1.209966
1JTD.A.B_A	1JTD.A.B_B	PA81A	1.733953
1JTD.A.B_A	1JTD.A.B_B	QA73A	0.518673
1JTD.A.B_A	1JTD.A.B_B	RB248A	0.888344
1JTD.A.B_A	1JTD.A.B_B	SB131A	0.151628
1JTD.A.B_A	1JTD.A.B_B	TB19A	0.295187
1JTD.A.B_A	1JTD.A.B_B	VA190A	0.038236
1JTD.A.B_A	1JTD.A.B_B	WB114A	3.256201
1JTD.A.B_A	1JTD.A.B_B	WB15A	1.393077
1JTD.A.B_A	1JTD.A.B_B	WB231A	5.811738
1JTD.A.B_A	1JTD.A.B_B	YA79A	2.250860
1JTD.A.B_A	1JTD.A.B_B	YB153A	3.300106
1JTD.A.B_A	1JTD.A.B_B	YB170A	2.027262
1JTD.A.B_A	1JTD.A.B_B	YB210A	0.824391
1JTD.A.B_A	1JTD.A.B_B	YB35A	3.151819
1JTD.A.B_A	1JTD.A.B_B	YB75A	0.480437
1JTG.A.B_A	1JTG.A.B_B	DB163A	-1.340935
1JTG.A.B_A	1JTG.A.B_B	DB163K	-1.982765
1JTG.A.B_A	1JTG.A.B_B	DB49A	2.404163
1JTG.A.B_A	1JTG.A.B_B	EA143A	-0.072582
1JTG.A.B_A	1JTG.A.B_B	EA143G	-0.170438
1JTG.A.B_A	1JTG.A.B_B	EA146K	-0.610000
1JTG.A.B_A	1JTG.A.B_B	EA213K	-0.410656
1JTG.A.B_A	1JTG.A.B_B	EA79A	1.982823
1JTG.A.B_A	1JTG.A.B_B	EA79D	3.643621
1JTG.A.B_A	1JTG.A.B_B	EA79K	3.236983
1JTG.A.B_A	1JTG.A.B_B	EA85A	1.373578
1JTG.A.B_A	1JTG.A.B_B	EA85G	-0.912640
1JTG.A.B_A	1JTG.A.B_B	EA85V	-0.672421
1JTG.A.B_A	1JTG.A.B_B	EB31A	0.821313
1JTG.A.B_A	1JTG.A.B_B	EB73A	0.426757
1JTG.A.B_A	1JTG.A.B_B	EB73M	0.504622
1JTG.A.B_A	1JTG.A.B_B	FB142A	2.855394
1JTG.A.B_A	1JTG.A.B_B	FB36A	3.252641
1JTG.A.B_A	1JTG.A.B_B	GA212S	-0.267779
1JTG.A.B_A	1JTG.A.B_B	GB141A	1.314802
1JTG.A.B_A	1JTG.A.B_B	GB48A	1.147645
1JTG.A.B_A	1JTG.A.B_B	HB148A	2.981495
1JTG.A.B_A	1JTG.A.B_B	HB41A	3.405537
1JTG.A.B_A	1JTG.A.B_B	KA208A	1.222124
1JTG.A.B_A	1JTG.A.B_B	KA86A	-0.858519
1JTG.A.B_A	1JTG.A.B_B	KA86N	0.180924
1JTG.A.B_A	1JTG.A.B_B	KB74A	3.646837
1JTG.A.B_A	1JTG.A.B_B	LA77A	0.870712
1JTG.A.B_A	1JTG.A.B_B	MA104A	1.124220
1JTG.A.B_A	1JTG.A.B_B	MA244A	-0.051082
1JTG.A.B_A	1JTG.A.B_B	NA75A	-0.966584
1JTG.A.B_A	1JTG.A.B_B	NB89K	-0.454927
1JTG.A.B_A	1JTG.A.B_B	PA82A	-0.072991
1JTG.A.B_A	1JTG.A.B_B	PA82Q	0.461324
1JTG.A.B_A	1JTG.A.B_B	QA74A	0.509505
1JTG.A.B_A	1JTG.A.B_B	RA214Y	-0.142877
1JTG.A.B_A	1JTG.A.B_B	RA217A	1.302568
1JTG.A.B_A	1JTG.A.B_B	RB144A	0.645308
1JTG.A.B_A	1JTG.A.B_B	RB160A	2.840954
1JTG.A.B_A	1JTG.A.B_B	SA105A	0.562910
1JTG.A.B_A	1JTG.A.B_B	SA209A	1.239083
1JTG.A.B_A	1JTG.A.B_B	SB113A	-0.521521
1JTG.A.B_A	1JTG.A.B_B	SB35A	0.000000
1JTG.A.B_A	1JTG.A.B_B	SB39A	0.024572
1JTG.A.B_A	1JTG.A.B_B	SB71A	0.135416
1JTG.A.B_A	1JTG.A.B_B	TB140K	-0.014392
1JTG.A.B_A	1JTG.A.B_B	TB32K	0.199344
1JTG.A.B_A	1JTG.A.B_B	VA190A	-0.494878
1JTG.A.B_A	1JTG.A.B_B	VA78A	1.910744
1JTG.A.B_A	1JTG.A.B_B	VB93K	-0.475716
1JTG.A.B_A	1JTG.A.B_B	WB112A	2.900113
1JTG.A.B_A	1JTG.A.B_B	WB150A	4.459152
1JTG.A.B_A	1JTG.A.B_B	WB162A	2.263155
1JTG.A.B_A	1JTG.A.B_B	YA80A	-0.131571
1JTG.A.B_A	1JTG.A.B_B	YB143A	0.734972
1JTG.A.B_A	1JTG.A.B_B	YB50A	-1.716374
1JTG.A.B_A	1JTG.A.B_B	YB51A	0.810843
1JTG.A.B_A	1JTG.A.B_B	YB53A	2.946505
1JTG.A.B_A	1JTG.A.B_B	DB163K,DB135K,VB134K	-3.055167
1JTG.A.B_A	1JTG.A.B_B	DB49A,KA208A	1.600652
1JTG.A.B_A	1JTG.A.B_B	DB49A,RA217A	1.099224
1JTG.A.B_A	1JTG.A.B_B	DB49A,SA105A	0.358089
1JTG.A.B_A	1JTG.A.B_B	EA143A,DB49A	1.505004
1JTG.A.B_A	1JTG.A.B_B	EA143A,FB142A	2.581045
1JTG.A.B_A	1JTG.A.B_B	EA143A,KB74A	4.061928
1JTG.A.B_A	1JTG.A.B_B	EA143A,RB160A	2.318927
1JTG.A.B_A	1JTG.A.B_B	EA143A,WB112A	2.795218
1JTG.A.B_A	1JTG.A.B_B	EA143A,WB150A	4.109652
1JTG.A.B_A	1JTG.A.B_B	EA143A,WB162A	2.077467
1JTG.A.B_A	1JTG.A.B_B	EA79A,EB73M	1.836322
1JTG.A.B_A	1JTG.A.B_B	EA79A,EB73M,FB142A	2.845544
1JTG.A.B_A	1JTG.A.B_B	EA79A,EB73M,KB74A	2.095698
1JTG.A.B_A	1JTG.A.B_B	EA79A,EB73M,KB74A,FB142A	2.582089
1JTG.A.B_A	1JTG.A.B_B	EA79A,SB113A	1.864555
1JTG.A.B_A	1JTG.A.B_B	EA79A,SB113A,SB71A	2.581045
1JTG.A.B_A	1JTG.A.B_B	EA79A,YA80A	1.027010
1JTG.A.B_A	1JTG.A.B_B	EA79K,DB49A	5.640436
1JTG.A.B_A	1JTG.A.B_B	EA79K,FB142A	4.554720
1JTG.A.B_A	1JTG.A.B_B	EA85A,SB113A	4.565591
1JTG.A.B_A	1JTG.A.B_B	EA85A,SB113A,SB71A	5.042290
1JTG.A.B_A	1JTG.A.B_B	EA85A,SB71A	5.019354
1JTG.A.B_A	1JTG.A.B_B	EA85A,YB50A	3.967104
1JTG.A.B_A	1JTG.A.B_B	EA85G,EA143G	-0.610000
1JTG.A.B_A	1JTG.A.B_B	EA85V,EA143G	-0.742202
1JTG.A.B_A	1JTG.A.B_B	EB73A,YB50A	-1.496373
1JTG.A.B_A	1JTG.A.B_B	EB73M,FB142A	2.532690
1JTG.A.B_A	1JTG.A.B_B	EB73M,KB74A	4.294496
1JTG.A.B_A	1JTG.A.B_B	EB73M,KB74A,FB142A	4.556261
1JTG.A.B_A	1JTG.A.B_B	FB142A,EA79A	2.747889
1JTG.A.B_A	1JTG.A.B_B	FB142A,EA79A,YA80A	1.505004
1JTG.A.B_A	1JTG.A.B_B	FB142A,KA208A	3.395148
1JTG.A.B_A	1JTG.A.B_B	FB142A,RA217A	3.395148
1JTG.A.B_A	1JTG.A.B_B	FB142A,SA105A	2.843151
1JTG.A.B_A	1JTG.A.B_B	FB142A,YA80A	0.694366
1JTG.A.B_A	1JTG.A.B_B	FB142A,YB143A	2.843151
1JTG.A.B_A	1JTG.A.B_B	FB142A,YB143A,EA79A	2.891281
1JTG.A.B_A	1JTG.A.B_B	FB142A,YB143A,EA79A,YA80A	2.843151
1JTG.A.B_A	1JTG.A.B_B	FB142A,YB143A,KA208A	4.681933
1JTG.A.B_A	1JTG.A.B_B	FB142A,YB143A,RA217A	4.542801
1JTG.A.B_A	1JTG.A.B_B	FB142A,YB143A,SA105A	4.158278
1JTG.A.B_A	1JTG.A.B_B	FB142A,YB143A,YA80A	2.986904
1JTG.A.B_A	1JTG.A.B_B	GA212S,DB49A	2.635217
1JTG.A.B_A	1JTG.A.B_B	GA212S,FB142A	3.681857
1JTG.A.B_A	1JTG.A.B_B	KA208A,DB49A	1.554021
1JTG.A.B_A	1JTG.A.B_B	KA208A,SA105A	1.979599
1JTG.A.B_A	1JTG.A.B_B	KA208A,SA105A,DB49A	1.318194
1JTG.A.B_A	1JTG.A.B_B	KA208A,SA105A,RA217A	2.509422
1JTG.A.B_A	1JTG.A.B_B	KA208A,SA105A,RA217A,DB49A	1.490970
1JTG.A.B_A	1JTG.A.B_B	KA208A,SA209A,SA105A,RA217A	2.788504
1JTG.A.B_A	1JTG.A.B_B	KA208A,SA209A,SA105A,RA217A,DB49A	1.726972
1JTG.A.B_A	1JTG.A.B_B	KB74A,EA79A	1.576849
1JTG.A.B_A	1JTG.A.B_B	KB74A,EA79A,YA80A	1.386116
1JTG.A.B_A	1JTG.A.B_B	KB74A,FB142A	4.852370
1JTG.A.B_A	1JTG.A.B_B	KB74A,FB142A,EA79A	3.130240
1JTG.A.B_A	1JTG.A.B_B	KB74A,FB142A,EA79A,YA80A	3.130240
1JTG.A.B_A	1JTG.A.B_B	KB74A,FB142A,KA208A	5.830841
1JTG.A.B_A	1JTG.A.B_B	KB74A,FB142A,RA217A	5.496316
1JTG.A.B_A	1JTG.A.B_B	KB74A,FB142A,SA105A	5.161859
1JTG.A.B_A	1JTG.A.B_B	KB74A,FB142A,YA80A	4.779135
1JTG.A.B_A	1JTG.A.B_B	KB74A,FB142A,YB143A	3.895401
1JTG.A.B_A	1JTG.A.B_B	KB74A,FB142A,YB143A,EA79A	2.388983
1JTG.A.B_A	1JTG.A.B_B	KB74A,FB142A,YB143A,EA79A,YA80A	2.412727
1JTG.A.B_A	1JTG.A.B_B	KB74A,FB142A,YB143A,KA208A	5.472615
1JTG.A.B_A	1JTG.A.B_B	KB74A,FB142A,YB143A,RA217A	5.257837
1JTG.A.B_A	1JTG.A.B_B	KB74A,FB142A,YB143A,SA105A	5.066775
1JTG.A.B_A	1JTG.A.B_B	KB74A,FB142A,YB143A,YA80A	4.229416
1JTG.A.B_A	1JTG.A.B_B	KB74A,KA208A	6.548087
1JTG.A.B_A	1JTG.A.B_B	KB74A,RA217A	6.620269
1JTG.A.B_A	1JTG.A.B_B	KB74A,SA105A	3.178630
1JTG.A.B_A	1JTG.A.B_B	KB74A,YA80A	3.322336
1JTG.A.B_A	1JTG.A.B_B	KB74A,YB143A	3.058644
1JTG.A.B_A	1JTG.A.B_B	KB74A,YB143A,EA79A	1.050668
1JTG.A.B_A	1JTG.A.B_B	KB74A,YB143A,EA79A,YA80A	1.767957
1JTG.A.B_A	1JTG.A.B_B	KB74A,YB143A,KA208A	4.876004
1JTG.A.B_A	1JTG.A.B_B	KB74A,YB143A,RA217A	4.373137
1JTG.A.B_A	1JTG.A.B_B	KB74A,YB143A,SA105A	3.728418
1JTG.A.B_A	1JTG.A.B_B	KB74A,YB143A,YA80A	3.395148
1JTG.A.B_A	1JTG.A.B_B	MA104A,FB36A	3.631322
1JTG.A.B_A	1JTG.A.B_B	MA104A,SB113A,SB71A	1.672743
1JTG.A.B_A	1JTG.A.B_B	MA104A,YB50A	0.358089
1JTG.A.B_A	1JTG.A.B_B	MA104A,YB53A	3.609275
1JTG.A.B_A	1JTG.A.B_B	NA75A,DB49A	1.576849
1JTG.A.B_A	1JTG.A.B_B	NA75A,FB142A	2.293604
1JTG.A.B_A	1JTG.A.B_B	NA75A,HB148A	2.102992
1JTG.A.B_A	1JTG.A.B_B	NA75A,KB74A	3.511833
1JTG.A.B_A	1JTG.A.B_B	NA75A,RB160A	1.576849
1JTG.A.B_A	1JTG.A.B_B	NA75A,WB112A	2.795218
1JTG.A.B_A	1JTG.A.B_B	NA75A,WB150A	4.349468
1JTG.A.B_A	1JTG.A.B_B	NA75A,WB162A	2.102992
1JTG.A.B_A	1JTG.A.B_B	PA82A,HB41A	2.652946
1JTG.A.B_A	1JTG.A.B_B	PA82A,YB50A	-0.647161
1JTG.A.B_A	1JTG.A.B_B	PA82A,YB53A	2.388983
1JTG.A.B_A	1JTG.A.B_B	QA74A,DB49A	2.198384
1JTG.A.B_A	1JTG.A.B_B	QA74A,FB142A	2.819137
1JTG.A.B_A	1JTG.A.B_B	QA74A,HB148A	3.201420
1JTG.A.B_A	1JTG.A.B_B	QA74A,KB74A	4.109652
1JTG.A.B_A	1JTG.A.B_B	QA74A,RB160A	3.750947
1JTG.A.B_A	1JTG.A.B_B	QA74A,WB112A	3.537737
1JTG.A.B_A	1JTG.A.B_B	QA74A,WB150A	3.823668
1JTG.A.B_A	1JTG.A.B_B	QA74A,WB162A	2.891281
1JTG.A.B_A	1JTG.A.B_B	RA217A,DB49A	1.111682
1JTG.A.B_A	1JTG.A.B_B	RA217A,KA208A	2.730075
1JTG.A.B_A	1JTG.A.B_B	RA217A,KA208A,DB49A	1.904421
1JTG.A.B_A	1JTG.A.B_B	RA217A,SA105A	1.849695
1JTG.A.B_A	1JTG.A.B_B	RA217A,SA105A,DB49A	1.254939
1JTG.A.B_A	1JTG.A.B_B	RA217A,SA209A	0.739594
1JTG.A.B_A	1JTG.A.B_B	RA217A,SA209A,DB49A	0.408048
1JTG.A.B_A	1JTG.A.B_B	RA217A,SA209A,KA208A	2.716957
1JTG.A.B_A	1JTG.A.B_B	RA217A,SA209A,KA208A,DB49A	2.032426
1JTG.A.B_A	1JTG.A.B_B	RA217A,SA209A,SA105A	1.688109
1JTG.A.B_A	1JTG.A.B_B	RA217A,SA209A,SA105A,DB49A	0.894266
1JTG.A.B_A	1JTG.A.B_B	SA105A,DB49A	1.384632
1JTG.A.B_A	1JTG.A.B_B	SA209A,DB49A	1.641106
1JTG.A.B_A	1JTG.A.B_B	SA209A,KA208A	2.093723
1JTG.A.B_A	1JTG.A.B_B	SA209A,KA208A,DB49A	1.534826
1JTG.A.B_A	1JTG.A.B_B	SA209A,SA105A	1.152734
1JTG.A.B_A	1JTG.A.B_B	SA209A,SA105A,DB49A	1.094157
1JTG.A.B_A	1JTG.A.B_B	SA209A,SA105A,KA208A	1.849695
1JTG.A.B_A	1JTG.A.B_B	SA209A,SA105A,KA208A,DB49A	0.609256
1JTG.A.B_A	1JTG.A.B_B	SB71A,SB113A	0.456068
1JTG.A.B_A	1JTG.A.B_B	TB140K,QB157K	-0.396606
1JTG.A.B_A	1JTG.A.B_B	VA190A,FB142A	2.198384
1JTG.A.B_A	1JTG.A.B_B	VA190A,YB50A	-0.885531
1JTG.A.B_A	1JTG.A.B_B	VA78A,FB142A	4.516677
1JTG.A.B_A	1JTG.A.B_B	VA78A,RB160A	4.349468
1JTG.A.B_A	1JTG.A.B_B	VA78A,WB162A	4.229416
1JTG.A.B_A	1JTG.A.B_B	VB165K,DB163K,DB135K,NB89K	-3.360556
1JTG.A.B_A	1JTG.A.B_B	VB165K,DB163K,NB89K	-2.393421
1JTG.A.B_A	1JTG.A.B_B	YB143A,EA79A	1.864555
1JTG.A.B_A	1JTG.A.B_B	YB143A,EA79A,YA80A	2.054678
1JTG.A.B_A	1JTG.A.B_B	YB143A,KA208A	2.556661
1JTG.A.B_A	1JTG.A.B_B	YB143A,RA217A	2.269850
1JTG.A.B_A	1JTG.A.B_B	YB143A,SA105A	1.791966
1JTG.A.B_A	1JTG.A.B_B	YB143A,YA80A	1.075443
1K8R.A.B_A	1K8R.A.B_B	DA33A	1.535104
1K8R.A.B_A	1K8R.A.B_B	DA38A	1.712186
1K8R.A.B_A	1K8R.A.B_B	DA38E	3.437662
1K8R.A.B_A	1K8R.A.B_B	DA38N	1.896232
1K8R.A.B_A	1K8R.A.B_B	DA57A	1.179698
1K8R.A.B_A	1K8R.A.B_B	EA31K	0.170933
1K8R.A.B_A	1K8R.A.B_B	EA37A	0.305802
1K8R.A.B_A	1K8R.A.B_B	EA62A	0.409665
1K8R.A.B_A	1K8R.A.B_B	EA63A	0.409665
1K8R.A.B_A	1K8R.A.B_B	KB23A	0.586764
1K8R.A.B_A	1K8R.A.B_B	KB31A	2.728342
1K8R.A.B_A	1K8R.A.B_B	QB11A	1.798140
1K8R.A.B_A	1K8R.A.B_B	RA41A	1.179698
1K8R.A.B_A	1K8R.A.B_B	RB13A	2.800978
1K8R.A.B_A	1K8R.A.B_B	RB76A	0.715274
1K8R.A.B_A	1K8R.A.B_B	RB77A	1.436807
1K8R.A.B_A	1K8R.A.B_B	SA39A	0.715274
1K8R.A.B_A	1K8R.A.B_B	YA40C	3.437662
1K8R.A.B_A	1K8R.A.B_B	YA40F	1.491998
1K8R.A.B_A	1K8R.A.B_B	DA30K,EA31K	0.409665
1KNE.A.P_A	1KNE.A.P_P	AA3F	-0.115028
1KNE.A.P_A	1KNE.A.P_P	AA3K	0.894953
1KNE.A.P_A	1KNE.A.P_P	AA3L	0.000000
1KNE.A.P_A	1KNE.A.P_P	AA3T	-0.376793
1KNE.A.P_A	1KNE.A.P_P	DA40F	-0.617011
1KNE.A.P_A	1KNE.A.P_P	DA40I	0.460753
1KNE.A.P_A	1KNE.A.P_P	DA40K	-0.376793
1KNE.A.P_A	1KNE.A.P_P	DA40T	0.491941
1KNE.A.P_A	1KNE.A.P_P	KA24A	-1.267886
1KNE.A.P_A	1KNE.A.P_P	TB2F	0.096285
1KNE.A.P_A	1KNE.A.P_P	TB2I	0.274082
1KNE.A.P_A	1KNE.A.P_P	TB2K	-0.314372
1KNE.A.P_A	1KNE.A.P_P	TB2L	0.204301
1KNE.A.P_A	1KNE.A.P_P	AA3F,TB2F	0.803626
1KNE.A.P_A	1KNE.A.P_P	AA3F,TB2I	0.589743
1KNE.A.P_A	1KNE.A.P_P	AA3F,TB2K	-0.035917
1KNE.A.P_A	1KNE.A.P_P	AA3F,TB2L	0.392970
1KNE.A.P_A	1KNE.A.P_P	AA3K,TB2F	1.469277
1KNE.A.P_A	1KNE.A.P_P	AA3K,TB2I	1.398035
1KNE.A.P_A	1KNE.A.P_P	AA3K,TB2K	1.599725
1KNE.A.P_A	1KNE.A.P_P	AA3K,TB2L	1.834454
1KNE.A.P_A	1KNE.A.P_P	AA3L,TB2F	0.251723
1KNE.A.P_A	1KNE.A.P_P	AA3L,TB2I	0.065896
1KNE.A.P_A	1KNE.A.P_P	AA3L,TB2K	-0.158934
1KNE.A.P_A	1KNE.A.P_P	AA3L,TB2L	0.251723
1KNE.A.P_A	1KNE.A.P_P	AA3T,TB2F	0.785396
1KNE.A.P_A	1KNE.A.P_P	AA3T,TB2I	0.602485
1KNE.A.P_A	1KNE.A.P_P	AA3T,TB2K	-0.314372
1KNE.A.P_A	1KNE.A.P_P	AA3T,TB2L	0.563408
1KNE.A.P_A	1KNE.A.P_P	DA40F,TB2F	-0.158934
1KNE.A.P_A	1KNE.A.P_P	DA40F,TB2I	0.204301
1KNE.A.P_A	1KNE.A.P_P	DA40F,TB2K	-0.206355
1KNE.A.P_A	1KNE.A.P_P	DA40F,TB2L	0.295628
1KNE.A.P_A	1KNE.A.P_P	DA40I,TB2F	1.095395
1KNE.A.P_A	1KNE.A.P_P	DA40I,TB2I	0.614958
1KNE.A.P_A	1KNE.A.P_P	DA40I,TB2K	0.589743
1KNE.A.P_A	1KNE.A.P_P	DA40I,TB2L	0.576722
1KNE.A.P_A	1KNE.A.P_P	DA40K,TB2F	-0.035917
1KNE.A.P_A	1KNE.A.P_P	DA40K,TB2I	0.000000
1KNE.A.P_A	1KNE.A.P_P	DA40K,TB2K	0.336503
1KNE.A.P_A	1KNE.A.P_P	DA40K,TB2L	-0.314372
1KNE.A.P_A	1KNE.A.P_P	DA40T,TB2F	1.240618
1KNE.A.P_A	1KNE.A.P_P	DA40T,TB2I	0.887209
1KNE.A.P_A	1KNE.A.P_P	DA40T,TB2K	0.727075
1KNE.A.P_A	1KNE.A.P_P	DA40T,TB2L	0.251723
1KNE.A.P_A	1KNE.A.P_P	KA24A,AA3K	-0.257905
1KTZ.A.B_A	1KTZ.A.B_B	DB8A	1.521617
1KTZ.A.B_A	1KTZ.A.B_B	DB8N	2.000344
1KTZ.A.B_A	1KTZ.A.B_B	DB94A	0.814742
1KTZ.A.B_A	1KTZ.A.B_B	EB31A	1.216523
1KTZ.A.B_A	1KTZ.A.B_B	EB51A	1.080114
1KTZ.A.B_A	1KTZ.A.B_B	EB95A	1.494278
1KTZ.A.B_A	1KTZ.A.B_B	EB95Q	1.627179
1KTZ.A.B_A	1KTZ.A.B_B	FB6A	2.980065
1KTZ.A.B_A	1KTZ.A.B_B	FB86A	0.932227
1KTZ.A.B_A	1KTZ.A.B_B	HB55A	0.295628
1KTZ.A.B_A	1KTZ.A.B_B	IB101A	0.539363
1KTZ.A.B_A	1KTZ.A.B_B	IB26A	1.896481
1KTZ.A.B_A	1KTZ.A.B_B	IB29A	1.370239
1KTZ.A.B_A	1KTZ.A.B_B	LB3A	1.824924
1KTZ.A.B_A	1KTZ.A.B_B	MB88A	0.871409
1KTZ.A.B_A	1KTZ.A.B_B	NB23A	0.284953
1KTZ.A.B_A	1KTZ.A.B_B	RA13A	1.481581
1KTZ.A.B_A	1KTZ.A.B_B	RA13K	1.151698
1KTZ.A.B_A	1KTZ.A.B_B	RA64A	2.884404
1KTZ.A.B_A	1KTZ.A.B_B	RA64K	2.201497
1KTZ.A.B_A	1KTZ.A.B_B	SB25A	0.326546
1KTZ.A.B_A	1KTZ.A.B_B	SB28A	0.216517
1KTZ.A.B_A	1KTZ.A.B_B	SB28L	4.037787
1KTZ.A.B_A	1KTZ.A.B_B	TB27A	1.513547
1KTZ.A.B_A	1KTZ.A.B_B	VA62I	0.242918
1KTZ.A.B_A	1KTZ.A.B_B	VB38A	0.647964
1KTZ.A.B_A	1KTZ.A.B_B	VB53A	0.414997
1LFD.A.B_A	1LFD.A.B_B	DA38A	-0.442452
1LFD.A.B_A	1LFD.A.B_B	DA38K	-0.994115
1LFD.A.B_A	1LFD.A.B_B	DA43A	-0.340566
1LFD.A.B_A	1LFD.A.B_B	DA45K	-0.704187
1LFD.A.B_A	1LFD.A.B_B	DA81K	-1.024266
1LFD.A.B_A	1LFD.A.B_B	DB33A	1.100785
1LFD.A.B_A	1LFD.A.B_B	DB38A	3.237532
1LFD.A.B_A	1LFD.A.B_B	EA44A	-0.139149
1LFD.A.B_A	1LFD.A.B_B	EA44K	-0.193026
1LFD.A.B_A	1LFD.A.B_B	EB37A	1.150756
1LFD.A.B_A	1LFD.A.B_B	EB62A	0.190890
1LFD.A.B_A	1LFD.A.B_B	EB63A	0.285754
1LFD.A.B_A	1LFD.A.B_B	HA40A	1.460050
1LFD.A.B_A	1LFD.A.B_B	IA5A	1.412302
1LFD.A.B_A	1LFD.A.B_B	KA19A	1.924332
1LFD.A.B_A	1LFD.A.B_B	KA35A	0.357959
1LFD.A.B_A	1LFD.A.B_B	KA39A	2.113810
1LFD.A.B_A	1LFD.A.B_B	LA10K	-0.258641
1LFD.A.B_A	1LFD.A.B_B	LA42K	-0.285501
1LFD.A.B_A	1LFD.A.B_B	MA17K	-0.661147
1LFD.A.B_A	1LFD.A.B_B	NA14A	0.931576
1LFD.A.B_A	1LFD.A.B_B	NA14K	0.400304
1LFD.A.B_A	1LFD.A.B_B	NA16A	0.485963
1LFD.A.B_A	1LFD.A.B_B	NA41K	-0.634893
1LFD.A.B_A	1LFD.A.B_B	NA79K	-0.482252
1LFD.A.B_A	1LFD.A.B_B	QB25A	0.900638
1LFD.A.B_A	1LFD.A.B_B	RA7A	1.810408
1LFD.A.B_A	1LFD.A.B_B	RB41A	0.833415
1LFD.A.B_A	1LFD.A.B_B	SA20A	0.927890
1LFD.A.B_A	1LFD.A.B_B	SA9K	0.390309
1LFD.A.B_A	1LFD.A.B_B	SB39A	-0.733536
1LFD.A.B_A	1LFD.A.B_B	VB29A	0.477711
1LFD.A.B_A	1LFD.A.B_B	YA18A	3.458532
1LFD.A.B_A	1LFD.A.B_B	YA18F	1.315990
1LFD.A.B_A	1LFD.A.B_B	YA80K	0.138271
1LFD.A.B_A	1LFD.A.B_B	YB32W	-0.211313
1LFD.A.B_A	1LFD.A.B_B	YB40A	3.554531
1LFD.A.B_A	1LFD.A.B_B	YB40F	2.110396
1LFD.A.B_A	1LFD.A.B_B	DA38A,DB33A	0.200323
1LFD.A.B_A	1LFD.A.B_B	DA38K,DA43K,EA44K	-1.380128
1LFD.A.B_A	1LFD.A.B_B	DA45K,DA81K	-0.652660
1LFD.A.B_A	1LFD.A.B_B	HA40A,DB33A	2.201554
1LFD.A.B_A	1LFD.A.B_B	HA40A,SB39A	0.501125
1LFD.A.B_A	1LFD.A.B_B	HA40A,VB29A	1.919625
1LFD.A.B_A	1LFD.A.B_B	KA19A,QB25A	2.501266
1LFD.A.B_A	1LFD.A.B_B	KA35A,EB63A	0.285754
1LFD.A.B_A	1LFD.A.B_B	KA35A,SB39A	-0.099673
1LFD.A.B_A	1LFD.A.B_B	KA39A,DB38A	5.862424
1LFD.A.B_A	1LFD.A.B_B	MA17K,DA38K,DA45K	-1.880966
1LFD.A.B_A	1LFD.A.B_B	MA17K,DA38K,DA45K,DA81K	-1.329266
1LFD.A.B_A	1LFD.A.B_B	MA17K,DA45K	-0.625631
1LFD.A.B_A	1LFD.A.B_B	MA17K,DA81K	-0.654009
1LFD.A.B_A	1LFD.A.B_B	NA14A,EB37A	1.919625
1LFD.A.B_A	1LFD.A.B_B	NA14A,RB41A	1.519205
1LFD.A.B_A	1LFD.A.B_B	NA16A,QB25A	0.301782
1LFD.A.B_A	1LFD.A.B_B	NA16A,RB41A	1.083467
1LFD.A.B_A	1LFD.A.B_B	NA16A,SB39A	0.000000
1LFD.A.B_A	1LFD.A.B_B	NA16A,YB40F	2.301167
1LFD.A.B_A	1LFD.A.B_B	RA7A,EB37A	2.016676
1LFD.A.B_A	1LFD.A.B_B	SA20A,DB38A	3.169999
1LFD.A.B_A	1LFD.A.B_B	SA20A,EB37A	2.208296
1LFD.A.B_A	1LFD.A.B_B	SA20A,YB40F	1.799184
1LFD.A.B_A	1LFD.A.B_B	YA18A,DB38A	4.708083
1LFD.A.B_A	1LFD.A.B_B	YA18A,EB37A	3.458532
1LFD.A.B_A	1LFD.A.B_B	YA18A,SB39A	3.938493
1LFD.A.B_A	1LFD.A.B_B	YA18F,EB37A	1.247076
1LFD.A.B_A	1LFD.A.B_B	YA18F,RB41A	1.799184
1LFD.A.B_A	1LFD.A.B_B	YA18F,SB39A	0.800814
1LFD.A.B_A	1LFD.A.B_B	YA18F,YB40F	2.601687
1LP9.ABC.EF_ABC	1LP9.ABC.EF_EF	KA66A	0.940625
1LP9.ABC.EF_ABC	1LP9.ABC.EF_EF	TA163A	-0.404320
1LP9.ABC.EF_ABC	1LP9.ABC.EF_EF	WA167A	0.298805
1MAH.A.F_A	1MAH.A.F_F	DA71N	1.734872
1MAH.A.F_A	1MAH.A.F_F	FA285L	1.149167
1MAH.A.F_A	1MAH.A.F_F	FA287I	1.901855
1MAH.A.F_A	1MAH.A.F_F	FA287Y	0.731058
1MAH.A.F_A	1MAH.A.F_F	FA328G	0.731058
1MAH.A.F_A	1MAH.A.F_F	WA276R	8.131130
1MAH.A.F_A	1MAH.A.F_F	YA121Q	2.772983
1MAH.A.F_A	1MAH.A.F_F	YA327A	0.356760
1MAH.A.F_A	1MAH.A.F_F	YA69N	4.816024
1MAH.A.F_A	1MAH.A.F_F	YA121Q,WA276R	8.959454
1MAH.A.F_A	1MAH.A.F_F	YA69N,WA276R	10.734282
1MAH.A.F_A	1MAH.A.F_F	YA69N,YA121Q	6.132774
1MAH.A.F_A	1MAH.A.F_F	YA69N,YA121Q,WA276R	10.926110
1MI5.ABC.DE_ABC	1MI5.ABC.DE_DE	AB298G	1.231969
1MI5.ABC.DE_ABC	1MI5.ABC.DE_DE	AB91G	0.608305
1MI5.ABC.DE_ABC	1MI5.ABC.DE_DE	DB29A	1.231969
1MI5.ABC.DE_ABC	1MI5.ABC.DE_DE	EB251A	0.818938
1MI5.ABC.DE_ABC	1MI5.ABC.DE_DE	EB300A	0.119749
1MI5.ABC.DE_ABC	1MI5.ABC.DE_DE	GB227A	-0.289361
1MI5.ABC.DE_ABC	1MI5.ABC.DE_DE	GB296A	1.231969
1MI5.ABC.DE_ABC	1MI5.ABC.DE_DE	GB92A	0.764135
1MI5.ABC.DE_ABC	1MI5.ABC.DE_DE	GB93A	1.231969
1MI5.ABC.DE_ABC	1MI5.ABC.DE_DE	GB97A	1.231969
1MI5.ABC.DE_ABC	1MI5.ABC.DE_DE	HB32A	1.231969
1MI5.ABC.DE_ABC	1MI5.ABC.DE_DE	HB47A	1.117280
1MI5.ABC.DE_ABC	1MI5.ABC.DE_DE	KB98A	1.231969
1MI5.ABC.DE_ABC	1MI5.ABC.DE_DE	LB295A	0.115864
1MI5.ABC.DE_ABC	1MI5.ABC.DE_DE	LB49A	1.231969
1MI5.ABC.DE_ABC	1MI5.ABC.DE_DE	LB90A	1.231969
1MI5.ABC.DE_ABC	1MI5.ABC.DE_DE	NB250A	-0.432870
1MI5.ABC.DE_ABC	1MI5.ABC.DE_DE	NB52A	-0.019268
1MI5.ABC.DE_ABC	1MI5.ABC.DE_DE	PB89A	1.231969
1MI5.ABC.DE_ABC	1MI5.ABC.DE_DE	QB249A	-0.070374
1MI5.ABC.DE_ABC	1MI5.ABC.DE_DE	QB297A	1.231969
1MI5.ABC.DE_ABC	1MI5.ABC.DE_DE	QB301A	1.231969
1MI5.ABC.DE_ABC	1MI5.ABC.DE_DE	SB226A	0.032282
1MI5.ABC.DE_ABC	1MI5.ABC.DE_DE	SB230A	1.063897
1MI5.ABC.DE_ABC	1MI5.ABC.DE_DE	SB23A	0.100064
1MI5.ABC.DE_ABC	1MI5.ABC.DE_DE	SB26A	-0.039185
1MI5.ABC.DE_ABC	1MI5.ABC.DE_DE	SB293A	0.301691
1MI5.ABC.DE_ABC	1MI5.ABC.DE_DE	SB294A	-0.611899
1MI5.ABC.DE_ABC	1MI5.ABC.DE_DE	SB51A	0.482015
1MI5.ABC.DE_ABC	1MI5.ABC.DE_DE	SB95A	0.827208
1MI5.ABC.DE_ABC	1MI5.ABC.DE_DE	TB24A	0.260409
1MI5.ABC.DE_ABC	1MI5.ABC.DE_DE	TB28A	0.587576
1MI5.ABC.DE_ABC	1MI5.ABC.DE_DE	TB50A	-0.558466
1MI5.ABC.DE_ABC	1MI5.ABC.DE_DE	TB94A	0.942995
1MI5.ABC.DE_ABC	1MI5.ABC.DE_DE	VB229A	0.293084
1MI5.ABC.DE_ABC	1MI5.ABC.DE_DE	YB299A	1.231969
1MI5.ABC.DE_ABC	1MI5.ABC.DE_DE	YB302A	0.260409
1MI5.ABC.DE_ABC	1MI5.ABC.DE_DE	YB30A	0.449632
1MI5.ABC.DE_ABC	1MI5.ABC.DE_DE	YB96A	1.231969
1OGA.ABC.DE_ABC	1OGA.ABC.DE_DE	AA149G	0.122737
1OGA.ABC.DE_ABC	1OGA.ABC.DE_DE	AA150G	0.448543
1OGA.ABC.DE_ABC	1OGA.ABC.DE_DE	AA158G	0.132649
1OGA.ABC.DE_ABC	1OGA.ABC.DE_DE	AA69G	0.427191
1OGA.ABC.DE_ABC	1OGA.ABC.DE_DE	DA61A	0.118176
1OGA.ABC.DE_ABC	1OGA.ABC.DE_DE	DB228A	1.573201
1OGA.ABC.DE_ABC	1OGA.ABC.DE_DE	DB228S	2.162248
1OGA.ABC.DE_ABC	1OGA.ABC.DE_DE	DB252A	0.116412
1OGA.ABC.DE_ABC	1OGA.ABC.DE_DE	EA154A	0.612391
1OGA.ABC.DE_ABC	1OGA.ABC.DE_DE	EA58A	0.112656
1OGA.ABC.DE_ABC	1OGA.ABC.DE_DE	EA63A	-0.018161
1OGA.ABC.DE_ABC	1OGA.ABC.DE_DE	HA151A	0.000000
1OGA.ABC.DE_ABC	1OGA.ABC.DE_DE	HA70A	0.517741
1OGA.ABC.DE_ABC	1OGA.ABC.DE_DE	HA74A	0.604384
1OGA.ABC.DE_ABC	1OGA.ABC.DE_DE	IB249A	2.162248
1OGA.ABC.DE_ABC	1OGA.ABC.DE_DE	IB249G	2.162248
1OGA.ABC.DE_ABC	1OGA.ABC.DE_DE	IB249L	1.418563
1OGA.ABC.DE_ABC	1OGA.ABC.DE_DE	IB249N	2.162248
1OGA.ABC.DE_ABC	1OGA.ABC.DE_DE	IB249V	0.200721
1OGA.ABC.DE_ABC	1OGA.ABC.DE_DE	KA146A	1.931125
1OGA.ABC.DE_ABC	1OGA.ABC.DE_DE	KA66A	-0.023952
1OGA.ABC.DE_ABC	1OGA.ABC.DE_DE	KA68A	0.248360
1OGA.ABC.DE_ABC	1OGA.ABC.DE_DE	NB251A	1.115259
1OGA.ABC.DE_ABC	1OGA.ABC.DE_DE	NB251D	0.495437
1OGA.ABC.DE_ABC	1OGA.ABC.DE_DE	QA155A	0.489068
1OGA.ABC.DE_ABC	1OGA.ABC.DE_DE	QA43A	-0.023952
1OGA.ABC.DE_ABC	1OGA.ABC.DE_DE	QA72A	-0.459570
1OGA.ABC.DE_ABC	1OGA.ABC.DE_DE	QB248A	2.162248
1OGA.ABC.DE_ABC	1OGA.ABC.DE_DE	QB248E	2.162248
1OGA.ABC.DE_ABC	1OGA.ABC.DE_DE	QB254A	0.498063
1OGA.ABC.DE_ABC	1OGA.ABC.DE_DE	QB254E	0.000000
1OGA.ABC.DE_ABC	1OGA.ABC.DE_DE	QB32A	0.988579
1OGA.ABC.DE_ABC	1OGA.ABC.DE_DE	RA65A	-0.365475
1OGA.ABC.DE_ABC	1OGA.ABC.DE_DE	RA75A	0.711056
1OGA.ABC.DE_ABC	1OGA.ABC.DE_DE	RB294A	2.162248
1OGA.ABC.DE_ABC	1OGA.ABC.DE_DE	RB294H	2.162248
1OGA.ABC.DE_ABC	1OGA.ABC.DE_DE	SB295A	-0.017603
1OGA.ABC.DE_ABC	1OGA.ABC.DE_DE	SB29A	0.627639
1OGA.ABC.DE_ABC	1OGA.ABC.DE_DE	SB30A	1.019789
1OGA.ABC.DE_ABC	1OGA.ABC.DE_DE	TA163A	0.321561
1OGA.ABC.DE_ABC	1OGA.ABC.DE_DE	TA64A	0.186429
1OGA.ABC.DE_ABC	1OGA.ABC.DE_DE	TA73A	0.848620
1OGA.ABC.DE_ABC	1OGA.ABC.DE_DE	TA80A	0.195338
1OGA.ABC.DE_ABC	1OGA.ABC.DE_DE	VA152A	1.393609
1OGA.ABC.DE_ABC	1OGA.ABC.DE_DE	VA67A	-0.139230
1OGA.ABC.DE_ABC	1OGA.ABC.DE_DE	VA76A	0.872164
1OGA.ABC.DE_ABC	1OGA.ABC.DE_DE	YB297A	0.216524
1OGA.ABC.DE_ABC	1OGA.ABC.DE_DE	YB297F	0.498063
1QSE.ABC.DE_ABC	1QSE.ABC.DE_DE	RA381V	-1.225423
1REW.AB.C_AB	1REW.AB.C_C	QB55A	2.658561
1REW.AB.C_AB	1REW.AB.C_C	AA23D,AA126D	0.000000
1REW.AB.C_AB	1REW.AB.C_C	AA23D,DA42A,AA126D,DA145A	-0.183913
1REW.AB.C_AB	1REW.AB.C_C	DA19A,AA23D,DA122A,AA126D	0.476178
1REW.AB.C_AB	1REW.AB.C_C	DA19A,DA122A	0.668091
1REW.AB.C_AB	1REW.AB.C_C	DA19A,WA20A,DA122A,WA123A	2.063082
1REW.AB.C_AB	1REW.AB.C_C	DA42A,DA145A	-0.060867
1REW.AB.C_AB	1REW.AB.C_C	DA42A,EA98R,DA145A,EA201R	0.043652
1REW.AB.C_AB	1REW.AB.C_C	DA42P,DA145P	2.355922
1REW.AB.C_AB	1REW.AB.C_C	EA98R,EA201R	0.268828
1REW.AB.C_AB	1REW.AB.C_C	FA38A,FA141A	1.364171
1REW.AB.C_AB	1REW.AB.C_C	FA38A,PA39A,FA141A,PA142A	2.883712
1REW.AB.C_AB	1REW.AB.C_C	HA28D,HA131D	0.195652
1REW.AB.C_AB	1REW.AB.C_C	HA28D,LA89A,HA131D,LA192A	0.118726
1REW.AB.C_AB	1REW.AB.C_C	HA28D,SA77A,HA131D,SA180A	0.183397
1REW.AB.C_AB	1REW.AB.C_C	KB57R,SB59T,KB61I,AB62P,QB63H,LB64Q,TB67D	0.729986
1REW.AB.C_AB	1REW.AB.C_C	KB57R,SB59T,KB61I,AB62P,QB63H,LB64Q,TB67D,AB43T,MB47L,KB48G,YB49L	0.267779
1REW.AB.C_AB	1REW.AB.C_C	KB57R,SB59T,KB61I,AB62P,QB63H,LB64Q,TB67D,AB43T,MB47L,KB48G,YB49L,GB11H,DB15E,AB30T,IB31M	1.152858
1REW.AB.C_AB	1REW.AB.C_C	LA40P,LA143P	5.307793
1REW.AB.C_AB	1REW.AB.C_C	LA89A,LA192A	0.239922
1REW.AB.C_AB	1REW.AB.C_C	PA39A,PA142A	1.294501
1REW.AB.C_AB	1REW.AB.C_C	SA58R,SA161R	1.666811
1REW.AB.C_AB	1REW.AB.C_C	SA77A,SA180A	0.203264
1REW.AB.C_AB	1REW.AB.C_C	WA17F,WA120F	0.672421
1REW.AB.C_AB	1REW.AB.C_C	WA20A,WA123A	1.087313
1REW.AB.C_AB	1REW.AB.C_C	YA92A,YA195A	1.215279
1S1Q.A.B_A	1S1Q.A.B_B	DA44A	0.965521
1S1Q.A.B_A	1S1Q.A.B_B	FA42A	0.199344
1S1Q.A.B_A	1S1Q.A.B_B	FA86A	0.775250
1S1Q.A.B_A	1S1Q.A.B_B	NA43A	1.231969
1S1Q.A.B_A	1S1Q.A.B_B	VA41A	0.670753
1S1Q.A.B_A	1S1Q.A.B_B	WA73A	0.280782
1X1W.A.D_A	1X1W.A.D_D	AB81E	-0.410656
1X1X.A.D_A	1X1X.A.D_D	AB76E	-0.823553
1XD3.A.B_A	1XD3.A.B_B	DB39A	-0.410656
1XD3.A.B_A	1XD3.A.B_B	DB52A	-0.240219
1XD3.A.B_A	1XD3.A.B_B	DB58A	-0.240219
1XD3.A.B_A	1XD3.A.B_B	EB24A	-0.240219
1XD3.A.B_A	1XD3.A.B_B	EB51A	1.534609
1XD3.A.B_A	1XD3.A.B_B	HB68N	0.000000
1XD3.A.B_A	1XD3.A.B_B	IB44A	0.265981
1XD3.A.B_A	1XD3.A.B_B	KB11R	1.402407
1XD3.A.B_A	1XD3.A.B_B	KB27A	-0.062421
1XD3.A.B_A	1XD3.A.B_B	KB27R	0.265981
1XD3.A.B_A	1XD3.A.B_B	KB33R	0.000000
1XD3.A.B_A	1XD3.A.B_B	KB6A	1.344086
1XD3.A.B_A	1XD3.A.B_B	KB6R	0.302640
1XD3.A.B_A	1XD3.A.B_B	LB8A	2.676792
1XD3.A.B_A	1XD3.A.B_B	RB42L	-0.862188
1XD3.A.B_A	1XD3.A.B_B	RB54L	0.868734
1XD3.A.B_A	1XD3.A.B_B	RB72L	1.301750
1XD3.A.B_A	1XD3.A.B_B	RB74L	2.377732
1Z7X.W.X_W	1Z7X.W.X_X	DA435A	3.662431
1Z7X.W.X_W	1Z7X.W.X_X	EA206A	1.018685
1Z7X.W.X_W	1Z7X.W.X_X	EA287A	1.321325
1Z7X.W.X_W	1Z7X.W.X_X	EA344A	1.561543
1Z7X.W.X_W	1Z7X.W.X_X	EA401A	1.306325
1Z7X.W.X_W	1Z7X.W.X_X	IA459A	0.337421
1Z7X.W.X_W	1Z7X.W.X_X	KA320A	1.321325
1Z7X.W.X_W	1Z7X.W.X_X	RA457A	0.848247
1Z7X.W.X_W	1Z7X.W.X_X	SA289A	0.814384
1Z7X.W.X_W	1Z7X.W.X_X	WA261A	1.335954
1Z7X.W.X_W	1Z7X.W.X_X	WA263A	2.212418
1Z7X.W.X_W	1Z7X.W.X_X	WA318A	0.993470
1Z7X.W.X_W	1Z7X.W.X_X	WA375A	1.669560
1Z7X.W.X_W	1Z7X.W.X_X	YA434A	5.955931
1Z7X.W.X_W	1Z7X.W.X_X	YA434F	0.120623
1Z7X.W.X_W	1Z7X.W.X_X	YA437A	2.624135
1Z7X.W.X_W	1Z7X.W.X_X	YA437F	2.166058
1Z7X.W.X_W	1Z7X.W.X_X	QA430A,VA432A	0.939574
1Z7X.W.X_W	1Z7X.W.X_X	WA438A,SA439A,EA440A	1.972200
1Z7X.W.X_W	1Z7X.W.X_X	YA434A,DA435A	7.171211
1Z7X.W.X_W	1Z7X.W.X_X	YA434A,YA437A	7.240991
2AK4.ABC.DE_ABC	2AK4.ABC.DE_DE	AA158G	0.873589
2AK4.ABC.DE_ABC	2AK4.ABC.DE_DE	EA154A	0.234915
2AK4.ABC.DE_ABC	2AK4.ABC.DE_DE	EA161A	0.465104
2AK4.ABC.DE_ABC	2AK4.ABC.DE_DE	EB301A	0.048639
2AK4.ABC.DE_ABC	2AK4.ABC.DE_DE	LA163A	0.140382
2AK4.ABC.DE_ABC	2AK4.ABC.DE_DE	LA380A	1.403989
2AK4.ABC.DE_ABC	2AK4.ABC.DE_DE	LA385A	0.513636
2AK4.ABC.DE_ABC	2AK4.ABC.DE_DE	LB298A	0.838487
2AK4.ABC.DE_ABC	2AK4.ABC.DE_DE	NB230A	0.208773
2AK4.ABC.DE_ABC	2AK4.ABC.DE_DE	NB232A	0.822895
2AK4.ABC.DE_ABC	2AK4.ABC.DE_DE	NB267A	-0.042688
2AK4.ABC.DE_ABC	2AK4.ABC.DE_DE	NB51A	1.403989
2AK4.ABC.DE_ABC	2AK4.ABC.DE_DE	NB98A	1.403989
2AK4.ABC.DE_ABC	2AK4.ABC.DE_DE	PA379A	1.096392
2AK4.ABC.DE_ABC	2AK4.ABC.DE_DE	PA381A	1.403989
2AK4.ABC.DE_ABC	2AK4.ABC.DE_DE	QA155A	0.929594
2AK4.ABC.DE_ABC	2AK4.ABC.DE_DE	QA382A	1.403989
2AK4.ABC.DE_ABC	2AK4.ABC.DE_DE	QA384A	0.065896
2AK4.ABC.DE_ABC	2AK4.ABC.DE_DE	QA65A	-0.257905
2AK4.ABC.DE_ABC	2AK4.ABC.DE_DE	QA72A	0.239162
2AK4.ABC.DE_ABC	2AK4.ABC.DE_DE	RA151A	1.367331
2AK4.ABC.DE_ABC	2AK4.ABC.DE_DE	RA157A	1.403989
2AK4.ABC.DE_ABC	2AK4.ABC.DE_DE	SB233G	1.403989
2AK4.ABC.DE_ABC	2AK4.ABC.DE_DE	SB253A	-0.314372
2AK4.ABC.DE_ABC	2AK4.ABC.DE_DE	SB94A	1.403989
2AK4.ABC.DE_ABC	2AK4.ABC.DE_DE	TA69A	-0.341933
2AK4.ABC.DE_ABC	2AK4.ABC.DE_DE	TB30A	-0.126683
2AK4.ABC.DE_ABC	2AK4.ABC.DE_DE	YB32A	0.098972
2AK4.ABC.DE_ABC	2AK4.ABC.DE_DE	YB97A	1.403989
2B0U.AB.C_AB	2B0U.AB.C_C	FB47A	0.542858
2B0U.AB.C_AB	2B0U.AB.C_C	FB47E	0.410656
2B0U.AB.C_AB	2B0U.AB.C_C	FB52A	0.000000
2B0U.AB.C_AB	2B0U.AB.C_C	FB52E	0.000000
2B0U.AB.C_AB	2B0U.AB.C_C	IB51A	0.000000
2B0U.AB.C_AB	2B0U.AB.C_C	IB51E	0.240219
2B0U.AB.C_AB	2B0U.AB.C_C	VB15E	0.000000
2B0Z.A.B_A	2B0Z.A.B_B	IB87F	-2.528999
2B10.A.B_A	2B10.A.B_B	SB87F	-1.164827
2B11.A.B_A	2B11.A.B_B	WB87F	-0.754171
2B12.A.B_A	2B12.A.B_B	YB87F	-1.575484
2BNQ.ABC.DE_ABC	2BNQ.ABC.DE_DE	VA385C	0.501983
2BNR.ABC.DE_ABC	2BNR.ABC.DE_DE	AA149G	0.018231
2BNR.ABC.DE_ABC	2BNR.ABC.DE_DE	AA150G	0.736888
2BNR.ABC.DE_ABC	2BNR.ABC.DE_DE	AA69G	1.855210
2BNR.ABC.DE_ABC	2BNR.ABC.DE_DE	CA385V	-0.501983
2BNR.ABC.DE_ABC	2BNR.ABC.DE_DE	DA61A	-0.089786
2BNR.ABC.DE_ABC	2BNR.ABC.DE_DE	EA154A	0.018231
2BNR.ABC.DE_ABC	2BNR.ABC.DE_DE	EA58A	0.000000
2BNR.ABC.DE_ABC	2BNR.ABC.DE_DE	EA63A	0.334711
2BNR.ABC.DE_ABC	2BNR.ABC.DE_DE	HA151A	0.533152
2BNR.ABC.DE_ABC	2BNR.ABC.DE_DE	HA70A	1.695717
2BNR.ABC.DE_ABC	2BNR.ABC.DE_DE	HA74A	0.975325
2BNR.ABC.DE_ABC	2BNR.ABC.DE_DE	KA146A	0.624371
2BNR.ABC.DE_ABC	2BNR.ABC.DE_DE	KA66A	1.689335
2BNR.ABC.DE_ABC	2BNR.ABC.DE_DE	KA68A	0.005528
2BNR.ABC.DE_ABC	2BNR.ABC.DE_DE	QA155A	0.232766
2BNR.ABC.DE_ABC	2BNR.ABC.DE_DE	QA43A	0.082802
2BNR.ABC.DE_ABC	2BNR.ABC.DE_DE	QA72A	-0.096285
2BNR.ABC.DE_ABC	2BNR.ABC.DE_DE	RA65A	1.806372
2BNR.ABC.DE_ABC	2BNR.ABC.DE_DE	RA75A	0.530889
2BNR.ABC.DE_ABC	2BNR.ABC.DE_DE	TA163A	0.458647
2BNR.ABC.DE_ABC	2BNR.ABC.DE_DE	TA64A	0.271471
2BNR.ABC.DE_ABC	2BNR.ABC.DE_DE	TA73A	1.285060
2BNR.ABC.DE_ABC	2BNR.ABC.DE_DE	TA80A	0.535406
2BNR.ABC.DE_ABC	2BNR.ABC.DE_DE	VA152A	0.903310
2BNR.ABC.DE_ABC	2BNR.ABC.DE_DE	VA67A	0.392802
2BNR.ABC.DE_ABC	2BNR.ABC.DE_DE	VA76A	0.672090
2C5D.A.C_A	2C5D.A.C_C	DB61G	-0.503781
2C5D.A.C_A	2C5D.A.C_C	GB101R	-0.018231
2C5D.A.C_A	2C5D.A.C_C	GB6S	0.098972
2C5D.A.C_A	2C5D.A.C_C	VB66A	-0.599325
2C5D.A.C_A	2C5D.A.C_C	DB61G,GB101R	-0.561089
2C5D.A.C_A	2C5D.A.C_C	DB61G,VB66A	-1.040370
2C5D.A.C_A	2C5D.A.C_C	DB61G,VB66A,GB101R	-0.869932
2C5D.A.C_A	2C5D.A.C_C	EB33R,TB51R	6.113514
2C5D.A.C_A	2C5D.A.C_C	GB6S,DB61G	-0.529544
2C5D.A.C_A	2C5D.A.C_C	GB6S,DB61G,GB101R	-0.551904
2C5D.A.C_A	2C5D.A.C_C	GB6S,DB61G,VB66R	-1.235571
2C5D.A.C_A	2C5D.A.C_C	GB6S,DB61G,VB66R,GB101R	-1.483059
2C5D.A.C_A	2C5D.A.C_C	GB6S,GB101R	0.034860
2C5D.A.C_A	2C5D.A.C_C	GB6S,VB66A	-0.846996
2C5D.A.C_A	2C5D.A.C_C	GB6S,VB66A,GB101R	-0.796697
2C5D.A.C_A	2C5D.A.C_C	VB66A,GB101R	-0.656286
2G2U.A.B_A	2G2U.A.B_B	DA79A	-1.543452
2G2U.A.B_A	2G2U.A.B_B	DA79E	-4.384282
2G2U.A.B_A	2G2U.A.B_B	DA79K	-0.561924
2G2U.A.B_A	2G2U.A.B_B	EB31A	0.650875
2G2U.A.B_A	2G2U.A.B_B	EB73A	-1.979437
2G2U.A.B_A	2G2U.A.B_B	EB73M	-3.001306
2G2U.A.B_A	2G2U.A.B_B	FB142A	0.275827
2G2U.A.B_A	2G2U.A.B_B	FB36A	2.763951
2G2U.A.B_A	2G2U.A.B_B	GB141A	-0.413811
2G2U.A.B_A	2G2U.A.B_B	GB48A	-0.426598
2G2U.A.B_A	2G2U.A.B_B	HB148A	1.118951
2G2U.A.B_A	2G2U.A.B_B	HB41A	1.717049
2G2U.A.B_A	2G2U.A.B_B	KB74A	-0.217335
2G2U.A.B_A	2G2U.A.B_B	RB144A	-0.342392
2G2U.A.B_A	2G2U.A.B_B	RB160A	0.669794
2G2U.A.B_A	2G2U.A.B_B	SB113A	-0.612311
2G2U.A.B_A	2G2U.A.B_B	SB130K	-1.469439
2G2U.A.B_A	2G2U.A.B_B	SB35A	-0.950899
2G2U.A.B_A	2G2U.A.B_B	SB39A	-0.956142
2G2U.A.B_A	2G2U.A.B_B	SB71A	-0.512207
2G2U.A.B_A	2G2U.A.B_B	WB112A	0.958735
2G2U.A.B_A	2G2U.A.B_B	WB150A	1.785222
2G2U.A.B_A	2G2U.A.B_B	WB162A	0.531210
2G2U.A.B_A	2G2U.A.B_B	YB143A	-1.847236
2G2U.A.B_A	2G2U.A.B_B	YB50A	-2.075722
2G2U.A.B_A	2G2U.A.B_B	YB51A	-0.628749
2G2U.A.B_A	2G2U.A.B_B	YB53A	2.301744
2G2U.A.B_A	2G2U.A.B_B	DA79A,EB73M	-2.147248
2G2U.A.B_A	2G2U.A.B_B	DA79A,EB73M,FB142A	-0.691750
2G2U.A.B_A	2G2U.A.B_B	DA79A,EB73M,KB74A	-1.556968
2G2U.A.B_A	2G2U.A.B_B	DA79A,EB73M,KB74A,FB142A	-0.987378
2G2U.A.B_A	2G2U.A.B_B	EB73A,YB143A	-1.835504
2G2U.A.B_A	2G2U.A.B_B	EB73A,YB50A	-2.452515
2G2U.A.B_A	2G2U.A.B_B	EB73M,FB142A	0.322066
2G2U.A.B_A	2G2U.A.B_B	EB73M,FB142W,YB143F	-1.108092
2G2U.A.B_A	2G2U.A.B_B	EB73M,KB74A	0.473077
2G2U.A.B_A	2G2U.A.B_B	EB73M,KB74A,FB142A	1.483059
2G2U.A.B_A	2G2U.A.B_B	EB73M,SB130K	-2.809425
2G2U.A.B_A	2G2U.A.B_B	EB73M,SB130K,FB142W,YB143F	-2.016426
2G2U.A.B_A	2G2U.A.B_B	EB73M,SB130K,FB142W,YB143F,SB146M	-2.931834
2G2U.A.B_A	2G2U.A.B_B	EB73M,SB130K,SB146M	-3.509699
2G2U.A.B_A	2G2U.A.B_B	EB73M,YB143F	-1.592455
2G2U.A.B_A	2G2U.A.B_B	WB112A,YB143A	-0.409609
2G2U.A.B_A	2G2U.A.B_B	WB150A,YB143A	0.989123
2G2U.A.B_A	2G2U.A.B_B	YB50A,YB143A	-2.075722
2G2W.A.B_A	2G2W.A.B_B	KA79D	0.452887
2GYK.A.B_A	2GYK.A.B_B	AA49D	-5.918129
2J0T.A.D_A	2J0T.A.D_D	CB70S	4.308547
2J0T.A.D_A	2J0T.A.D_D	MB66A	1.642626
2J0T.A.D_A	2J0T.A.D_D	SB68A	2.106373
2J0T.A.D_A	2J0T.A.D_D	SB68E	2.185484
2J0T.A.D_A	2J0T.A.D_D	SB68R	2.836359
2J0T.A.D_A	2J0T.A.D_D	SB68Y	2.978354
2J0T.A.D_A	2J0T.A.D_D	TB2A	4.289029
2J0T.A.D_A	2J0T.A.D_D	TB2L	2.682154
2J0T.A.D_A	2J0T.A.D_D	TB2R	5.046028
2J0T.A.D_A	2J0T.A.D_D	TB2S	1.594432
2J0T.A.D_A	2J0T.A.D_D	VB4A	0.000000
2J0T.A.D_A	2J0T.A.D_D	VB4I	1.642626
2J0T.A.D_A	2J0T.A.D_D	VB4K	1.824523
2J0T.A.D_A	2J0T.A.D_D	VB4S	0.982421
2J0T.A.D_A	2J0T.A.D_D	VB69I	0.790924
2J0T.A.D_A	2J0T.A.D_D	VB69T	1.288436
2J0T.A.D_A	2J0T.A.D_D	CB1S,FB12Y	4.200530
2J0T.A.D_A	2J0T.A.D_D	TB2L,VB4S	3.470544
2J0T.A.D_A	2J0T.A.D_D	TB2L,VB4S,SB68A	5.286247
2J0T.A.D_A	2J0T.A.D_D	TB2S,VB4A	1.250200
2J0T.A.D_A	2J0T.A.D_D	TB2S,VB4A,SB68Y	2.147248
2J0T.A.D_A	2J0T.A.D_D	VB69A,AB103V	0.701327
2J8U.ABC.EF_ABC	2J8U.ABC.EF_EF	AA66K	-0.940625
2JCC.ABC.EF_ABC	2JCC.ABC.EF_EF	AA167W	-0.298805
2OOB.A.B_A	2OOB.A.B_B	AA9E	3.103360
2OOB.A.B_A	2OOB.A.B_B	GA13S	0.235364
2OOB.A.B_A	2OOB.A.B_B	KA7E	-0.178300
2OOB.A.B_A	2OOB.A.B_B	AA6S,KA7E	0.161161
2OOB.A.B_A	2OOB.A.B_B	AA6S,KA7E,AA9E,GA13S	3.103360
2OOB.A.B_A	2OOB.A.B_B	AA9E,GA13S	3.103360
2OOB.A.B_A	2OOB.A.B_B	IA27E,IA38E	0.284283
2P5E.ABC.DE_ABC	2P5E.ABC.DE_DE	YB32D	7.607647
2P5E.ABC.DE_ABC	2P5E.ABC.DE_DE	TB52P,PB53F,AB243S,IB244V,QB245G,TB246M,LB96T,LB97S,DB98G,TB100S,LB288V	1.962705
2P5E.ABC.DE_ABC	2P5E.ABC.DE_DE	TB52Q,PB53S,WB54S,AB243G,IB244A,QB245G	4.409873
2P5E.ABC.DE_ABC	2P5E.ABC.DE_DE	TB52Q,PB53S,WB54S,AB243G,IB244A,QB245G,TB246I,LB96T,LB97S,DB98G,TB100S,LB288V	7.955882
2P5E.ABC.DE_ABC	2P5E.ABC.DE_DE	YB32D,TB52Q,PB53S,WB54S,AB243G,IB244A,QB245G,TB246I,LB96T,LB97S,DB98G,TB100S,LB288V	7.778085
2PCB.A.B_A	2PCB.A.B_B	AA193F	0.733677
2PCB.A.B_A	2PCB.A.B_B	DA34N	0.821313
2PCB.A.B_A	2PCB.A.B_B	EA290N	0.871009
2PCB.A.B_A	2PCB.A.B_B	EA291Q	-0.056526
2PCB.A.B_A	2PCB.A.B_B	EA32Q	0.605753
2PCB.A.B_A	2PCB.A.B_B	EA35Q	0.676007
2PCC.A.B_A	2PCC.A.B_B	AB86G	1.901855
2PCC.A.B_A	2PCC.A.B_B	DA34A	-0.897048
2PCC.A.B_A	2PCC.A.B_B	EA290A	6.202555
2PCC.A.B_A	2PCC.A.B_B	KB77A	0.303669
2PCC.A.B_A	2PCC.A.B_B	KB92A	0.901871
2PCC.A.B_A	2PCC.A.B_B	VA197A	2.102682
2PCC.A.B_A	2PCC.A.B_B	AB86G,DA34A	-0.097802
2PCC.A.B_A	2PCC.A.B_B	AB86G,VA197A	2.102682
2PCC.A.B_A	2PCC.A.B_B	KB77A,EA290A	1.102177
2PCC.A.B_A	2PCC.A.B_B	KB77A,VA197A	2.800978
2PCC.A.B_A	2PCC.A.B_B	KB92A,DA34A	0.203012
2PCC.A.B_A	2PCC.A.B_B	KB92A,VA197A	1.501502
2PYE.ABC.DE_ABC	2PYE.ABC.DE_DE	QB52P,SB53F,SB54W,GB245S,AB246V,TB248M,LB96T,LB97S,DB98G,TB100S,LB290V	-2.447168
2PYE.ABC.DE_ABC	2PYE.ABC.DE_DE	QB52T,SB53P,SB54W,GB245A,AB246I,GB247Q	-4.409873
2PYE.ABC.DE_ABC	2PYE.ABC.DE_DE	TB248I,LB96T,LB97S,DB98G,TB100S,LB290V	3.546009
2PYE.ABC.DE_ABC	2PYE.ABC.DE_DE	YB32D,QB52T,SB53P,SB54W,GB245A,AB246I,GB247Q	3.197774
2PYE.ABC.DE_ABC	2PYE.ABC.DE_DE	YB32D,TB248I,LB96T,LB97S,DB98G,TB100S,LB290V	3.368212
2QJ9.AB.C_AB	2QJ9.AB.C_C	AB43T,MB47L,KB48G,YB49L	-0.462206
2QJ9.AB.C_AB	2QJ9.AB.C_C	AB43T,MB47L,KB48G,YB49L,GB11H,DB15E,AB30T,IB31M	0.422872
2QJ9.AB.C_AB	2QJ9.AB.C_C	RB57K,TB59S,IB61K,PB62A,HB63Q,QB64L,SB67T	-0.729986
2QJA.AB.C_AB	2QJA.AB.C_C	GB11H,DB15E,AB30T,IB31M	0.885079
2QJA.AB.C_AB	2QJA.AB.C_C	RB57K,TB59S,IB61K,PB62A,HB63Q,QB64L,SB67T,TB43A,LB47M,GB48K,LB49Y	-0.267779
2QJA.AB.C_AB	2QJA.AB.C_C	TB43A,LB47M,GB48K,LB49Y	0.462206
2QJB.AB.C_AB	2QJB.AB.C_C	HB11G,EB15D,TB30A,MB31I	-0.885079
2QJB.AB.C_AB	2QJB.AB.C_C	RB57K,TB59S,IB61K,PB62A,HB63Q,QB64L,SB67T,TB43A,LB47M,GB48K,LB49Y,HB11G,EB15D,TB30A,MB31I	-1.152858
2QJB.AB.C_AB	2QJB.AB.C_C	TB43A,LB47M,GB48K,LB49Y,HB11G,EB15D,TB30A,MB31I	-0.422872
2UWE.ABC.EF_ABC	2UWE.ABC.EF_EF	AA163T	0.404320
2VLN.A.B_A	2VLN.A.B_B	AB75N	-2.335586
2VLO.A.B_A	2VLO.A.B_B	AB95K	-1.960515
2VLP.A.B_A	2VLP.A.B_B	AB54R	-1.666447
2VLQ.A.B_A	2VLQ.A.B_B	AB86F	-3.880681
2VLR.ABC.DE_ABC	2VLR.ABC.DE_DE	AB294S	0.017603
2VN5.A.B_A	2VN5.A.B_B	AB14S,LB15T	1.276192
2VN5.A.B_A	2VN5.A.B_B	SB42A,TB43F	0.255810
2VN5.A.B_A	2VN5.A.B_B	SB42A,TB43F,AB14Q,LB15Q	0.150863
2VN5.A.B_A	2VN5.A.B_B	SB42A,TB43F,AB14S,LB15T	0.348235
2VN5.A.B_A	2VN5.A.B_B	SB42A,TB43F,FB17A,LB45A	4.963522
2VN5.A.B_A	2VN5.A.B_B	SB42A,TB43F,IA83A	0.919372
2VN5.A.B_A	2VN5.A.B_B	SB42A,TB43F,KA127G	0.506200
2VN5.A.B_A	2VN5.A.B_B	SB42A,TB43F,LA77A	3.150731
2VN5.A.B_A	2VN5.A.B_B	SB42A,TB43F,LA77A,LA79A	5.738830
2VN5.A.B_A	2VN5.A.B_B	SB42A,TB43F,LA79A	2.846152
2VN5.A.B_A	2VN5.A.B_B	SB42A,TB43F,MA125G	1.546341
2VN5.A.B_A	2VN5.A.B_B	SB42A,TB43F,MA125G,KA127A	2.342060
2VN5.A.B_A	2VN5.A.B_B	SB42A,TB43F,NA37A	1.186581
2VN5.A.B_A	2VN5.A.B_B	SB42A,TB43F,NA81A	0.592826
2VN5.A.B_A	2VN5.A.B_B	SB42A,TB43F,SA66A	-0.087979
2VN5.A.B_A	2VN5.A.B_B	SB42A,TB43F,SA66A,SA68A,SA75A	0.136923
2VN5.A.B_A	2VN5.A.B_B	SB42A,TB43F,SA75A	0.000000
2VN5.A.B_A	2VN5.A.B_B	SB42A,TB43F,TA35A	0.303823
2VN5.A.B_A	2VN5.A.B_B	SB42A,TB43F,TA35A,NA37A	1.631412
2VN5.A.B_A	2VN5.A.B_B	SB42A,TB43F,TA35A,NA37A,NA81A	3.059888
2VN5.A.B_A	2VN5.A.B_B	SB42A,TB43F,TA35A,NA37A,YA39A	3.647714
2VN5.A.B_A	2VN5.A.B_B	SB42A,TB43F,TA35A,NA37A,YA39A,NA81A	5.046028
2VN5.A.B_A	2VN5.A.B_B	SB42A,TB43F,YA39A	1.255917
2VN5.A.B_A	2VN5.A.B_B	SB42Q,TB43Q	0.939122
2WPT.A.B_A	2WPT.A.B_B	DA30A	-0.776203
2WPT.A.B_A	2WPT.A.B_B	DA30L	-3.403402
2WPT.A.B_A	2WPT.A.B_B	DA48A	5.216466
2WPT.A.B_A	2WPT.A.B_B	EA27A	1.733953
2WPT.A.B_A	2WPT.A.B_B	EA36H	0.038236
2WPT.A.B_A	2WPT.A.B_B	EA38A	4.503170
2WPT.A.B_A	2WPT.A.B_B	FB79A	1.594689
2WPT.A.B_A	2WPT.A.B_B	KB90A	0.649318
2WPT.A.B_A	2WPT.A.B_B	NA31A	-0.259215
2WPT.A.B_A	2WPT.A.B_B	NA31V	-0.897048
2WPT.A.B_A	2WPT.A.B_B	NB65A	0.701317
2WPT.A.B_A	2WPT.A.B_B	NB68A	1.251599
2WPT.A.B_A	2WPT.A.B_B	PA53A	2.927686
2WPT.A.B_A	2WPT.A.B_B	QB85A	0.383969
2WPT.A.B_A	2WPT.A.B_B	RA35A	-1.110931
2WPT.A.B_A	2WPT.A.B_B	RA35T	-1.038295
2WPT.A.B_A	2WPT.A.B_B	RA39A	-0.240219
2WPT.A.B_A	2WPT.A.B_B	RA39E	-0.372420
2WPT.A.B_A	2WPT.A.B_B	RB47A	0.872171
2WPT.A.B_A	2WPT.A.B_B	SA47A	2.425703
2WPT.A.B_A	2WPT.A.B_B	SB67A	-0.134107
2WPT.A.B_A	2WPT.A.B_B	SB70A	-0.457141
2WPT.A.B_A	2WPT.A.B_B	SB71A	-0.095209
2WPT.A.B_A	2WPT.A.B_B	SB77A	-0.073552
2WPT.A.B_A	2WPT.A.B_B	TB80A	0.376562
2WPT.A.B_A	2WPT.A.B_B	VA34A	3.809300
2WPT.A.B_A	2WPT.A.B_B	VB91A	0.264979
2WPT.A.B_A	2WPT.A.B_B	YA51A	5.216466
2WPT.A.B_A	2WPT.A.B_B	YA52A	5.216466
2WPT.A.B_A	2WPT.A.B_B	DA29E,DA30L,NA31V,RA35T,EA36H,RA39E,LA40M	-6.354466
2WPT.A.B_A	2WPT.A.B_B	DA29E,DA30L,NA31V,RA35T,EA36H,RA39E,LA40M,DA45S,RA54K,DA55E,DA56G,RA57D,EA58D	-5.201869
2WPT.A.B_A	2WPT.A.B_B	DA30A,FB79A	-0.164686
2WPT.A.B_A	2WPT.A.B_B	DA30L,NA31V,RA35T	-6.336046
2WPT.A.B_A	2WPT.A.B_B	EA14Q,FA15L,KA17T,KA18T,RA21N,EA23D,GA24T,AA25S,TA26S	-0.068271
2WPT.A.B_A	2WPT.A.B_B	EA14Q,FA15L,KA17T,KA18T,RA21N,EA23D,GA24T,AA25S,TA26S,DA29E,DA30L,NA31V,RA35T,EA36H,RA39E,LA40M	-8.575867
2WPT.A.B_A	2WPT.A.B_B	EA14Q,FA15L,KA17T,KA18T,RA21N,EA23D,GA24T,AA25S,TA26S,DA29E,DA30L,NA31V,RA35T,EA36H,RA39E,LA40M,DA45S,RA54K,DA55E,DA56G,RA57D,EA58D	-7.979383
2WPT.A.B_A	2WPT.A.B_B	EA14Q,FA15L,KA17T,KA18T,RA21N,EA23D,GA24T,AA25S,TA26S,DA29E,DA30L,NA31V,RA35T,EA36H,RA39E,LA40M,DA45S,RA54K,DA55E,DA56G,RA57D,EA58D,EA62S,KA66N,EA67T,IA68V,EA70Q	-8.058494
2WPT.A.B_A	2WPT.A.B_B	EA23D,GA24T,AA25S,TA26S,DA29E,DA30L,NA31V,RA35T,EA36H,RA39E,LA40M	-6.635494
2WPT.A.B_A	2WPT.A.B_B	FB79A,DA30A	-0.132202
2WPT.A.B_A	2WPT.A.B_B	FB79A,NA31A	1.352202
2WPT.A.B_A	2WPT.A.B_B	FB79A,VA34A	3.112753
2WPT.A.B_A	2WPT.A.B_B	KA17T,KA18T,RA21N,EA23D,GA24T,AA25S,TA26S,DA29E,DA30L,NA31V,RA35T,EA36H,RA39E,LA40M	-8.267023
2WPT.A.B_A	2WPT.A.B_B	NA31V,RA35T	-2.588293
2WPT.A.B_A	2WPT.A.B_B	NA31V,RA35T,EA36H,RA39E	-2.998950
2WPT.A.B_A	2WPT.A.B_B	NA31V,RA35T,RA39E	-3.232964
2WPT.A.B_A	2WPT.A.B_B	SB77A,NA31A	-0.437255
3B4V.AB.C_AB	3B4V.AB.C_C	FB52A	3.850175
3B4V.AB.C_AB	3B4V.AB.C_C	FB52E	3.881201
3B4V.AB.C_AB	3B4V.AB.C_C	LB16E	0.821313
3B4V.AB.C_AB	3B4V.AB.C_C	LB49A	3.580573
3B4V.AB.C_AB	3B4V.AB.C_C	LB49E	4.133388
3B4V.AB.C_AB	3B4V.AB.C_C	LB53A	3.393158
3B4V.AB.C_AB	3B4V.AB.C_C	LB53E	4.092513
3BT1.A.U_A	3BT1.A.U_U	AB18S	0.072636
3BT1.A.U_A	3BT1.A.U_U	AB223S	-0.233814
3BT1.A.U_A	3BT1.A.U_U	AB240S	-0.179087
3BT1.A.U_A	3BT1.A.U_U	AB242S	-0.315661
3BT1.A.U_A	3BT1.A.U_U	AB248S	0.127028
3BT1.A.U_A	3BT1.A.U_U	AB253S	0.204838
3BT1.A.U_A	3BT1.A.U_U	DB100A	1.692025
3BT1.A.U_A	3BT1.A.U_U	DB11A	-0.026336
3BT1.A.U_A	3BT1.A.U_U	DB122A	0.788206
3BT1.A.U_A	3BT1.A.U_U	DB138A	1.295998
3BT1.A.U_A	3BT1.A.U_U	DB139A	1.048510
3BT1.A.U_A	3BT1.A.U_U	DB161A	-0.097802
3BT1.A.U_A	3BT1.A.U_U	DB212A	-0.068173
3BT1.A.U_A	3BT1.A.U_U	DB22A	0.231570
3BT1.A.U_A	3BT1.A.U_U	DB252A	0.061132
3BT1.A.U_A	3BT1.A.U_U	DB260A	0.105866
3BT1.A.U_A	3BT1.A.U_U	DB273A	0.049400
3BT1.A.U_A	3BT1.A.U_U	DB74A	0.305210
3BT1.A.U_A	3BT1.A.U_U	EB104A	0.814838
3BT1.A.U_A	3BT1.A.U_U	EB117A	-0.294115
3BT1.A.U_A	3BT1.A.U_U	EB118A	0.000000
3BT1.A.U_A	3BT1.A.U_U	EB130A	0.037430
3BT1.A.U_A	3BT1.A.U_U	EB132A	-0.161913
3BT1.A.U_A	3BT1.A.U_U	EB133A	-0.145223
3BT1.A.U_A	3BT1.A.U_U	EB15A	0.116541
3BT1.A.U_A	3BT1.A.U_U	EB16A	0.083921
3BT1.A.U_A	3BT1.A.U_U	EB176A	0.025215
3BT1.A.U_A	3BT1.A.U_U	EB181A	0.460056
3BT1.A.U_A	3BT1.A.U_U	EB183A	0.391015
3BT1.A.U_A	3BT1.A.U_U	EB206A	-0.113191
3BT1.A.U_A	3BT1.A.U_U	EB207A	-0.253240
3BT1.A.U_A	3BT1.A.U_U	EB228A	0.176843
3BT1.A.U_A	3BT1.A.U_U	EB33A	0.377550
3BT1.A.U_A	3BT1.A.U_U	EB34A	0.342483
3BT1.A.U_A	3BT1.A.U_U	EB36A	0.094995
3BT1.A.U_A	3BT1.A.U_U	EB37A	0.049400
3BT1.A.U_A	3BT1.A.U_U	EB39A	0.157416
3BT1.A.U_A	3BT1.A.U_U	EB42A	-0.196773
3BT1.A.U_A	3BT1.A.U_U	EB49A	-0.026336
3BT1.A.U_A	3BT1.A.U_U	EB68A	0.049400
3BT1.A.U_A	3BT1.A.U_U	EB92A	0.204838
3BT1.A.U_A	3BT1.A.U_U	FB157A	0.700275
3BT1.A.U_A	3BT1.A.U_U	FB163A	1.063674
3BT1.A.U_A	3BT1.A.U_U	FB165A	0.127028
3BT1.A.U_A	3BT1.A.U_U	FB209A	0.195652
3BT1.A.U_A	3BT1.A.U_U	FB254A	0.893949
3BT1.A.U_A	3BT1.A.U_U	GB10A	0.265433
3BT1.A.U_A	3BT1.A.U_U	GB131A	-0.215004
3BT1.A.U_A	3BT1.A.U_U	GB134A	-0.082802
3BT1.A.U_A	3BT1.A.U_U	GB144A	1.250980
3BT1.A.U_A	3BT1.A.U_U	GB146A	1.440215
3BT1.A.U_A	3BT1.A.U_U	GB150A	0.516523
3BT1.A.U_A	3BT1.A.U_U	GB156A	-0.233814
3BT1.A.U_A	3BT1.A.U_U	GB177A	0.327854
3BT1.A.U_A	3BT1.A.U_U	GB189A	-0.097802
3BT1.A.U_A	3BT1.A.U_U	GB197A	0.025215
3BT1.A.U_A	3BT1.A.U_U	GB202A	-0.410656
3BT1.A.U_A	3BT1.A.U_U	GB20A	0.000000
3BT1.A.U_A	3BT1.A.U_U	GB215A	-0.097802
3BT1.A.U_A	3BT1.A.U_U	GB225A	0.712007
3BT1.A.U_A	3BT1.A.U_U	GB238A	-0.082802
3BT1.A.U_A	3BT1.A.U_U	GB251A	0.176843
3BT1.A.U_A	3BT1.A.U_U	GB268A	-0.294115
3BT1.A.U_A	3BT1.A.U_U	GB35A	0.320402
3BT1.A.U_A	3BT1.A.U_U	GB60A	0.297465
3BT1.A.U_A	3BT1.A.U_U	GB72A	0.240219
3BT1.A.U_A	3BT1.A.U_U	GB79A	0.222792
3BT1.A.U_A	3BT1.A.U_U	GB82A	0.094995
3BT1.A.U_A	3BT1.A.U_U	GB97A	-0.663896
3BT1.A.U_A	3BT1.A.U_U	HB108A	0.417061
3BT1.A.U_A	3BT1.A.U_U	HB126A	0.391015
3BT1.A.U_A	3BT1.A.U_U	HB141A	0.649741
3BT1.A.U_A	3BT1.A.U_U	HB158A	0.204838
3BT1.A.U_A	3BT1.A.U_U	HB164A	1.028425
3BT1.A.U_A	3BT1.A.U_U	HB201A	0.012741
3BT1.A.U_A	3BT1.A.U_U	HB227A	0.265433
3BT1.A.U_A	3BT1.A.U_U	HB247A	0.049400
3BT1.A.U_A	3BT1.A.U_U	HB249A	0.281666
3BT1.A.U_A	3BT1.A.U_U	HB258A	0.049400
3BT1.A.U_A	3BT1.A.U_U	HB271A	0.147459
3BT1.A.U_A	3BT1.A.U_U	HB47A	0.391015
3BT1.A.U_A	3BT1.A.U_U	IB128A	-0.315661
3BT1.A.U_A	3BT1.A.U_U	IB179A	0.363771
3BT1.A.U_A	3BT1.A.U_U	IB211A	0.147459
3BT1.A.U_A	3BT1.A.U_U	IB259A	0.137331
3BT1.A.U_A	3BT1.A.U_U	IB28A	0.072636
3BT1.A.U_A	3BT1.A.U_U	IB63A	0.116541
3BT1.A.U_A	3BT1.A.U_U	IB94A	0.186322
3BT1.A.U_A	3BT1.A.U_U	KB137A	0.647156
3BT1.A.U_A	3BT1.A.U_U	KB167A	0.281666
3BT1.A.U_A	3BT1.A.U_U	KB173A	0.692322
3BT1.A.U_A	3BT1.A.U_U	KB196A	0.248743
3BT1.A.U_A	3BT1.A.U_U	KB230A	0.265433
3BT1.A.U_A	3BT1.A.U_U	KB266A	0.094995
3BT1.A.U_A	3BT1.A.U_U	KB43A	0.222792
3BT1.A.U_A	3BT1.A.U_U	KB50A	0.642226
3BT1.A.U_A	3BT1.A.U_U	KB62A	0.417061
3BT1.A.U_A	3BT1.A.U_U	KB7A	0.273605
3BT1.A.U_A	3BT1.A.U_U	LB111A	1.464627
3BT1.A.U_A	3BT1.A.U_U	LB121A	0.460056
3BT1.A.U_A	3BT1.A.U_U	LB142A	0.723511
3BT1.A.U_A	3BT1.A.U_U	LB148A	1.662416
3BT1.A.U_A	3BT1.A.U_U	LB166A	0.745870
3BT1.A.U_A	3BT1.A.U_U	LB180A	0.671961
3BT1.A.U_A	3BT1.A.U_U	LB182A	0.731058
3BT1.A.U_A	3BT1.A.U_U	LB185A	0.204838
3BT1.A.U_A	3BT1.A.U_U	LB19A	0.176843
3BT1.A.U_A	3BT1.A.U_U	LB1A	0.342483
3BT1.A.U_A	3BT1.A.U_U	LB210A	-0.523847
3BT1.A.U_A	3BT1.A.U_U	LB221A	0.265433
3BT1.A.U_A	3BT1.A.U_U	LB23A	0.460056
3BT1.A.U_A	3BT1.A.U_U	LB250A	0.417061
3BT1.A.U_A	3BT1.A.U_U	LB31A	0.312855
3BT1.A.U_A	3BT1.A.U_U	LB38A	0.521884
3BT1.A.U_A	3BT1.A.U_U	LB40A	0.870712
3BT1.A.U_A	3BT1.A.U_U	LB55A	1.110931
3BT1.A.U_A	3BT1.A.U_U	LB61A	-0.128991
3BT1.A.U_A	3BT1.A.U_U	LB66A	1.376913
3BT1.A.U_A	3BT1.A.U_U	LB73A	0.231570
3BT1.A.U_A	3BT1.A.U_U	LB75A	0.516523
3BT1.A.U_A	3BT1.A.U_U	LB91A	-0.161913
3BT1.A.U_A	3BT1.A.U_U	MB101A	0.410656
3BT1.A.U_A	3BT1.A.U_U	MB217A	1.028425
3BT1.A.U_A	3BT1.A.U_U	MB235A	0.049400
3BT1.A.U_A	3BT1.A.U_U	MB244A	0.127028
3BT1.A.U_A	3BT1.A.U_U	MB256A	0.738511
3BT1.A.U_A	3BT1.A.U_U	MB4A	0.037430
3BT1.A.U_A	3BT1.A.U_U	NB155A	0.601662
3BT1.A.U_A	3BT1.A.U_U	NB159A	0.370701
3BT1.A.U_A	3BT1.A.U_U	NB160Q	0.391015
3BT1.A.U_A	3BT1.A.U_U	NB170Q	0.176843
3BT1.A.U_A	3BT1.A.U_U	NB184A	0.327854
3BT1.A.U_A	3BT1.A.U_U	NB188A	-0.233814
3BT1.A.U_A	3BT1.A.U_U	NB198Q	0.012741
3BT1.A.U_A	3BT1.A.U_U	NB218A	-0.179087
3BT1.A.U_A	3BT1.A.U_U	NB231A	0.335214
3BT1.A.U_A	3BT1.A.U_U	NB257A	-0.233814
3BT1.A.U_A	3BT1.A.U_U	NB52Q	0.633449
3BT1.A.U_A	3BT1.A.U_U	NB80A	0.204838
3BT1.A.U_A	3BT1.A.U_U	NB9A	0.305210
3BT1.A.U_A	3BT1.A.U_U	PB116A	-0.253240
3BT1.A.U_A	3BT1.A.U_U	PB136A	0.335214
3BT1.A.U_A	3BT1.A.U_U	PB149A	0.596979
3BT1.A.U_A	3BT1.A.U_U	PB152A	0.460056
3BT1.A.U_A	3BT1.A.U_U	PB178A	-0.273325
3BT1.A.U_A	3BT1.A.U_U	PB186A	-0.013021
3BT1.A.U_A	3BT1.A.U_U	PB216A	-0.113191
3BT1.A.U_A	3BT1.A.U_U	PB229A	0.049400
3BT1.A.U_A	3BT1.A.U_U	PB272A	-0.013021
3BT1.A.U_A	3BT1.A.U_U	QB109A	0.083921
3BT1.A.U_A	3BT1.A.U_U	QB112A	-0.128991
3BT1.A.U_A	3BT1.A.U_U	QB119A	-0.068173
3BT1.A.U_A	3BT1.A.U_U	QB129A	-0.097802
3BT1.A.U_A	3BT1.A.U_U	QB187A	-0.179087
3BT1.A.U_A	3BT1.A.U_U	QB191A	-0.196773
3BT1.A.U_A	3BT1.A.U_U	QB219A	-0.068173
3BT1.A.U_A	3BT1.A.U_U	QB21A	0.312855
3BT1.A.U_A	3BT1.A.U_U	QB232A	0.094995
3BT1.A.U_A	3BT1.A.U_U	QB246A	0.460056
3BT1.A.U_A	3BT1.A.U_U	QB5A	0.061132
3BT1.A.U_A	3BT1.A.U_U	QB78A	0.240219
3BT1.A.U_A	3BT1.A.U_U	RB105A	0.404181
3BT1.A.U_A	3BT1.A.U_U	RB107A	0.265433
3BT1.A.U_A	3BT1.A.U_U	RB114A	0.213883
3BT1.A.U_A	3BT1.A.U_U	RB135A	-0.019448
3BT1.A.U_A	3BT1.A.U_U	RB13A	0.273605
3BT1.A.U_A	3BT1.A.U_U	RB140A	0.584113
3BT1.A.U_A	3BT1.A.U_U	RB143A	0.669694
3BT1.A.U_A	3BT1.A.U_U	RB190A	0.320402
3BT1.A.U_A	3BT1.A.U_U	RB214A	-0.026336
3BT1.A.U_A	3BT1.A.U_U	RB237A	0.195652
3BT1.A.U_A	3BT1.A.U_U	RB25A	1.016965
3BT1.A.U_A	3BT1.A.U_U	RB2A	0.094995
3BT1.A.U_A	3BT1.A.U_U	RB30A	0.460056
3BT1.A.U_A	3BT1.A.U_U	RB53A	0.888225
3BT1.A.U_A	3BT1.A.U_U	RB58A	-0.068173
3BT1.A.U_A	3BT1.A.U_U	RB87A	0.240219
3BT1.A.U_A	3BT1.A.U_U	RB89A	0.281666
3BT1.A.U_A	3BT1.A.U_U	SB102A	0.610919
3BT1.A.U_A	3BT1.A.U_U	SB110A	0.248743
3BT1.A.U_A	3BT1.A.U_U	SB115A	0.012741
3BT1.A.U_A	3BT1.A.U_U	SB154A	-0.039956
3BT1.A.U_A	3BT1.A.U_U	SB194A	-0.273325
3BT1.A.U_A	3BT1.A.U_U	SB199A	-0.128991
3BT1.A.U_A	3BT1.A.U_U	SB204A	-0.215004
3BT1.A.U_A	3BT1.A.U_U	SB205A	-0.215004
3BT1.A.U_A	3BT1.A.U_U	SB233A	-0.179087
3BT1.A.U_A	3BT1.A.U_U	SB243A	-0.068173
3BT1.A.U_A	3BT1.A.U_U	SB255A	0.213883
3BT1.A.U_A	3BT1.A.U_U	SB262A	-0.068173
3BT1.A.U_A	3BT1.A.U_U	SB267A	-0.145223
3BT1.A.U_A	3BT1.A.U_U	SB44A	0.222792
3BT1.A.U_A	3BT1.A.U_U	SB48A	0.404181
3BT1.A.U_A	3BT1.A.U_U	SB56A	0.049400
3BT1.A.U_A	3BT1.A.U_U	SB65A	0.312855
3BT1.A.U_A	3BT1.A.U_U	SB81A	0.257147
3BT1.A.U_A	3BT1.A.U_U	SB86A	0.240219
3BT1.A.U_A	3BT1.A.U_U	SB88A	0.195652
3BT1.A.U_A	3BT1.A.U_U	SB95A	0.870712
3BT1.A.U_A	3BT1.A.U_U	SB98A	1.156527
3BT1.A.U_A	3BT1.A.U_U	SB99A	0.297465
3BT1.A.U_A	3BT1.A.U_U	TB125A	1.002914
3BT1.A.U_A	3BT1.A.U_U	TB162A	-0.082802
3BT1.A.U_A	3BT1.A.U_U	TB171A	0.273605
3BT1.A.U_A	3BT1.A.U_U	TB172A	0.410656
3BT1.A.U_A	3BT1.A.U_U	TB200A	-0.233814
3BT1.A.U_A	3BT1.A.U_U	TB208A	0.231570
3BT1.A.U_A	3BT1.A.U_U	TB224A	-0.215004
3BT1.A.U_A	3BT1.A.U_U	TB226A	-0.026336
3BT1.A.U_A	3BT1.A.U_U	TB241A	0.349665
3BT1.A.U_A	3BT1.A.U_U	TB265A	0.061132
3BT1.A.U_A	3BT1.A.U_U	TB26A	0.186322
3BT1.A.U_A	3BT1.A.U_U	TB27A	0.910797
3BT1.A.U_A	3BT1.A.U_U	TB46A	0.460056
3BT1.A.U_A	3BT1.A.U_U	TB51A	0.712007
3BT1.A.U_A	3BT1.A.U_U	TB54A	0.391015
3BT1.A.U_A	3BT1.A.U_U	TB59A	0.553073
3BT1.A.U_A	3BT1.A.U_U	TB64A	0.659400
3BT1.A.U_A	3BT1.A.U_U	TB67A	0.186322
3BT1.A.U_A	3BT1.A.U_U	TB84A	-0.082802
3BT1.A.U_A	3BT1.A.U_U	TB8A	0.176843
3BT1.A.U_A	3BT1.A.U_U	VB123A	0.788206
3BT1.A.U_A	3BT1.A.U_U	VB124A	0.745870
3BT1.A.U_A	3BT1.A.U_U	VB14A	0.281666
3BT1.A.U_A	3BT1.A.U_U	VB222A	-0.493459
3BT1.A.U_A	3BT1.A.U_U	VB236A	0.157416
3BT1.A.U_A	3BT1.A.U_U	VB261A	0.240219
3BT1.A.U_A	3BT1.A.U_U	VB29A	0.715866
3BT1.A.U_A	3BT1.A.U_U	VB41A	0.488962
3BT1.A.U_A	3BT1.A.U_U	VB69A	0.222792
3BT1.A.U_A	3BT1.A.U_U	VB70A	0.147459
3BT1.A.U_A	3BT1.A.U_U	VB83A	0.281666
3BT1.A.U_A	3BT1.A.U_U	WB127A	-0.436992
3BT1.A.U_A	3BT1.A.U_U	WB32A	-0.013021
3BT1.A.U_A	3BT1.A.U_U	YB147A	-0.113191
3BT1.A.U_A	3BT1.A.U_U	YB193A	-0.068173
3BT1.A.U_A	3BT1.A.U_U	YB234A	0.186322
3BT1.A.U_A	3BT1.A.U_U	YB57A	1.200563
3BT1.A.U_A	3BT1.A.U_U	YB85A	0.248743
3BT1.A.U_A	3BT1.A.U_U	YB90A	0.176843
3C60.CD.AB_CD	3C60.CD.AB_AB	DA195A	0.047421
3C60.CD.AB_CD	3C60.CD.AB_AB	DA268A	0.047421
3C60.CD.AB_CD	3C60.CD.AB_AB	DA56A	0.698296
3C60.CD.AB_CD	3C60.CD.AB_AB	EA184A	0.047421
3C60.CD.AB_CD	3C60.CD.AB_AB	EA251A	0.047421
3C60.CD.AB_CD	3C60.CD.AB_AB	EA258A	0.000000
3C60.CD.AB_CD	3C60.CD.AB_AB	EA261A	0.047421
3C60.CD.AB_CD	3C60.CD.AB_AB	EA276A	0.000000
3C60.CD.AB_CD	3C60.CD.AB_AB	FA183A	0.000000
3C60.CD.AB_CD	3C60.CD.AB_AB	HA273A	1.085717
3C60.CD.AB_CD	3C60.CD.AB_AB	HA69A	0.359106
3C60.CD.AB_CD	3C60.CD.AB_AB	IA259A	0.047421
3C60.CD.AB_CD	3C60.CD.AB_AB	KA187A	1.152858
3C60.CD.AB_CD	3C60.CD.AB_AB	KA189A	2.151185
3C60.CD.AB_CD	3C60.CD.AB_AB	KA192A	0.000000
3C60.CD.AB_CD	3C60.CD.AB_AB	KA40A	1.594432
3C60.CD.AB_CD	3C60.CD.AB_AB	KA68A	0.562285
3C60.CD.AB_CD	3C60.CD.AB_AB	KA76A	0.047421
3C60.CD.AB_CD	3C60.CD.AB_AB	LA61A	0.943557
3C60.CD.AB_CD	3C60.CD.AB_AB	NA191A	0.000000
3C60.CD.AB_CD	3C60.CD.AB_AB	NA63A	0.953515
3C60.CD.AB_CD	3C60.CD.AB_AB	PA257A	0.000000
3C60.CD.AB_CD	3C60.CD.AB_AB	QA186A	1.166799
3C60.CD.AB_CD	3C60.CD.AB_AB	QA256A	0.000000
3C60.CD.AB_CD	3C60.CD.AB_AB	QA58A	0.963308
3C60.CD.AB_CD	3C60.CD.AB_AB	QA62A	0.868734
3C60.CD.AB_CD	3C60.CD.AB_AB	RA262A	2.026455
3C60.CD.AB_CD	3C60.CD.AB_AB	RA264A	0.000000
3C60.CD.AB_CD	3C60.CD.AB_AB	RA272A	0.047421
3C60.CD.AB_CD	3C60.CD.AB_AB	SA255A	0.000000
3C60.CD.AB_CD	3C60.CD.AB_AB	TA269A	1.166799
3C60.CD.AB_CD	3C60.CD.AB_AB	VA194A	0.000000
3C60.CD.AB_CD	3C60.CD.AB_AB	VA66A	1.250200
3C60.CD.AB_CD	3C60.CD.AB_AB	VA73A	0.000000
3C60.CD.AB_CD	3C60.CD.AB_AB	YA252A	0.000000
3D3V.ABC.DE_ABC	3D3V.ABC.DE_DE	EB230A	2.672690
3D3V.ABC.DE_ABC	3D3V.ABC.DE_DE	LB297A	2.617166
3D3V.ABC.DE_ABC	3D3V.ABC.DE_DE	YA383A	3.413588
3D3V.ABC.DE_ABC	3D3V.ABC.DE_DE	YA383F	0.927475
3D3V.ABC.DE_ABC	3D3V.ABC.DE_DE	EB230A,YA383A	3.900927
3D3V.ABC.DE_ABC	3D3V.ABC.DE_DE	EB230A,YA383F	2.573496
3D3V.ABC.DE_ABC	3D3V.ABC.DE_DE	LB297A,YA383A	4.390339
3EQS.A.B_A	3EQS.A.B_B	EB5A	1.114622
3EQS.A.B_A	3EQS.A.B_B	FB3A	5.558497
3EQS.A.B_A	3EQS.A.B_B	LB10A	3.334362
3EQS.A.B_A	3EQS.A.B_B	LB9A	-0.170438
3EQS.A.B_A	3EQS.A.B_B	NB8A	-1.111737
3EQS.A.B_A	3EQS.A.B_B	SB11A	0.117202
3EQS.A.B_A	3EQS.A.B_B	SB2A	1.263514
3EQS.A.B_A	3EQS.A.B_B	TB1A	0.391847
3EQS.A.B_A	3EQS.A.B_B	WB7A	6.410199
3EQS.A.B_A	3EQS.A.B_B	YB6A	3.110555
3EQY.A.C_A	3EQY.A.C_C	EB5A	1.223192
3EQY.A.C_A	3EQY.A.C_C	FB3A	5.660986
3EQY.A.C_A	3EQY.A.C_C	LB10A	2.324615
3EQY.A.C_A	3EQY.A.C_C	LB9A	0.033864
3EQY.A.C_A	3EQY.A.C_C	NB8A	-0.749213
3EQY.A.C_A	3EQY.A.C_C	PB12A	0.295628
3EQY.A.C_A	3EQY.A.C_C	SB11A	0.152751
3EQY.A.C_A	3EQY.A.C_C	SB2A	0.871409
3EQY.A.C_A	3EQY.A.C_C	TB1A	0.374739
3EQY.A.C_A	3EQY.A.C_C	WB7A	6.046428
3EQY.A.C_A	3EQY.A.C_C	YB6A	2.587363
3H9S.ABC.DE_ABC	3H9S.ABC.DE_DE	AA150P	0.163168
3HG1.ABC.DE_ABC	3HG1.ABC.DE_DE	SB244F,VB245G,GB246P,IB247Y	-2.026550
3HG1.ABC.DE_ABC	3HG1.ABC.DE_DE	SB244W,VB245G,GB246P,IB247F	-1.774828
3HG1.ABC.DE_ABC	3HG1.ABC.DE_DE	SB244W,VB245G,GB246P,IB247F,GB293N,TB294L,EB296G,LB297W	-2.980065
3HG1.ABC.DE_ABC	3HG1.ABC.DE_DE	SB244W,VB245G,GB246P,IB247F,TB294M,EB296G,LB297W,FB298Q	-2.295326
3HG1.ABC.DE_ABC	3HG1.ABC.DE_DE	SB244Y,VB245G,GB246P,IB247F	-1.582030
3HG1.ABC.DE_ABC	3HG1.ABC.DE_DE	SB244Y,VB245G,GB246P,IB247F,GB293N,TB294L,EB296G,LB297W	-2.854875
3HG1.ABC.DE_ABC	3HG1.ABC.DE_DE	SB244Y,VB245G,GB246P,IB247F,TB294M,EB296G,LB297W,FB298Q	-1.490704
3HG1.ABC.DE_ABC	3HG1.ABC.DE_DE	SB244Y,VB245G,GB246P,IB247Y	-1.730922
3HH2.AB.C_AB	3HH2.AB.C_C	FB47A	1.325308
3HH2.AB.C_AB	3HH2.AB.C_C	FB47E	0.713296
3HH2.AB.C_AB	3HH2.AB.C_C	FB52A	1.272844
3HH2.AB.C_AB	3HH2.AB.C_C	FB52E	0.816592
3HH2.AB.C_AB	3HH2.AB.C_C	IB51A	0.713296
3HH2.AB.C_AB	3HH2.AB.C_C	IB51E	0.862188
3HH2.AB.C_AB	3HH2.AB.C_C	VB15E	0.684390
3KUD.A.B_A	3KUD.A.B_B	KB30A	1.953914
3KUD.A.B_A	3KUD.A.B_B	NB16R	-0.798076
3KUD.A.B_A	3KUD.A.B_B	TA35A	1.991345
3KUD.A.B_A	3KUD.A.B_B	KB30A,FB6W	2.167798
3KUD.A.B_A	3KUD.A.B_B	KB30A,FB6W,NB16R	1.205238
3KUD.A.B_A	3KUD.A.B_B	KB30A,FB6W,NB16R,VB33I	1.953914
3KUD.A.B_A	3KUD.A.B_B	KB30A,FB6W,RB12L,NB16R,VB33I	1.966656
3KUD.A.B_A	3KUD.A.B_B	KB30A,FB6W,RB12L,VB14E,NB16R,KB29R,VB33I	4.206310
3KUD.A.B_A	3KUD.A.B_B	KB30A,FB6W,VB14E,NB16R,VB33I	3.964652
3KUD.A.B_A	3KUD.A.B_B	KB30A,NB16R	0.766586
3KUD.A.B_A	3KUD.A.B_B	KB30A,TA35A	3.040660
3KUD.A.B_A	3KUD.A.B_B	KB30A,TA35A,NB16R	1.516922
3KUD.A.B_A	3KUD.A.B_B	KB30A,VB33I	2.758905
3KUD.A.B_A	3KUD.A.B_B	KB30A,YA32C,CA118S	2.897035
3KUD.A.B_A	3KUD.A.B_B	KB30A,YA32C,CA118S,NB16R	1.659799
3KUD.A.B_A	3KUD.A.B_B	TA35A,NB16R	1.489362
3KUD.A.B_A	3KUD.A.B_B	YA32C,CA118S	0.910145
3KUD.A.B_A	3KUD.A.B_B	YA32C,CA118S,NB16R	-0.035917
3LNZ.A.B_A	3LNZ.A.B_B	AB8N	1.111737
3M62.A.B_A	3M62.A.B_B	DA46A	2.800001
3M62.A.B_A	3M62.A.B_B	EA32A	0.829717
3M62.A.B_A	3M62.A.B_B	EA55A	1.051574
3M62.A.B_A	3M62.A.B_B	FB7A	0.995967
3M62.A.B_A	3M62.A.B_B	GA102A	1.264892
3M62.A.B_A	3M62.A.B_B	IA110A	1.853938
3M62.A.B_A	3M62.A.B_B	IB43A	2.883780
3M62.A.B_A	3M62.A.B_B	KB8A	0.497127
3M62.A.B_A	3M62.A.B_B	LA50A	2.829264
3M62.A.B_A	3M62.A.B_B	MB69A	0.681123
3M62.A.B_A	3M62.A.B_B	QB50A	1.054436
3M62.A.B_A	3M62.A.B_B	QB65A	0.283721
3M62.A.B_A	3M62.A.B_B	RA98A	0.788693
3M62.A.B_A	3M62.A.B_B	SB45A	1.278739
3M62.A.B_A	3M62.A.B_B	TA54A	0.016690
3M62.A.B_A	3M62.A.B_B	VB48A	1.090437
3M62.A.B_A	3M62.A.B_B	VB67A	1.138169
3M62.A.B_A	3M62.A.B_B	YA103A	4.477219
3M63.A.B_A	3M63.A.B_B	DA46A	2.234206
3M63.A.B_A	3M63.A.B_B	EA33A	0.646344
3M63.A.B_A	3M63.A.B_B	EA55A	0.346352
3M63.A.B_A	3M63.A.B_B	FA113A	1.791517
3M63.A.B_A	3M63.A.B_B	GA102A	0.124707
3M63.A.B_A	3M63.A.B_B	IA110A	1.089092
3M63.A.B_A	3M63.A.B_B	LA50A	0.576421
3M63.A.B_A	3M63.A.B_B	RA98A	-0.185293
3M63.A.B_A	3M63.A.B_B	TA54A	0.311377
3M63.A.B_A	3M63.A.B_B	VA106A	1.838939
3M63.A.B_A	3M63.A.B_B	YA103A	3.650577
3M63.A.B_A	3M63.A.B_B	GB8F,QB9K,SB65Q,HB67V,VB69M	0.187128
3MZG.A.B_A	3MZG.A.B_B	HA125A	-0.114451
3MZG.A.B_A	3MZG.A.B_B	HA14A	-0.019183
3MZG.A.B_A	3MZG.A.B_B	HA160A	0.923650
3MZG.A.B_A	3MZG.A.B_B	HA167A	1.488029
3MZG.A.B_A	3MZG.A.B_B	HA17A	0.062033
3MZG.A.B_A	3MZG.A.B_B	HA182A	0.369815
3MZG.A.B_A	3MZG.A.B_B	HA33A	0.139849
3MZG.A.B_A	3MZG.A.B_B	HA46A	0.408744
3MZG.A.B_A	3MZG.A.B_B	HA84A	0.079361
3MZG.A.B_A	3MZG.A.B_B	HB188A	1.777212
3MZG.A.B_A	3MZG.A.B_B	HA167A,HB188A	2.654328
3N06.A.B_A	3N06.A.B_B	AA14H	0.019183
3N0P.A.B_A	3N0P.A.B_B	AA17H	-0.062033
3N4I.A.B_A	3N4I.A.B_B	EA79D	4.384282
3NCB.A.B_A	3NCB.A.B_B	AA167H	-1.488029
3NCC.A.B_A	3NCC.A.B_B	AB188H	-1.777212
3PWP.ABC.DE_ABC	3PWP.ABC.DE_DE	GA377L	-0.634185
3PWP.ABC.DE_ABC	3PWP.ABC.DE_DE	GA377L,IA384V	-0.385795
3QDG.ABC.DE_ABC	3QDG.ABC.DE_DE	AB251P	-0.065896
3QDG.ABC.DE_ABC	3QDG.ABC.DE_DE	DB26W	-1.562269
3QDG.ABC.DE_ABC	3QDG.ABC.DE_DE	DB26Y	-1.793838
3QDG.ABC.DE_ABC	3QDG.ABC.DE_DE	FB296W	0.934504
3QDG.ABC.DE_ABC	3QDG.ABC.DE_DE	FB296Y	1.394560
3QDG.ABC.DE_ABC	3QDG.ABC.DE_DE	GB28I	0.866331
3QDG.ABC.DE_ABC	3QDG.ABC.DE_DE	GB28L	1.388606
3QDG.ABC.DE_ABC	3QDG.ABC.DE_DE	GB28N	0.851702
3QDG.ABC.DE_ABC	3QDG.ABC.DE_DE	GB28P	1.091920
3QDG.ABC.DE_ABC	3QDG.ABC.DE_DE	GB28Y	1.502577
3QDG.ABC.DE_ABC	3QDG.ABC.DE_DE	LB294W	-0.702992
3QDG.ABC.DE_ABC	3QDG.ABC.DE_DE	RB27P	0.138406
3QDG.ABC.DE_ABC	3QDG.ABC.DE_DE	RB27W	0.596483
3QDG.ABC.DE_ABC	3QDG.ABC.DE_DE	TB298F	-0.038652
3QDG.ABC.DE_ABC	3QDG.ABC.DE_DE	DB26W,LB294W	-3.354783
3QDG.ABC.DE_ABC	3QDG.ABC.DE_DE	DB26Y,LB294W	-3.543451
3QDJ.ABC.DE_ABC	3QDJ.ABC.DE_DE	AA377L	2.299999
3QDJ.ABC.DE_ABC	3QDJ.ABC.DE_DE	AB251P	0.207165
3QDJ.ABC.DE_ABC	3QDJ.ABC.DE_DE	DB26W	-2.171864
3QDJ.ABC.DE_ABC	3QDJ.ABC.DE_DE	DB26Y	-1.337237
3QDJ.ABC.DE_ABC	3QDJ.ABC.DE_DE	FB296W	0.389620
3QDJ.ABC.DE_ABC	3QDJ.ABC.DE_DE	FB296Y	0.778466
3QDJ.ABC.DE_ABC	3QDJ.ABC.DE_DE	GB28I	-0.105268
3QDJ.ABC.DE_ABC	3QDJ.ABC.DE_DE	GB28L	0.655450
3QDJ.ABC.DE_ABC	3QDJ.ABC.DE_DE	GB28N	0.410656
3QDJ.ABC.DE_ABC	3QDJ.ABC.DE_DE	GB28P	1.225040
3QDJ.ABC.DE_ABC	3QDJ.ABC.DE_DE	GB28Y	0.556478
3QDJ.ABC.DE_ABC	3QDJ.ABC.DE_DE	LB294W	-0.807693
3QDJ.ABC.DE_ABC	3QDJ.ABC.DE_DE	RB27P	0.039956
3QDJ.ABC.DE_ABC	3QDJ.ABC.DE_DE	RB27W	0.216798
3QDJ.ABC.DE_ABC	3QDJ.ABC.DE_DE	TB298F	-0.275705
3QDJ.ABC.DE_ABC	3QDJ.ABC.DE_DE	DB26W,LB294W	-2.530970
3QDJ.ABC.DE_ABC	3QDJ.ABC.DE_DE	DB26Y,LB294W	-1.913959
3QFJ.ABC.DE_ABC	3QFJ.ABC.DE_DE	FA380Y	-0.170438
3QHY.A.B_A	3QHY.A.B_B	DB127A	0.380268
3QHY.A.B_A	3QHY.A.B_B	DB12A	2.255265
3QHY.A.B_A	3QHY.A.B_B	DB130A	0.961362
3QHY.A.B_A	3QHY.A.B_B	DB166A	3.498105
3QHY.A.B_A	3QHY.A.B_B	DB91A	1.889391
3QHY.A.B_A	3QHY.A.B_B	EB228A	3.012936
3QHY.A.B_A	3QHY.A.B_B	FB169A	2.062468
3QHY.A.B_A	3QHY.A.B_B	FB190A	3.075479
3QHY.A.B_A	3QHY.A.B_B	FB34A	3.984497
3QHY.A.B_A	3QHY.A.B_B	IB189A	3.067735
3QHY.A.B_A	3QHY.A.B_B	LB51A	0.816355
3QHY.A.B_A	3QHY.A.B_B	NB10A	2.255265
3QHY.A.B_A	3QHY.A.B_B	NB264A	2.695871
3QHY.A.B_A	3QHY.A.B_B	NB72A	1.605705
3QHY.A.B_A	3QHY.A.B_B	RB246A	0.534906
3QHY.A.B_A	3QHY.A.B_B	SB129A	-0.084780
3QHY.A.B_A	3QHY.A.B_B	TB17A	0.056467
3QHY.A.B_A	3QHY.A.B_B	WB112A	3.789874
3QHY.A.B_A	3QHY.A.B_B	WB13A	2.863695
3QHY.A.B_A	3QHY.A.B_B	WB229A	5.432499
3QHY.A.B_A	3QHY.A.B_B	YB151A	3.423593
3QHY.A.B_A	3QHY.A.B_B	YB168A	1.743398
3QHY.A.B_A	3QHY.A.B_B	YB208A	0.240219
3QHY.A.B_A	3QHY.A.B_B	YB33A	2.903207
3QHY.A.B_A	3QHY.A.B_B	YB73A	0.801228
3QIB.ABP.CD_ABP	3QIB.ABP.CD_CD	AA251G	2.204041
3QIB.ABP.CD_ABP	3QIB.ABP.CD_CD	AA61G	0.892289
3QIB.ABP.CD_ABP	3QIB.ABP.CD_CD	AA64G	0.610000
3QIB.ABP.CD_ABP	3QIB.ABP.CD_CD	AA68G	0.845067
3QIB.ABP.CD_ABP	3QIB.ABP.CD_CD	DA254A	0.862905
3QIB.ABP.CD_ABP	3QIB.ABP.CD_CD	EA237A	0.000000
3QIB.ABP.CD_ABP	3QIB.ABP.CD_CD	EA244A	1.212812
3QIB.ABP.CD_ABP	3QIB.ABP.CD_CD	EA247A	1.821420
3QIB.ABP.CD_ABP	3QIB.ABP.CD_CD	EA75A	0.000000
3QIB.ABP.CD_ABP	3QIB.ABP.CD_CD	HA259A	0.051550
3QIB.ABP.CD_ABP	3QIB.ABP.CD_CD	KA353A	3.138999
3QIB.ABP.CD_ABP	3QIB.ABP.CD_CD	KA353R	2.237034
3QIB.ABP.CD_ABP	3QIB.ABP.CD_CD	KA67A	0.566095
3QIB.ABP.CD_ABP	3QIB.ABP.CD_CD	LB289P	-0.369724
3QIB.ABP.CD_ABP	3QIB.ABP.CD_CD	NB94P	0.786813
3QIB.ABP.CD_ABP	3QIB.ABP.CD_CD	QA242A	1.763957
3QIB.ABP.CD_ABP	3QIB.ABP.CD_CD	QA57A	0.264834
3QIB.ABP.CD_ABP	3QIB.ABP.CD_CD	RB89P	-0.119368
3QIB.ABP.CD_ABP	3QIB.ABP.CD_CD	SA241A	0.026336
3QIB.ABP.CD_ABP	3QIB.ABP.CD_CD	TA255A	0.749847
3QIB.ABP.CD_ABP	3QIB.ABP.CD_CD	TA356A	3.138999
3QIB.ABP.CD_ABP	3QIB.ABP.CD_CD	TA356N	1.223835
3QIB.ABP.CD_ABP	3QIB.ABP.CD_CD	TA356S	1.075723
3QIB.ABP.CD_ABP	3QIB.ABP.CD_CD	YA351A	3.138999
3QIB.ABP.CD_ABP	3QIB.ABP.CD_CD	YA351F	0.108017
3QIB.ABP.CD_ABP	3QIB.ABP.CD_CD	KA67A,EA244A	1.507048
3QIB.ABP.CD_ABP	3QIB.ABP.CD_CD	YA351F,TA356S	1.216970
3S9D.A.B_A	3S9D.A.B_B	AA116G	2.105411
3S9D.A.B_A	3S9D.A.B_B	AA116M	1.072763
3S9D.A.B_A	3S9D.A.B_B	AA12W	-0.181065
3S9D.A.B_A	3S9D.A.B_B	AB67M	-0.167811
3S9D.A.B_A	3S9D.A.B_B	DA25A	0.645420
3S9D.A.B_A	3S9D.A.B_B	DA28A	0.301372
3S9D.A.B_A	3S9D.A.B_B	DB121R	-0.080517
3S9D.A.B_A	3S9D.A.B_B	DB40A	0.000000
3S9D.A.B_A	3S9D.A.B_B	DB91A	1.337922
3S9D.A.B_A	3S9D.A.B_B	EA103A	-0.169570
3S9D.A.B_A	3S9D.A.B_B	EA34A	0.000000
3S9D.A.B_A	3S9D.A.B_B	EA82A	0.170438
3S9D.A.B_A	3S9D.A.B_B	EB17R	0.000000
3S9D.A.B_A	3S9D.A.B_B	EB39A	0.205624
3S9D.A.B_A	3S9D.A.B_B	EB39R	0.650875
3S9D.A.B_A	3S9D.A.B_B	EB66A	2.415669
3S9D.A.B_A	3S9D.A.B_B	FA20A	0.710592
3S9D.A.B_A	3S9D.A.B_B	FA50A	0.170438
3S9D.A.B_A	3S9D.A.B_B	HA27A	0.541068
3S9D.A.B_A	3S9D.A.B_B	HB166A	0.000000
3S9D.A.B_A	3S9D.A.B_B	HB65A	0.823759
3S9D.A.B_A	3S9D.A.B_B	HB84A	0.043764
3S9D.A.B_A	3S9D.A.B_B	IA17A	-0.107354
3S9D.A.B_A	3S9D.A.B_B	IB34A	1.852547
3S9D.A.B_A	3S9D.A.B_B	IB90A	1.617135
3S9D.A.B_A	3S9D.A.B_B	KA102A	0.236179
3S9D.A.B_A	3S9D.A.B_B	KA104A	0.755473
3S9D.A.B_A	3S9D.A.B_B	KA105A	0.130537
3S9D.A.B_A	3S9D.A.B_B	KA24A	0.619210
3S9D.A.B_A	3S9D.A.B_B	KA56A	0.000000
3S9D.A.B_A	3S9D.A.B_B	KA69A	0.000000
3S9D.A.B_A	3S9D.A.B_B	KA92A	0.015017
3S9D.A.B_A	3S9D.A.B_B	KB37A	0.504200
3S9D.A.B_A	3S9D.A.B_B	KB42A	0.484726
3S9D.A.B_A	3S9D.A.B_B	LA124A	1.447551
3S9D.A.B_A	3S9D.A.B_B	LA19A	1.105309
3S9D.A.B_A	3S9D.A.B_B	LA23A	3.809890
3S9D.A.B_A	3S9D.A.B_B	LA23V	2.437092
3S9D.A.B_A	3S9D.A.B_B	LA66A	0.302640
3S9D.A.B_A	3S9D.A.B_B	LA8A	1.536403
3S9D.A.B_A	3S9D.A.B_B	LA99A	-0.062421
3S9D.A.B_A	3S9D.A.B_B	MA119A	2.254743
3S9D.A.B_A	3S9D.A.B_B	MA9A	0.062125
3S9D.A.B_A	3S9D.A.B_B	MB35A	2.999771
3S9D.A.B_A	3S9D.A.B_B	MB35V	2.375030
3S9D.A.B_A	3S9D.A.B_B	NA127A	-0.042390
3S9D.A.B_A	3S9D.A.B_B	NA51A	0.000000
3S9D.A.B_A	3S9D.A.B_B	NA79A	0.170438
3S9D.A.B_A	3S9D.A.B_B	NB85A	-0.171757
3S9D.A.B_A	3S9D.A.B_B	QA33A	0.019426
3S9D.A.B_A	3S9D.A.B_B	QA48A	0.000000
3S9D.A.B_A	3S9D.A.B_B	QA76A	0.170438
3S9D.A.B_A	3S9D.A.B_B	RA115A	2.147494
3S9D.A.B_A	3S9D.A.B_B	RA120A	3.022242
3S9D.A.B_A	3S9D.A.B_B	RA15A	0.195286
3S9D.A.B_A	3S9D.A.B_B	RA16A	0.227745
3S9D.A.B_A	3S9D.A.B_B	RA26A	5.125925
3S9D.A.B_A	3S9D.A.B_B	RA26K	4.588389
3S9D.A.B_A	3S9D.A.B_B	RA26Q	6.082001
3S9D.A.B_A	3S9D.A.B_B	RA5A	0.621870
3S9D.A.B_A	3S9D.A.B_B	RA91K	0.030784
3S9D.A.B_A	3S9D.A.B_B	RA96A	0.210536
3S9D.A.B_A	3S9D.A.B_B	RB62A	0.170438
3S9D.A.B_A	3S9D.A.B_B	SA123A	1.122685
3S9D.A.B_A	3S9D.A.B_B	SA18A	-0.098698
3S9D.A.B_A	3S9D.A.B_B	SA21A	0.000000
3S9D.A.B_A	3S9D.A.B_B	SA54A	0.000000
3S9D.A.B_A	3S9D.A.B_B	SA59A	0.170438
3S9D.A.B_A	3S9D.A.B_B	SB36A	0.504991
3S9D.A.B_A	3S9D.A.B_B	SB63A	0.293934
3S9D.A.B_A	3S9D.A.B_B	TA55A	0.000000
3S9D.A.B_A	3S9D.A.B_B	TA65A	0.170438
3S9D.A.B_A	3S9D.A.B_B	TA72A	0.170438
3S9D.A.B_A	3S9D.A.B_B	TB33A	1.731171
3S9D.A.B_A	3S9D.A.B_B	TB64A	0.255810
3S9D.A.B_A	3S9D.A.B_B	VB69A	2.317686
3S9D.A.B_A	3S9D.A.B_B	WB61F	0.725028
3S9D.A.B_A	3S9D.A.B_B	WB87A	1.112253
3S9D.A.B_A	3S9D.A.B_B	YA71A	0.302640
3S9D.A.B_A	3S9D.A.B_B	YA75A	0.302640
3S9D.A.B_A	3S9D.A.B_B	YB32A	1.308297
3S9D.A.B_A	3S9D.A.B_B	AA43H,AA44E,AA47Q	-0.008713
3S9D.A.B_A	3S9D.A.B_B	AA43Y,AA44N,AA47S	-0.190819
3S9D.A.B_A	3S9D.A.B_B	DB91A,FA20A	2.384828
3S9D.A.B_A	3S9D.A.B_B	DB91A,LA124A	3.021426
3S9D.A.B_A	3S9D.A.B_B	DB91A,LA19A	2.944376
3S9D.A.B_A	3S9D.A.B_B	DB91A,RA115A	3.672301
3S9D.A.B_A	3S9D.A.B_B	DB91A,SA123A	2.678943
3S9D.A.B_A	3S9D.A.B_B	EB66A,AA116G	5.041269
3S9D.A.B_A	3S9D.A.B_B	EB66A,LA124A	3.769789
3S9D.A.B_A	3S9D.A.B_B	EB66A,LA23A	6.058160
3S9D.A.B_A	3S9D.A.B_B	EB66A,LA8A	4.092513
3S9D.A.B_A	3S9D.A.B_B	EB66A,MA119A	4.980968
3S9D.A.B_A	3S9D.A.B_B	EB66A,RA115A	4.658608
3S9D.A.B_A	3S9D.A.B_B	EB66A,RA120A	3.632457
3S9D.A.B_A	3S9D.A.B_B	EB66A,SA123A	3.543701
3S9D.A.B_A	3S9D.A.B_B	HB65A,LA124A	2.939418
3S9D.A.B_A	3S9D.A.B_B	HB65A,LA19A	3.056493
3S9D.A.B_A	3S9D.A.B_B	HB65A,LA8A	4.016778
3S9D.A.B_A	3S9D.A.B_B	HB65A,RA120A	3.846340
3S9D.A.B_A	3S9D.A.B_B	HB65A,RA5A	2.214390
3S9D.A.B_A	3S9D.A.B_B	HB65A,SA123A	1.135685
3S9D.A.B_A	3S9D.A.B_B	IB34A,AA116G	4.474027
3S9D.A.B_A	3S9D.A.B_B	IB34A,LA124A	3.561387
3S9D.A.B_A	3S9D.A.B_B	IB34A,MA119A	4.235052
3S9D.A.B_A	3S9D.A.B_B	IB34A,RA115A	4.271188
3S9D.A.B_A	3S9D.A.B_B	IB34A,RA120A	5.001758
3S9D.A.B_A	3S9D.A.B_B	IB34A,SA123A	3.006797
3S9D.A.B_A	3S9D.A.B_B	IB90A,FA20A	2.816274
3S9D.A.B_A	3S9D.A.B_B	IB90A,LA124A	3.346746
3S9D.A.B_A	3S9D.A.B_B	IB90A,LA19A	3.035703
3S9D.A.B_A	3S9D.A.B_B	IB90A,LA23A	5.449532
3S9D.A.B_A	3S9D.A.B_B	IB90A,LA8A	3.740474
3S9D.A.B_A	3S9D.A.B_B	IB90A,MA119A	4.035335
3S9D.A.B_A	3S9D.A.B_B	IB90A,RA115A	3.525470
3S9D.A.B_A	3S9D.A.B_B	IB90A,RA120A	4.908470
3S9D.A.B_A	3S9D.A.B_B	IB90A,SA123A	3.256808
3S9D.A.B_A	3S9D.A.B_B	MB35V,AA116G	5.300298
3S9D.A.B_A	3S9D.A.B_B	MB35V,LA124A	4.533203
3S9D.A.B_A	3S9D.A.B_B	MB35V,LA19A	4.316719
3S9D.A.B_A	3S9D.A.B_B	MB35V,LA23A	7.113939
3S9D.A.B_A	3S9D.A.B_B	MB35V,LA8A	4.427435
3S9D.A.B_A	3S9D.A.B_B	MB35V,MA119A	5.456684
3S9D.A.B_A	3S9D.A.B_B	MB35V,RA115A	3.705093
3S9D.A.B_A	3S9D.A.B_B	MB35V,RA120A	6.066684
3S9D.A.B_A	3S9D.A.B_B	MB35V,SA123A	4.080544
3S9D.A.B_A	3S9D.A.B_B	RA120A,EB66A	3.602474
3S9D.A.B_A	3S9D.A.B_B	TB33A,AA116G	4.351393
3S9D.A.B_A	3S9D.A.B_B	TB33A,FA20A	3.021426
3S9D.A.B_A	3S9D.A.B_B	TB33A,LA124A	3.312391
3S9D.A.B_A	3S9D.A.B_B	TB33A,LA19A	3.394809
3S9D.A.B_A	3S9D.A.B_B	TB33A,LA23A	5.961370
3S9D.A.B_A	3S9D.A.B_B	TB33A,LA8A	3.578561
3S9D.A.B_A	3S9D.A.B_B	TB33A,MA119A	4.463985
3S9D.A.B_A	3S9D.A.B_B	TB33A,RA115A	4.048243
3S9D.A.B_A	3S9D.A.B_B	TB33A,RA120A	5.268608
3S9D.A.B_A	3S9D.A.B_B	TB33A,SA123A	3.063263
3S9D.A.B_A	3S9D.A.B_B	WB87A,LA124A	2.944376
3S9D.A.B_A	3S9D.A.B_B	WB87A,LA8A	3.076578
3S9D.A.B_A	3S9D.A.B_B	WB87A,MA119A	3.846340
3S9D.A.B_A	3S9D.A.B_B	WB87A,RA5A	2.340922
3S9D.A.B_A	3S9D.A.B_B	WB87A,SA123A	2.751579
3SE3.B.A_B	3SE3.B.A_A	DB117A	0.542858
3SE3.B.A_B	3SE3.B.A_A	EB96A	0.713059
3SE3.B.A_B	3SE3.B.A_A	FB223A	1.497320
3SE3.B.A_B	3SE3.B.A_A	FB273A	0.000000
3SE3.B.A_B	3SE3.B.A_A	FB81A	0.410656
3SE3.B.A_B	3SE3.B.A_A	KB98A	1.497320
3SE3.B.A_B	3SE3.B.A_A	LB116A	0.000000
3SE3.B.A_B	3SE3.B.A_A	NB140T	0.133149
3SE3.B.A_B	3SE3.B.A_A	NB227A	0.542858
3SE3.B.A_B	3SE3.B.A_A	NB230A	0.211076
3SE3.B.A_B	3SE3.B.A_A	NB53A	-0.347762
3SE3.B.A_B	3SE3.B.A_A	RB226A	0.410656
3SE3.B.A_B	3SE3.B.A_A	SB120A	0.542858
3SE3.B.A_B	3SE3.B.A_A	SB167A	-0.239035
3SE3.B.A_B	3SE3.B.A_A	TB166A	-0.156387
3SE3.B.A_B	3SE3.B.A_A	YB148A	0.410656
3SE3.B.A_B	3SE3.B.A_A	YB55A	1.497320
3SE3.B.A_B	3SE3.B.A_A	YA43A,NA44A,SA47A	0.590210
3SE3.B.A_B	3SE3.B.A_A	YA43A,NA44E,SA47Q	1.917588
3SE3.B.A_B	3SE3.B.A_A	YA43H,NA44A,SA47Q	1.445153
3SE3.B.A_B	3SE3.B.A_A	YA43H,NA44E,SA47A	1.823857
3SE3.B.A_B	3SE3.B.A_A	YA43H,NA44E,SA47Q	2.457735
3SE3.B.A_B	3SE3.B.A_A	YA43H,NA44E,SA47Q,DA57A	2.440573
3SE3.B.A_B	3SE3.B.A_A	YA43H,NA44E,SA47Q,EA82A	2.762209
3SE3.B.A_B	3SE3.B.A_A	YA43H,NA44E,SA47Q,FA50A	2.851211
3SE3.B.A_B	3SE3.B.A_A	YA43H,NA44E,SA47Q,IA88A	2.327090
3SE3.B.A_B	3SE3.B.A_A	YA43H,NA44E,SA47Q,KA103A	2.681513
3SE3.B.A_B	3SE3.B.A_A	YA43H,NA44E,SA47Q,KA56A	2.696376
3SE3.B.A_B	3SE3.B.A_A	YA43H,NA44E,SA47Q,KA69A	2.365710
3SE3.B.A_B	3SE3.B.A_A	YA43H,NA44E,SA47Q,KA93A	2.610770
3SE3.B.A_B	3SE3.B.A_A	YA43H,NA44E,SA47Q,LA66A	3.417199
3SE3.B.A_B	3SE3.B.A_A	YA43H,NA44E,SA47Q,LA89A	2.898187
3SE3.B.A_B	3SE3.B.A_A	YA43H,NA44E,SA47Q,NA51A	3.094895
3SE3.B.A_B	3SE3.B.A_A	YA43H,NA44E,SA47Q,NA79A	2.828854
3SE3.B.A_B	3SE3.B.A_A	YA43H,NA44E,SA47Q,QA48A	2.491100
3SE3.B.A_B	3SE3.B.A_A	YA43H,NA44E,SA47Q,QA76A	2.349531
3SE3.B.A_B	3SE3.B.A_A	YA43H,NA44E,SA47Q,RA92A	2.836359
3SE3.B.A_B	3SE3.B.A_A	YA43H,NA44E,SA47Q,RA92K	2.610770
3SE3.B.A_B	3SE3.B.A_A	YA43H,NA44E,SA47Q,SA54A	2.546542
3SE3.B.A_B	3SE3.B.A_A	YA43H,NA44E,SA47Q,SA59A	2.776366
3SE3.B.A_B	3SE3.B.A_A	YA43H,NA44E,SA47Q,TA55A	2.910576
3SE3.B.A_B	3SE3.B.A_A	YA43H,NA44E,SA47Q,TA65A	2.359670
3SE3.B.A_B	3SE3.B.A_A	YA43H,NA44E,SA47Q,TA72A	2.742509
3SE3.B.A_B	3SE3.B.A_A	YA43H,NA44E,SA47Q,VA85A	2.488124
3SE3.B.A_B	3SE3.B.A_A	YA43H,NA44E,SA47Q,YA71A	2.985851
3SE3.B.A_B	3SE3.B.A_A	YA43H,NA44E,SA47Q,YA75A	3.127030
3SE3.B.A_B	3SE3.B.A_A	YA43M,NA44D,SA47L	0.713296
3SE3.B.C_B	3SE3.B.C_C	YA43A,NA44A,SA47A	0.173393
3SE3.B.C_B	3SE3.B.C_C	YA43H,NA44E,SA47Q	0.190819
3SE4.B.A_B	3SE4.B.A_A	DB117A	0.132202
3SE4.B.A_B	3SE4.B.A_A	FB223A	1.364171
3SE4.B.A_B	3SE4.B.A_A	FB273A	0.210868
3SE4.B.A_B	3SE4.B.A_A	KA134A	-0.035085
3SE4.B.A_B	3SE4.B.A_A	KA134R	0.139269
3SE4.B.A_B	3SE4.B.A_A	LA31A	-0.011969
3SE4.B.A_B	3SE4.B.A_A	LB116A	0.132202
3SE4.B.A_B	3SE4.B.A_A	MA130A	0.024659
3SE4.B.A_B	3SE4.B.A_A	NB140T	0.410656
3SE4.B.A_B	3SE4.B.A_A	NB227A	0.000000
3SE4.B.A_B	3SE4.B.A_A	NB230A	0.302936
3SE4.B.A_B	3SE4.B.A_A	PA27A	0.049696
3SE4.B.A_B	3SE4.B.A_A	PA27L	0.103059
3SE4.B.A_B	3SE4.B.A_A	RB226A	0.302936
3SE4.B.A_B	3SE4.B.A_A	SB120A	0.000000
3SE4.B.A_B	3SE4.B.A_A	TB166A	-0.542858
3SE4.B.A_B	3SE4.B.A_A	YB148A	-0.278455
3SE4.B.A_B	3SE4.B.A_A	YB55A	1.364171
3SE4.B.C_B	3SE4.B.C_C	EB69A	1.382826
3SE4.B.C_B	3SE4.B.C_C	HB172A	-0.410656
3SE4.B.C_B	3SE4.B.C_C	HB68A	-0.610237
3SE4.B.C_B	3SE4.B.C_C	IB95A	1.209325
3SE4.B.C_B	3SE4.B.C_C	KA134A	1.788574
3SE4.B.C_B	3SE4.B.C_C	KA134R	-0.936509
3SE4.B.C_B	3SE4.B.C_C	LA31A	2.728342
3SE4.B.C_B	3SE4.B.C_C	MA130A	0.572891
3SE4.B.C_B	3SE4.B.C_C	MB38A	1.666218
3SE4.B.C_B	3SE4.B.C_C	MB38V	1.165420
3SE4.B.C_B	3SE4.B.C_C	PA27A	-0.170438
3SE4.B.C_B	3SE4.B.C_C	PA27L	0.924372
3SE4.B.C_B	3SE4.B.C_C	SB39A	0.211905
3SE4.B.C_B	3SE4.B.C_C	TB36A	1.364171
3SE4.B.C_B	3SE4.B.C_C	VB72A	1.165420
3SE4.B.C_B	3SE4.B.C_C	KA134A,EB69A	1.902271
3SE4.B.C_B	3SE4.B.C_C	KA134R,EB69A	1.401481
3SEK.B.C_B	3SEK.B.C_C	FB47A	2.229389
3SEK.B.C_B	3SEK.B.C_C	FB47E	4.455748
3SEK.B.C_B	3SEK.B.C_C	LB11E	2.887276
3SEK.B.C_B	3SEK.B.C_C	LB44A	2.680921
3SEK.B.C_B	3SEK.B.C_C	LB44E	4.455748
3SEK.B.C_B	3SEK.B.C_C	LB48A	3.408846
3SEK.B.C_B	3SEK.B.C_C	LB48E	4.215530
3SZK.AB.C_AB	3SZK.AB.C_C	DB120A	0.673664
3SZK.AB.C_AB	3SZK.AB.C_C	DB121A	0.695610
3SZK.AB.C_AB	3SZK.AB.C_C	DB48A	0.204301
3SZK.AB.C_AB	3SZK.AB.C_C	DB51A	0.204301
3SZK.AB.C_AB	3SZK.AB.C_C	EB123A	0.838487
3SZK.AB.C_AB	3SZK.AB.C_C	EB124A	0.695610
3SZK.AB.C_AB	3SZK.AB.C_C	FB43A	2.219348
3SZK.AB.C_AB	3SZK.AB.C_C	FB44A	2.200963
3SZK.AB.C_AB	3SZK.AB.C_C	GB122A	0.374739
3SZK.AB.C_AB	3SZK.AB.C_C	HB42A	2.536616
3SZK.AB.C_AB	3SZK.AB.C_C	KB56A	0.096285
3SZK.AB.C_AB	3SZK.AB.C_C	KB57A	-0.035917
3SZK.AB.C_AB	3SZK.AB.C_C	NB35A	0.125190
3SZK.AB.C_AB	3SZK.AB.C_C	NB66A	0.204301
3SZK.AB.C_AB	3SZK.AB.C_C	QB39A	0.766586
3SZK.AB.C_AB	3SZK.AB.C_C	SB69A	1.514223
3SZK.AB.C_AB	3SZK.AB.C_C	TB38A	0.932227
3SZK.AB.C_AB	3SZK.AB.C_C	TB70A	1.469277
3SZK.AB.C_AB	3SZK.AB.C_C	VB27A	0.096285
3SZK.AB.C_AB	3SZK.AB.C_C	YB40A	2.904848
3SZK.AB.C_AB	3SZK.AB.C_C	YB41A	2.982339
4FTV.ABC.DE_ABC	4FTV.ABC.DE_DE	DB93A	0.896945
4FTV.ABC.DE_ABC	4FTV.ABC.DE_DE	KB66A	-1.579571
4FTV.ABC.DE_ABC	4FTV.ABC.DE_DE	QB301E	0.056467
4FTV.ABC.DE_ABC	4FTV.ABC.DE_DE	QB301R	0.410656
4FTV.ABC.DE_ABC	4FTV.ABC.DE_DE	RA65A	3.507599
4FTV.ABC.DE_ABC	4FTV.ABC.DE_DE	TA163A	0.361119
4FTV.ABC.DE_ABC	4FTV.ABC.DE_DE	DB93A,RA65A	1.163969
4FTV.ABC.DE_ABC	4FTV.ABC.DE_DE	EA63Q,DB93A	-0.004540
4FTV.ABC.DE_ABC	4FTV.ABC.DE_DE	EA63Q,DB93A,KA66A	1.855068
4FTV.ABC.DE_ABC	4FTV.ABC.DE_DE	EA63Q,KA66A	1.331636
4FTV.ABC.DE_ABC	4FTV.ABC.DE_DE	KB66A,TA163A	-2.130459
4FTV.ABC.DE_ABC	4FTV.ABC.DE_DE	MB298A,AB300G,QB301R	3.619436
4FTV.ABC.DE_ABC	4FTV.ABC.DE_DE	MB298A,QB301E	0.506200
4FTV.ABC.DE_ABC	4FTV.ABC.DE_DE	MB298A,SB299G,AB300G,QB301R	3.960311
4FTV.ABC.DE_ABC	4FTV.ABC.DE_DE	SB299G,AB300G,QB301R	3.651468
4G0N.A.B_A	4G0N.A.B_B	AB32K	-1.108953
4G0N.A.B_A	4G0N.A.B_B	DA33A	0.877040
4G0N.A.B_A	4G0N.A.B_B	DA38A	2.864766
4G0N.A.B_A	4G0N.A.B_B	EA31A	0.936812
4G0N.A.B_A	4G0N.A.B_B	EA37A	1.742959
4G0N.A.B_A	4G0N.A.B_B	FB8W	0.603454
4G0N.A.B_A	4G0N.A.B_B	HA27A	-0.290695
4G0N.A.B_A	4G0N.A.B_B	IA21A	0.871229
4G0N.A.B_A	4G0N.A.B_B	IA36A	1.742959
4G0N.A.B_A	4G0N.A.B_B	KB12A	1.832206
4G0N.A.B_A	4G0N.A.B_B	KB12E	1.916987
4G0N.A.B_A	4G0N.A.B_B	KB12M	1.322578
4G0N.A.B_A	4G0N.A.B_B	KB31A	2.584261
4G0N.A.B_A	4G0N.A.B_B	KB31E	5.065778
4G0N.A.B_A	4G0N.A.B_B	NB11A	0.679854
4G0N.A.B_A	4G0N.A.B_B	NB11D	1.808970
4G0N.A.B_A	4G0N.A.B_B	NB18R	-0.698296
4G0N.A.B_A	4G0N.A.B_B	QB13A	2.215739
4G0N.A.B_A	4G0N.A.B_B	RA41A	-0.344161
4G0N.A.B_A	4G0N.A.B_B	RB14A	1.920429
4G0N.A.B_A	4G0N.A.B_B	RB36L	5.358625
4G0N.A.B_A	4G0N.A.B_B	RB6A	2.141096
4G0N.A.B_A	4G0N.A.B_B	SA39A	0.290701
4G0N.A.B_A	4G0N.A.B_B	TA35A	2.786873
4G0N.A.B_A	4G0N.A.B_B	TA35S	2.214390
4G0N.A.B_A	4G0N.A.B_B	TB15A	1.804871
4G0N.A.B_A	4G0N.A.B_B	VA45A	-0.290695
4G0N.A.B_A	4G0N.A.B_B	VB16A	1.155396
4G0N.A.B_A	4G0N.A.B_B	VB35A	-0.005257
4G0N.A.B_A	4G0N.A.B_B	VB35I	0.551904
4G0N.A.B_A	4G0N.A.B_B	FB8W,NB18R	-0.287640
4G0N.A.B_A	4G0N.A.B_B	FB8W,NB18R,VB35I	0.363235
4G0N.A.B_A	4G0N.A.B_B	FB8W,RB14L,NB18R,VB35I	0.603454
4G0N.A.B_A	4G0N.A.B_B	FB8W,RB14L,VB16E,NB18R,KB31R,VB35I	3.604047
4G0N.A.B_A	4G0N.A.B_B	FB8W,VB16E,NB18R,VB35I	1.818733
4G0N.A.B_A	4G0N.A.B_B	KB31A,DA33A	2.613789
4G0N.A.B_A	4G0N.A.B_B	KB31A,EA31A	2.032993
4G0N.A.B_A	4G0N.A.B_B	KB31A,EA37A	3.387531
4G0N.A.B_A	4G0N.A.B_B	KB31A,RB36G	5.358625
4G0N.A.B_A	4G0N.A.B_B	NB11A,RA41A	-0.580602
4G0N.A.B_A	4G0N.A.B_B	NB11A,VA45A	0.000000
4G0N.A.B_A	4G0N.A.B_B	NB18R,AB32K	-1.279391
4G0N.A.B_A	4G0N.A.B_B	QB13A,RA41A	1.258514
4G0N.A.B_A	4G0N.A.B_B	QB13A,SA39A	2.032993
4G0N.A.B_A	4G0N.A.B_B	QB13A,VA45A	1.551360
4G0N.A.B_A	4G0N.A.B_B	RB14A,SA39A	2.226851
4G0N.A.B_A	4G0N.A.B_B	RB14A,VA45A	1.742959
4G0N.A.B_A	4G0N.A.B_B	RB6A,DA33A	2.516607
4G0N.A.B_A	4G0N.A.B_B	RB6A,DA38A	4.451485
4G0N.A.B_A	4G0N.A.B_B	RB6A,EA31A	2.129756
4G0N.A.B_A	4G0N.A.B_B	RB6A,EA37A	2.323566
4G0N.A.B_A	4G0N.A.B_B	RB6A,IA36A	4.257757
4G0N.A.B_A	4G0N.A.B_B	RB6A,NB11D	3.421207
4G0N.A.B_A	4G0N.A.B_B	TA35A,AB32K	2.578799
4G0N.A.B_A	4G0N.A.B_B	TA35A,NB18R	2.099827
4G0N.A.B_A	4G0N.A.B_B	TA35A,NB18R,AB32K	1.967625
4G0N.A.B_A	4G0N.A.B_B	TB15A,DA38A	3.000671
4G0N.A.B_A	4G0N.A.B_B	TB15A,EA31A	1.551360
4G0N.A.B_A	4G0N.A.B_B	TB15A,EA37A	2.807084
4G0N.A.B_A	4G0N.A.B_B	TB15A,IA21A	2.129756
4G0N.A.B_A	4G0N.A.B_B	TB15A,IA36A	3.000671
4G0N.A.B_A	4G0N.A.B_B	TB15A,SA39A	1.937270
4G0N.A.B_A	4G0N.A.B_B	TB15A,VA45A	1.064969
4G0N.A.B_A	4G0N.A.B_B	VB16A,EA37A	2.710342
4G0N.A.B_A	4G0N.A.B_B	VB16A,IA21A	1.551360
4G0N.A.B_A	4G0N.A.B_B	VB16A,IA36A	2.613789
4G0N.A.B_A	4G0N.A.B_B	VB35A,HA27A	0.192551
4G0N.A.B_A	4G0N.A.B_B	VB35A,IA21A	0.290701
4G0N.A.B_A	4G0N.A.B_B	YA32C,CA116S	0.735655
4G0N.A.B_A	4G0N.A.B_B	YA32C,CA116S,AB32K	-0.641830
4G0N.A.B_A	4G0N.A.B_B	YA32C,CA116S,NB18R	-0.366751
4G0N.A.B_A	4G0N.A.B_B	YA32C,CA116S,NB18R,AB32K	-1.730922
4JFD.ABC.DE_ABC	4JFD.ABC.DE_DE	AA380G	-6.518216
4JFD.ABC.DE_ABC	4JFD.ABC.DE_DE	AA380G,EA377A	0.804623
4JFD.ABC.DE_ABC	4JFD.ABC.DE_DE	AA380G,GA382A	0.077050
4JFD.ABC.DE_ABC	4JFD.ABC.DE_DE	AA380G,IA383A	-0.088590
4JFD.ABC.DE_ABC	4JFD.ABC.DE_DE	AA380G,LA384A	-0.319330
4JFD.ABC.DE_ABC	4JFD.ABC.DE_DE	AA380G,TA385A	0.016233
4JFE.ABC.DE_ABC	4JFE.ABC.DE_DE	AA383I	-6.429626
4JFE.ABC.DE_ABC	4JFE.ABC.DE_DE	AA383I,EA377A	0.893213
4JFE.ABC.DE_ABC	4JFE.ABC.DE_DE	AA383I,GA380A	0.088590
4JFE.ABC.DE_ABC	4JFE.ABC.DE_DE	AA383I,GA382A	0.165641
4JFE.ABC.DE_ABC	4JFE.ABC.DE_DE	AA383I,LA384A	-0.230739
4JFE.ABC.DE_ABC	4JFE.ABC.DE_DE	AA383I,TA385A	0.104823
4JFF.ABC.DE_ABC	4JFF.ABC.DE_DE	EA377A	7.322839
4JFF.ABC.DE_ABC	4JFF.ABC.DE_DE	GA380A	6.518216
4JFF.ABC.DE_ABC	4JFF.ABC.DE_DE	GA382A	6.595266
4JFF.ABC.DE_ABC	4JFF.ABC.DE_DE	IA383A	6.429626
4JFF.ABC.DE_ABC	4JFF.ABC.DE_DE	LA384A	6.198886
4JFF.ABC.DE_ABC	4JFF.ABC.DE_DE	TA385A	6.534448
4L3E.ABC.DE_ABC	4L3E.ABC.DE_DE	EA166A	1.217519
4L3E.ABC.DE_ABC	4L3E.ABC.DE_DE	NB52A	-0.459746
4L3E.ABC.DE_ABC	4L3E.ABC.DE_DE	QA155A	1.259037
4L3E.ABC.DE_ABC	4L3E.ABC.DE_DE	RA65A	1.301750
4L3E.ABC.DE_ABC	4L3E.ABC.DE_DE	YB247A	2.228330
4L3E.ABC.DE_ABC	4L3E.ABC.DE_DE	YB26A	2.784809
4L3E.ABC.DE_ABC	4L3E.ABC.DE_DE	YB50A	0.467998
4L3E.ABC.DE_ABC	4L3E.ABC.DE_DE	NB52A,EA166A	1.091682
4L3E.ABC.DE_ABC	4L3E.ABC.DE_DE	RA65A,YB247A	3.809300
4L3E.ABC.DE_ABC	4L3E.ABC.DE_DE	RA65A,YB26A	4.440749
4L3E.ABC.DE_ABC	4L3E.ABC.DE_DE	YB26A,RA65A	4.370968
4L3E.ABC.DE_ABC	4L3E.ABC.DE_DE	YB26D,WB294L	3.543451
4L3E.ABC.DE_ABC	4L3E.ABC.DE_DE	YB50A,QA155A	1.090514
4MNQ.ABC.DE_ABC	4MNQ.ABC.DE_DE	KA380A	4.935637
4MNQ.ABC.DE_ABC	4MNQ.ABC.DE_DE	LA382A	4.148980
4MNQ.ABC.DE_ABC	4MNQ.ABC.DE_DE	AB93S,LB94G,PB95T,GB97K	0.923126
4MNQ.ABC.DE_ABC	4MNQ.ABC.DE_DE	HB250W,PB251E,EB252F,YB253E	0.259645
4MNQ.ABC.DE_ABC	4MNQ.ABC.DE_DE	HB250W,PB251E,EB252F,YB253E,AB93S,LB94G,PB95T,GB97K	0.897640
4MNQ.ABC.DE_ABC	4MNQ.ABC.DE_DE	IB249V,HB250G,PB251A,EB252G,YB253I	1.519609
4MNQ.ABC.DE_ABC	4MNQ.ABC.DE_DE	IB249V,HB250G,PB251A,EB252G,YB253I,AB93S,LB94G,PB95T,GB97K	5.821152
4MNQ.ABC.DE_ABC	4MNQ.ABC.DE_DE	KA380A,AB93S,LB94G,PB95T,GB97K	3.632457
4MNQ.ABC.DE_ABC	4MNQ.ABC.DE_DE	KA380A,HB250W,PB251E,EB252F,YB253E	4.942732
4MNQ.ABC.DE_ABC	4MNQ.ABC.DE_DE	KA380A,IB249V,HB250G,PB251A,EB252G,YB253I	4.247952
4MNQ.ABC.DE_ABC	4MNQ.ABC.DE_DE	LA382A,AB93S,LB94G,PB95T,GB97K	5.102495
4MNQ.ABC.DE_ABC	4MNQ.ABC.DE_DE	LA382A,HB250W,PB251E,EB252F,YB253E	4.389199
4MNQ.ABC.DE_ABC	4MNQ.ABC.DE_DE	LA382A,HB250W,PB251E,EB252F,YB253E,AB93S,LB94G,PB95T,GB97K	5.426296
4MNQ.ABC.DE_ABC	4MNQ.ABC.DE_DE	LA382A,IB249V,HB250G,PB251A,EB252G,YB253I	4.669893
4N8V.G.ABC_G	4N8V.G.ABC_ABC	KA38A	0.588058
4N8V.G.ABC_G	4N8V.G.ABC_ABC	PA10A	-0.216674
4N8V.G.ABC_G	4N8V.G.ABC_ABC	YA124A	0.120342
4N8V.G.ABC_G	4N8V.G.ABC_ABC	YA39F	0.515551
4NKQ.C.AB_C	4NKQ.C.AB_AB	DA99K	-0.331545
4NKQ.C.AB_C	4NKQ.C.AB_AB	DB499A	0.158222
4NKQ.C.AB_C	4NKQ.C.AB_AB	DB499R	0.202788
4NKQ.C.AB_C	4NKQ.C.AB_AB	DB538A	0.110028
4NKQ.C.AB_C	4NKQ.C.AB_AB	DB588A	1.615561
4NKQ.C.AB_C	4NKQ.C.AB_AB	DB588E	0.468221
4NKQ.C.AB_C	4NKQ.C.AB_AB	DB588N	1.941902
4NKQ.C.AB_C	4NKQ.C.AB_AB	EA8R	2.640410
4NKQ.C.AB_C	4NKQ.C.AB_AB	EB504A	-0.353092
4NKQ.C.AB_C	4NKQ.C.AB_AB	IA6G	0.334457
4NKQ.C.AB_C	4NKQ.C.AB_AB	IB503A	-0.050452
4NKQ.C.AB_C	4NKQ.C.AB_AB	KB501A	0.385967
4NKQ.C.AB_C	4NKQ.C.AB_AB	KB501D	1.061531
4NKQ.C.AB_C	4NKQ.C.AB_AB	KB502A	-0.199344
4NKQ.C.AB_C	4NKQ.C.AB_AB	KB502D	-0.199344
4NKQ.C.AB_C	4NKQ.C.AB_AB	KB533A	-0.561278
4NKQ.C.AB_C	4NKQ.C.AB_AB	LA15D	-0.235133
4NKQ.C.AB_C	4NKQ.C.AB_AB	LB534A	0.236175
4NKQ.C.AB_C	4NKQ.C.AB_AB	NA14D	-0.601884
4NKQ.C.AB_C	4NKQ.C.AB_AB	NA4E	-0.390571
4NKQ.C.AB_C	4NKQ.C.AB_AB	NB493A	0.099901
4NKQ.C.AB_C	4NKQ.C.AB_AB	QB532A	-0.398687
4NKQ.C.AB_C	4NKQ.C.AB_AB	RA10D	0.111412
4NKQ.C.AB_C	4NKQ.C.AB_AB	RA11D	-0.205504
4NKQ.C.AB_C	4NKQ.C.AB_AB	RB492A	0.119986
4NKQ.C.AB_C	4NKQ.C.AB_AB	RB492D	-0.077386
4NKQ.C.AB_C	4NKQ.C.AB_AB	RB568Q	0.576429
4NKQ.C.AB_C	4NKQ.C.AB_AB	RB590A	0.360205
4NKQ.C.AB_C	4NKQ.C.AB_AB	RB590D	-0.290671
4NKQ.C.AB_C	4NKQ.C.AB_AB	RB590M	2.296188
4NKQ.C.AB_C	4NKQ.C.AB_AB	SB535A	0.275424
4NKQ.C.AB_C	4NKQ.C.AB_AB	TB500A	0.319330
4NKQ.C.AB_C	4NKQ.C.AB_AB	YB494A	-0.375451
4NKQ.C.AB_C	4NKQ.C.AB_AB	YB494F	-0.234204
4NKQ.C.AB_C	4NKQ.C.AB_AB	DA99K,DB499R	0.815236
4NKQ.C.AB_C	4NKQ.C.AB_AB	DA99K,KB502D	-0.501983
4NKQ.C.AB_C	4NKQ.C.AB_AB	DA99K,RB492D	0.176453
4NKQ.C.AB_C	4NKQ.C.AB_AB	DA99K,RB492D,KB502D	0.535559
4NKQ.C.AB_C	4NKQ.C.AB_AB	DB499A,TB500A,KB501A	0.353585
4NKQ.C.AB_C	4NKQ.C.AB_AB	DB588A,VB589A	2.076726
4NKQ.C.AB_C	4NKQ.C.AB_AB	DB588A,VB589A,RB590A,IB591A	-0.120233
4NKQ.C.AB_C	4NKQ.C.AB_AB	DB588Q,VB589Q	2.223105
4NKQ.C.AB_C	4NKQ.C.AB_AB	IB591A,LB592A	0.271429
4NKQ.C.AB_C	4NKQ.C.AB_AB	IB591Q,LB592Q	0.856203
4NKQ.C.AB_C	4NKQ.C.AB_AB	KB502A,IB503A,EB504A	-0.701327
4NKQ.C.AB_C	4NKQ.C.AB_AB	LB489A,TB490A,SB491A	0.110028
4NKQ.C.AB_C	4NKQ.C.AB_AB	RB492A,NB493A,YB494A	-0.331545
4NKQ.C.AB_C	4NKQ.C.AB_AB	RB492D,KB502D	1.313719
4NKQ.C.AB_C	4NKQ.C.AB_AB	YB531A,QB532A,KB533A,LB534A,SB535A,YB536A	-0.310756
4NKQ.C.AB_C	4NKQ.C.AB_AB	YB531A,YB536A	-0.627174
4OZG.ABJ.GH_ABJ	4OZG.ABJ.GH_GH	DB292A	1.650078
4OZG.ABJ.GH_ABJ	4OZG.ABJ.GH_GH	FB288A	1.434785
4OZG.ABJ.GH_ABJ	4OZG.ABJ.GH_GH	FB290A	0.883546
4OZG.ABJ.GH_ABJ	4OZG.ABJ.GH_GH	LB50A	1.186186
4OZG.ABJ.GH_ABJ	4OZG.ABJ.GH_GH	NB244A	-0.111024
4OZG.ABJ.GH_ABJ	4OZG.ABJ.GH_GH	NB29A	-0.071659
4OZG.ABJ.GH_ABJ	4OZG.ABJ.GH_GH	QB242A	0.805158
4OZG.ABJ.GH_ABJ	4OZG.ABJ.GH_GH	RB289A	1.744044
4OZG.ABJ.GH_ABJ	4OZG.ABJ.GH_GH	YB240F	-0.647137
4OZG.ABJ.GH_ABJ	4OZG.ABJ.GH_GH	YB295F	0.533790
4OZG.ABJ.GH_ABJ	4OZG.ABJ.GH_GH	YB31A	1.744044
4OZG.ABJ.GH_ABJ	4OZG.ABJ.GH_GH	YB33F	1.744044
4P23.CD.AB_CD	4P23.CD.AB_AB	DA192A	0.170438
4P23.CD.AB_CD	4P23.CD.AB_AB	DA264A	0.091327
4P23.CD.AB_CD	4P23.CD.AB_AB	DA56A	0.991751
4P23.CD.AB_CD	4P23.CD.AB_AB	EA181A	1.166799
4P23.CD.AB_CD	4P23.CD.AB_AB	EA247A	0.091327
4P23.CD.AB_CD	4P23.CD.AB_AB	EA254A	0.170438
4P23.CD.AB_CD	4P23.CD.AB_AB	EA257A	0.170438
4P23.CD.AB_CD	4P23.CD.AB_AB	EA272A	0.091327
4P23.CD.AB_CD	4P23.CD.AB_AB	FA180A	0.000000
4P23.CD.AB_CD	4P23.CD.AB_AB	HA269A	0.170438
4P23.CD.AB_CD	4P23.CD.AB_AB	HA69A	0.617011
4P23.CD.AB_CD	4P23.CD.AB_AB	IA255A	0.170438
4P23.CD.AB_CD	4P23.CD.AB_AB	KA184A	2.230622
4P23.CD.AB_CD	4P23.CD.AB_AB	KA186A	2.568344
4P23.CD.AB_CD	4P23.CD.AB_AB	KA189A	0.091327
4P23.CD.AB_CD	4P23.CD.AB_AB	KA40A	1.193733
4P23.CD.AB_CD	4P23.CD.AB_AB	KA68A	0.682907
4P23.CD.AB_CD	4P23.CD.AB_AB	KA76A	0.170438
4P23.CD.AB_CD	4P23.CD.AB_AB	LA61A	0.953515
4P23.CD.AB_CD	4P23.CD.AB_AB	NA188A	0.000000
4P23.CD.AB_CD	4P23.CD.AB_AB	NA63A	1.511965
4P23.CD.AB_CD	4P23.CD.AB_AB	PA253A	0.091327
4P23.CD.AB_CD	4P23.CD.AB_AB	QA183A	0.682907
4P23.CD.AB_CD	4P23.CD.AB_AB	QA252A	0.170438
4P23.CD.AB_CD	4P23.CD.AB_AB	QA58A	0.972941
4P23.CD.AB_CD	4P23.CD.AB_AB	QA62A	1.910966
4P23.CD.AB_CD	4P23.CD.AB_AB	RA258A	2.071513
4P23.CD.AB_CD	4P23.CD.AB_AB	RA260A	0.091327
4P23.CD.AB_CD	4P23.CD.AB_AB	RA268A	0.091327
4P23.CD.AB_CD	4P23.CD.AB_AB	SA251A	0.000000
4P23.CD.AB_CD	4P23.CD.AB_AB	TA265A	0.000000
4P23.CD.AB_CD	4P23.CD.AB_AB	VA191A	0.000000
4P23.CD.AB_CD	4P23.CD.AB_AB	VA66A	1.166799
4P23.CD.AB_CD	4P23.CD.AB_AB	VA73A	0.000000
4P23.CD.AB_CD	4P23.CD.AB_AB	YA248A	0.240219
4P5T.CD.AB_CD	4P5T.CD.AB_AB	DA192A	0.000000
4P5T.CD.AB_CD	4P5T.CD.AB_AB	DA263A	0.000000
4P5T.CD.AB_CD	4P5T.CD.AB_AB	DA56A	0.617011
4P5T.CD.AB_CD	4P5T.CD.AB_AB	EA181A	1.061531
4P5T.CD.AB_CD	4P5T.CD.AB_AB	EA246A	0.240219
4P5T.CD.AB_CD	4P5T.CD.AB_AB	EA253A	0.617011
4P5T.CD.AB_CD	4P5T.CD.AB_AB	EA256A	1.009981
4P5T.CD.AB_CD	4P5T.CD.AB_AB	EA271A	0.000000
4P5T.CD.AB_CD	4P5T.CD.AB_AB	FA180A	0.000000
4P5T.CD.AB_CD	4P5T.CD.AB_AB	HA268A	0.796098
4P5T.CD.AB_CD	4P5T.CD.AB_AB	HA69A	1.009981
4P5T.CD.AB_CD	4P5T.CD.AB_AB	IA254A	0.091327
4P5T.CD.AB_CD	4P5T.CD.AB_AB	KA184A	1.991546
4P5T.CD.AB_CD	4P5T.CD.AB_AB	KA186A	1.549238
4P5T.CD.AB_CD	4P5T.CD.AB_AB	KA189A	0.240219
4P5T.CD.AB_CD	4P5T.CD.AB_AB	KA40A	1.138582
4P5T.CD.AB_CD	4P5T.CD.AB_AB	KA68A	0.991751
4P5T.CD.AB_CD	4P5T.CD.AB_AB	KA76A	0.359106
4P5T.CD.AB_CD	4P5T.CD.AB_AB	LA61A	1.009981
4P5T.CD.AB_CD	4P5T.CD.AB_AB	NA188A	0.000000
4P5T.CD.AB_CD	4P5T.CD.AB_AB	NA63A	1.496373
4P5T.CD.AB_CD	4P5T.CD.AB_AB	PA252A	0.000000
4P5T.CD.AB_CD	4P5T.CD.AB_AB	QA183A	1.654842
4P5T.CD.AB_CD	4P5T.CD.AB_AB	QA251A	0.000000
4P5T.CD.AB_CD	4P5T.CD.AB_AB	QA58A	0.000000
4P5T.CD.AB_CD	4P5T.CD.AB_AB	QA62A	0.000000
4P5T.CD.AB_CD	4P5T.CD.AB_AB	RA257A	2.074497
4P5T.CD.AB_CD	4P5T.CD.AB_AB	RA259A	0.000000
4P5T.CD.AB_CD	4P5T.CD.AB_AB	RA267A	0.000000
4P5T.CD.AB_CD	4P5T.CD.AB_AB	SA250A	0.000000
4P5T.CD.AB_CD	4P5T.CD.AB_AB	TA264A	0.821313
4P5T.CD.AB_CD	4P5T.CD.AB_AB	VA191A	0.091327
4P5T.CD.AB_CD	4P5T.CD.AB_AB	VA66A	0.868734
4P5T.CD.AB_CD	4P5T.CD.AB_AB	VA73A	0.000000
4P5T.CD.AB_CD	4P5T.CD.AB_AB	YA247A	0.170438
4PWX.AB.CD_AB	4PWX.AB.CD_CD	DA250A	1.143379
4PWX.AB.CD_AB	4PWX.AB.CD_CD	DB60K	0.370956
4PWX.AB.CD_AB	4PWX.AB.CD_CD	EA201K	1.729232
4PWX.AB.CD_AB	4PWX.AB.CD_CD	EA206A	1.039172
4PWX.AB.CD_AB	4PWX.AB.CD_CD	EA246K	1.729232
4PWX.AB.CD_AB	4PWX.AB.CD_CD	EB17A	-0.684739
4PWX.AB.CD_AB	4PWX.AB.CD_CD	EB67K	1.103867
4PWX.AB.CD_AB	4PWX.AB.CD_CD	FA194A	1.729232
4PWX.AB.CD_AB	4PWX.AB.CD_CD	HB19A	-0.348235
4PWX.AB.CD_AB	4PWX.AB.CD_CD	KA359A	0.202470
4PWX.AB.CD_AB	4PWX.AB.CD_CD	KA359D	0.118888
4PWX.AB.CD_AB	4PWX.AB.CD_CD	KA362A	0.447863
4PWX.AB.CD_AB	4PWX.AB.CD_CD	KA362D	0.261765
4PWX.AB.CD_AB	4PWX.AB.CD_CD	KB1A	0.468120
4PWX.AB.CD_AB	4PWX.AB.CD_CD	KB9A	-0.274082
4PWX.AB.CD_AB	4PWX.AB.CD_CD	QA205A	1.013958
4PWX.AB.CD_AB	4PWX.AB.CD_CD	QB20A	-0.177798
4PWX.AB.CD_AB	4PWX.AB.CD_CD	RA365A	0.359106
4PWX.AB.CD_AB	4PWX.AB.CD_CD	RA563A	1.729232
4PWX.AB.CD_AB	4PWX.AB.CD_CD	RB23A	1.729232
4PWX.AB.CD_AB	4PWX.AB.CD_CD	RB28A	1.729232
4PWX.AB.CD_AB	4PWX.AB.CD_CD	RB31A	0.334672
4PWX.AB.CD_AB	4PWX.AB.CD_CD	YA198A	1.729232
4PWX.AB.CD_AB	4PWX.AB.CD_CD	YB15A	0.754610
4PWX.AB.CD_AB	4PWX.AB.CD_CD	YB16A	1.144969
4RA0.A.C_A	4RA0.A.C_C	AB66V	0.931155
4RA0.A.C_A	4RA0.A.C_C	RB101G	0.247488
4RA0.A.C_A	4RA0.A.C_C	AB66V,RB101G	0.953515
4RA0.A.C_A	4RA0.A.C_C	GB61D,AB66V	1.102140
4RA0.A.C_A	4RA0.A.C_C	GB61D,AB66V,RB101G	1.109047
4RA0.A.C_A	4RA0.A.C_C	SB6G,AB66V	0.767548
4RA0.A.C_A	4RA0.A.C_C	SB6G,AB66V,RB101G	0.710983
4RA0.A.C_A	4RA0.A.C_C	SB6G,GB61D,AB66V	1.145801
4RA0.A.C_A	4RA0.A.C_C	SB6G,GB61D,AB66V,RB101G	1.183396
4RS1.A.B_A	4RS1.A.B_B	DA28A	2.592230
4RS1.A.B_A	4RS1.A.B_B	DA28K	3.619436
4RS1.A.B_A	4RS1.A.B_B	DA92A	1.926734
4RS1.A.B_A	4RS1.A.B_B	DA92K	3.618676
4RS1.A.B_A	4RS1.A.B_B	DA92N	1.430067
4RS1.A.B_A	4RS1.A.B_B	DA92R	3.130221
4RS1.A.B_A	4RS1.A.B_B	EA25A	1.502577
4RS1.A.B_A	4RS1.A.B_B	EA25K	2.140138
4RS1.A.B_A	4RS1.A.B_B	EA88A	0.476552
4RS1.A.B_A	4RS1.A.B_B	EA88K	0.336503
4RS1.A.B_A	4RS1.A.B_B	EA88Q	0.924957
4RS1.A.B_A	4RS1.A.B_B	EA8R	0.394424
4RS1.A.B_A	4RS1.A.B_B	EB176A	-0.694590
4RS1.A.B_A	4RS1.A.B_B	FA99A	3.626325
4RS1.A.B_A	4RS1.A.B_B	IA6G	0.856287
4RS1.A.B_A	4RS1.A.B_B	IB175A	-0.275981
4RS1.A.B_A	4RS1.A.B_B	KA91A	-0.115028
4RS1.A.B_A	4RS1.A.B_B	KA91E	0.125190
4RS1.A.B_A	4RS1.A.B_B	KA91Q	0.274082
4RS1.A.B_A	4RS1.A.B_B	KB174A	0.871208
4RS1.A.B_A	4RS1.A.B_B	KB203A	0.276282
4RS1.A.B_A	4RS1.A.B_B	LA95A	2.365587
4RS1.A.B_A	4RS1.A.B_B	LB204A	0.072255
4RS1.A.B_A	4RS1.A.B_B	NA89A	1.290018
4RS1.A.B_A	4RS1.A.B_B	NA89D	0.295628
4RS1.A.B_A	4RS1.A.B_B	NA89K	0.910145
4RS1.A.B_A	4RS1.A.B_B	NB150A	-0.046389
4RS1.A.B_A	4RS1.A.B_B	QA79A	0.469951
4RS1.A.B_A	4RS1.A.B_B	QA79E	1.212153
4RS1.A.B_A	4RS1.A.B_B	QB202A	1.354172
4RS1.A.B_A	4RS1.A.B_B	RA10D	0.178390
4RS1.A.B_A	4RS1.A.B_B	RA11D	0.190122
4RS1.A.B_A	4RS1.A.B_B	SB205A	0.615990
4RS1.A.B_A	4RS1.A.B_B	TB172A	0.480713
4RS1.A.B_A	4RS1.A.B_B	YB151A	-0.655854
4RS1.A.B_A	4RS1.A.B_B	YB151F	-0.449058
4RS1.A.B_A	4RS1.A.B_B	DA28K,DA92K	4.122902
4RS1.A.B_A	4RS1.A.B_B	EA25K,DA28K	4.122902
4RS1.A.B_A	4RS1.A.B_B	EA25K,DA92K	4.122902
4RS1.A.B_A	4RS1.A.B_B	LA95A,FA99A	4.122902
4RS1.A.B_A	4RS1.A.B_B	LB146A,TB147A,SB148A	-0.215934
4RS1.A.B_A	4RS1.A.B_B	NB116A,SB117A,KB118A,RB119A	-0.046389
4RS1.A.B_A	4RS1.A.B_B	RB47A,EB48A,HB52A	-0.546588
4RS1.A.B_A	4RS1.A.B_B	YB201A,YB206A	0.720931
5E9D.AB.CDE_AB	5E9D.AB.CDE_CDE	AB218Y	-0.899806
5E9D.AB.CDE_AB	5E9D.AB.CDE_CDE	GB37E	-0.479357
5E9D.AB.CDE_AB	5E9D.AB.CDE_CDE	KB106Q	0.187488
5E9D.AB.CDE_AB	5E9D.AB.CDE_CDE	NB147G	0.275202
5E9D.AB.CDE_AB	5E9D.AB.CDE_CDE	SB60G	-0.035647
5E9D.AB.CDE_AB	5E9D.AB.CDE_CDE	TB100Q	-0.573930
5E9D.AB.CDE_AB	5E9D.AB.CDE_CDE	VB169D	-0.432683
5E9D.AB.CDE_AB	5E9D.AB.CDE_CDE	YB59W	-0.349101
5E9D.AB.CDE_AB	5E9D.AB.CDE_CDE	GB37E,AB218Y	-1.310463
5E9D.AB.CDE_AB	5E9D.AB.CDE_CDE	GB37E,TB100Q	-1.550681
5E9D.AB.CDE_AB	5E9D.AB.CDE_CDE	GB37E,TB100Q,AB218Y	-2.475290
5E9D.AB.CDE_AB	5E9D.AB.CDE_CDE	GB37E,TB100Q,VB169D,AB218E	-2.636398
5E9D.AB.CDE_AB	5E9D.AB.CDE_CDE	GB37E,VB169D	-1.202446
5E9D.AB.CDE_AB	5E9D.AB.CDE_CDE	GB37R,TB100Q,VB169E,AB218D	-3.126165
5E9D.AB.CDE_AB	5E9D.AB.CDE_CDE	GB37R,TB100Q,VB169E,AB218V	-2.759414
5E9D.AB.CDE_AB	5E9D.AB.CDE_CDE	TB100Q,AB218Y	-1.272227
5M2O.A.B_A	5M2O.A.B_B	EA80A	0.699855
5M2O.A.B_A	5M2O.A.B_B	HA117A	0.883034
5M2O.A.B_A	5M2O.A.B_B	IB17A	2.026362
5M2O.A.B_A	5M2O.A.B_B	KA73A	-0.757076
5M2O.A.B_A	5M2O.A.B_B	KB32A	1.063626
5M2O.A.B_A	5M2O.A.B_B	LA75A	1.627034
5M2O.A.B_A	5M2O.A.B_B	LB65A	0.850652
5M2O.A.B_A	5M2O.A.B_B	NA120A	0.449897
5M2O.A.B_A	5M2O.A.B_B	NA64A	0.041853
5M2O.A.B_A	5M2O.A.B_B	NA71A	0.154846
5M2O.A.B_A	5M2O.A.B_B	QB25A	1.144911
5M2O.A.B_A	5M2O.A.B_B	QB61A	-0.157751
5M2O.A.B_A	5M2O.A.B_B	SB18A	0.047045
5M2O.A.B_A	5M2O.A.B_B	VB21A	2.443841
5M2O.A.B_A	5M2O.A.B_B	EA80A,HA117A	2.529977
5M2O.A.B_A	5M2O.A.B_B	EA80A,NA120A	1.210967
5M2O.A.B_A	5M2O.A.B_B	HA117A,NA120A	2.338982
5M2O.A.B_A	5M2O.A.B_B	NA71A,EA80A	1.028942
5M2O.A.B_A	5M2O.A.B_B	NA71A,HA117A	2.286818
5M2O.A.B_A	5M2O.A.B_B	NA71A,NA120A	2.459463
5M2O.A.B_A	5M2O.A.B_B	VB21A,QB25A	3.317599
5TAR.A.B_A	5TAR.A.B_B	EB86A	1.126523
5TAR.A.B_A	5TAR.A.B_B	FB131A	0.248743
5TAR.A.B_A	5TAR.A.B_B	FB13A	0.231570
5TAR.A.B_A	5TAR.A.B_B	IB127A	-0.026336
5TAR.A.B_A	5TAR.A.B_B	MB18A	-0.215004
5TAR.A.B_A	5TAR.A.B_B	QB114A	0.157416
5TAR.A.B_A	5TAR.A.B_B	WB30A	0.659400
5TAR.A.B_A	5TAR.A.B_B	WB88A	0.384321
5TAR.A.B_A	5TAR.A.B_B	TA183A,KA184E	2.730913
5UFE.A.B_A	5UFE.A.B_B	GA12C	-0.396380
5UFE.A.B_A	5UFE.A.B_B	GA12D	-1.273908
5UFE.A.B_A	5UFE.A.B_B	GA12V	-0.727925
5UFE.A.B_A	5UFE.A.B_B	QB25R	0.292423
5UFE.A.B_A	5UFE.A.B_B	GA12D,QB25R	-0.975104
5UFE.A.B_A	5UFE.A.B_B	GA12D,QB25R,EB33G,DB34G	-0.922537
5UFE.A.B_A	5UFE.A.B_B	QB25R,EB33G,DB34G	0.097520
5UFQ.A.C_A	5UFQ.A.C_C	DA12C	0.982421
5UFQ.A.C_A	5UFQ.A.C_C	DA12G	1.273908
5UFQ.A.C_A	5UFQ.A.C_C	DA12V	0.650875
5UFQ.A.C_A	5UFQ.A.C_C	DA12G,QB25R,KB55G	1.513885
5UFQ.A.C_A	5UFQ.A.C_C	QB25R,KB55G	0.246358
5XCO.A.B_A	5XCO.A.B_B	DA13C	0.811243
5XCO.A.B_A	5XCO.A.B_B	DA13G	1.110487
5XCO.A.B_A	5XCO.A.B_B	DB12A	2.797383
5XCO.A.B_A	5XCO.A.B_B	IB9A	2.797383
5XCO.A.B_A	5XCO.A.B_B	LB7A	2.747983
5XCO.A.B_A	5XCO.A.B_B	PB13A	0.635135
5XCO.A.B_A	5XCO.A.B_B	PB6A	1.079022
5XCO.A.B_A	5XCO.A.B_B	SB10A	1.286010
5XCO.A.B_A	5XCO.A.B_B	VB14A	0.000000
5XCO.A.B_A	5XCO.A.B_B	YB11A	1.900335
5XCO.A.B_A	5XCO.A.B_B	YB8A	1.364171
5XCO.A.B_A	5XCO.A.B_B	DA13C,DB12A	2.797383
5XCO.A.B_A	5XCO.A.B_B	DA13C,IB9A	2.797383
5XCO.A.B_A	5XCO.A.B_B	DA13C,LB7A	2.797383
5XCO.A.B_A	5XCO.A.B_B	DA13C,PB13A	1.747584
5XCO.A.B_A	5XCO.A.B_B	DA13C,PB6A	2.409963
5XCO.A.B_A	5XCO.A.B_B	DA13C,SB10A	2.464354
5XCO.A.B_A	5XCO.A.B_B	DA13C,VB14A	0.859965
5XCO.A.B_A	5XCO.A.B_B	DA13C,YB11A	2.797383
5XCO.A.B_A	5XCO.A.B_B	DA13C,YB8A	2.618993
5XCO.A.B_A	5XCO.A.B_B	DA13G,DB12A	2.797383
5XCO.A.B_A	5XCO.A.B_B	DA13G,IB9A	2.797383
5XCO.A.B_A	5XCO.A.B_B	DA13G,LB7A	2.797383
5XCO.A.B_A	5XCO.A.B_B	DA13G,PB13A	2.122323
5XCO.A.B_A	5XCO.A.B_B	DA13G,PB6A	2.453868
5XCO.A.B_A	5XCO.A.B_B	DA13G,SB10A	2.791429
5XCO.A.B_A	5XCO.A.B_B	DA13G,VB14A	1.322820
5XCO.A.B_A	5XCO.A.B_B	DA13G,YB11A	2.797383
5XCO.A.B_A	5XCO.A.B_B	DA13G,YB8A	2.741508
