1A22.A.B_A	1A22.A.B_B	CA171A	1.019411
1A22.A.B_A	1A22.A.B_B	CB67A	0.000000
1A22.A.B_A	1A22.A.B_B	CB81A	0.000000
1A22.A.B_A	1A22.A.B_B	DA160A	0.974370
1A22.A.B_A	1A22.A.B_B	DA26A	-0.211313
1A22.A.B_A	1A22.A.B_B	DB119A	1.531305
1A22.A.B_A	1A22.A.B_B	DB160A	-0.046188
1A22.A.B_A	1A22.A.B_B	DB85A	0.984745
1A22.A.B_A	1A22.A.B_B	DB91A	1.085717
1A22.A.B_A	1A22.A.B_B	EA163A	-0.910037
1A22.A.B_A	1A22.A.B_B	EA175A	-0.074272
1A22.A.B_A	1A22.A.B_B	EA56A	0.624571
1A22.A.B_A	1A22.A.B_B	EA65A	-0.393725
1A22.A.B_A	1A22.A.B_B	EA66A	0.436234
1A22.A.B_A	1A22.A.B_B	EB10A	0.705528
1A22.A.B_A	1A22.A.B_B	EB128A	0.082802
1A22.A.B_A	1A22.A.B_B	EB12A	1.373793
1A22.A.B_A	1A22.A.B_B	EB130A	-0.079111
1A22.A.B_A	1A22.A.B_B	EB135A	0.199344
1A22.A.B_A	1A22.A.B_B	EB162A	-0.079111
1A22.A.B_A	1A22.A.B_B	EB164A	-0.062421
1A22.A.B_A	1A22.A.B_B	EB179A	0.108017
1A22.A.B_A	1A22.A.B_B	EB34A	-0.098667
1A22.A.B_A	1A22.A.B_B	EB38A	-0.079111
1A22.A.B_A	1A22.A.B_B	EB41A	0.783077
1A22.A.B_A	1A22.A.B_B	EB50A	0.177798
1A22.A.B_A	1A22.A.B_B	EB79A	-0.202294
1A22.A.B_A	1A22.A.B_B	EB86A	0.786411
1A22.A.B_A	1A22.A.B_B	FA10A	1.049799
1A22.A.B_A	1A22.A.B_B	FA165A	1.024455
1A22.A.B_A	1A22.A.B_B	FA165Y	1.269933
1A22.A.B_A	1A22.A.B_B	FA180A	0.191828
1A22.A.B_A	1A22.A.B_B	FA25A	-0.423821
1A22.A.B_A	1A22.A.B_B	FA54A	0.879362
1A22.A.B_A	1A22.A.B_B	FB55S	-0.041053
1A22.A.B_A	1A22.A.B_B	FB59A	-0.015000
1A22.A.B_A	1A22.A.B_B	GA176A	0.346296
1A22.A.B_A	1A22.A.B_B	HA18A	-0.346373
1A22.A.B_A	1A22.A.B_B	HA21A	0.155438
1A22.A.B_A	1A22.A.B_B	IA168A	0.698028
1A22.A.B_A	1A22.A.B_B	IA4A	0.410656
1A22.A.B_A	1A22.A.B_B	IA58A	1.659799
1A22.A.B_A	1A22.A.B_B	IA58L	0.316418
1A22.A.B_A	1A22.A.B_B	IB120A	2.154394
1A22.A.B_A	1A22.A.B_B	IB62A	1.272705
1A22.A.B_A	1A22.A.B_B	IB64A	1.350494
1A22.A.B_A	1A22.A.B_B	IB87A	0.588454
1A22.A.B_A	1A22.A.B_B	KA157A	-0.052375
1A22.A.B_A	1A22.A.B_B	KA161A	1.779152
1A22.A.B_A	1A22.A.B_B	KA70A	0.521570
1A22.A.B_A	1A22.A.B_B	KB122A	-0.008843
1A22.A.B_A	1A22.A.B_B	KB134A	0.000000
1A22.A.B_A	1A22.A.B_B	KB158A	0.240219
1A22.A.B_A	1A22.A.B_B	KB161A	0.199344
1A22.A.B_A	1A22.A.B_B	KB170A	0.642630
1A22.A.B_A	1A22.A.B_B	KB40A	0.143934
1A22.A.B_A	1A22.A.B_B	KB69A	0.042847
1A22.A.B_A	1A22.A.B_B	KB80A	0.079457
1A22.A.B_A	1A22.A.B_B	LA15A	0.152751
1A22.A.B_A	1A22.A.B_B	LA45A	1.224517
1A22.A.B_A	1A22.A.B_B	LA6A	0.639143
1A22.A.B_A	1A22.A.B_B	LA73A	-0.206355
1A22.A.B_A	1A22.A.B_B	LA9A	-0.035917
1A22.A.B_A	1A22.A.B_B	MA14A	0.234353
1A22.A.B_A	1A22.A.B_B	NA12A	0.096285
1A22.A.B_A	1A22.A.B_B	NA63A	0.510328
1A22.A.B_A	1A22.A.B_B	NB173A	0.287041
1A22.A.B_A	1A22.A.B_B	NB31A	0.003612
1A22.A.B_A	1A22.A.B_B	NB56A	-0.255218
1A22.A.B_A	1A22.A.B_B	PA2A	-0.054727
1A22.A.B_A	1A22.A.B_B	PA48A	0.410656
1A22.A.B_A	1A22.A.B_B	PA59A	0.383925
1A22.A.B_A	1A22.A.B_B	PA5A	0.436234
1A22.A.B_A	1A22.A.B_B	PA61A	1.209325
1A22.A.B_A	1A22.A.B_B	PB65A	2.966264
1A22.A.B_A	1A22.A.B_B	PB9A	0.259645
1A22.A.B_A	1A22.A.B_B	QA170A	0.274082
1A22.A.B_A	1A22.A.B_B	QA22A	-0.219837
1A22.A.B_A	1A22.A.B_B	QA29A	-0.589047
1A22.A.B_A	1A22.A.B_B	QA46A	0.108017
1A22.A.B_A	1A22.A.B_B	QA68A	0.787916
1A22.A.B_A	1A22.A.B_B	QA69A	-0.054727
1A22.A.B_A	1A22.A.B_B	QB121A	0.008587
1A22.A.B_A	1A22.A.B_B	QB171A	0.884437
1A22.A.B_A	1A22.A.B_B	QB33A	-0.193698
1A22.A.B_A	1A22.A.B_B	QB37A	-0.410656
1A22.A.B_A	1A22.A.B_B	QB89A	-0.030389
1A22.A.B_A	1A22.A.B_B	RA156A	0.059761
1A22.A.B_A	1A22.A.B_B	RA167A	2.425703
1A22.A.B_A	1A22.A.B_B	RA167K	0.953515
1A22.A.B_A	1A22.A.B_B	RA167N	1.269933
1A22.A.B_A	1A22.A.B_B	RA16A	0.240219
1A22.A.B_A	1A22.A.B_B	RA172A	0.489546
1A22.A.B_A	1A22.A.B_B	RA19A	0.050096
1A22.A.B_A	1A22.A.B_B	RA64A	1.721932
1A22.A.B_A	1A22.A.B_B	RA64K	-0.314372
1A22.A.B_A	1A22.A.B_B	RA8A	0.204301
1A22.A.B_A	1A22.A.B_B	RB11A	1.524245
1A22.A.B_A	1A22.A.B_B	RB11L	0.521570
1A22.A.B_A	1A22.A.B_B	RB11M	1.000400
1A22.A.B_A	1A22.A.B_B	RB166A	0.056467
1A22.A.B_A	1A22.A.B_B	RB168A	-0.190523
1A22.A.B_A	1A22.A.B_B	RB172A	0.261142
1A22.A.B_A	1A22.A.B_B	RB29A	0.554108
1A22.A.B_A	1A22.A.B_B	RB30A	0.567586
1A22.A.B_A	1A22.A.B_B	RB7A	0.269124
1A22.A.B_A	1A22.A.B_B	SA173A	-0.054727
1A22.A.B_A	1A22.A.B_B	SA177A	-0.206355
1A22.A.B_A	1A22.A.B_B	SA51A	0.348235
1A22.A.B_A	1A22.A.B_B	SA55A	0.110914
1A22.A.B_A	1A22.A.B_B	SA57A	0.204301
1A22.A.B_A	1A22.A.B_B	SA62A	0.397291
1A22.A.B_A	1A22.A.B_B	SA71A	0.410656
1A22.A.B_A	1A22.A.B_B	SA7A	0.346296
1A22.A.B_A	1A22.A.B_B	SB15A	-0.015000
1A22.A.B_A	1A22.A.B_B	SB174A	0.033864
1A22.A.B_A	1A22.A.B_B	SB57A	-0.168411
1A22.A.B_A	1A22.A.B_B	SB58A	-0.506941
1A22.A.B_A	1A22.A.B_B	SB61A	0.020845
1A22.A.B_A	1A22.A.B_B	SB83A	0.225940
1A22.A.B_A	1A22.A.B_B	TA164A	1.907029
1A22.A.B_A	1A22.A.B_B	TA164S	1.690717
1A22.A.B_A	1A22.A.B_B	TA3A	-0.054727
1A22.A.B_A	1A22.A.B_B	TB149A	0.191049
1A22.A.B_A	1A22.A.B_B	TB150A	-0.108445
1A22.A.B_A	1A22.A.B_B	TB19A	0.069781
1A22.A.B_A	1A22.A.B_B	TB32A	-0.084168
1A22.A.B_A	1A22.A.B_B	TB36A	-0.025458
1A22.A.B_A	1A22.A.B_B	TB60A	1.423664
1A22.A.B_A	1A22.A.B_B	VA169A	0.000000
1A22.A.B_A	1A22.A.B_B	VA174A	0.879362
1A22.A.B_A	1A22.A.B_B	VB126A	-0.670132
1A22.A.B_A	1A22.A.B_B	VB84A	1.142183
1A22.A.B_A	1A22.A.B_B	VB88A	-0.046188
1A22.A.B_A	1A22.A.B_B	WB124A	4.731656
1A22.A.B_A	1A22.A.B_B	WB35A	0.544846
1A22.A.B_A	1A22.A.B_B	WB39A	0.049679
1A22.A.B_A	1A22.A.B_B	WB63A	4.683514
1A22.A.B_A	1A22.A.B_B	WB63F	2.784809
1A22.A.B_A	1A22.A.B_B	YA153A	0.348235
1A22.A.B_A	1A22.A.B_B	YA42A	0.199344
1A22.A.B_A	1A22.A.B_B	YB54A	0.199344
1A22.A.B_A	1A22.A.B_B	DA11A,MA14V,HA18Q,RA19H,FA25A,QA29K,EA33R	0.747160
1A22.A.B_A	1A22.A.B_B	DB107A,RB111A,EB113A	0.314372
1A22.A.B_A	1A22.A.B_B	DB78A,EB79A,KB80A	0.209830
1A22.A.B_A	1A22.A.B_B	EA56D,RA64M	2.003314
1A22.A.B_A	1A22.A.B_B	EA88G,QA91Y,FA92H,RA94T,SA95E	0.191828
1A22.A.B_A	1A22.A.B_B	EB138A,KB140A,KB142A,DB145A	0.120233
1A22.A.B_A	1A22.A.B_B	EB79A,KB80A	-0.344761
1A22.A.B_A	1A22.A.B_B	FA25A,YA42A,QA46A	0.198171
1A22.A.B_A	1A22.A.B_B	FA54H,SA55T,EA56S,IA58L,PA59A,SA62E,NA63D,RA64K,EA66Q,TA67A,KA70M,SA71N,NA72Q,LA73K,EA74D	2.496773
1A22.A.B_A	1A22.A.B_B	FA97R,AA98G,NA99M,SA100Q,LA101D,VA102A,YA103P,GA104E	0.263008
1A22.A.B_A	1A22.A.B_B	KA157A,EA163A	-0.769763
1A22.A.B_A	1A22.A.B_B	KA161A,FA165A	3.780828
1A22.A.B_A	1A22.A.B_B	KB158A,DB160A,KB161A,EB162A,EB164A	1.120238
1A22.A.B_A	1A22.A.B_B	KB2A,KB5A	0.240219
1A22.A.B_A	1A22.A.B_B	NA109D,VA110D,DA112H	0.346296
1A22.A.B_A	1A22.A.B_B	NA12H,FA25L	0.838487
1A22.A.B_A	1A22.A.B_B	NA12R,MA14V,LA15V,RA16L,RA19Y	1.680589
1A22.A.B_A	1A22.A.B_B	NA12R,MA14V,LA15V,RA16L,RA19Y,FA25S,DA26E,QA29S,EA30Q,EA33K	1.398035
1A22.A.B_A	1A22.A.B_B	NB31A,TB32A,QB33A,EB34A	-0.136574
1A22.A.B_A	1A22.A.B_B	NB31A,TB32A,QB33A,EB34A,WB35A,WB39A	0.166065
1A22.A.B_A	1A22.A.B_B	PA48A,TA50A,SA51A,LA52F	0.602485
1A22.A.B_A	1A22.A.B_B	QA22N,FA25S,DA26E,QA29S,EA30Q,EA33K	-0.094238
1A22.A.B_A	1A22.A.B_B	QA46H,NA47D,PA48S,QA49E,LA52F	1.182001
1A22.A.B_A	1A22.A.B_B	QB121A,KB122A,VB126A	-0.872230
1A22.A.B_A	1A22.A.B_B	QB171A,RB172A,NB173A	1.103567
1A22.A.B_A	1A22.A.B_B	RA127D,LA128V,EA129H	0.316418
1A22.A.B_A	1A22.A.B_B	RA156K,DA160H,IA168V,QA170K	1.953914
1A22.A.B_A	1A22.A.B_B	RA64A,DA160A	3.322751
1A22.A.B_A	1A22.A.B_B	RB116A,DB119A,KB122A	-0.062421
1A22.A.B_A	1A22.A.B_B	RB172A,NB173A	0.902598
1A22.A.B_A	1A22.A.B_B	RB29A,RB30A,EB34A	0.953515
1A22.A.B_A	1A22.A.B_B	SA57T,TA60A,SA62T,NA63G,RA64K,EA65D,TA67A,KA70R,NA72D,LA73V	1.680589
1A22.A.B_A	1A22.A.B_B	SB57A,SB61A	-0.569590
1A22.A.B_A	1A22.A.B_B	SB57A,SB61A,EB79A,KB80A	-0.895466
1A22.A.B_A	1A22.A.B_B	SB57A,SB61A,EB79A,KB80A,QB121A,KB122A,VB126A	-1.400088
1A22.A.B_A	1A22.A.B_B	YA111V,LA113I,KA115E,DA116Q,EA118K,EA119R,QA122E,TA123G,GA126L,RA127I,EA129S	0.251723
1A22.A.B_A	1A22.A.B_B	YA42A,QA46A	0.289800
1ACB.E.I_E	1ACB.E.I_I	LB38D	6.866746
1ACB.E.I_E	1ACB.E.I_I	LB38E	6.646428
1ACB.E.I_E	1ACB.E.I_I	LB38G	6.118069
1ACB.E.I_E	1ACB.E.I_I	LB38I	4.290150
1ACB.E.I_E	1ACB.E.I_I	LB38P	6.949068
1ACB.E.I_E	1ACB.E.I_I	LB38S	5.020848
1AHW.AB.C_AB	1AHW.AB.C_C	DB167A	-0.484810
1AHW.AB.C_AB	1AHW.AB.C_C	LB165A	0.987378
1AHW.AB.C_AB	1AHW.AB.C_C	NB188A	1.078705
1AHW.AB.C_AB	1AHW.AB.C_C	TB156A	-0.074153
1AHW.AB.C_AB	1AHW.AB.C_C	TB159A	1.106266
1AHW.AB.C_AB	1AHW.AB.C_C	TB186A	1.346485
1AHW.AB.C_AB	1AHW.AB.C_C	VB187A	-0.314372
1AHW.AB.C_AB	1AHW.AB.C_C	YB145A	3.807047
1AHW.AB.C_AB	1AHW.AB.C_C	YB146A	-1.889856
1AHW.AB.C_AB	1AHW.AB.C_C	IB141Q,TB143I,YB145T	3.977485
1AHW.AB.C_AB	1AHW.AB.C_C	KB138A,DB139A	1.182001
1AHW.AB.C_AB	1AHW.AB.C_C	KB154A,KB155A	-1.330307
1AHW.AB.C_AB	1AHW.AB.C_C	KB158A,NB160A,NB162A	4.074827
1AHW.AB.C_AB	1AHW.AB.C_C	RB189A,KB190A	4.018360
1AHW.AB.C_AB	1AHW.AB.C_C	SB184A,RB185A	4.018360
1AHW.AB.C_AB	1AHW.AB.C_C	TB110A,KB111A	0.639143
1BJ1.HL.VW_HL	1BJ1.HL.VW_VW	HA101Y	-1.584305
1BJ1.HL.VW_HL	1BJ1.HL.VW_VW	HA107A	0.790006
1BJ1.HL.VW_HL	1BJ1.HL.VW_VW	NA31H	-0.762992
1BJ1.HL.VW_HL	1BJ1.HL.VW_VW	SA105T	-0.390571
1BJ1.HL.VW_HL	1BJ1.HL.VW_VW	TA28D	-0.220134
1BJ1.HL.VW_HL	1BJ1.HL.VW_VW	TA59A	0.851048
1BJ1.HL.VW_HL	1BJ1.HL.VW_VW	YA27A	2.243533
1BJ1.HL.VW_HL	1BJ1.HL.VW_VW	YA54A	1.328254
1BJ1.HL.VW_HL	1BJ1.HL.VW_VW	YA54W	-0.137331
1BJ1.HL.VW_HL	1BJ1.HL.VW_VW	YA99A	4.440749
1BJ1.HL.VW_HL	1BJ1.HL.VW_VW	HA101Y,SA105T	-1.344086
1BJ1.HL.VW_HL	1BJ1.HL.VW_VW	HA101Y,YA103I,GA104A,SA105K	-0.431446
1BJ1.HL.VW_HL	1BJ1.HL.VW_VW	HA101Y,YA103R,GA104D,SA105N	-0.995851
1BJ1.HL.VW_HL	1BJ1.HL.VW_VW	HA101Y,YA103R,GA104N,SA105T	-0.762992
1BJ1.HL.VW_HL	1BJ1.HL.VW_VW	HA101Y,YA103R,SA105T	-1.173648
1BJ1.HL.VW_HL	1BJ1.HL.VW_VW	HA101Y,YA103W,SA105T	-1.041446
1BJ1.HL.VW_HL	1BJ1.HL.VW_VW	LA72I,TA74K	0.076552
1BJ1.HL.VW_HL	1BJ1.HL.VW_VW	LA72V,TA74V	0.670960
1BJ1.HL.VW_HL	1BJ1.HL.VW_VW	MA222L,TA28D,NA31H,HA101Y,SA105T	-1.629380
1BJ1.HL.VW_HL	1BJ1.HL.VW_VW	TA28D,NA31H	-0.693211
1BJ1.HL.VW_HL	1BJ1.HL.VW_VW	TA28D,NA31H,HA101Y,SA105T	-1.754742
1BJ1.HL.VW_HL	1BJ1.HL.VW_VW	TA28D,NA31H,YA54W,HA101Y,SA105T	-1.204037
1BP3.A.B_A	1BP3.A.B_B	DA167A	0.067783
1BP3.A.B_A	1BP3.A.B_B	DA26E	0.383096
1BP3.A.B_A	1BP3.A.B_B	EA170A	1.831813
1BP3.A.B_A	1BP3.A.B_B	EA182A	0.000000
1BP3.A.B_A	1BP3.A.B_B	EA56A	-0.118888
1BP3.A.B_A	1BP3.A.B_B	EA65A	0.546438
1BP3.A.B_A	1BP3.A.B_B	EA66A	0.067783
1BP3.A.B_A	1BP3.A.B_B	FA10A	0.000000
1BP3.A.B_A	1BP3.A.B_B	FA172A	1.927937
1BP3.A.B_A	1BP3.A.B_B	FA25A	1.150288
1BP3.A.B_A	1BP3.A.B_B	FA54A	0.209515
1BP3.A.B_A	1BP3.A.B_B	GA183A	0.000000
1BP3.A.B_A	1BP3.A.B_B	HA18A	1.549382
1BP3.A.B_A	1BP3.A.B_B	HA21A	1.247039
1BP3.A.B_A	1BP3.A.B_B	IA175A	0.354190
1BP3.A.B_A	1BP3.A.B_B	IA175M	-0.164483
1BP3.A.B_A	1BP3.A.B_B	IA58A	1.757411
1BP3.A.B_A	1BP3.A.B_B	KA164A	1.728154
1BP3.A.B_A	1BP3.A.B_B	KA168A	2.606432
1BP3.A.B_A	1BP3.A.B_B	KA70A	0.246173
1BP3.A.B_A	1BP3.A.B_B	LA15A	0.000000
1BP3.A.B_A	1BP3.A.B_B	LA73A	0.354190
1BP3.A.B_A	1BP3.A.B_B	NA12A	-0.296685
1BP3.A.B_A	1BP3.A.B_B	NA63A	0.856173
1BP3.A.B_A	1BP3.A.B_B	PA59A	0.156818
1BP3.A.B_A	1BP3.A.B_B	QA177A	0.000000
1BP3.A.B_A	1BP3.A.B_B	QA68A	0.113971
1BP3.A.B_A	1BP3.A.B_B	QA69A	-0.213883
1BP3.A.B_A	1BP3.A.B_B	RA163A	3.024936
1BP3.A.B_A	1BP3.A.B_B	RA16A	0.000000
1BP3.A.B_A	1BP3.A.B_B	RA174A	1.150288
1BP3.A.B_A	1BP3.A.B_B	RA179A	0.567474
1BP3.A.B_A	1BP3.A.B_B	RA19A	0.000000
1BP3.A.B_A	1BP3.A.B_B	RA64A	0.354190
1BP3.A.B_A	1BP3.A.B_B	SA180A	-0.118888
1BP3.A.B_A	1BP3.A.B_B	SA184A	-0.296685
1BP3.A.B_A	1BP3.A.B_B	SA55A	0.246173
1BP3.A.B_A	1BP3.A.B_B	SA57A	0.034860
1BP3.A.B_A	1BP3.A.B_B	SA62A	1.415721
1BP3.A.B_A	1BP3.A.B_B	SA71A	0.613835
1BP3.A.B_A	1BP3.A.B_B	TA171S	0.494239
1BP3.A.B_A	1BP3.A.B_B	VA176A	-0.296685
1BP3.A.B_A	1BP3.A.B_B	VA181A	0.280694
1BP3.A.B_A	1BP3.A.B_B	YA156A	0.209515
1BP3.A.B_A	1BP3.A.B_B	YA160A	0.445517
1BP3.A.B_A	1BP3.A.B_B	DA11A,MA14V,HA18Q,RA19H,FA25A,QA29K,EA33R	3.605305
1BP3.A.B_A	1BP3.A.B_B	EA56D,RA64M	0.445517
1BP3.A.B_A	1BP3.A.B_B	EA88G,QA91Y,FA92H,RA94T,SA95E	0.209515
1BP3.A.B_A	1BP3.A.B_B	FA54H,SA55T,EA56S,IA58L,PA59A,SA62E,NA63D,RA64K,EA66Q,TA67A,KA70M,SA71N,NA72Q,LA73K,EA74D	0.354190
1BP3.A.B_A	1BP3.A.B_B	FA97R,AA98G,NA99M,SA100Q,LA101D,VA102A,YA103P,GA104E	0.383096
1BP3.A.B_A	1BP3.A.B_B	KA164A,EA170A	5.407962
1BP3.A.B_A	1BP3.A.B_B	KA168A,FA172A	5.354871
1BP3.A.B_A	1BP3.A.B_B	NA12R,MA14V,LA15V,RA16L,RA19Y	0.383096
1BP3.A.B_A	1BP3.A.B_B	PA48A,TA50A,SA51A,LA52F	0.246173
1BP3.A.B_A	1BP3.A.B_B	QA22N,FA25S,DA26E,QA29S,EA30Q,EA33K	1.610344
1BP3.A.B_A	1BP3.A.B_B	QA46H,NA47D,PA48S,QA49E,LA52F	0.246173
1BP3.A.B_A	1BP3.A.B_B	RA64A,DA167A	0.378624
1BP3.A.B_A	1BP3.A.B_B	SA57T,TA60A,SA62T,NA63G,RA64K,EA65D,TA67A,KA70R,NA72D,LA73V	2.299455
1BP3.A.B_A	1BP3.A.B_B	YA111V,LA113I,KA115E,DA116Q,EA118K,EA119R,RA120L,QA122E,TA123G,GA126L,RA127I,EA129S	-0.392970
1C1Y.A.B_A	1C1Y.A.B_B	DA38A	2.620325
1C1Y.A.B_A	1C1Y.A.B_B	KA31E	-1.774828
1C1Y.A.B_A	1C1Y.A.B_B	KB11A	1.108953
1C1Y.A.B_A	1C1Y.A.B_B	KB11E	0.891094
1C1Y.A.B_A	1C1Y.A.B_B	KB11M	0.713296
1C1Y.A.B_A	1C1Y.A.B_B	KB30A	1.312621
1C1Y.A.B_A	1C1Y.A.B_B	KB30E	2.232905
1C1Y.A.B_A	1C1Y.A.B_B	NB10A	0.501983
1C1Y.A.B_A	1C1Y.A.B_B	NB10D	1.476288
1C1Y.A.B_A	1C1Y.A.B_B	QB12A	1.580890
1C1Y.A.B_A	1C1Y.A.B_B	RB13A	1.455498
1C1Y.A.B_A	1C1Y.A.B_B	RB35L	2.620325
1C1Y.A.B_A	1C1Y.A.B_B	RB5A	1.907029
1C1Y.A.B_A	1C1Y.A.B_B	TB14A	1.455498
1C1Y.A.B_A	1C1Y.A.B_B	VB15A	1.123952
1C1Y.A.B_A	1C1Y.A.B_B	KA31E,EA30D	-2.015046
1C1Y.A.B_A	1C1Y.A.B_B	KB30A,RB35G	2.620325
1C1Y.A.B_A	1C1Y.A.B_B	RB5A,NB10D	2.752527
1CBW.FGH.I_FGH	1CBW.FGH.I_I	FB33A	0.142877
1CBW.FGH.I_FGH	1CBW.FGH.I_I	GB12A	0.643666
1CBW.FGH.I_FGH	1CBW.FGH.I_I	GB36A	0.932698
1CBW.FGH.I_FGH	1CBW.FGH.I_I	GB37A	0.811234
1CBW.FGH.I_FGH	1CBW.FGH.I_I	IB18A	1.415721
1CBW.FGH.I_FGH	1CBW.FGH.I_I	IB19A	0.121245
1CBW.FGH.I_FGH	1CBW.FGH.I_I	KB15A	2.076119
1CBW.FGH.I_FGH	1CBW.FGH.I_I	KB15D	5.270803
1CBW.FGH.I_FGH	1CBW.FGH.I_I	KB15E	3.906632
1CBW.FGH.I_FGH	1CBW.FGH.I_I	KB15F	-1.984657
1CBW.FGH.I_FGH	1CBW.FGH.I_I	KB15G	4.156491
1CBW.FGH.I_FGH	1CBW.FGH.I_I	KB15H	0.100170
1CBW.FGH.I_FGH	1CBW.FGH.I_I	KB15I	2.961591
1CBW.FGH.I_FGH	1CBW.FGH.I_I	KB15L	-1.597415
1CBW.FGH.I_FGH	1CBW.FGH.I_I	KB15M	-1.441799
1CBW.FGH.I_FGH	1CBW.FGH.I_I	KB15N	1.337599
1CBW.FGH.I_FGH	1CBW.FGH.I_I	KB15Q	0.308843
1CBW.FGH.I_FGH	1CBW.FGH.I_I	KB15R	-0.620486
1CBW.FGH.I_FGH	1CBW.FGH.I_I	KB15S	3.425839
1CBW.FGH.I_FGH	1CBW.FGH.I_I	KB15T	2.107856
1CBW.FGH.I_FGH	1CBW.FGH.I_I	KB15V	2.157552
1CBW.FGH.I_FGH	1CBW.FGH.I_I	KB15W	-2.461035
1CBW.FGH.I_FGH	1CBW.FGH.I_I	KB15Y	-2.641487
1CBW.FGH.I_FGH	1CBW.FGH.I_I	KB46A	0.121245
1CBW.FGH.I_FGH	1CBW.FGH.I_I	PB13A	-0.078099
1CBW.FGH.I_FGH	1CBW.FGH.I_I	RB17A	0.527460
1CBW.FGH.I_FGH	1CBW.FGH.I_I	RB20A	0.327579
1CBW.FGH.I_FGH	1CBW.FGH.I_I	RB39A	0.210964
1CBW.FGH.I_FGH	1CBW.FGH.I_I	TB11A	0.210964
1CBW.FGH.I_FGH	1CBW.FGH.I_I	VB34A	0.025775
1CBW.FGH.I_FGH	1CBW.FGH.I_I	YB35A	0.843117
1CHO.EFG.I_EFG	1CHO.EFG.I_I	AB12C	-0.326778
1CHO.EFG.I_EFG	1CHO.EFG.I_I	AB12D	0.000000
1CHO.EFG.I_EFG	1CHO.EFG.I_I	AB12E	0.225007
1CHO.EFG.I_EFG	1CHO.EFG.I_I	AB12F	-0.735482
1CHO.EFG.I_EFG	1CHO.EFG.I_I	AB12G	0.066014
1CHO.EFG.I_EFG	1CHO.EFG.I_I	AB12H	-0.326778
1CHO.EFG.I_EFG	1CHO.EFG.I_I	AB12I	0.655363
1CHO.EFG.I_EFG	1CHO.EFG.I_I	AB12K	2.498728
1CHO.EFG.I_EFG	1CHO.EFG.I_I	AB12L	0.140701
1CHO.EFG.I_EFG	1CHO.EFG.I_I	AB12M	0.140701
1CHO.EFG.I_EFG	1CHO.EFG.I_I	AB12N	-0.288909
1CHO.EFG.I_EFG	1CHO.EFG.I_I	AB12P	3.108965
1CHO.EFG.I_EFG	1CHO.EFG.I_I	AB12Q	0.442451
1CHO.EFG.I_EFG	1CHO.EFG.I_I	AB12R	0.468555
1CHO.EFG.I_EFG	1CHO.EFG.I_I	AB12S	0.066014
1CHO.EFG.I_EFG	1CHO.EFG.I_I	AB12T	0.969077
1CHO.EFG.I_EFG	1CHO.EFG.I_I	AB12V	0.938498
1CHO.EFG.I_EFG	1CHO.EFG.I_I	AB12W	-1.925330
1CHO.EFG.I_EFG	1CHO.EFG.I_I	AB12Y	-0.875531
1CHO.EFG.I_EFG	1CHO.EFG.I_I	EB16A	2.333248
1CHO.EFG.I_EFG	1CHO.EFG.I_I	EB16C	2.728342
1CHO.EFG.I_EFG	1CHO.EFG.I_I	EB16D	0.881760
1CHO.EFG.I_EFG	1CHO.EFG.I_I	EB16F	3.622681
1CHO.EFG.I_EFG	1CHO.EFG.I_I	EB16G	3.622681
1CHO.EFG.I_EFG	1CHO.EFG.I_I	EB16H	2.089729
1CHO.EFG.I_EFG	1CHO.EFG.I_I	EB16I	2.642434
1CHO.EFG.I_EFG	1CHO.EFG.I_I	EB16K	3.594646
1CHO.EFG.I_EFG	1CHO.EFG.I_I	EB16L	2.869043
1CHO.EFG.I_EFG	1CHO.EFG.I_I	EB16M	2.698309
1CHO.EFG.I_EFG	1CHO.EFG.I_I	EB16N	2.333248
1CHO.EFG.I_EFG	1CHO.EFG.I_I	EB16P	2.590766
1CHO.EFG.I_EFG	1CHO.EFG.I_I	EB16Q	1.334138
1CHO.EFG.I_EFG	1CHO.EFG.I_I	EB16R	3.681857
1CHO.EFG.I_EFG	1CHO.EFG.I_I	EB16S	2.794357
1CHO.EFG.I_EFG	1CHO.EFG.I_I	EB16T	2.909385
1CHO.EFG.I_EFG	1CHO.EFG.I_I	EB16V	2.439434
1CHO.EFG.I_EFG	1CHO.EFG.I_I	EB16W	3.160022
1CHO.EFG.I_EFG	1CHO.EFG.I_I	EB16Y	2.669166
1CHO.EFG.I_EFG	1CHO.EFG.I_I	GB29A	-0.931722
1CHO.EFG.I_EFG	1CHO.EFG.I_I	GB29C	2.543463
1CHO.EFG.I_EFG	1CHO.EFG.I_I	GB29D	3.108965
1CHO.EFG.I_EFG	1CHO.EFG.I_I	GB29E	2.615803
1CHO.EFG.I_EFG	1CHO.EFG.I_I	GB29F	0.102169
1CHO.EFG.I_EFG	1CHO.EFG.I_I	GB29H	-0.983548
1CHO.EFG.I_EFG	1CHO.EFG.I_I	GB29I	2.367356
1CHO.EFG.I_EFG	1CHO.EFG.I_I	GB29K	1.589178
1CHO.EFG.I_EFG	1CHO.EFG.I_I	GB29L	1.750689
1CHO.EFG.I_EFG	1CHO.EFG.I_I	GB29M	1.636540
1CHO.EFG.I_EFG	1CHO.EFG.I_I	GB29N	0.953515
1CHO.EFG.I_EFG	1CHO.EFG.I_I	GB29P	0.324097
1CHO.EFG.I_EFG	1CHO.EFG.I_I	GB29Q	2.383700
1CHO.EFG.I_EFG	1CHO.EFG.I_I	GB29R	1.744794
1CHO.EFG.I_EFG	1CHO.EFG.I_I	GB29S	-0.137576
1CHO.EFG.I_EFG	1CHO.EFG.I_I	GB29T	2.076340
1CHO.EFG.I_EFG	1CHO.EFG.I_I	GB29V	0.647226
1CHO.EFG.I_EFG	1CHO.EFG.I_I	GB29W	1.056630
1CHO.EFG.I_EFG	1CHO.EFG.I_I	GB29Y	-0.983548
1CHO.EFG.I_EFG	1CHO.EFG.I_I	KB10A	0.181043
1CHO.EFG.I_EFG	1CHO.EFG.I_I	KB10C	0.503269
1CHO.EFG.I_EFG	1CHO.EFG.I_I	KB10D	-0.511063
1CHO.EFG.I_EFG	1CHO.EFG.I_I	KB10E	0.181043
1CHO.EFG.I_EFG	1CHO.EFG.I_I	KB10F	1.093327
1CHO.EFG.I_EFG	1CHO.EFG.I_I	KB10G	1.822422
1CHO.EFG.I_EFG	1CHO.EFG.I_I	KB10H	0.140701
1CHO.EFG.I_EFG	1CHO.EFG.I_I	KB10I	1.545214
1CHO.EFG.I_EFG	1CHO.EFG.I_I	KB10L	0.380623
1CHO.EFG.I_EFG	1CHO.EFG.I_I	KB10M	0.426219
1CHO.EFG.I_EFG	1CHO.EFG.I_I	KB10N	-0.360987
1CHO.EFG.I_EFG	1CHO.EFG.I_I	KB10P	2.076340
1CHO.EFG.I_EFG	1CHO.EFG.I_I	KB10Q	-0.572891
1CHO.EFG.I_EFG	1CHO.EFG.I_I	KB10R	-0.377795
1CHO.EFG.I_EFG	1CHO.EFG.I_I	KB10S	-0.426639
1CHO.EFG.I_EFG	1CHO.EFG.I_I	KB10T	0.380623
1CHO.EFG.I_EFG	1CHO.EFG.I_I	KB10V	1.201936
1CHO.EFG.I_EFG	1CHO.EFG.I_I	KB10W	1.019529
1CHO.EFG.I_EFG	1CHO.EFG.I_I	KB10Y	1.075263
1CHO.EFG.I_EFG	1CHO.EFG.I_I	LB15A	4.849173
1CHO.EFG.I_EFG	1CHO.EFG.I_I	LB15C	2.642434
1CHO.EFG.I_EFG	1CHO.EFG.I_I	LB15D	7.201479
1CHO.EFG.I_EFG	1CHO.EFG.I_I	LB15E	6.756169
1CHO.EFG.I_EFG	1CHO.EFG.I_I	LB15F	-1.501747
1CHO.EFG.I_EFG	1CHO.EFG.I_I	LB15G	6.085373
1CHO.EFG.I_EFG	1CHO.EFG.I_I	LB15H	3.000712
1CHO.EFG.I_EFG	1CHO.EFG.I_I	LB15I	4.479032
1CHO.EFG.I_EFG	1CHO.EFG.I_I	LB15K	4.373346
1CHO.EFG.I_EFG	1CHO.EFG.I_I	LB15M	0.352360
1CHO.EFG.I_EFG	1CHO.EFG.I_I	LB15N	3.357031
1CHO.EFG.I_EFG	1CHO.EFG.I_I	LB15P	8.801906
1CHO.EFG.I_EFG	1CHO.EFG.I_I	LB15Q	3.255140
1CHO.EFG.I_EFG	1CHO.EFG.I_I	LB15R	4.006606
1CHO.EFG.I_EFG	1CHO.EFG.I_I	LB15S	4.986852
1CHO.EFG.I_EFG	1CHO.EFG.I_I	LB15T	4.484869
1CHO.EFG.I_EFG	1CHO.EFG.I_I	LB15V	4.273556
1CHO.EFG.I_EFG	1CHO.EFG.I_I	LB15W	-1.690949
1CHO.EFG.I_EFG	1CHO.EFG.I_I	LB15Y	-2.225073
1CHO.EFG.I_EFG	1CHO.EFG.I_I	NB25S	0.000000
1CHO.EFG.I_EFG	1CHO.EFG.I_I	NB33A	-1.364171
1CHO.EFG.I_EFG	1CHO.EFG.I_I	NB33C	-0.112539
1CHO.EFG.I_EFG	1CHO.EFG.I_I	NB33D	-1.040074
1CHO.EFG.I_EFG	1CHO.EFG.I_I	NB33E	2.333248
1CHO.EFG.I_EFG	1CHO.EFG.I_I	NB33F	2.367356
1CHO.EFG.I_EFG	1CHO.EFG.I_I	NB33G	-1.394204
1CHO.EFG.I_EFG	1CHO.EFG.I_I	NB33H	-0.735482
1CHO.EFG.I_EFG	1CHO.EFG.I_I	NB33I	-0.030033
1CHO.EFG.I_EFG	1CHO.EFG.I_I	NB33K	2.333248
1CHO.EFG.I_EFG	1CHO.EFG.I_I	NB33L	0.616879
1CHO.EFG.I_EFG	1CHO.EFG.I_I	NB33M	-0.208424
1CHO.EFG.I_EFG	1CHO.EFG.I_I	NB33P	-1.834004
1CHO.EFG.I_EFG	1CHO.EFG.I_I	NB33Q	-0.184879
1CHO.EFG.I_EFG	1CHO.EFG.I_I	NB33R	1.589178
1CHO.EFG.I_EFG	1CHO.EFG.I_I	NB33S	-1.476710
1CHO.EFG.I_EFG	1CHO.EFG.I_I	NB33T	-1.298157
1CHO.EFG.I_EFG	1CHO.EFG.I_I	NB33V	0.032862
1CHO.EFG.I_EFG	1CHO.EFG.I_I	NB33W	2.178687
1CHO.EFG.I_EFG	1CHO.EFG.I_I	NB33Y	2.566107
1CHO.EFG.I_EFG	1CHO.EFG.I_I	PB11A	0.380623
1CHO.EFG.I_EFG	1CHO.EFG.I_I	PB11C	-0.983548
1CHO.EFG.I_EFG	1CHO.EFG.I_I	PB11D	-0.851346
1CHO.EFG.I_EFG	1CHO.EFG.I_I	PB11E	-0.720093
1CHO.EFG.I_EFG	1CHO.EFG.I_I	PB11F	-0.307541
1CHO.EFG.I_EFG	1CHO.EFG.I_I	PB11G	0.636434
1CHO.EFG.I_EFG	1CHO.EFG.I_I	PB11H	-0.112539
1CHO.EFG.I_EFG	1CHO.EFG.I_I	PB11I	-0.511063
1CHO.EFG.I_EFG	1CHO.EFG.I_I	PB11K	0.386518
1CHO.EFG.I_EFG	1CHO.EFG.I_I	PB11L	-0.524559
1CHO.EFG.I_EFG	1CHO.EFG.I_I	PB11M	-0.828110
1CHO.EFG.I_EFG	1CHO.EFG.I_I	PB11N	-0.779988
1CHO.EFG.I_EFG	1CHO.EFG.I_I	PB11Q	-0.727738
1CHO.EFG.I_EFG	1CHO.EFG.I_I	PB11R	0.398135
1CHO.EFG.I_EFG	1CHO.EFG.I_I	PB11S	-0.440690
1CHO.EFG.I_EFG	1CHO.EFG.I_I	PB11T	-0.549655
1CHO.EFG.I_EFG	1CHO.EFG.I_I	PB11V	-0.549655
1CHO.EFG.I_EFG	1CHO.EFG.I_I	PB11W	-0.208424
1CHO.EFG.I_EFG	1CHO.EFG.I_I	PB11Y	-0.395094
1CHO.EFG.I_EFG	1CHO.EFG.I_I	RB18A	3.191768
1CHO.EFG.I_EFG	1CHO.EFG.I_I	RB18C	3.519622
1CHO.EFG.I_EFG	1CHO.EFG.I_I	RB18D	3.783077
1CHO.EFG.I_EFG	1CHO.EFG.I_I	RB18E	3.519622
1CHO.EFG.I_EFG	1CHO.EFG.I_I	RB18F	2.953349
1CHO.EFG.I_EFG	1CHO.EFG.I_I	RB18G	3.486107
1CHO.EFG.I_EFG	1CHO.EFG.I_I	RB18H	2.794357
1CHO.EFG.I_EFG	1CHO.EFG.I_I	RB18I	2.109262
1CHO.EFG.I_EFG	1CHO.EFG.I_I	RB18K	0.662769
1CHO.EFG.I_EFG	1CHO.EFG.I_I	RB18L	2.830511
1CHO.EFG.I_EFG	1CHO.EFG.I_I	RB18M	2.615803
1CHO.EFG.I_EFG	1CHO.EFG.I_I	RB18N	3.519622
1CHO.EFG.I_EFG	1CHO.EFG.I_I	RB18P	7.289410
1CHO.EFG.I_EFG	1CHO.EFG.I_I	RB18Q	2.478472
1CHO.EFG.I_EFG	1CHO.EFG.I_I	RB18S	3.186593
1CHO.EFG.I_EFG	1CHO.EFG.I_I	RB18T	2.669166
1CHO.EFG.I_EFG	1CHO.EFG.I_I	RB18V	2.066095
1CHO.EFG.I_EFG	1CHO.EFG.I_I	RB18W	2.439434
1CHO.EFG.I_EFG	1CHO.EFG.I_I	RB18Y	3.000712
1CHO.EFG.I_EFG	1CHO.EFG.I_I	TB14A	4.238024
1CHO.EFG.I_EFG	1CHO.EFG.I_I	TB14C	3.329099
1CHO.EFG.I_EFG	1CHO.EFG.I_I	TB14D	6.820856
1CHO.EFG.I_EFG	1CHO.EFG.I_I	TB14E	5.660643
1CHO.EFG.I_EFG	1CHO.EFG.I_I	TB14F	4.233214
1CHO.EFG.I_EFG	1CHO.EFG.I_I	TB14G	5.294449
1CHO.EFG.I_EFG	1CHO.EFG.I_I	TB14H	3.651824
1CHO.EFG.I_EFG	1CHO.EFG.I_I	TB14I	3.651824
1CHO.EFG.I_EFG	1CHO.EFG.I_I	TB14K	4.092513
1CHO.EFG.I_EFG	1CHO.EFG.I_I	TB14L	4.416611
1CHO.EFG.I_EFG	1CHO.EFG.I_I	TB14M	3.954937
1CHO.EFG.I_EFG	1CHO.EFG.I_I	TB14N	4.317521
1CHO.EFG.I_EFG	1CHO.EFG.I_I	TB14P	4.233214
1CHO.EFG.I_EFG	1CHO.EFG.I_I	TB14Q	3.681857
1CHO.EFG.I_EFG	1CHO.EFG.I_I	TB14R	3.884090
1CHO.EFG.I_EFG	1CHO.EFG.I_I	TB14S	2.350547
1CHO.EFG.I_EFG	1CHO.EFG.I_I	TB14V	3.427449
1CHO.EFG.I_EFG	1CHO.EFG.I_I	TB14W	4.158528
1CHO.EFG.I_EFG	1CHO.EFG.I_I	TB14Y	4.473137
1CHO.EFG.I_EFG	1CHO.EFG.I_I	YB17A	2.543463
1CHO.EFG.I_EFG	1CHO.EFG.I_I	YB17C	2.543463
1CHO.EFG.I_EFG	1CHO.EFG.I_I	YB17D	6.204172
1CHO.EFG.I_EFG	1CHO.EFG.I_I	YB17E	5.015995
1CHO.EFG.I_EFG	1CHO.EFG.I_I	YB17F	0.181043
1CHO.EFG.I_EFG	1CHO.EFG.I_I	YB17G	3.176107
1CHO.EFG.I_EFG	1CHO.EFG.I_I	YB17H	1.509682
1CHO.EFG.I_EFG	1CHO.EFG.I_I	YB17I	2.109262
1CHO.EFG.I_EFG	1CHO.EFG.I_I	YB17K	3.165432
1CHO.EFG.I_EFG	1CHO.EFG.I_I	YB17L	0.684447
1CHO.EFG.I_EFG	1CHO.EFG.I_I	YB17M	1.226595
1CHO.EFG.I_EFG	1CHO.EFG.I_I	YB17N	3.000712
1CHO.EFG.I_EFG	1CHO.EFG.I_I	YB17P	8.565650
1CHO.EFG.I_EFG	1CHO.EFG.I_I	YB17Q	3.154561
1CHO.EFG.I_EFG	1CHO.EFG.I_I	YB17R	2.909385
1CHO.EFG.I_EFG	1CHO.EFG.I_I	YB17S	2.869043
1CHO.EFG.I_EFG	1CHO.EFG.I_I	YB17T	3.304062
1CHO.EFG.I_EFG	1CHO.EFG.I_I	YB17V	3.463747
1CHO.EFG.I_EFG	1CHO.EFG.I_I	YB17W	0.392355
1CHO.EFG.I_EFG	1CHO.EFG.I_I	AB12D,GB29A	-0.865738
1CHO.EFG.I_EFG	1CHO.EFG.I_I	AB12D,GB29A,NB30S	-0.030033
1CHO.EFG.I_EFG	1CHO.EFG.I_I	AB12D,LB15A	4.827918
1CHO.EFG.I_EFG	1CHO.EFG.I_I	AB12D,LB15A,YB17D	10.913369
1CHO.EFG.I_EFG	1CHO.EFG.I_I	AB12G,LB15M,LB20V,KB26I,EB40K	1.114300
1CHO.EFG.I_EFG	1CHO.EFG.I_I	AB12G,TB14M,LB15M,YB17R,RB18L,GB29N,NB30D,SB48N,KB52E	9.204556
1CHO.EFG.I_EFG	1CHO.EFG.I_I	AB12R,LB15R	4.942098
1CHO.EFG.I_EFG	1CHO.EFG.I_I	AB12R,TB14K,LB15R	7.971405
1CHO.EFG.I_EFG	1CHO.EFG.I_I	AB12R,TB14K,LB15R,EB16S	8.392895
1CHO.EFG.I_EFG	1CHO.EFG.I_I	AB12R,TB14P,LB15R	8.903476
1CHO.EFG.I_EFG	1CHO.EFG.I_I	AB12T,LB15M	0.923481
1CHO.EFG.I_EFG	1CHO.EFG.I_I	AB12V,TB14S	3.610102
1CHO.EFG.I_EFG	1CHO.EFG.I_I	AB12V,TB14S,RB18M,NB25S,KB26Q,GB29S,KB31E,EB40D	6.635976
1CHO.EFG.I_EFG	1CHO.EFG.I_I	DB4N,EB7D,AB12V,TB14S,EB16L,RB18M,VB39A,EB40D	6.459869
1CHO.EFG.I_EFG	1CHO.EFG.I_I	DB4N,EB7G,LB15M,RB18M,EB40D,KB52E	1.913749
1CHO.EFG.I_EFG	1CHO.EFG.I_I	EB7D,AB12V,EB16D,RB18M,GB29S,EB40D,LB45I,KB52R	5.522699
1CHO.EFG.I_EFG	1CHO.EFG.I_I	EB7D,AB12V,EB16D,RB18M,KB26T,GB29S,EB40D,LB45I	5.681692
1CHO.EFG.I_EFG	1CHO.EFG.I_I	EB7D,AB12V,TB14P,EB16D,RB18M,NB25S,GB29S,NB42S,SB48R	7.333681
1CHO.EFG.I_EFG	1CHO.EFG.I_I	EB7D,AB12V,TB14S,EB16D,RB18M,KB26T,GB29N,NB33I,EB40D,LB45I	7.612135
1CHO.EFG.I_EFG	1CHO.EFG.I_I	EB7D,AB12V,TB14S,RB18M,NB25S,GB29N,NB33D,SB48G	4.364883
1CHO.EFG.I_EFG	1CHO.EFG.I_I	EB7D,AB12V,TB14S,RB18M,NB25S,GB29S,EB40D	5.456684
1CHO.EFG.I_EFG	1CHO.EFG.I_I	EB7D,AB12V,TB14S,RB18M,NB25S,GB29S,NB33D,EB40D	4.416611
1CHO.EFG.I_EFG	1CHO.EFG.I_I	EB7D,AB12V,TB14S,RB18M,NB25S,GB29S,NB33D,EB40D,TB46N	4.273556
1CHO.EFG.I_EFG	1CHO.EFG.I_I	EB7D,AB12V,TB14S,RB18M,NB25S,GB29S,NB33D,VB38F,EB40D,TB46S	4.233214
1CHO.EFG.I_EFG	1CHO.EFG.I_I	EB7D,AB12V,TB14S,RB18M,NB25S,GB29S,VB39A,EB40D	4.986852
1CHO.EFG.I_EFG	1CHO.EFG.I_I	EB7D,AB12V,TB14S,RB18M,VB39A,EB40D	5.248261
1CHO.EFG.I_EFG	1CHO.EFG.I_I	EB7D,AB12V,YB17E,RB18M,EB40D	7.824040
1CHO.EFG.I_EFG	1CHO.EFG.I_I	EB7D,KB10M,LB15M,LB20V	0.526876
1CHO.EFG.I_EFG	1CHO.EFG.I_I	EB7D,KB10R,AB12D,RB18M,EB40D	2.420802
1CHO.EFG.I_EFG	1CHO.EFG.I_I	EB7D,KB10R,AB12V,EB16D,RB18M,GB29S,EB40D,LB45I,KB52R	5.030046
1CHO.EFG.I_EFG	1CHO.EFG.I_I	EB7D,LB15F,RB18M,EB40D	1.037393
1CHO.EFG.I_EFG	1CHO.EFG.I_I	EB7D,LB15M,RB18M,EB40D	2.728342
1CHO.EFG.I_EFG	1CHO.EFG.I_I	EB7D,LB15M,RB18M,GB29D,EB40D	5.637727
1CHO.EFG.I_EFG	1CHO.EFG.I_I	EB7D,LB15V,RB18M,EB40D	6.612432
1CHO.EFG.I_EFG	1CHO.EFG.I_I	EB7D,LB15V,RB18M,GB29D,EB40D	9.519165
1CHO.EFG.I_EFG	1CHO.EFG.I_I	EB7D,RB18M,EB40D	2.543463
1CHO.EFG.I_EFG	1CHO.EFG.I_I	EB7D,RB18M,KB26Q,GB29S,NB33S,EB40D	1.304995
1CHO.EFG.I_EFG	1CHO.EFG.I_I	EB7D,RB18M,KB31R,EB40D	2.457498
1CHO.EFG.I_EFG	1CHO.EFG.I_I	EB7D,RB18M,LB20F,NB25S,GB29S,EB40D	2.669166
1CHO.EFG.I_EFG	1CHO.EFG.I_I	EB7D,TB14L,RB18M,GB29D,NB33S,EB40D,TB46S	9.222420
1CHO.EFG.I_EFG	1CHO.EFG.I_I	EB7D,TB14R,LB15M,RB18M,EB40D	6.531947
1CHO.EFG.I_EFG	1CHO.EFG.I_I	EB7D,TB14S,EB16D,RB18M,NB25S,GB29S,EB40D,GB51E	7.660467
1CHO.EFG.I_EFG	1CHO.EFG.I_I	EB7D,YB8H,AB12V,TB14S,RB18M,NB25S,GB29S,NB33D	4.871824
1CHO.EFG.I_EFG	1CHO.EFG.I_I	EB7D,YB8H,TB14L,LB15Q,YB17Q,RB18K,GB29D,NB33S,EB40D	11.138376
1CHO.EFG.I_EFG	1CHO.EFG.I_I	EB7D,YB8H,TB14L,LB15Q,YB17Q,RB18K,LB20I,GB29D,NB33S,EB40D	11.054070
1CHO.EFG.I_EFG	1CHO.EFG.I_I	EB7G,KB10Q,PB11S,TB14P,LB15Q,EB16D,RB18V,LB20F,GB29S,VB39A,EB40D	7.505302
1CHO.EFG.I_EFG	1CHO.EFG.I_I	EB7G,KB10Q,TB14S,RB18V,LB20F,GB29S,NB33D,VB39A,EB40D	1.636540
1CHO.EFG.I_EFG	1CHO.EFG.I_I	EB7G,LB15M,RB18M,EB40D	2.698309
1CHO.EFG.I_EFG	1CHO.EFG.I_I	EB7G,LB15M,RB18M,EB40D,KB52E	1.891047
1CHO.EFG.I_EFG	1CHO.EFG.I_I	EB7G,LB15M,YB17S,LB20I,KB26T,GB29S,HB49Y,FB50P,KB52V	2.794357
1CHO.EFG.I_EFG	1CHO.EFG.I_I	KB10R,AB12R,TB14K,LB15R	8.027130
1CHO.EFG.I_EFG	1CHO.EFG.I_I	KB10R,PB11F,AB12R,TB14K,LB15R	8.097977
1CHO.EFG.I_EFG	1CHO.EFG.I_I	KB10S,PB11D,AB12Y	-1.033277
1CHO.EFG.I_EFG	1CHO.EFG.I_I	KB10S,PB11D,AB12Y,LB15G,EB16I,RB18K	7.270104
1CHO.EFG.I_EFG	1CHO.EFG.I_I	KB10T,PB11E,AB12Y	-0.942230
1CHO.EFG.I_EFG	1CHO.EFG.I_I	KB10T,PB11E,AB12Y,LB15G,RB18M,GB29P,NB33V	5.884189
1CHO.EFG.I_EFG	1CHO.EFG.I_I	LB15M,GB29D	3.419842
1CHO.EFG.I_EFG	1CHO.EFG.I_I	LB15M,HB49R	0.140701
1CHO.EFG.I_EFG	1CHO.EFG.I_I	LB15M,HB49R,KB52E	-0.440690
1CHO.EFG.I_EFG	1CHO.EFG.I_I	LB15M,LB20V,KB26I,EB40K	1.037393
1CHO.EFG.I_EFG	1CHO.EFG.I_I	LB15M,NB33D,SB48N	-0.482412
1CHO.EFG.I_EFG	1CHO.EFG.I_I	LB15M,SB48N	0.380623
1CHO.EFG.I_EFG	1CHO.EFG.I_I	LB15M,SB48N,HB49R,KB52Q	0.272369
1CHO.EFG.I_EFG	1CHO.EFG.I_I	LB15M,TB27S,GB29D	3.581450
1CHO.EFG.I_EFG	1CHO.EFG.I_I	LB15M,TB46N,KB52T	0.655363
1CHO.EFG.I_EFG	1CHO.EFG.I_I	LB15M,YB17H,KB26Q,GB29D	4.233214
1CHO.EFG.I_EFG	1CHO.EFG.I_I	LB15M,YB17Q	3.519622
1CHO.EFG.I_EFG	1CHO.EFG.I_I	LB15S,RB18V,LB20I	7.224715
1CHO.EFG.I_EFG	1CHO.EFG.I_I	NB25S,GB29A	-0.860902
1CHO.EFG.I_EFG	1CHO.EFG.I_I	PB11S,AB12L,TB14K,LB15R	7.297601
1CHO.EFG.I_EFG	1CHO.EFG.I_I	PB11S,AB12R,TB14P,LB15R	8.470686
1CHO.EFG.I_EFG	1CHO.EFG.I_I	RB18M,KB26Q,GB29S,EB40D	3.000712
1CHO.EFG.I_EFG	1CHO.EFG.I_I	RB18V,LB20I	2.167183
1CHO.EFG.I_EFG	1CHO.EFG.I_I	TB14K,LB15R	7.402910
1CHO.EFG.I_EFG	1CHO.EFG.I_I	TB14M,LB15S,GB29V	8.988038
1CHO.EFG.I_EFG	1CHO.EFG.I_I	TB14P,LB15K	8.366069
1CHO.EFG.I_EFG	1CHO.EFG.I_I	TB14P,LB15K,EB16D,LB20V,GB29S,SB48N	7.522780
1CHO.EFG.I_EFG	1CHO.EFG.I_I	TB14P,LB15K,EB16D,LB20V,SB48N	7.144953
1CHO.EFG.I_EFG	1CHO.EFG.I_I	TB14P,LB15K,EB16D,LB20V,SB48N,HB49R	7.001898
1CHO.EFG.I_EFG	1CHO.EFG.I_I	TB14P,LB15K,GB29D	9.929821
1CHO.EFG.I_EFG	1CHO.EFG.I_I	TB14R,LB15R	7.214032
1CHO.EFG.I_EFG	1CHO.EFG.I_I	VB3I,EB7D,AB12V,TB14S,RB18M,NB25S,GB29S,EB40D,TB46I	5.426651
1CHO.EFG.I_EFG	1CHO.EFG.I_I	YB8H,EB16D,LB20I,NB25S,GB29S,NB33D,VB39M,EB40D	0.140701
1CHO.EFG.I_EFG	1CHO.EFG.I_I	YB8H,YB17D,TB27I,GB29S,NB33D,VB39L	6.886870
1CSE.E.I_E	1CSE.E.I_I	LB38D	4.411843
1CSE.E.I_E	1CSE.E.I_I	LB38E	2.382746
1CSE.E.I_E	1CSE.E.I_I	LB38G	2.280577
1CSE.E.I_E	1CSE.E.I_I	LB38I	2.982502
1CSE.E.I_E	1CSE.E.I_I	LB38P	6.765446
1CSE.E.I_E	1CSE.E.I_I	LB38S	1.188776
1CSO.E.I_E	1CSO.E.I_I	IB13L	-4.481256
1CT0.E.I_E	1CT0.E.I_I	SB13L	-4.158235
1CT2.E.I_E	1CT2.E.I_I	TB13L	-3.204720
1CT4.E.I_E	1CT4.E.I_I	VB13L	-3.034282
1CZ8.HL.VW_HL	1CZ8.HL.VW_VW	LA222M	0.040875
1CZ8.HL.VW_HL	1CZ8.HL.VW_VW	LA222M,DA28T,HA31N	0.451531
1CZ8.HL.VW_HL	1CZ8.HL.VW_VW	LA222M,DA28T,HA31N,TA105K,YA103I,GA104A	1.364171
1CZ8.HL.VW_HL	1CZ8.HL.VW_VW	LA222M,DA28T,HA31N,TA105N,YA103R,GA104D	0.799767
1CZ8.HL.VW_HL	1CZ8.HL.VW_VW	LA222M,DA28T,HA31N,TA105S	0.211313
1CZ8.HL.VW_HL	1CZ8.HL.VW_VW	LA222M,DA28T,HA31N,YA101H	1.405046
1CZ8.HL.VW_HL	1CZ8.HL.VW_VW	LA222M,DA28T,HA31N,YA101H,TA105S	2.311466
1CZ8.HL.VW_HL	1CZ8.HL.VW_VW	LA222M,DA28T,HA31N,YA101H,TA105S,LA72I,TA74K	1.872169
1CZ8.HL.VW_HL	1CZ8.HL.VW_VW	LA222M,DA28T,HA31N,YA101H,TA105S,LA72V,TA74V	2.466578
1CZ8.HL.VW_HL	1CZ8.HL.VW_VW	LA222M,DA28T,HA31N,YA101H,TA105S,YA54W	1.658286
1CZ8.HL.VW_HL	1CZ8.HL.VW_VW	LA222M,DA28T,HA31N,YA103R	0.621969
1CZ8.HL.VW_HL	1CZ8.HL.VW_VW	LA222M,DA28T,HA31N,YA103R,GA104N	1.032626
1CZ8.HL.VW_HL	1CZ8.HL.VW_VW	LA222M,DA28T,HA31N,YA103W	0.754171
1CZ8.HL.VW_HL	1CZ8.HL.VW_VW	LA222M,DA28T,YA101H,TA105S	1.032626
1CZ8.HL.VW_HL	1CZ8.HL.VW_VW	LA222M,HA31N,YA101H,TA105S	1.575484
1CZ8.HL.VW_HL	1CZ8.HL.VW_VW	LA222M,YA101H,TA105S	1.102406
1CZ8.HL.VW_HL	1CZ8.HL.VW_VW	LA222M,YA54W	0.591580
1DQJ.AB.C_AB	1DQJ.AB.C_C	DA246A	2.014335
1DQJ.AB.C_AB	1DQJ.AB.C_C	DB101A	1.377167
1DQJ.AB.C_AB	1DQJ.AB.C_C	KB96A	6.158576
1DQJ.AB.C_AB	1DQJ.AB.C_C	KB97A	3.521282
1DQJ.AB.C_AB	1DQJ.AB.C_C	LB75A	1.453057
1DQJ.AB.C_AB	1DQJ.AB.C_C	NA31A	2.014335
1DQJ.AB.C_AB	1DQJ.AB.C_C	NA32A	4.092513
1DQJ.AB.C_AB	1DQJ.AB.C_C	NB93A	0.650164
1DQJ.AB.C_AB	1DQJ.AB.C_C	RB21A	1.214314
1DQJ.AB.C_AB	1DQJ.AB.C_C	SA91A	1.432529
1DQJ.AB.C_AB	1DQJ.AB.C_C	SB100A	0.775930
1DQJ.AB.C_AB	1DQJ.AB.C_C	TB89A	0.841220
1DQJ.AB.C_AB	1DQJ.AB.C_C	WA312A	4.933734
1DQJ.AB.C_AB	1DQJ.AB.C_C	WB62A	0.758418
1DQJ.AB.C_AB	1DQJ.AB.C_C	WB63A	1.346872
1DQJ.AB.C_AB	1DQJ.AB.C_C	YA247A	5.526939
1DQJ.AB.C_AB	1DQJ.AB.C_C	YA264A	6.891110
1DQJ.AB.C_AB	1DQJ.AB.C_C	YA267A	1.180807
1DQJ.AB.C_AB	1DQJ.AB.C_C	YA50A	2.679498
1DQJ.AB.C_AB	1DQJ.AB.C_C	YA96A	1.135559
1DQJ.AB.C_AB	1DQJ.AB.C_C	YB20A	3.287180
1DQJ.AB.C_AB	1DQJ.AB.C_C	DA246A,KB97A	1.122886
1DQJ.AB.C_AB	1DQJ.AB.C_C	NA32A,KB96A	5.804446
1DQJ.AB.C_AB	1DQJ.AB.C_C	SA91A,RB21A	3.172151
1DQJ.AB.C_AB	1DQJ.AB.C_C	SA91A,YB20A	3.574692
1DQJ.AB.C_AB	1DQJ.AB.C_C	WA312A,KB97A	6.663068
1DQJ.AB.C_AB	1DQJ.AB.C_C	WA312A,SB100A	5.364647
1DQJ.AB.C_AB	1DQJ.AB.C_C	WA312A,YB20A	5.114386
1DQJ.AB.C_AB	1DQJ.AB.C_C	YA267A,DB101A	2.728342
1DQJ.AB.C_AB	1DQJ.AB.C_C	YA267A,LB75A	1.217407
1DQJ.AB.C_AB	1DQJ.AB.C_C	YA267A,WB62A	1.286884
1DQJ.AB.C_AB	1DQJ.AB.C_C	YA267A,WB63A	2.200217
1DQJ.AB.C_AB	1DQJ.AB.C_C	YA96A,RB21A	3.486760
1DQJ.AB.C_AB	1DQJ.AB.C_C	YA96A,SB100A	0.913856
1DVF.AB.CD_AB	1DVF.AB.CD_CD	DA161A	4.283173
1DVF.AB.CD_AB	1DVF.AB.CD_CD	DA165A	1.600721
1DVF.AB.CD_AB	1DVF.AB.CD_CD	DA207A	2.790763
1DVF.AB.CD_AB	1DVF.AB.CD_CD	DB159A	1.683043
1DVF.AB.CD_AB	1DVF.AB.CD_CD	EA205A	4.188524
1DVF.AB.CD_AB	1DVF.AB.CD_CD	HA30A	1.650121
1DVF.AB.CD_AB	1DVF.AB.CD_CD	HB140A	1.861434
1DVF.AB.CD_AB	1DVF.AB.CD_CD	IB208A	2.682746
1DVF.AB.CD_AB	1DVF.AB.CD_CD	KB137A	1.003967
1DVF.AB.CD_AB	1DVF.AB.CD_CD	NA163A	1.162959
1DVF.AB.CD_AB	1DVF.AB.CD_CD	NB162A	1.861434
1DVF.AB.CD_AB	1DVF.AB.CD_CD	QB211A	1.629452
1DVF.AB.CD_AB	1DVF.AB.CD_CD	RA206A	1.875485
1DVF.AB.CD_AB	1DVF.AB.CD_CD	RB213A	4.092513
1DVF.AB.CD_AB	1DVF.AB.CD_CD	SA93A	1.162959
1DVF.AB.CD_AB	1DVF.AB.CD_CD	TA137A	0.907919
1DVF.AB.CD_AB	1DVF.AB.CD_CD	WA159A	4.134849
1DVF.AB.CD_AB	1DVF.AB.CD_CD	WA92A	0.340876
1DVF.AB.CD_AB	1DVF.AB.CD_CD	YA139A	1.832291
1DVF.AB.CD_AB	1DVF.AB.CD_CD	YA208F	2.013215
1DVF.AB.CD_AB	1DVF.AB.CD_CD	YA32A	2.031279
1DVF.AB.CD_AB	1DVF.AB.CD_CD	YA49A	1.679342
1DVF.AB.CD_AB	1DVF.AB.CD_CD	YA50A	0.688082
1DVF.AB.CD_AB	1DVF.AB.CD_CD	YB209A	4.741557
1DVF.AB.CD_AB	1DVF.AB.CD_CD	YB49A	1.861434
1DVF.AB.CD_AB	1DVF.AB.CD_CD	DA161A,YB49A	4.494884
1DVF.AB.CD_AB	1DVF.AB.CD_CD	DA165A,QB211A	1.464828
1DVF.AB.CD_AB	1DVF.AB.CD_CD	DA207A,DB159A	4.321658
1DVF.AB.CD_AB	1DVF.AB.CD_CD	DA207A,HB140A	4.149977
1DVF.AB.CD_AB	1DVF.AB.CD_CD	DA207A,NB162A	4.092513
1DVF.AB.CD_AB	1DVF.AB.CD_CD	EA205A,YB209A	4.635372
1DVF.AB.CD_AB	1DVF.AB.CD_CD	NA163A,HB140A	2.527130
1DVF.AB.CD_AB	1DVF.AB.CD_CD	NA163A,NB162A	2.302123
1DVF.AB.CD_AB	1DVF.AB.CD_CD	NA163A,QB211A	1.487530
1DVF.AB.CD_AB	1DVF.AB.CD_CD	WA159A,QB211A	4.164727
1DVF.AB.CD_AB	1DVF.AB.CD_CD	YA32A,RB213A	4.652671
1DVF.AB.CD_AB	1DVF.AB.CD_CD	YA49A,HB140A	2.626221
1DVF.AB.CD_AB	1DVF.AB.CD_CD	YA49A,NB162A	2.031279
1EAW.A.B_A	1EAW.A.B_B	DA214A	2.229134
1EAW.A.B_A	1EAW.A.B_B	DA46A	-0.171631
1EAW.A.B_A	1EAW.A.B_B	DA47A	1.502775
1EAW.A.B_A	1EAW.A.B_B	DA91A	0.654440
1EAW.A.B_A	1EAW.A.B_B	EA163A	0.703682
1EAW.A.B_A	1EAW.A.B_B	FA50A	-0.428813
1EAW.A.B_A	1EAW.A.B_B	FA89A	0.728594
1EAW.A.B_A	1EAW.A.B_B	FA92A	0.892020
1EAW.A.B_A	1EAW.A.B_B	HA138A	-0.014480
1EAW.A.B_A	1EAW.A.B_B	IA26A	-0.822506
1EAW.A.B_A	1EAW.A.B_B	IA45A	-0.194358
1EAW.A.B_A	1EAW.A.B_B	KA221A	0.476050
1EAW.A.B_A	1EAW.A.B_B	LA147A	0.502154
1EAW.A.B_A	1EAW.A.B_B	NA90A	0.308098
1EAW.A.B_A	1EAW.A.B_B	QA140A	0.306679
1EAW.A.B_A	1EAW.A.B_B	QA168A	0.565085
1EAW.A.B_A	1EAW.A.B_B	QA169A	-0.133097
1EAW.A.B_A	1EAW.A.B_B	QA218A	0.144238
1EAW.A.B_A	1EAW.A.B_B	QA23A	-0.518912
1EAW.A.B_A	1EAW.A.B_B	RA219A	-0.088552
1EAW.A.B_A	1EAW.A.B_B	RA48A	0.587615
1EAW.A.B_A	1EAW.A.B_B	RA51A	0.231008
1EAW.A.B_A	1EAW.A.B_B	RA82A	-0.149744
1EAW.A.B_A	1EAW.A.B_B	TA144A	0.089451
1EAW.A.B_A	1EAW.A.B_B	TA93A	0.254741
1EAW.A.B_A	1EAW.A.B_B	YA141A	0.502154
1EAW.A.B_A	1EAW.A.B_B	YA52A	-0.078941
1F5R.A.I_A	1F5R.A.I_I	KA129Q	-1.171374
1FC2.C.D_C	1FC2.C.D_D	FA1M	0.912640
1FC2.C.D_C	1FC2.C.D_D	FA26A	0.013662
1FC2.C.D_C	1FC2.C.D_D	FA26W	0.000000
1FC2.C.D_C	1FC2.C.D_D	IA12W	3.138999
1FC2.C.D_C	1FC2.C.D_D	IA27A	3.731126
1FC2.C.D_C	1FC2.C.D_D	KA31A	1.379295
1FC2.C.D_C	1FC2.C.D_D	KA3D	1.061531
1FC2.C.D_C	1FC2.C.D_D	LA13D	1.127632
1FC2.C.D_C	1FC2.C.D_D	LA40W	0.000000
1FC2.C.D_C	1FC2.C.D_D	NA24A	0.593990
1FC2.C.D_C	1FC2.C.D_D	NA24F	0.845498
1FC2.C.D_C	1FC2.C.D_D	NA2F	-0.108017
1FC2.C.D_C	1FC2.C.D_D	NA2Q	0.000000
1FC2.C.D_C	1FC2.C.D_D	NA7F	0.091327
1FC2.C.D_C	1FC2.C.D_D	QA28K	0.170438
1FC2.C.D_C	1FC2.C.D_D	QA28L	0.458078
1FC2.C.D_C	1FC2.C.D_D	YA10F	1.027668
1FC2.C.D_C	1FC2.C.D_D	YA10W	0.410656
1FCC.A.C_A	1FCC.A.C_C	DB40A	0.272251
1FCC.A.C_A	1FCC.A.C_C	EB27A	4.938011
1FCC.A.C_A	1FCC.A.C_C	EB42A	0.385442
1FCC.A.C_A	1FCC.A.C_C	KB28A	1.256154
1FCC.A.C_A	1FCC.A.C_C	KB31A	3.477555
1FCC.A.C_A	1FCC.A.C_C	NB35A	2.365107
1FCC.A.C_A	1FCC.A.C_C	TB25A	0.240219
1FCC.A.C_A	1FCC.A.C_C	WB43A	3.773184
1FCC.A.C_A	1FCC.A.C_C	TB44A,YB45A	1.954451
1FY8.E.I_E	1FY8.E.I_I	DA168N	0.170438
1FY8.E.I_E	1FY8.E.I_I	QA128K	1.171374
1GC1.G.C_G	1GC1.G.C_C	DB10A	0.000000
1GC1.G.C_G	1GC1.G.C_C	DB53A	0.302640
1GC1.G.C_G	1GC1.G.C_C	DB56A	-0.069781
1GC1.G.C_G	1GC1.G.C_C	DB63A	-0.319330
1GC1.G.C_G	1GC1.G.C_C	DB88A	-0.069781
1GC1.G.C_G	1GC1.G.C_C	EB77A	0.562285
1GC1.G.C_G	1GC1.G.C_C	EB85A	1.323296
1GC1.G.C_G	1GC1.G.C_C	EB87A	0.217859
1GC1.G.C_G	1GC1.G.C_C	EB91A	-0.128102
1GC1.G.C_G	1GC1.G.C_C	EB92A	0.016233
1GC1.G.C_G	1GC1.G.C_C	HB27A	0.282555
1GC1.G.C_G	1GC1.G.C_C	KB1A	0.062421
1GC1.G.C_G	1GC1.G.C_C	KB21A	-0.128102
1GC1.G.C_G	1GC1.G.C_C	KB22A	0.240219
1GC1.G.C_G	1GC1.G.C_C	KB29A	0.536239
1GC1.G.C_G	1GC1.G.C_C	KB2A	-0.016690
1GC1.G.C_G	1GC1.G.C_C	KB35A	0.322066
1GC1.G.C_G	1GC1.G.C_C	KB46A	1.431019
1GC1.G.C_G	1GC1.G.C_C	KB50A	0.047421
1GC1.G.C_G	1GC1.G.C_C	KB72A	-0.016690
1GC1.G.C_G	1GC1.G.C_C	KB75A	0.157965
1GC1.G.C_G	1GC1.G.C_C	KB7A	0.997890
1GC1.G.C_G	1GC1.G.C_C	KB8A	0.105268
1GC1.G.C_G	1GC1.G.C_C	KB90A	0.047421
1GC1.G.C_G	1GC1.G.C_C	LB44A	1.056020
1GC1.G.C_G	1GC1.G.C_C	LB51A	1.234023
1GC1.G.C_G	1GC1.G.C_C	NB30A	0.170438
1GC1.G.C_G	1GC1.G.C_C	NB32A	0.182654
1GC1.G.C_G	1GC1.G.C_C	NB39A	0.465625
1GC1.G.C_G	1GC1.G.C_C	NB52A	0.708338
1GC1.G.C_G	1GC1.G.C_C	NB66A	-0.033864
1GC1.G.C_G	1GC1.G.C_C	NB73A	-0.108017
1GC1.G.C_G	1GC1.G.C_C	QB20A	-0.016690
1GC1.G.C_G	1GC1.G.C_C	QB25A	0.032032
1GC1.G.C_G	1GC1.G.C_C	QB33A	0.105268
1GC1.G.C_G	1GC1.G.C_C	QB40A	-0.410656
1GC1.G.C_G	1GC1.G.C_C	QB64A	0.442689
1GC1.G.C_G	1GC1.G.C_C	QB89A	0.170438
1GC1.G.C_G	1GC1.G.C_C	QB89L	-0.310926
1GC1.G.C_G	1GC1.G.C_C	QB94A	-0.108017
1GC1.G.C_G	1GC1.G.C_C	RB58A	0.132202
1GC1.G.C_G	1GC1.G.C_C	RB59A	1.175914
1GC1.G.C_G	1GC1.G.C_C	SB19A	0.000000
1GC1.G.C_G	1GC1.G.C_C	SB23A	0.292682
1GC1.G.C_G	1GC1.G.C_C	SB31A	0.105268
1GC1.G.C_G	1GC1.G.C_C	SB42A	0.000000
1GC1.G.C_G	1GC1.G.C_C	SB49A	0.611174
1GC1.G.C_G	1GC1.G.C_C	SB60A	-0.088590
1GC1.G.C_G	1GC1.G.C_C	TB11A	0.000000
1GC1.G.C_G	1GC1.G.C_C	TB15A	0.322066
1GC1.G.C_G	1GC1.G.C_C	TB17A	-0.128102
1GC1.G.C_G	1GC1.G.C_C	TB45A	-0.148892
1GC1.G.C_G	1GC1.G.C_C	VB86A	-0.069781
1GC1.G.C_G	1GC1.G.C_C	YB82A	1.290676
1GC1.G.C_G	1GC1.G.C_C	QB40A,DB63A	-0.499247
1GC1.G.C_G	1GC1.G.C_C	QB40A,DB63A,QB89L	-0.848247
1GL0.E.I_E	1GL0.E.I_I	MB28K	-0.557858
1GL0.E.I_E	1GL0.E.I_I	MB28K,LB27R	3.837295
1GL1.A.I_A	1GL1.A.I_I	LB29V	4.259237
1GL1.A.I_A	1GL1.A.I_I	KB30M,AB31G	-0.132202
1GUA.A.B_A	1GUA.A.B_B	DA30E	0.240219
1GUA.A.B_A	1GUA.A.B_B	EA37A	1.300815
1GUA.A.B_A	1GUA.A.B_B	KB10A	-0.399938
1GUA.A.B_A	1GUA.A.B_B	KB29A	1.999214
1GUA.A.B_A	1GUA.A.B_B	KB32A	0.799277
1GUA.A.B_A	1GUA.A.B_B	NB9A	-0.399938
1GUA.A.B_A	1GUA.A.B_B	QB11A	0.100357
1GUA.A.B_A	1GUA.A.B_B	RB4A	1.000844
1GUA.A.B_A	1GUA.A.B_B	SA39A	1.400300
1GUA.A.B_A	1GUA.A.B_B	TB13A	0.701155
1GUA.A.B_A	1GUA.A.B_B	VB14A	0.100357
1GUA.A.B_A	1GUA.A.B_B	VB33A	0.200030
1GUA.A.B_A	1GUA.A.B_B	DA30E,EA31K	2.015046
1GUA.A.B_A	1GUA.A.B_B	RB4A,EA37A	1.300815
1GUA.A.B_A	1GUA.A.B_B	VB14A,EA37A	1.700674
1HE8.A.B_A	1HE8.A.B_B	KA80V	0.475352
1HE8.A.B_A	1HE8.A.B_B	KA80V,DA117A	0.944329
1HE8.A.B_A	1HE8.A.B_B	KA80V,DA95A	1.038295
1HE8.A.B_A	1HE8.A.B_B	KA80V,EA124K	-0.098972
1HE8.A.B_A	1HE8.A.B_B	KA80V,EA606A	0.454562
1HE8.A.B_A	1HE8.A.B_B	KA80V,EA606K	-0.458078
1HE8.A.B_A	1HE8.A.B_B	KA80V,FA78S	2.162248
1HE8.A.B_A	1HE8.A.B_B	KA80V,KA108A	2.162248
1HE8.A.B_A	1HE8.A.B_B	KA80V,KA108E	2.162248
1HE8.A.B_A	1HE8.A.B_B	KA80V,KA111A	1.967625
1HE8.A.B_A	1HE8.A.B_B	KA80V,KA112A	2.162248
1HE8.A.B_A	1HE8.A.B_B	KA80V,KA113A	1.675856
1HE8.A.B_A	1HE8.A.B_B	KA80V,KA91A	1.523105
1HE8.A.B_A	1HE8.A.B_B	KA80V,RA83A	1.897844
1HE8.A.B_A	1HE8.A.B_B	KA80V,TA89D	2.162248
1JCK.A.B_A	1JCK.A.B_B	FB176A	1.960891
1JCK.A.B_A	1JCK.A.B_B	GB102A	0.013021
1JCK.A.B_A	1JCK.A.B_B	KB103A	0.403100
1JCK.A.B_A	1JCK.A.B_B	NB23A	2.077467
1JCK.A.B_A	1JCK.A.B_B	NB60A	1.329281
1JCK.A.B_A	1JCK.A.B_B	QB210A	2.077467
1JCK.A.B_A	1JCK.A.B_B	TB20A	1.489069
1JCK.A.B_A	1JCK.A.B_B	VB91A	2.081586
1JCK.A.B_A	1JCK.A.B_B	YB26A	1.761360
1JCK.A.B_A	1JCK.A.B_B	YB90A	2.336804
1JTD.A.B_A	1JTD.A.B_B	DB129A	0.960874
1JTD.A.B_A	1JTD.A.B_B	DB132A	-0.549062
1JTD.A.B_A	1JTD.A.B_B	DB14A	1.508105
1JTD.A.B_A	1JTD.A.B_B	DB168A	-1.061531
1JTD.A.B_A	1JTD.A.B_B	DB93A	1.989832
1JTD.A.B_A	1JTD.A.B_B	EA78A	0.840739
1JTD.A.B_A	1JTD.A.B_B	EA84A	0.038236
1JTD.A.B_A	1JTD.A.B_B	EB230A	1.850069
1JTD.A.B_A	1JTD.A.B_B	FB171A	2.200715
1JTD.A.B_A	1JTD.A.B_B	FB192A	3.961852
1JTD.A.B_A	1JTD.A.B_B	FB36A	2.551285
1JTD.A.B_A	1JTD.A.B_B	IB191A	2.890390
1JTD.A.B_A	1JTD.A.B_B	KA85A	2.144609
1JTD.A.B_A	1JTD.A.B_B	LA76A	1.733953
1JTD.A.B_A	1JTD.A.B_B	LB53A	0.667108
1JTD.A.B_A	1JTD.A.B_B	MA103A	2.522645
1JTD.A.B_A	1JTD.A.B_B	MA244A	0.278455
1JTD.A.B_A	1JTD.A.B_B	NA74A	0.801228
1JTD.A.B_A	1JTD.A.B_B	NB12A	1.301750
1JTD.A.B_A	1JTD.A.B_B	NB266A	2.670021
1JTD.A.B_A	1JTD.A.B_B	NB74A	1.209966
1JTD.A.B_A	1JTD.A.B_B	PA81A	1.733953
1JTD.A.B_A	1JTD.A.B_B	QA73A	0.518673
1JTD.A.B_A	1JTD.A.B_B	RB248A	0.888344
1JTD.A.B_A	1JTD.A.B_B	SB131A	0.151628
1JTD.A.B_A	1JTD.A.B_B	TB19A	0.295187
1JTD.A.B_A	1JTD.A.B_B	VA190A	0.038236
1JTD.A.B_A	1JTD.A.B_B	WB114A	3.256201
1JTD.A.B_A	1JTD.A.B_B	WB15A	1.393077
1JTD.A.B_A	1JTD.A.B_B	WB231A	5.811738
1JTD.A.B_A	1JTD.A.B_B	YA79A	2.250860
1JTD.A.B_A	1JTD.A.B_B	YB153A	3.300106
1JTD.A.B_A	1JTD.A.B_B	YB170A	2.027262
1JTD.A.B_A	1JTD.A.B_B	YB210A	0.824391
1JTD.A.B_A	1JTD.A.B_B	YB35A	3.151819
1JTD.A.B_A	1JTD.A.B_B	YB75A	0.480437
1JTG.A.B_A	1JTG.A.B_B	DB163A	-1.340935
1JTG.A.B_A	1JTG.A.B_B	DB163K	-1.982765
1JTG.A.B_A	1JTG.A.B_B	DB49A	2.404163
1JTG.A.B_A	1JTG.A.B_B	EA143A	-0.072582
1JTG.A.B_A	1JTG.A.B_B	EA143G	-0.170438
1JTG.A.B_A	1JTG.A.B_B	EA146K	-0.610000
1JTG.A.B_A	1JTG.A.B_B	EA213K	-0.410656
1JTG.A.B_A	1JTG.A.B_B	EA79A	1.982823
1JTG.A.B_A	1JTG.A.B_B	EA79D	3.643621
1JTG.A.B_A	1JTG.A.B_B	EA79K	3.236983
1JTG.A.B_A	1JTG.A.B_B	EA85A	1.373578
1JTG.A.B_A	1JTG.A.B_B	EA85G	-0.912640
1JTG.A.B_A	1JTG.A.B_B	EA85V	-0.672421
1JTG.A.B_A	1JTG.A.B_B	EB31A	0.821313
1JTG.A.B_A	1JTG.A.B_B	EB73A	0.426757
1JTG.A.B_A	1JTG.A.B_B	EB73M	0.504622
1JTG.A.B_A	1JTG.A.B_B	FB142A	2.855394
1JTG.A.B_A	1JTG.A.B_B	FB36A	3.252641
1JTG.A.B_A	1JTG.A.B_B	GA212S	-0.267779
1JTG.A.B_A	1JTG.A.B_B	GB141A	1.314802
1JTG.A.B_A	1JTG.A.B_B	GB48A	1.147645
1JTG.A.B_A	1JTG.A.B_B	HB148A	2.981495
1JTG.A.B_A	1JTG.A.B_B	HB41A	3.405537
1JTG.A.B_A	1JTG.A.B_B	KA208A	1.222124
1JTG.A.B_A	1JTG.A.B_B	KA86A	-0.858519
1JTG.A.B_A	1JTG.A.B_B	KA86N	0.180924
1JTG.A.B_A	1JTG.A.B_B	KB74A	3.646837
1JTG.A.B_A	1JTG.A.B_B	LA77A	0.870712
1JTG.A.B_A	1JTG.A.B_B	MA104A	1.124220
1JTG.A.B_A	1JTG.A.B_B	MA244A	-0.051082
1JTG.A.B_A	1JTG.A.B_B	NA75A	-0.966584
1JTG.A.B_A	1JTG.A.B_B	NB89K	-0.454927
1JTG.A.B_A	1JTG.A.B_B	PA82A	-0.072991
1JTG.A.B_A	1JTG.A.B_B	PA82Q	0.461324
1JTG.A.B_A	1JTG.A.B_B	QA74A	0.509505
1JTG.A.B_A	1JTG.A.B_B	RA214Y	-0.142877
1JTG.A.B_A	1JTG.A.B_B	RA217A	1.302568
1JTG.A.B_A	1JTG.A.B_B	RB144A	0.645308
1JTG.A.B_A	1JTG.A.B_B	RB160A	2.840954
1JTG.A.B_A	1JTG.A.B_B	SA105A	0.562910
1JTG.A.B_A	1JTG.A.B_B	SA209A	1.239083
1JTG.A.B_A	1JTG.A.B_B	SB113A	-0.521521
1JTG.A.B_A	1JTG.A.B_B	SB35A	0.000000
1JTG.A.B_A	1JTG.A.B_B	SB39A	0.024572
1JTG.A.B_A	1JTG.A.B_B	SB71A	0.135416
1JTG.A.B_A	1JTG.A.B_B	TB140K	-0.014392
1JTG.A.B_A	1JTG.A.B_B	TB32K	0.199344
1JTG.A.B_A	1JTG.A.B_B	VA190A	-0.494878
1JTG.A.B_A	1JTG.A.B_B	VA78A	1.910744
1JTG.A.B_A	1JTG.A.B_B	VB93K	-0.475716
1JTG.A.B_A	1JTG.A.B_B	WB112A	2.900113
1JTG.A.B_A	1JTG.A.B_B	WB150A	4.459152
1JTG.A.B_A	1JTG.A.B_B	WB162A	2.263155
1JTG.A.B_A	1JTG.A.B_B	YA80A	-0.131571
1JTG.A.B_A	1JTG.A.B_B	YB143A	0.734972
1JTG.A.B_A	1JTG.A.B_B	YB50A	-1.716374
1JTG.A.B_A	1JTG.A.B_B	YB51A	0.810843
1JTG.A.B_A	1JTG.A.B_B	YB53A	2.946505
1JTG.A.B_A	1JTG.A.B_B	DB163K,DB135K,VB134K	-3.055167
1JTG.A.B_A	1JTG.A.B_B	DB49A,KA208A	1.600652
1JTG.A.B_A	1JTG.A.B_B	DB49A,RA217A	1.099224
1JTG.A.B_A	1JTG.A.B_B	DB49A,SA105A	0.358089
1JTG.A.B_A	1JTG.A.B_B	EA143A,DB49A	1.505004
1JTG.A.B_A	1JTG.A.B_B	EA143A,FB142A	2.581045
1JTG.A.B_A	1JTG.A.B_B	EA143A,KB74A	4.061928
1JTG.A.B_A	1JTG.A.B_B	EA143A,RB160A	2.318927
1JTG.A.B_A	1JTG.A.B_B	EA143A,WB112A	2.795218
1JTG.A.B_A	1JTG.A.B_B	EA143A,WB150A	4.109652
1JTG.A.B_A	1JTG.A.B_B	EA143A,WB162A	2.077467
1JTG.A.B_A	1JTG.A.B_B	EA79A,EB73M	1.836322
1JTG.A.B_A	1JTG.A.B_B	EA79A,EB73M,FB142A	2.845544
1JTG.A.B_A	1JTG.A.B_B	EA79A,EB73M,KB74A	2.095698
1JTG.A.B_A	1JTG.A.B_B	EA79A,EB73M,KB74A,FB142A	2.582089
1JTG.A.B_A	1JTG.A.B_B	EA79A,SB113A	1.864555
1JTG.A.B_A	1JTG.A.B_B	EA79A,SB113A,SB71A	2.581045
1JTG.A.B_A	1JTG.A.B_B	EA79A,YA80A	1.027010
1JTG.A.B_A	1JTG.A.B_B	EA79K,DB49A	5.640436
1JTG.A.B_A	1JTG.A.B_B	EA79K,FB142A	4.554720
1JTG.A.B_A	1JTG.A.B_B	EA85A,SB113A	4.565591
1JTG.A.B_A	1JTG.A.B_B	EA85A,SB113A,SB71A	5.042290
1JTG.A.B_A	1JTG.A.B_B	EA85A,SB71A	5.019354
1JTG.A.B_A	1JTG.A.B_B	EA85A,YB50A	3.967104
1JTG.A.B_A	1JTG.A.B_B	EA85G,EA143G	-0.610000
1JTG.A.B_A	1JTG.A.B_B	EA85V,EA143G	-0.742202
1JTG.A.B_A	1JTG.A.B_B	EB73A,YB50A	-1.496373
1JTG.A.B_A	1JTG.A.B_B	EB73M,FB142A	2.532690
1JTG.A.B_A	1JTG.A.B_B	EB73M,KB74A	4.294496
1JTG.A.B_A	1JTG.A.B_B	EB73M,KB74A,FB142A	4.556261
1JTG.A.B_A	1JTG.A.B_B	FB142A,EA79A	2.747889
1JTG.A.B_A	1JTG.A.B_B	FB142A,EA79A,YA80A	1.505004
1JTG.A.B_A	1JTG.A.B_B	FB142A,KA208A	3.395148
1JTG.A.B_A	1JTG.A.B_B	FB142A,RA217A	3.395148
1JTG.A.B_A	1JTG.A.B_B	FB142A,SA105A	2.843151
1JTG.A.B_A	1JTG.A.B_B	FB142A,YA80A	0.694366
1JTG.A.B_A	1JTG.A.B_B	FB142A,YB143A	2.843151
1JTG.A.B_A	1JTG.A.B_B	FB142A,YB143A,EA79A	2.891281
1JTG.A.B_A	1JTG.A.B_B	FB142A,YB143A,EA79A,YA80A	2.843151
1JTG.A.B_A	1JTG.A.B_B	FB142A,YB143A,KA208A	4.681933
1JTG.A.B_A	1JTG.A.B_B	FB142A,YB143A,RA217A	4.542801
1JTG.A.B_A	1JTG.A.B_B	FB142A,YB143A,SA105A	4.158278
1JTG.A.B_A	1JTG.A.B_B	FB142A,YB143A,YA80A	2.986904
1JTG.A.B_A	1JTG.A.B_B	GA212S,DB49A	2.635217
1JTG.A.B_A	1JTG.A.B_B	GA212S,FB142A	3.681857
1JTG.A.B_A	1JTG.A.B_B	KA208A,DB49A	1.554021
1JTG.A.B_A	1JTG.A.B_B	KA208A,SA105A	1.979599
1JTG.A.B_A	1JTG.A.B_B	KA208A,SA105A,DB49A	1.318194
1JTG.A.B_A	1JTG.A.B_B	KA208A,SA105A,RA217A	2.509422
1JTG.A.B_A	1JTG.A.B_B	KA208A,SA105A,RA217A,DB49A	1.490970
1JTG.A.B_A	1JTG.A.B_B	KA208A,SA209A,SA105A,RA217A	2.788504
1JTG.A.B_A	1JTG.A.B_B	KA208A,SA209A,SA105A,RA217A,DB49A	1.726972
1JTG.A.B_A	1JTG.A.B_B	KB74A,EA79A	1.576849
1JTG.A.B_A	1JTG.A.B_B	KB74A,EA79A,YA80A	1.386116
1JTG.A.B_A	1JTG.A.B_B	KB74A,FB142A	4.852370
1JTG.A.B_A	1JTG.A.B_B	KB74A,FB142A,EA79A	3.130240
1JTG.A.B_A	1JTG.A.B_B	KB74A,FB142A,EA79A,YA80A	3.130240
1JTG.A.B_A	1JTG.A.B_B	KB74A,FB142A,KA208A	5.830841
1JTG.A.B_A	1JTG.A.B_B	KB74A,FB142A,RA217A	5.496316
1JTG.A.B_A	1JTG.A.B_B	KB74A,FB142A,SA105A	5.161859
1JTG.A.B_A	1JTG.A.B_B	KB74A,FB142A,YA80A	4.779135
1JTG.A.B_A	1JTG.A.B_B	KB74A,FB142A,YB143A	3.895401
1JTG.A.B_A	1JTG.A.B_B	KB74A,FB142A,YB143A,EA79A	2.388983
1JTG.A.B_A	1JTG.A.B_B	KB74A,FB142A,YB143A,EA79A,YA80A	2.412727
1JTG.A.B_A	1JTG.A.B_B	KB74A,FB142A,YB143A,KA208A	5.472615
1JTG.A.B_A	1JTG.A.B_B	KB74A,FB142A,YB143A,RA217A	5.257837
1JTG.A.B_A	1JTG.A.B_B	KB74A,FB142A,YB143A,SA105A	5.066775
1JTG.A.B_A	1JTG.A.B_B	KB74A,FB142A,YB143A,YA80A	4.229416
1JTG.A.B_A	1JTG.A.B_B	KB74A,KA208A	6.548087
1JTG.A.B_A	1JTG.A.B_B	KB74A,RA217A	6.620269
1JTG.A.B_A	1JTG.A.B_B	KB74A,SA105A	3.178630
1JTG.A.B_A	1JTG.A.B_B	KB74A,YA80A	3.322336
1JTG.A.B_A	1JTG.A.B_B	KB74A,YB143A	3.058644
1JTG.A.B_A	1JTG.A.B_B	KB74A,YB143A,EA79A	1.050668
1JTG.A.B_A	1JTG.A.B_B	KB74A,YB143A,EA79A,YA80A	1.767957
1JTG.A.B_A	1JTG.A.B_B	KB74A,YB143A,KA208A	4.876004
1JTG.A.B_A	1JTG.A.B_B	KB74A,YB143A,RA217A	4.373137
1JTG.A.B_A	1JTG.A.B_B	KB74A,YB143A,SA105A	3.728418
1JTG.A.B_A	1JTG.A.B_B	KB74A,YB143A,YA80A	3.395148
1JTG.A.B_A	1JTG.A.B_B	MA104A,FB36A	3.631322
1JTG.A.B_A	1JTG.A.B_B	MA104A,SB113A,SB71A	1.672743
1JTG.A.B_A	1JTG.A.B_B	MA104A,YB50A	0.358089
1JTG.A.B_A	1JTG.A.B_B	MA104A,YB53A	3.609275
1JTG.A.B_A	1JTG.A.B_B	NA75A,DB49A	1.576849
1JTG.A.B_A	1JTG.A.B_B	NA75A,FB142A	2.293604
1JTG.A.B_A	1JTG.A.B_B	NA75A,HB148A	2.102992
1JTG.A.B_A	1JTG.A.B_B	NA75A,KB74A	3.511833
1JTG.A.B_A	1JTG.A.B_B	NA75A,RB160A	1.576849
1JTG.A.B_A	1JTG.A.B_B	NA75A,WB112A	2.795218
1JTG.A.B_A	1JTG.A.B_B	NA75A,WB150A	4.349468
1JTG.A.B_A	1JTG.A.B_B	NA75A,WB162A	2.102992
1JTG.A.B_A	1JTG.A.B_B	PA82A,HB41A	2.652946
1JTG.A.B_A	1JTG.A.B_B	PA82A,YB50A	-0.647161
1JTG.A.B_A	1JTG.A.B_B	PA82A,YB53A	2.388983
1JTG.A.B_A	1JTG.A.B_B	QA74A,DB49A	2.198384
1JTG.A.B_A	1JTG.A.B_B	QA74A,FB142A	2.819137
1JTG.A.B_A	1JTG.A.B_B	QA74A,HB148A	3.201420
1JTG.A.B_A	1JTG.A.B_B	QA74A,KB74A	4.109652
1JTG.A.B_A	1JTG.A.B_B	QA74A,RB160A	3.750947
1JTG.A.B_A	1JTG.A.B_B	QA74A,WB112A	3.537737
1JTG.A.B_A	1JTG.A.B_B	QA74A,WB150A	3.823668
1JTG.A.B_A	1JTG.A.B_B	QA74A,WB162A	2.891281
1JTG.A.B_A	1JTG.A.B_B	RA217A,DB49A	1.111682
1JTG.A.B_A	1JTG.A.B_B	RA217A,KA208A	2.730075
1JTG.A.B_A	1JTG.A.B_B	RA217A,KA208A,DB49A	1.904421
1JTG.A.B_A	1JTG.A.B_B	RA217A,SA105A	1.849695
1JTG.A.B_A	1JTG.A.B_B	RA217A,SA105A,DB49A	1.254939
1JTG.A.B_A	1JTG.A.B_B	RA217A,SA209A	0.739594
1JTG.A.B_A	1JTG.A.B_B	RA217A,SA209A,DB49A	0.408048
1JTG.A.B_A	1JTG.A.B_B	RA217A,SA209A,KA208A	2.716957
1JTG.A.B_A	1JTG.A.B_B	RA217A,SA209A,KA208A,DB49A	2.032426
1JTG.A.B_A	1JTG.A.B_B	RA217A,SA209A,SA105A	1.688109
1JTG.A.B_A	1JTG.A.B_B	RA217A,SA209A,SA105A,DB49A	0.894266
1JTG.A.B_A	1JTG.A.B_B	SA105A,DB49A	1.384632
1JTG.A.B_A	1JTG.A.B_B	SA209A,DB49A	1.641106
1JTG.A.B_A	1JTG.A.B_B	SA209A,KA208A	2.093723
1JTG.A.B_A	1JTG.A.B_B	SA209A,KA208A,DB49A	1.534826
1JTG.A.B_A	1JTG.A.B_B	SA209A,SA105A	1.152734
1JTG.A.B_A	1JTG.A.B_B	SA209A,SA105A,DB49A	1.094157
1JTG.A.B_A	1JTG.A.B_B	SA209A,SA105A,KA208A	1.849695
1JTG.A.B_A	1JTG.A.B_B	SA209A,SA105A,KA208A,DB49A	0.609256
1JTG.A.B_A	1JTG.A.B_B	SB71A,SB113A	0.456068
1JTG.A.B_A	1JTG.A.B_B	TB140K,QB157K	-0.396606
1JTG.A.B_A	1JTG.A.B_B	VA190A,FB142A	2.198384
1JTG.A.B_A	1JTG.A.B_B	VA190A,YB50A	-0.885531
1JTG.A.B_A	1JTG.A.B_B	VA78A,FB142A	4.516677
1JTG.A.B_A	1JTG.A.B_B	VA78A,RB160A	4.349468
1JTG.A.B_A	1JTG.A.B_B	VA78A,WB162A	4.229416
1JTG.A.B_A	1JTG.A.B_B	VB165K,DB163K,DB135K,NB89K	-3.360556
1JTG.A.B_A	1JTG.A.B_B	VB165K,DB163K,NB89K	-2.393421
1JTG.A.B_A	1JTG.A.B_B	YB143A,EA79A	1.864555
1JTG.A.B_A	1JTG.A.B_B	YB143A,EA79A,YA80A	2.054678
1JTG.A.B_A	1JTG.A.B_B	YB143A,KA208A	2.556661
1JTG.A.B_A	1JTG.A.B_B	YB143A,RA217A	2.269850
1JTG.A.B_A	1JTG.A.B_B	YB143A,SA105A	1.791966
1JTG.A.B_A	1JTG.A.B_B	YB143A,YA80A	1.075443
1K8R.A.B_A	1K8R.A.B_B	DA33A	1.535104
1K8R.A.B_A	1K8R.A.B_B	DA38A	1.712186
1K8R.A.B_A	1K8R.A.B_B	DA38E	3.437662
1K8R.A.B_A	1K8R.A.B_B	DA38N	1.896232
1K8R.A.B_A	1K8R.A.B_B	DA57A	1.179698
1K8R.A.B_A	1K8R.A.B_B	EA31K	0.170933
1K8R.A.B_A	1K8R.A.B_B	EA37A	0.305802
1K8R.A.B_A	1K8R.A.B_B	EA62A	0.409665
1K8R.A.B_A	1K8R.A.B_B	EA63A	0.409665
1K8R.A.B_A	1K8R.A.B_B	KB23A	0.586764
1K8R.A.B_A	1K8R.A.B_B	KB31A	2.728342
1K8R.A.B_A	1K8R.A.B_B	QB11A	1.798140
1K8R.A.B_A	1K8R.A.B_B	RA41A	1.179698
1K8R.A.B_A	1K8R.A.B_B	RB13A	2.800978
1K8R.A.B_A	1K8R.A.B_B	RB76A	0.715274
1K8R.A.B_A	1K8R.A.B_B	RB77A	1.436807
1K8R.A.B_A	1K8R.A.B_B	SA39A	0.715274
1K8R.A.B_A	1K8R.A.B_B	YA40C	3.437662
1K8R.A.B_A	1K8R.A.B_B	YA40F	1.491998
1K8R.A.B_A	1K8R.A.B_B	DA30K,EA31K	0.409665
1KIP.AB.C_AB	1KIP.AB.C_C	AA139Y	-0.800952
1KIQ.AB.C_AB	1KIQ.AB.C_C	FA208Y	-2.496076
1KIR.AB.C_AB	1KIR.AB.C_C	SA50Y	-1.387715
1LFD.A.B_A	1LFD.A.B_B	DA38A	-0.442452
1LFD.A.B_A	1LFD.A.B_B	DA38K	-0.994115
1LFD.A.B_A	1LFD.A.B_B	DA43A	-0.340566
1LFD.A.B_A	1LFD.A.B_B	DA45K	-0.704187
1LFD.A.B_A	1LFD.A.B_B	DA81K	-1.024266
1LFD.A.B_A	1LFD.A.B_B	DB33A	1.100785
1LFD.A.B_A	1LFD.A.B_B	DB38A	3.237532
1LFD.A.B_A	1LFD.A.B_B	EA44A	-0.139149
1LFD.A.B_A	1LFD.A.B_B	EA44K	-0.193026
1LFD.A.B_A	1LFD.A.B_B	EB37A	1.150756
1LFD.A.B_A	1LFD.A.B_B	EB62A	0.190890
1LFD.A.B_A	1LFD.A.B_B	EB63A	0.285754
1LFD.A.B_A	1LFD.A.B_B	HA40A	1.460050
1LFD.A.B_A	1LFD.A.B_B	IA5A	1.412302
1LFD.A.B_A	1LFD.A.B_B	KA19A	1.924332
1LFD.A.B_A	1LFD.A.B_B	KA35A	0.357959
1LFD.A.B_A	1LFD.A.B_B	KA39A	2.113810
1LFD.A.B_A	1LFD.A.B_B	LA10K	-0.258641
1LFD.A.B_A	1LFD.A.B_B	LA42K	-0.285501
1LFD.A.B_A	1LFD.A.B_B	MA17K	-0.661147
1LFD.A.B_A	1LFD.A.B_B	NA14A	0.931576
1LFD.A.B_A	1LFD.A.B_B	NA14K	0.400304
1LFD.A.B_A	1LFD.A.B_B	NA16A	0.485963
1LFD.A.B_A	1LFD.A.B_B	NA41K	-0.634893
1LFD.A.B_A	1LFD.A.B_B	NA79K	-0.482252
1LFD.A.B_A	1LFD.A.B_B	QB25A	0.900638
1LFD.A.B_A	1LFD.A.B_B	RA7A	1.810408
1LFD.A.B_A	1LFD.A.B_B	RB41A	0.833415
1LFD.A.B_A	1LFD.A.B_B	SA20A	0.927890
1LFD.A.B_A	1LFD.A.B_B	SA9K	0.390309
1LFD.A.B_A	1LFD.A.B_B	SB39A	-0.733536
1LFD.A.B_A	1LFD.A.B_B	VB29A	0.477711
1LFD.A.B_A	1LFD.A.B_B	YA18A	3.458532
1LFD.A.B_A	1LFD.A.B_B	YA18F	1.315990
1LFD.A.B_A	1LFD.A.B_B	YA80K	0.138271
1LFD.A.B_A	1LFD.A.B_B	YB32W	-0.211313
1LFD.A.B_A	1LFD.A.B_B	YB40A	3.554531
1LFD.A.B_A	1LFD.A.B_B	YB40F	2.110396
1LFD.A.B_A	1LFD.A.B_B	DA38A,DB33A	0.200323
1LFD.A.B_A	1LFD.A.B_B	DA38K,DA43K,EA44K	-1.380128
1LFD.A.B_A	1LFD.A.B_B	DA45K,DA81K	-0.652660
1LFD.A.B_A	1LFD.A.B_B	HA40A,DB33A	2.201554
1LFD.A.B_A	1LFD.A.B_B	HA40A,SB39A	0.501125
1LFD.A.B_A	1LFD.A.B_B	HA40A,VB29A	1.919625
1LFD.A.B_A	1LFD.A.B_B	KA19A,QB25A	2.501266
1LFD.A.B_A	1LFD.A.B_B	KA35A,EB63A	0.285754
1LFD.A.B_A	1LFD.A.B_B	KA35A,SB39A	-0.099673
1LFD.A.B_A	1LFD.A.B_B	KA39A,DB38A	5.862424
1LFD.A.B_A	1LFD.A.B_B	MA17K,DA38K,DA45K	-1.880966
1LFD.A.B_A	1LFD.A.B_B	MA17K,DA38K,DA45K,DA81K	-1.329266
1LFD.A.B_A	1LFD.A.B_B	MA17K,DA45K	-0.625631
1LFD.A.B_A	1LFD.A.B_B	MA17K,DA81K	-0.654009
1LFD.A.B_A	1LFD.A.B_B	NA14A,EB37A	1.919625
1LFD.A.B_A	1LFD.A.B_B	NA14A,RB41A	1.519205
1LFD.A.B_A	1LFD.A.B_B	NA16A,QB25A	0.301782
1LFD.A.B_A	1LFD.A.B_B	NA16A,RB41A	1.083467
1LFD.A.B_A	1LFD.A.B_B	NA16A,SB39A	0.000000
1LFD.A.B_A	1LFD.A.B_B	NA16A,YB40F	2.301167
1LFD.A.B_A	1LFD.A.B_B	RA7A,EB37A	2.016676
1LFD.A.B_A	1LFD.A.B_B	SA20A,DB38A	3.169999
1LFD.A.B_A	1LFD.A.B_B	SA20A,EB37A	2.208296
1LFD.A.B_A	1LFD.A.B_B	SA20A,YB40F	1.799184
1LFD.A.B_A	1LFD.A.B_B	YA18A,DB38A	4.708083
1LFD.A.B_A	1LFD.A.B_B	YA18A,EB37A	3.458532
1LFD.A.B_A	1LFD.A.B_B	YA18A,SB39A	3.938493
1LFD.A.B_A	1LFD.A.B_B	YA18F,EB37A	1.247076
1LFD.A.B_A	1LFD.A.B_B	YA18F,RB41A	1.799184
1LFD.A.B_A	1LFD.A.B_B	YA18F,SB39A	0.800814
1LFD.A.B_A	1LFD.A.B_B	YA18F,YB40F	2.601687
1MHP.HL.A_HL	1MHP.HL.A_A	FA99W	0.000000
1MHP.HL.A_HL	1MHP.HL.A_A	FA99Y	0.755007
1MHP.HL.A_HL	1MHP.HL.A_A	GA100F	0.389192
1MHP.HL.A_HL	1MHP.HL.A_A	GA100L	2.728342
1MHP.HL.A_HL	1MHP.HL.A_A	GA100M	0.102180
1MHP.HL.A_HL	1MHP.HL.A_A	GA100S	0.557997
1MHP.HL.A_HL	1MHP.HL.A_A	GA310Q	1.573389
1MHP.HL.A_HL	1MHP.HL.A_A	GA310S	0.512836
1MHP.HL.A_HL	1MHP.HL.A_A	GA53A	0.512836
1MHP.HL.A_HL	1MHP.HL.A_A	GA53N	1.255875
1MHP.HL.A_HL	1MHP.HL.A_A	GA53S	0.675896
1MHP.HL.A_HL	1MHP.HL.A_A	GA54I	1.364171
1MHP.HL.A_HL	1MHP.HL.A_A	GA54T	1.164688
1MHP.HL.A_HL	1MHP.HL.A_A	GA54Y	0.000000
1MHP.HL.A_HL	1MHP.HL.A_A	HA249K	1.164688
1MHP.HL.A_HL	1MHP.HL.A_A	HA249R	1.124301
1MHP.HL.A_HL	1MHP.HL.A_A	HA249W	1.255875
1MHP.HL.A_HL	1MHP.HL.A_A	KA64D	-0.171519
1MHP.HL.A_HL	1MHP.HL.A_A	KA64E	-0.077649
1MHP.HL.A_HL	1MHP.HL.A_A	KA64N	-0.036288
1MHP.HL.A_HL	1MHP.HL.A_A	KA64Q	-0.077649
1MHP.HL.A_HL	1MHP.HL.A_A	LA267F	0.712599
1MHP.HL.A_HL	1MHP.HL.A_A	LA267K	0.861587
1MHP.HL.A_HL	1MHP.HL.A_A	LA267W	1.908422
1MHP.HL.A_HL	1MHP.HL.A_A	LA60D	-0.061347
1MHP.HL.A_HL	1MHP.HL.A_A	NA248V	1.049799
1MHP.HL.A_HL	1MHP.HL.A_A	NA248W	1.573389
1MHP.HL.A_HL	1MHP.HL.A_A	NA248Y	1.908422
1MHP.HL.A_HL	1MHP.HL.A_A	NA270D	0.500987
1MHP.HL.A_HL	1MHP.HL.A_A	NA270E	-0.088725
1MHP.HL.A_HL	1MHP.HL.A_A	NA270K	0.657804
1MHP.HL.A_HL	1MHP.HL.A_A	NA270R	0.845219
1MHP.HL.A_HL	1MHP.HL.A_A	NA270Y	-0.051648
1MHP.HL.A_HL	1MHP.HL.A_A	RA31Q	1.307913
1MHP.HL.A_HL	1MHP.HL.A_A	SA242R	-0.215429
1MHP.HL.A_HL	1MHP.HL.A_A	SA246Q	-0.687912
1MHP.HL.A_HL	1MHP.HL.A_A	SA309Q	1.774828
1MHP.HL.A_HL	1MHP.HL.A_A	SA309R	2.728342
1MHP.HL.A_HL	1MHP.HL.A_A	SA309T	2.317686
1MHP.HL.A_HL	1MHP.HL.A_A	SA35A	1.573389
1MHP.HL.A_HL	1MHP.HL.A_A	SA35Q	2.728342
1MHP.HL.A_HL	1MHP.HL.A_A	SA52M	2.076770
1MHP.HL.A_HL	1MHP.HL.A_A	TA33N	2.728342
1MHP.HL.A_HL	1MHP.HL.A_A	TA33V	0.434563
1MHP.HL.A_HL	1MHP.HL.A_A	TA50V	-0.131658
1MHP.HL.A_HL	1MHP.HL.A_A	WA308Q	2.076770
1MHP.HL.A_HL	1MHP.HL.A_A	YA58E	2.076770
1MHP.HL.A_HL	1MHP.HL.A_A	YA58Q	2.076770
1MHP.HL.A_HL	1MHP.HL.A_A	YA58W	0.821313
1MHP.HL.A_HL	1MHP.HL.A_A	YA59E	0.544251
1MHP.HL.A_HL	1MHP.HL.A_A	KA64E,SA246Q	-0.857230
1MHP.HL.A_HL	1MHP.HL.A_A	KA64E,SA246Q,NA270Y	-1.019616
1MHP.HL.A_HL	1MHP.HL.A_A	LA60D,KA64E	-0.141864
1MHP.HL.A_HL	1MHP.HL.A_A	LA60D,KA64Q	0.043009
1MHP.HL.A_HL	1MHP.HL.A_A	NA248Y,SA309I	0.434563
1MHP.HL.A_HL	1MHP.HL.A_A	SA309R,NA248E	2.728342
1MHP.HL.A_HL	1MHP.HL.A_A	SA35A,GA102S	1.573389
1MHP.HL.A_HL	1MHP.HL.A_A	SA35V,GA102S	1.426313
1MHP.HL.A_HL	1MHP.HL.A_A	TA33E,GA53Q	1.668203
1MHP.HL.A_HL	1MHP.HL.A_A	TA33I,SA52T,GA53N,GA54N	1.908422
1MHP.HL.A_HL	1MHP.HL.A_A	TA33I,SA52T,GA53Q,GA54F	1.255875
1MHP.HL.A_HL	1MHP.HL.A_A	TA50V,GA102S	1.668203
1MHP.HL.A_HL	1MHP.HL.A_A	TA50V,KA64E	-0.180601
1MHP.HL.A_HL	1MHP.HL.A_A	TA50V,KA64E,SA246Q,NA270E	-1.267886
1MHP.HL.A_HL	1MHP.HL.A_A	TA50V,KA64E,SA246Q,NA270Y	-1.084981
1MHP.HL.A_HL	1MHP.HL.A_A	TA50V,SA246Q	-0.694995
1MHP.HL.A_HL	1MHP.HL.A_A	TA50V,SA246Q,NA270Y	-1.059416
1MHP.HL.A_HL	1MHP.HL.A_A	TA50V,SA35A	2.076770
1MHP.HL.A_HL	1MHP.HL.A_A	TA50V,SA35V	2.728342
1MHP.HL.A_HL	1MHP.HL.A_A	WA308Q,FA251Y	0.871409
1MLC.AB.E_AB	1MLC.AB.E_E	KA279D	0.018557
1MLC.AB.E_AB	1MLC.AB.E_E	NA32G	-0.877780
1MLC.AB.E_AB	1MLC.AB.E_E	NA32Y	0.000000
1MLC.AB.E_AB	1MLC.AB.E_E	NA92A	-1.253914
1MLC.AB.E_AB	1MLC.AB.E_E	SA271A	-0.379191
1MLC.AB.E_AB	1MLC.AB.E_E	SA271V	-0.494402
1MLC.AB.E_AB	1MLC.AB.E_E	TA242D	-0.151011
1MLC.AB.E_AB	1MLC.AB.E_E	TA245A	0.447207
1MLC.AB.E_AB	1MLC.AB.E_E	TA245V	0.526476
1MLC.AB.E_AB	1MLC.AB.E_E	TA245W	0.132202
1MLC.AB.E_AB	1MLC.AB.E_E	TA272D	-0.559933
1MLC.AB.E_AB	1MLC.AB.E_E	NA32G,NA92A	-0.686961
1MLC.AB.E_AB	1MLC.AB.E_E	NA32G,NA92A,SA271V,TA272D	-1.735751
1MLC.AB.E_AB	1MLC.AB.E_E	NA92A,SA271V,TA272D	-2.395260
1MLC.AB.E_AB	1MLC.AB.E_E	NA92A,TA242D,SA271V,TA272D	-2.329972
1MLC.AB.E_AB	1MLC.AB.E_E	NA92A,TA242D,SA271V,TA272D,EA249S	1.907029
1MLC.AB.E_AB	1MLC.AB.E_E	NA92A,TA242D,SA271V,TA272D,EA249S,GA313D	-2.955247
1MLC.AB.E_AB	1MLC.AB.E_E	NA92A,TA242D,SA271V,TA272D,GA313D	-0.203668
1MLC.AB.E_AB	1MLC.AB.E_E	NA92A,TA242D,SA271V,TA272D,NA32L	-2.585465
1MLC.AB.E_AB	1MLC.AB.E_E	NA92A,TA242D,SA271V,TA272D,RA312M,DA314Q	-0.410656
1MLC.AB.E_AB	1MLC.AB.E_E	NA92A,TA242D,SA271V,TA272D,SA244G	-2.359523
1MLC.AB.E_AB	1MLC.AB.E_E	NA92A,TA242D,SA271V,TA272D,SA91N	1.850563
1MLC.AB.E_AB	1MLC.AB.E_E	NA92A,TA242D,SA271V,TA272D,SA91N,SA93A	-1.611161
1MLC.AB.E_AB	1MLC.AB.E_E	NA92A,TA242D,SA271V,TA272D,YA246R,RA312S	1.850563
1MLC.AB.E_AB	1MLC.AB.E_E	NA92A,TA242D,SA271V,TA272D,YA246W,RA312V,DA314Q	0.361549
1MLC.AB.E_AB	1MLC.AB.E_E	NA92A,TA242D,SA271V,TA272D,YA273E	-1.466826
1MLC.AB.E_AB	1MLC.AB.E_E	SA271V,TA272D	-0.988171
1N8O.ABC.E_ABC	1N8O.ABC.E_E	MB80K	1.459715
1N8O.ABC.E_ABC	1N8O.ABC.E_E	MB80L	-0.062421
1N8O.ABC.E_ABC	1N8O.ABC.E_E	MB80R	1.349172
1N8Z.AB.C_AB	1N8Z.AB.C_C	DA316W	-0.685735
1N8Z.AB.C_AB	1N8Z.AB.C_C	FB539A	0.035119
1N8Z.AB.C_AB	1N8Z.AB.C_C	HA91F	0.032922
1N8Z.AB.C_AB	1N8Z.AB.C_C	LB509A	-0.023056
1N8Z.AB.C_AB	1N8Z.AB.C_C	NA30S	0.064111
1N8Z.AB.C_AB	1N8Z.AB.C_C	RA264A	2.927686
1N8Z.AB.C_AB	1N8Z.AB.C_C	RA273A	1.774828
1N8Z.AB.C_AB	1N8Z.AB.C_C	SB535A	0.030841
1N8Z.AB.C_AB	1N8Z.AB.C_C	TA94S	0.309372
1N8Z.AB.C_AB	1N8Z.AB.C_C	VB536A	0.008977
1N8Z.AB.C_AB	1N8Z.AB.C_C	YA319F	0.821313
1N8Z.AB.C_AB	1N8Z.AB.C_C	YA323V	0.223045
1N8Z.AB.C_AB	1N8Z.AB.C_C	NA30S,HA91F,YA92W	-0.071900
1N8Z.AB.C_AB	1N8Z.AB.C_C	NA30S,HA91F,YA92W,TA94S,DA316W,YA319F,YA323V	0.048722
1NCA.N.LH_N	1NCA.N.LH_LH	DB315K	0.714480
1NCA.N.LH_N	1NCA.N.LH_LH	EB314D	0.410656
1NCA.N.LH_N	1NCA.N.LH_LH	NB245Q	0.000000
1NCA.N.LH_N	1NCA.N.LH_LH	NB316Q	0.542858
1NMB.N.LH_N	1NMB.N.LH_LH	DB166E	2.954951
1NMB.N.LH_N	1NMB.N.LH_LH	DB166N	2.954951
1NMB.N.LH_N	1NMB.N.LH_LH	LB94V	0.900424
1NMB.N.LH_N	1NMB.N.LH_LH	TB93F	-0.023914
1NMB.N.LH_N	1NMB.N.LH_LH	TB93W	0.184273
1NMB.N.LH_N	1NMB.N.LH_LH	YB212A	2.141579
1NMB.N.LH_N	1NMB.N.LH_LH	YB214F	1.420046
1NMB.N.LH_N	1NMB.N.LH_LH	YB32F	0.466531
1PPF.E.I_E	1PPF.E.I_I	AB15C	-0.673707
1PPF.E.I_E	1PPF.E.I_I	AB15D	1.138229
1PPF.E.I_E	1PPF.E.I_I	AB15E	0.105604
1PPF.E.I_E	1PPF.E.I_I	AB15F	-0.072950
1PPF.E.I_E	1PPF.E.I_I	AB15G	1.138229
1PPF.E.I_E	1PPF.E.I_I	AB15H	0.552888
1PPF.E.I_E	1PPF.E.I_I	AB15I	0.329478
1PPF.E.I_E	1PPF.E.I_I	AB15K	1.127554
1PPF.E.I_E	1PPF.E.I_I	AB15L	0.017793
1PPF.E.I_E	1PPF.E.I_I	AB15M	-0.401338
1PPF.E.I_E	1PPF.E.I_I	AB15N	0.915471
1PPF.E.I_E	1PPF.E.I_I	AB15P	1.995459
1PPF.E.I_E	1PPF.E.I_I	AB15Q	0.249774
1PPF.E.I_E	1PPF.E.I_I	AB15R	-0.264178
1PPF.E.I_E	1PPF.E.I_I	AB15S	0.756479
1PPF.E.I_E	1PPF.E.I_I	AB15T	0.962834
1PPF.E.I_E	1PPF.E.I_I	AB15V	0.200324
1PPF.E.I_E	1PPF.E.I_I	AB15W	-0.640845
1PPF.E.I_E	1PPF.E.I_I	AB15Y	-0.185067
1PPF.E.I_E	1PPF.E.I_I	EB19A	1.203289
1PPF.E.I_E	1PPF.E.I_I	EB19C	1.402633
1PPF.E.I_E	1PPF.E.I_I	EB19D	0.577925
1PPF.E.I_E	1PPF.E.I_I	EB19F	1.364171
1PPF.E.I_E	1PPF.E.I_I	EB19G	2.120650
1PPF.E.I_E	1PPF.E.I_I	EB19H	0.690464
1PPF.E.I_E	1PPF.E.I_I	EB19I	0.723326
1PPF.E.I_E	1PPF.E.I_I	EB19K	2.120650
1PPF.E.I_E	1PPF.E.I_I	EB19L	1.071087
1PPF.E.I_E	1PPF.E.I_I	EB19M	1.148715
1PPF.E.I_E	1PPF.E.I_I	EB19N	1.212693
1PPF.E.I_E	1PPF.E.I_I	EB19P	3.210383
1PPF.E.I_E	1PPF.E.I_I	EB19Q	0.660431
1PPF.E.I_E	1PPF.E.I_I	EB19R	1.481744
1PPF.E.I_E	1PPF.E.I_I	EB19S	1.846212
1PPF.E.I_E	1PPF.E.I_I	EB19T	1.504980
1PPF.E.I_E	1PPF.E.I_I	EB19V	1.159019
1PPF.E.I_E	1PPF.E.I_I	EB19W	1.530076
1PPF.E.I_E	1PPF.E.I_I	EB19Y	1.248885
1PPF.E.I_E	1PPF.E.I_I	GB32A	0.257595
1PPF.E.I_E	1PPF.E.I_I	GB32C	1.179104
1PPF.E.I_E	1PPF.E.I_I	GB32D	2.497087
1PPF.E.I_E	1PPF.E.I_I	GB32E	1.457559
1PPF.E.I_E	1PPF.E.I_I	GB32F	1.481744
1PPF.E.I_E	1PPF.E.I_I	GB32H	1.504980
1PPF.E.I_E	1PPF.E.I_I	GB32I	4.372321
1PPF.E.I_E	1PPF.E.I_I	GB32K	3.306267
1PPF.E.I_E	1PPF.E.I_I	GB32L	3.129898
1PPF.E.I_E	1PPF.E.I_I	GB32M	2.195336
1PPF.E.I_E	1PPF.E.I_I	GB32N	1.613946
1PPF.E.I_E	1PPF.E.I_I	GB32P	0.263825
1PPF.E.I_E	1PPF.E.I_I	GB32Q	2.799726
1PPF.E.I_E	1PPF.E.I_I	GB32R	4.848992
1PPF.E.I_E	1PPF.E.I_I	GB32S	0.915471
1PPF.E.I_E	1PPF.E.I_I	GB32T	2.812400
1PPF.E.I_E	1PPF.E.I_I	GB32V	2.548172
1PPF.E.I_E	1PPF.E.I_I	GB32W	1.643979
1PPF.E.I_E	1PPF.E.I_I	GB32Y	1.203289
1PPF.E.I_E	1PPF.E.I_I	KB13A	0.756479
1PPF.E.I_E	1PPF.E.I_I	KB13C	0.962834
1PPF.E.I_E	1PPF.E.I_I	KB13D	0.631288
1PPF.E.I_E	1PPF.E.I_I	KB13E	1.132916
1PPF.E.I_E	1PPF.E.I_I	KB13F	0.962834
1PPF.E.I_E	1PPF.E.I_I	KB13G	1.248885
1PPF.E.I_E	1PPF.E.I_I	KB13H	1.014561
1PPF.E.I_E	1PPF.E.I_I	KB13I	0.631288
1PPF.E.I_E	1PPF.E.I_I	KB13L	0.401556
1PPF.E.I_E	1PPF.E.I_I	KB13M	0.208053
1PPF.E.I_E	1PPF.E.I_I	KB13N	0.660431
1PPF.E.I_E	1PPF.E.I_I	KB13P	1.266184
1PPF.E.I_E	1PPF.E.I_I	KB13Q	0.249774
1PPF.E.I_E	1PPF.E.I_I	KB13R	-0.640845
1PPF.E.I_E	1PPF.E.I_I	KB13S	0.460850
1PPF.E.I_E	1PPF.E.I_I	KB13T	0.165905
1PPF.E.I_E	1PPF.E.I_I	KB13V	0.871507
1PPF.E.I_E	1PPF.E.I_I	KB13W	0.831165
1PPF.E.I_E	1PPF.E.I_I	KB13Y	0.505585
1PPF.E.I_E	1PPF.E.I_I	LB18A	1.016960
1PPF.E.I_E	1PPF.E.I_I	LB18C	-0.089523
1PPF.E.I_E	1PPF.E.I_I	LB18D	7.613488
1PPF.E.I_E	1PPF.E.I_I	LB18E	7.063434
1PPF.E.I_E	1PPF.E.I_I	LB18F	5.169496
1PPF.E.I_E	1PPF.E.I_I	LB18G	3.332899
1PPF.E.I_E	1PPF.E.I_I	LB18H	6.471246
1PPF.E.I_E	1PPF.E.I_I	LB18I	-0.732883
1PPF.E.I_E	1PPF.E.I_I	LB18K	5.692886
1PPF.E.I_E	1PPF.E.I_I	LB18M	1.242062
1PPF.E.I_E	1PPF.E.I_I	LB18N	5.225429
1PPF.E.I_E	1PPF.E.I_I	LB18P	6.147149
1PPF.E.I_E	1PPF.E.I_I	LB18Q	3.347520
1PPF.E.I_E	1PPF.E.I_I	LB18R	7.184542
1PPF.E.I_E	1PPF.E.I_I	LB18S	3.092029
1PPF.E.I_E	1PPF.E.I_I	LB18T	0.915471
1PPF.E.I_E	1PPF.E.I_I	LB18V	-0.492664
1PPF.E.I_E	1PPF.E.I_I	LB18W	7.544181
1PPF.E.I_E	1PPF.E.I_I	LB18Y	6.635789
1PPF.E.I_E	1PPF.E.I_I	NB36A	-1.645523
1PPF.E.I_E	1PPF.E.I_I	NB36C	0.604556
1PPF.E.I_E	1PPF.E.I_I	NB36D	-3.077952
1PPF.E.I_E	1PPF.E.I_I	NB36E	-1.018349
1PPF.E.I_E	1PPF.E.I_I	NB36F	1.846212
1PPF.E.I_E	1PPF.E.I_I	NB36G	-0.571538
1PPF.E.I_E	1PPF.E.I_I	NB36H	-0.533006
1PPF.E.I_E	1PPF.E.I_I	NB36I	0.871507
1PPF.E.I_E	1PPF.E.I_I	NB36K	2.621769
1PPF.E.I_E	1PPF.E.I_I	NB36L	2.647163
1PPF.E.I_E	1PPF.E.I_I	NB36M	1.071087
1PPF.E.I_E	1PPF.E.I_I	NB36P	-2.959598
1PPF.E.I_E	1PPF.E.I_I	NB36Q	0.382923
1PPF.E.I_E	1PPF.E.I_I	NB36R	1.869756
1PPF.E.I_E	1PPF.E.I_I	NB36S	-1.346378
1PPF.E.I_E	1PPF.E.I_I	NB36T	0.552888
1PPF.E.I_E	1PPF.E.I_I	NB36V	0.345822
1PPF.E.I_E	1PPF.E.I_I	NB36W	1.721962
1PPF.E.I_E	1PPF.E.I_I	NB36Y	1.676840
1PPF.E.I_E	1PPF.E.I_I	PB14A	-0.124129
1PPF.E.I_E	1PPF.E.I_I	PB14C	-2.005016
1PPF.E.I_E	1PPF.E.I_I	PB14D	-0.492664
1PPF.E.I_E	1PPF.E.I_I	PB14E	-1.429005
1PPF.E.I_E	1PPF.E.I_I	PB14F	-1.856836
1PPF.E.I_E	1PPF.E.I_I	PB14G	0.093388
1PPF.E.I_E	1PPF.E.I_I	PB14H	-1.765509
1PPF.E.I_E	1PPF.E.I_I	PB14I	-1.651360
1PPF.E.I_E	1PPF.E.I_I	PB14K	-0.448700
1PPF.E.I_E	1PPF.E.I_I	PB14L	-2.923367
1PPF.E.I_E	1PPF.E.I_I	PB14M	-1.574453
1PPF.E.I_E	1PPF.E.I_I	PB14N	-0.640845
1PPF.E.I_E	1PPF.E.I_I	PB14Q	-0.811283
1PPF.E.I_E	1PPF.E.I_I	PB14R	-0.137646
1PPF.E.I_E	1PPF.E.I_I	PB14S	-0.571538
1PPF.E.I_E	1PPF.E.I_I	PB14T	-0.264178
1PPF.E.I_E	1PPF.E.I_I	PB14V	-1.525053
1PPF.E.I_E	1PPF.E.I_I	PB14W	-2.005016
1PPF.E.I_E	1PPF.E.I_I	PB14Y	-0.962616
1PPF.E.I_E	1PPF.E.I_I	RB21A	0.208053
1PPF.E.I_E	1PPF.E.I_I	RB21C	-0.081179
1PPF.E.I_E	1PPF.E.I_I	RB21D	0.208053
1PPF.E.I_E	1PPF.E.I_I	RB21E	0.460850
1PPF.E.I_E	1PPF.E.I_I	RB21F	-0.981248
1PPF.E.I_E	1PPF.E.I_I	RB21G	0.577925
1PPF.E.I_E	1PPF.E.I_I	RB21H	-0.492664
1PPF.E.I_E	1PPF.E.I_I	RB21I	-0.811283
1PPF.E.I_E	1PPF.E.I_I	RB21K	0.604556
1PPF.E.I_E	1PPF.E.I_I	RB21L	-0.858586
1PPF.E.I_E	1PPF.E.I_I	RB21M	-0.759615
1PPF.E.I_E	1PPF.E.I_I	RB21N	0.329478
1PPF.E.I_E	1PPF.E.I_I	RB21P	6.705569
1PPF.E.I_E	1PPF.E.I_I	RB21Q	-0.018344
1PPF.E.I_E	1PPF.E.I_I	RB21S	0.419620
1PPF.E.I_E	1PPF.E.I_I	RB21T	-0.018344
1PPF.E.I_E	1PPF.E.I_I	RB21V	-0.349610
1PPF.E.I_E	1PPF.E.I_I	RB21W	-0.533006
1PPF.E.I_E	1PPF.E.I_I	RB21Y	0.220632
1PPF.E.I_E	1PPF.E.I_I	TB17A	3.189534
1PPF.E.I_E	1PPF.E.I_I	TB17C	2.087497
1PPF.E.I_E	1PPF.E.I_I	TB17D	4.923678
1PPF.E.I_E	1PPF.E.I_I	TB17E	3.057588
1PPF.E.I_E	1PPF.E.I_I	TB17F	1.709993
1PPF.E.I_E	1PPF.E.I_I	TB17G	3.599849
1PPF.E.I_E	1PPF.E.I_I	TB17H	1.693649
1PPF.E.I_E	1PPF.E.I_I	TB17I	1.481744
1PPF.E.I_E	1PPF.E.I_I	TB17K	3.388773
1PPF.E.I_E	1PPF.E.I_I	TB17L	2.279642
1PPF.E.I_E	1PPF.E.I_I	TB17M	2.502400
1PPF.E.I_E	1PPF.E.I_I	TB17N	2.698713
1PPF.E.I_E	1PPF.E.I_I	TB17P	3.074164
1PPF.E.I_E	1PPF.E.I_I	TB17Q	1.968727
1PPF.E.I_E	1PPF.E.I_I	TB17R	3.451668
1PPF.E.I_E	1PPF.E.I_I	TB17S	1.530874
1PPF.E.I_E	1PPF.E.I_I	TB17V	1.512658
1PPF.E.I_E	1PPF.E.I_I	TB17W	2.195336
1PPF.E.I_E	1PPF.E.I_I	TB17Y	2.480854
1PPF.E.I_E	1PPF.E.I_I	YB20A	3.210383
1PPF.E.I_E	1PPF.E.I_I	YB20C	3.451668
1PPF.E.I_E	1PPF.E.I_I	YB20D	6.419518
1PPF.E.I_E	1PPF.E.I_I	YB20E	6.419518
1PPF.E.I_E	1PPF.E.I_I	YB20F	0.482041
1PPF.E.I_E	1PPF.E.I_I	YB20G	4.185901
1PPF.E.I_E	1PPF.E.I_I	YB20H	2.415752
1PPF.E.I_E	1PPF.E.I_I	YB20I	3.931631
1PPF.E.I_E	1PPF.E.I_I	YB20K	4.494069
1PPF.E.I_E	1PPF.E.I_I	YB20L	1.374911
1PPF.E.I_E	1PPF.E.I_I	YB20M	2.812400
1PPF.E.I_E	1PPF.E.I_I	YB20N	3.643814
1PPF.E.I_E	1PPF.E.I_I	YB20P	5.367161
1PPF.E.I_E	1PPF.E.I_I	YB20Q	4.697070
1PPF.E.I_E	1PPF.E.I_I	YB20R	4.372321
1PPF.E.I_E	1PPF.E.I_I	YB20S	3.643814
1PPF.E.I_E	1PPF.E.I_I	YB20T	5.055347
1PPF.E.I_E	1PPF.E.I_I	YB20V	4.185901
1PPF.E.I_E	1PPF.E.I_I	YB20W	0.235382
1PPF.E.I_E	1PPF.E.I_I	AB15D,GB32A	1.159019
1PPF.E.I_E	1PPF.E.I_I	AB15D,LB18A,YB20D	8.737915
1PPF.E.I_E	1PPF.E.I_I	AB15G,LB18M,LB23V,KB29I,EB43K	2.279642
1PPF.E.I_E	1PPF.E.I_I	AB15R,LB18R	7.327797
1PPF.E.I_E	1PPF.E.I_I	AB15T,LB18M	-1.492771
1PPF.E.I_E	1PPF.E.I_I	AB15V,TB17S	1.765727
1PPF.E.I_E	1PPF.E.I_I	AB15V,TB17S,LB18P,RB21M,NB28S,GB32N,NB36D,NB39S,SB51G	7.373743
1PPF.E.I_E	1PPF.E.I_I	AB15V,TB17S,RB21M,NB28S,KB29Q,GB32S,KB34E,EB43D	1.942096
1PPF.E.I_E	1PPF.E.I_I	DB7N,EB10D,AB15V,TB17S,EB19L,RB21M,VB42A,EB43D	1.402633
1PPF.E.I_E	1PPF.E.I_I	DB7N,EB10G,LB18M,RB21M,EB43D,KB55E	0.038462
1PPF.E.I_E	1PPF.E.I_I	EB10D,AB15V,EB19D,RB21M,GB32S,EB43D,LB48I,KB55R	2.486315
1PPF.E.I_E	1PPF.E.I_I	EB10D,AB15V,EB19D,RB21M,KB29T,GB32S,EB43D,LB48I	1.917059
1PPF.E.I_E	1PPF.E.I_I	EB10D,AB15V,TB17P,EB19D,RB21M,NB28S,GB32S,NB45S,SB51R	3.332899
1PPF.E.I_E	1PPF.E.I_I	EB10D,AB15V,TB17S,EB19D,RB21M,KB29T,GB32N,NB36I,EB43D,LB48I	4.598098
1PPF.E.I_E	1PPF.E.I_I	EB10D,AB15V,TB17S,RB21M,NB28S,GB32N,NB36D,SB51G	1.014561
1PPF.E.I_E	1PPF.E.I_I	EB10D,AB15V,TB17S,RB21M,NB28S,GB32S,EB43D	2.087497
1PPF.E.I_E	1PPF.E.I_I	EB10D,AB15V,TB17S,RB21M,NB28S,GB32S,NB36D,EB43D	-0.029629
1PPF.E.I_E	1PPF.E.I_I	EB10D,AB15V,TB17S,RB21M,NB28S,GB32S,VB42A,EB43D	1.613946
1PPF.E.I_E	1PPF.E.I_I	EB10D,AB15V,TB17S,RB21M,VB42A,EB43D	1.226526
1PPF.E.I_E	1PPF.E.I_I	EB10D,AB15V,TB17S,YB20D,RB21M,NB28S,GB32S,EB43D	7.481286
1PPF.E.I_E	1PPF.E.I_I	EB10D,AB15V,YB20D,RB21M,KB29I,GB32H,NB36Y,VB42A,EB43H,LB50F	4.923678
1PPF.E.I_E	1PPF.E.I_I	EB10D,AB15V,YB20E,RB21M,EB43D	6.527772
1PPF.E.I_E	1PPF.E.I_I	EB10D,KB13M,LB18M,LB23V	1.627997
1PPF.E.I_E	1PPF.E.I_I	EB10D,KB13R,AB15D,RB21M,EB43D	0.129305
1PPF.E.I_E	1PPF.E.I_I	EB10D,KB13R,AB15V,EB19D,RB21M,GB32S,EB43D,LB48I,KB55R	2.327005
1PPF.E.I_E	1PPF.E.I_I	EB10D,LB18F,RB21M,EB43D	4.553364
1PPF.E.I_E	1PPF.E.I_I	EB10D,LB18M,RB21M,EB43D	0.831165
1PPF.E.I_E	1PPF.E.I_I	EB10D,LB18V,RB21M,EB43D	0.038462
1PPF.E.I_E	1PPF.E.I_I	EB10D,LB18V,RB21M,GB32D,EB43D	1.402633
1PPF.E.I_E	1PPF.E.I_I	EB10D,RB21M,EB43D	-0.759615
1PPF.E.I_E	1PPF.E.I_I	EB10D,RB21M,KB29Q,GB32S,NB36S,EB43D	-0.448700
1PPF.E.I_E	1PPF.E.I_I	EB10D,RB21M,LB23F,NB28S,GB32S,EB43D	0.460850
1PPF.E.I_E	1PPF.E.I_I	EB10D,TB17L,RB21M,GB32D,NB36S,EB43D,TB49S	4.372321
1PPF.E.I_E	1PPF.E.I_I	EB10D,TB17R,LB18M,RB21M,EB43D	4.620742
1PPF.E.I_E	1PPF.E.I_I	EB10D,TB17S,EB19D,RB21M,NB28S,GB32S,EB43D,GB54E	3.281230
1PPF.E.I_E	1PPF.E.I_I	EB10D,YB11H,AB15V,TB17S,RB21M,NB28S,GB32S,NB36D	0.295370
1PPF.E.I_E	1PPF.E.I_I	EB10G,KB13Q,PB14S,TB17P,LB18Q,EB19D,RB21V,LB23F,GB32S,VB42A,EB43D	6.034609
1PPF.E.I_E	1PPF.E.I_I	EB10G,KB13Q,TB17S,RB21V,LB23F,GB32S,NB36D,VB42A,EB43D	0.505585
1PPF.E.I_E	1PPF.E.I_I	EB10G,LB18M,RB21M,EB43D,KB55E	-0.010938
1PPF.E.I_E	1PPF.E.I_I	EB10G,LB18M,YB20S,LB23I,KB29T,GB32S,HB52Y,FB53P,KB55V	5.622589
1PPF.E.I_E	1PPF.E.I_I	KB13S,PB14D,AB15Y	-0.124977
1PPF.E.I_E	1PPF.E.I_I	KB13S,PB14D,AB15Y,LB18G,EB19I,RB21K	4.031303
1PPF.E.I_E	1PPF.E.I_I	KB13T,PB14E,AB15Y	-0.755991
1PPF.E.I_E	1PPF.E.I_I	KB13T,PB14E,AB15Y,LB18G,RB21M,GB32P,NB36V	1.769350
1PPF.E.I_E	1PPF.E.I_I	LB18I,GB32D	2.523190
1PPF.E.I_E	1PPF.E.I_I	LB18M,GB32D	3.985940
1PPF.E.I_E	1PPF.E.I_I	LB18M,HB52R	1.481744
1PPF.E.I_E	1PPF.E.I_I	LB18M,LB23V,KB29I,EB43K	1.392388
1PPF.E.I_E	1PPF.E.I_I	LB18M,NB36D,SB51N	-0.858586
1PPF.E.I_E	1PPF.E.I_I	LB18M,SB51N	1.257598
1PPF.E.I_E	1PPF.E.I_I	LB18M,TB30S,GB32D	4.176571
1PPF.E.I_E	1PPF.E.I_I	LB18M,YB20Q	5.839608
1PPF.E.I_E	1PPF.E.I_I	RB21M,KB29Q,GB32S,EB43D	0.071384
1PPF.E.I_E	1PPF.E.I_I	RB21V,LB23I	-0.293084
1PPF.E.I_E	1PPF.E.I_I	VB6I,EB10D,AB15V,TB17S,RB21M,NB28S,GB32S,EB43D,TB49I	1.968727
1PPF.E.I_E	1PPF.E.I_I	YB11H,EB19D,LB23I,NB28S,GB32S,NB36D,VB42M,EB43D	0.329478
1R0R.E.I_E	1R0R.E.I_I	AB10C	-0.483468
1R0R.E.I_E	1R0R.E.I_I	AB10D	5.228435
1R0R.E.I_E	1R0R.E.I_I	AB10E	4.577856
1R0R.E.I_E	1R0R.E.I_I	AB10F	-2.242999
1R0R.E.I_E	1R0R.E.I_I	AB10G	1.111737
1R0R.E.I_E	1R0R.E.I_I	AB10H	1.774828
1R0R.E.I_E	1R0R.E.I_I	AB10I	-1.799517
1R0R.E.I_E	1R0R.E.I_I	AB10K	3.072984
1R0R.E.I_E	1R0R.E.I_I	AB10L	-1.755011
1R0R.E.I_E	1R0R.E.I_I	AB10M	-1.739622
1R0R.E.I_E	1R0R.E.I_I	AB10N	2.089436
1R0R.E.I_E	1R0R.E.I_I	AB10P	3.345354
1R0R.E.I_E	1R0R.E.I_I	AB10Q	1.810982
1R0R.E.I_E	1R0R.E.I_I	AB10R	5.530482
1R0R.E.I_E	1R0R.E.I_I	AB10S	1.741675
1R0R.E.I_E	1R0R.E.I_I	AB10T	1.268123
1R0R.E.I_E	1R0R.E.I_I	AB10V	-0.970091
1R0R.E.I_E	1R0R.E.I_I	AB10W	0.207066
1R0R.E.I_E	1R0R.E.I_I	AB10Y	-0.838487
1R0R.E.I_E	1R0R.E.I_I	EB14A	2.089436
1R0R.E.I_E	1R0R.E.I_I	EB14C	2.371582
1R0R.E.I_E	1R0R.E.I_I	EB14D	0.258734
1R0R.E.I_E	1R0R.E.I_I	EB14F	3.618091
1R0R.E.I_E	1R0R.E.I_I	EB14G	2.711998
1R0R.E.I_E	1R0R.E.I_I	EB14H	1.708813
1R0R.E.I_E	1R0R.E.I_I	EB14I	0.736997
1R0R.E.I_E	1R0R.E.I_I	EB14K	2.711998
1R0R.E.I_E	1R0R.E.I_I	EB14L	0.569649
1R0R.E.I_E	1R0R.E.I_I	EB14M	1.571237
1R0R.E.I_E	1R0R.E.I_I	EB14N	2.118342
1R0R.E.I_E	1R0R.E.I_I	EB14P	3.764484
1R0R.E.I_E	1R0R.E.I_I	EB14Q	1.282174
1R0R.E.I_E	1R0R.E.I_I	EB14R	2.089436
1R0R.E.I_E	1R0R.E.I_I	EB14S	3.175153
1R0R.E.I_E	1R0R.E.I_I	EB14T	4.252276
1R0R.E.I_E	1R0R.E.I_I	EB14V	0.094771
1R0R.E.I_E	1R0R.E.I_I	EB14W	1.849514
1R0R.E.I_E	1R0R.E.I_I	EB14Y	1.889856
1R0R.E.I_E	1R0R.E.I_I	GB27A	1.314587
1R0R.E.I_E	1R0R.E.I_I	GB27C	1.419905
1R0R.E.I_E	1R0R.E.I_I	GB27D	2.888105
1R0R.E.I_E	1R0R.E.I_I	GB27E	1.981183
1R0R.E.I_E	1R0R.E.I_I	GB27F	0.115028
1R0R.E.I_E	1R0R.E.I_I	GB27H	2.192495
1R0R.E.I_E	1R0R.E.I_I	GB27I	1.981183
1R0R.E.I_E	1R0R.E.I_I	GB27K	2.935408
1R0R.E.I_E	1R0R.E.I_I	GB27L	2.410737
1R0R.E.I_E	1R0R.E.I_I	GB27M	2.156578
1R0R.E.I_E	1R0R.E.I_I	GB27N	1.282174
1R0R.E.I_E	1R0R.E.I_I	GB27P	1.080047
1R0R.E.I_E	1R0R.E.I_I	GB27Q	2.032910
1R0R.E.I_E	1R0R.E.I_I	GB27R	3.471120
1R0R.E.I_E	1R0R.E.I_I	GB27S	0.911775
1R0R.E.I_E	1R0R.E.I_I	GB27T	1.678780
1R0R.E.I_E	1R0R.E.I_I	GB27V	1.957501
1R0R.E.I_E	1R0R.E.I_I	GB27W	1.401272
1R0R.E.I_E	1R0R.E.I_I	GB27Y	0.485343
1R0R.E.I_E	1R0R.E.I_I	KB8A	-0.610000
1R0R.E.I_E	1R0R.E.I_I	KB8C	-0.615670
1R0R.E.I_E	1R0R.E.I_I	KB8D	-0.593310
1R0R.E.I_E	1R0R.E.I_I	KB8E	-0.110440
1R0R.E.I_E	1R0R.E.I_I	KB8F	-0.794522
1R0R.E.I_E	1R0R.E.I_I	KB8G	-0.838487
1R0R.E.I_E	1R0R.E.I_I	KB8H	-0.593310
1R0R.E.I_E	1R0R.E.I_I	KB8I	1.123952
1R0R.E.I_E	1R0R.E.I_I	KB8L	-0.328029
1R0R.E.I_E	1R0R.E.I_I	KB8M	-0.561278
1R0R.E.I_E	1R0R.E.I_I	KB8N	-0.390840
1R0R.E.I_E	1R0R.E.I_I	KB8P	1.347827
1R0R.E.I_E	1R0R.E.I_I	KB8Q	-0.530889
1R0R.E.I_E	1R0R.E.I_I	KB8R	0.136218
1R0R.E.I_E	1R0R.E.I_I	KB8S	-0.307360
1R0R.E.I_E	1R0R.E.I_I	KB8T	0.889749
1R0R.E.I_E	1R0R.E.I_I	KB8V	0.410656
1R0R.E.I_E	1R0R.E.I_I	KB8W	-1.105437
1R0R.E.I_E	1R0R.E.I_I	KB8Y	-0.695432
1R0R.E.I_E	1R0R.E.I_I	LB13A	0.420147
1R0R.E.I_E	1R0R.E.I_I	LB13C	-1.346307
1R0R.E.I_E	1R0R.E.I_I	LB13D	4.539324
1R0R.E.I_E	1R0R.E.I_I	LB13E	2.150663
1R0R.E.I_E	1R0R.E.I_I	LB13F	0.617011
1R0R.E.I_E	1R0R.E.I_I	LB13G	2.352891
1R0R.E.I_E	1R0R.E.I_I	LB13H	0.569649
1R0R.E.I_E	1R0R.E.I_I	LB13I	3.254027
1R0R.E.I_E	1R0R.E.I_I	LB13K	3.094362
1R0R.E.I_E	1R0R.E.I_I	LB13M	-0.516260
1R0R.E.I_E	1R0R.E.I_I	LB13N	1.500390
1R0R.E.I_E	1R0R.E.I_I	LB13P	7.687727
1R0R.E.I_E	1R0R.E.I_I	LB13Q	0.593330
1R0R.E.I_E	1R0R.E.I_I	LB13R	2.935408
1R0R.E.I_E	1R0R.E.I_I	LB13S	1.571237
1R0R.E.I_E	1R0R.E.I_I	LB13T	0.159763
1R0R.E.I_E	1R0R.E.I_I	LB13V	2.156578
1R0R.E.I_E	1R0R.E.I_I	LB13W	1.523934
1R0R.E.I_E	1R0R.E.I_I	LB13Y	0.446811
1R0R.E.I_E	1R0R.E.I_I	NB23S	-0.066014
1R0R.E.I_E	1R0R.E.I_I	NB31A	-0.033153
1R0R.E.I_E	1R0R.E.I_I	NB31C	0.569649
1R0R.E.I_E	1R0R.E.I_I	NB31D	0.569649
1R0R.E.I_E	1R0R.E.I_I	NB31E	-0.205013
1R0R.E.I_E	1R0R.E.I_I	NB31F	-0.179917
1R0R.E.I_E	1R0R.E.I_I	NB31G	0.285466
1R0R.E.I_E	1R0R.E.I_I	NB31H	0.285466
1R0R.E.I_E	1R0R.E.I_I	NB31I	0.314609
1R0R.E.I_E	1R0R.E.I_I	NB31K	1.147654
1R0R.E.I_E	1R0R.E.I_I	NB31L	1.546578
1R0R.E.I_E	1R0R.E.I_I	NB31M	0.314609
1R0R.E.I_E	1R0R.E.I_I	NB31P	1.479199
1R0R.E.I_E	1R0R.E.I_I	NB31Q	-0.274438
1R0R.E.I_E	1R0R.E.I_I	NB31R	1.458942
1R0R.E.I_E	1R0R.E.I_I	NB31S	0.485343
1R0R.E.I_E	1R0R.E.I_I	NB31T	0.569649
1R0R.E.I_E	1R0R.E.I_I	NB31V	0.668739
1R0R.E.I_E	1R0R.E.I_I	NB31W	0.055733
1R0R.E.I_E	1R0R.E.I_I	NB31Y	0.182407
1R0R.E.I_E	1R0R.E.I_I	PB9A	-0.638906
1R0R.E.I_E	1R0R.E.I_I	PB9C	-0.986667
1R0R.E.I_E	1R0R.E.I_I	PB9D	-2.521276
1R0R.E.I_E	1R0R.E.I_I	PB9E	-2.242999
1R0R.E.I_E	1R0R.E.I_I	PB9F	1.382035
1R0R.E.I_E	1R0R.E.I_I	PB9G	-0.345822
1R0R.E.I_E	1R0R.E.I_I	PB9H	-0.216517
1R0R.E.I_E	1R0R.E.I_I	PB9I	1.741675
1R0R.E.I_E	1R0R.E.I_I	PB9K	0.344642
1R0R.E.I_E	1R0R.E.I_I	PB9L	1.184254
1R0R.E.I_E	1R0R.E.I_I	PB9M	-0.033153
1R0R.E.I_E	1R0R.E.I_I	PB9N	-0.917360
1R0R.E.I_E	1R0R.E.I_I	PB9Q	-1.414623
1R0R.E.I_E	1R0R.E.I_I	PB9R	1.102406
1R0R.E.I_E	1R0R.E.I_I	PB9S	0.136218
1R0R.E.I_E	1R0R.E.I_I	PB9T	1.197750
1R0R.E.I_E	1R0R.E.I_I	PB9V	1.331018
1R0R.E.I_E	1R0R.E.I_I	PB9W	0.485343
1R0R.E.I_E	1R0R.E.I_I	PB9Y	0.857467
1R0R.E.I_E	1R0R.E.I_I	RB16A	-0.096048
1R0R.E.I_E	1R0R.E.I_I	RB16C	0.115028
1R0R.E.I_E	1R0R.E.I_I	RB16D	-0.179917
1R0R.E.I_E	1R0R.E.I_I	RB16E	0.344642
1R0R.E.I_E	1R0R.E.I_I	RB16F	0.446811
1R0R.E.I_E	1R0R.E.I_I	RB16G	2.089436
1R0R.E.I_E	1R0R.E.I_I	RB16H	0.525685
1R0R.E.I_E	1R0R.E.I_I	RB16I	0.207066
1R0R.E.I_E	1R0R.E.I_I	RB16K	-0.096048
1R0R.E.I_E	1R0R.E.I_I	RB16L	0.232103
1R0R.E.I_E	1R0R.E.I_I	RB16M	0.446811
1R0R.E.I_E	1R0R.E.I_I	RB16N	-0.050452
1R0R.E.I_E	1R0R.E.I_I	RB16P	7.390505
1R0R.E.I_E	1R0R.E.I_I	RB16Q	0.182407
1R0R.E.I_E	1R0R.E.I_I	RB16S	-0.016345
1R0R.E.I_E	1R0R.E.I_I	RB16T	0.344642
1R0R.E.I_E	1R0R.E.I_I	RB16V	0.115028
1R0R.E.I_E	1R0R.E.I_I	RB16W	0.945399
1R0R.E.I_E	1R0R.E.I_I	RB16Y	0.823325
1R0R.E.I_E	1R0R.E.I_I	TB12A	0.980162
1R0R.E.I_E	1R0R.E.I_I	TB12C	0.813197
1R0R.E.I_E	1R0R.E.I_I	TB12D	2.888105
1R0R.E.I_E	1R0R.E.I_I	TB12E	3.018399
1R0R.E.I_E	1R0R.E.I_I	TB12F	-0.066014
1R0R.E.I_E	1R0R.E.I_I	TB12G	3.138999
1R0R.E.I_E	1R0R.E.I_I	TB12H	0.525685
1R0R.E.I_E	1R0R.E.I_I	TB12I	0.258734
1R0R.E.I_E	1R0R.E.I_I	TB12K	1.933820
1R0R.E.I_E	1R0R.E.I_I	TB12L	0.668739
1R0R.E.I_E	1R0R.E.I_I	TB12M	1.331018
1R0R.E.I_E	1R0R.E.I_I	TB12N	0.017864
1R0R.E.I_E	1R0R.E.I_I	TB12P	4.949980
1R0R.E.I_E	1R0R.E.I_I	TB12Q	2.221638
1R0R.E.I_E	1R0R.E.I_I	TB12R	3.345354
1R0R.E.I_E	1R0R.E.I_I	TB12S	0.859036
1R0R.E.I_E	1R0R.E.I_I	TB12V	1.008609
1R0R.E.I_E	1R0R.E.I_I	TB12W	2.935408
1R0R.E.I_E	1R0R.E.I_I	TB12Y	-0.878828
1R0R.E.I_E	1R0R.E.I_I	YB15A	5.474549
1R0R.E.I_E	1R0R.E.I_I	YB15C	3.254027
1R0R.E.I_E	1R0R.E.I_I	YB15D	5.622921
1R0R.E.I_E	1R0R.E.I_I	YB15E	4.618198
1R0R.E.I_E	1R0R.E.I_I	YB15F	0.617011
1R0R.E.I_E	1R0R.E.I_I	YB15G	6.402083
1R0R.E.I_E	1R0R.E.I_I	YB15H	3.257035
1R0R.E.I_E	1R0R.E.I_I	YB15I	2.864561
1R0R.E.I_E	1R0R.E.I_I	YB15K	5.512418
1R0R.E.I_E	1R0R.E.I_I	YB15L	2.575117
1R0R.E.I_E	1R0R.E.I_I	YB15M	3.138999
1R0R.E.I_E	1R0R.E.I_I	YB15N	5.616447
1R0R.E.I_E	1R0R.E.I_I	YB15P	6.654434
1R0R.E.I_E	1R0R.E.I_I	YB15Q	4.503170
1R0R.E.I_E	1R0R.E.I_I	YB15R	4.470017
1R0R.E.I_E	1R0R.E.I_I	YB15S	5.162713
1R0R.E.I_E	1R0R.E.I_I	YB15T	5.474549
1R0R.E.I_E	1R0R.E.I_I	YB15V	3.510074
1R0R.E.I_E	1R0R.E.I_I	YB15W	-0.364166
1R0R.E.I_E	1R0R.E.I_I	AB10D,GB27A	5.903495
1R0R.E.I_E	1R0R.E.I_I	AB10D,GB27A,NB28S	5.834188
1R0R.E.I_E	1R0R.E.I_I	AB10D,LB13A	5.530482
1R0R.E.I_E	1R0R.E.I_I	AB10D,LB13A,YB15D	8.944813
1R0R.E.I_E	1R0R.E.I_I	AB10G,LB13M,LB18V,KB24I,EB38K	1.036142
1R0R.E.I_E	1R0R.E.I_I	AB10R,LB13R	7.738048
1R0R.E.I_E	1R0R.E.I_I	AB10R,TB12K,LB13R	9.300916
1R0R.E.I_E	1R0R.E.I_I	AB10T,LB13M	0.258734
1R0R.E.I_E	1R0R.E.I_I	AB10V,TB12S	0.094771
1R0R.E.I_E	1R0R.E.I_I	AB10V,TB12S,LB13P,RB16M,NB23S,GB27N,NB31D,NB34S,SB46G	9.231593
1R0R.E.I_E	1R0R.E.I_I	AB10V,TB12S,RB16M,NB23S,KB24Q,GB27S,KB29E,EB38D	1.401272
1R0R.E.I_E	1R0R.E.I_I	DB2N,EB5D,AB10V,TB12S,EB14L,RB16M,VB37A,EB38D	-0.917360
1R0R.E.I_E	1R0R.E.I_I	DB2N,EB5G,LB13M,RB16M,EB38D,KB50E	-1.049562
1R0R.E.I_E	1R0R.E.I_I	EB5D,AB10V,EB14D,RB16M,GB27S,EB38D,LB43I,KB50R	-0.240219
1R0R.E.I_E	1R0R.E.I_I	EB5D,AB10V,EB14D,RB16M,KB24T,GB27S,EB38D,LB43I	-0.179917
1R0R.E.I_E	1R0R.E.I_I	EB5D,AB10V,TB12P,EB14D,RB16M,NB23S,GB27S,NB40S,SB46R	4.940424
1R0R.E.I_E	1R0R.E.I_I	EB5D,AB10V,TB12S,EB14D,RB16M,KB24T,GB27N,NB31I,EB38D,LB43I	1.774828
1R0R.E.I_E	1R0R.E.I_I	EB5D,AB10V,TB12S,RB16M,NB23S,GB27N,NB31D,SB46G	0.485343
1R0R.E.I_E	1R0R.E.I_I	EB5D,AB10V,TB12S,RB16M,NB23S,GB27S,EB38D	0.207066
1R0R.E.I_E	1R0R.E.I_I	EB5D,AB10V,TB12S,RB16M,NB23S,GB27S,NB31D,EB38D	0.115028
1R0R.E.I_E	1R0R.E.I_I	EB5D,AB10V,TB12S,RB16M,NB23S,GB27S,NB31D,EB38D,TB44N	0.073797
1R0R.E.I_E	1R0R.E.I_I	EB5D,AB10V,TB12S,RB16M,NB23S,GB27S,NB31D,VB36F,EB38D,TB44S	0.037101
1R0R.E.I_E	1R0R.E.I_I	EB5D,AB10V,TB12S,RB16M,NB23S,GB27S,VB37A,EB38D	-0.050452
1R0R.E.I_E	1R0R.E.I_I	EB5D,AB10V,TB12S,RB16M,VB37A,EB38D	-1.157105
1R0R.E.I_E	1R0R.E.I_I	EB5D,AB10V,TB12S,YB15D,RB16M,NB23S,GB27S,EB38D	5.331494
1R0R.E.I_E	1R0R.E.I_I	EB5D,AB10V,YB15D,RB16M,KB24I,GB27H,NB31Y,VB37A,EB38H,LB45F	5.688787
1R0R.E.I_E	1R0R.E.I_I	EB5D,AB10V,YB15E,RB16M,EB38D	2.864561
1R0R.E.I_E	1R0R.E.I_I	EB5D,KB8M,LB13M,LB18V	-1.755011
1R0R.E.I_E	1R0R.E.I_I	EB5D,KB8Q,AB10V,TB12M,LB13G,EB14D,RB16M,NB23S,GB27S,EB38D,SB46N	3.105846
1R0R.E.I_E	1R0R.E.I_I	EB5D,KB8R,AB10D,RB16M,EB38D	5.771293
1R0R.E.I_E	1R0R.E.I_I	EB5D,KB8R,AB10V,EB14D,RB16M,GB27S,EB38D,LB43I,KB50R	-0.410656
1R0R.E.I_E	1R0R.E.I_I	EB5D,LB13F,RB16M,EB38D	1.135922
1R0R.E.I_E	1R0R.E.I_I	EB5D,LB13M,RB16M,EB38D	-0.240219
1R0R.E.I_E	1R0R.E.I_I	EB5D,LB13M,RB16M,GB27D,EB38D	2.032910
1R0R.E.I_E	1R0R.E.I_I	EB5D,LB13V,RB16M,EB38D	2.382520
1R0R.E.I_E	1R0R.E.I_I	EB5D,LB13V,RB16M,GB27D,EB38D	4.662163
1R0R.E.I_E	1R0R.E.I_I	EB5D,RB16M,EB38D	0.410656
1R0R.E.I_E	1R0R.E.I_I	EB5D,RB16M,KB24Q,GB27S,NB31S,EB38D	0.668739
1R0R.E.I_E	1R0R.E.I_I	EB5D,RB16M,KB29R,EB38D	-0.081997
1R0R.E.I_E	1R0R.E.I_I	EB5D,RB16M,LB18F,NB23S,GB27S,EB38D	1.298157
1R0R.E.I_E	1R0R.E.I_I	EB5D,TB12L,RB16M,GB27D,NB31S,EB38D,TB44S	3.818075
1R0R.E.I_E	1R0R.E.I_I	EB5D,TB12R,LB13M,RB16M,EB38D	3.397081
1R0R.E.I_E	1R0R.E.I_I	EB5D,TB12S,EB14D,RB16M,NB23S,GB27S,EB38D,GB49E	1.298157
1R0R.E.I_E	1R0R.E.I_I	EB5D,YB6H,AB10V,TB12S,RB16M,NB23S,GB27S,NB31D	0.344642
1R0R.E.I_E	1R0R.E.I_I	EB5G,KB8Q,PB9S,TB12P,LB13Q,EB14D,RB16V,LB18F,GB27S,VB37A,EB38D	3.571417
1R0R.E.I_E	1R0R.E.I_I	EB5G,KB8Q,TB12S,RB16V,LB18F,GB27S,NB31D,VB37A,EB38D	0.000000
1R0R.E.I_E	1R0R.E.I_I	EB5G,LB13M,RB16M,EB38D	-0.240219
1R0R.E.I_E	1R0R.E.I_I	EB5G,LB13M,RB16M,EB38D,KB50E	-0.695432
1R0R.E.I_E	1R0R.E.I_I	EB5G,LB13M,YB15S,LB18I,KB24T,GB27S,HB47Y,FB48P,KB50V	3.345354
1R0R.E.I_E	1R0R.E.I_I	KB8S,PB9D,AB10Y	-1.929859
1R0R.E.I_E	1R0R.E.I_I	KB8S,PB9D,AB10Y,LB13G,EB14I,RB16K	0.798483
1R0R.E.I_E	1R0R.E.I_I	KB8T,PB9E,AB10Y	-0.872752
1R0R.E.I_E	1R0R.E.I_I	KB8T,PB9E,AB10Y,LB13G,RB16M,GB27P,NB31V	2.416814
1R0R.E.I_E	1R0R.E.I_I	LB13I,GB27D	5.303459
1R0R.E.I_E	1R0R.E.I_I	LB13M,GB27D	2.393260
1R0R.E.I_E	1R0R.E.I_I	LB13M,HB47R	-0.317605
1R0R.E.I_E	1R0R.E.I_I	LB13M,HB47R,KB50E	-0.917360
1R0R.E.I_E	1R0R.E.I_I	LB13M,LB18V,KB24I,EB38K	-0.838487
1R0R.E.I_E	1R0R.E.I_I	LB13M,NB31D,SB46N	-0.307360
1R0R.E.I_E	1R0R.E.I_I	LB13M,SB46N	-0.497300
1R0R.E.I_E	1R0R.E.I_I	LB13M,SB46N,HB47R,KB50Q	-0.638906
1R0R.E.I_E	1R0R.E.I_I	LB13M,TB25S,GB27D	2.145903
1R0R.E.I_E	1R0R.E.I_I	LB13M,TB44N,KB50T	-0.838487
1R0R.E.I_E	1R0R.E.I_I	LB13M,YB15Q	3.640118
1R0R.E.I_E	1R0R.E.I_I	LB13S,RB16V,LB18I	1.889856
1R0R.E.I_E	1R0R.E.I_I	NB23S,GB27A	1.253731
1R0R.E.I_E	1R0R.E.I_I	PB9S,AB10L,TB12K,LB13R	4.892764
1R0R.E.I_E	1R0R.E.I_I	RB16M,KB24Q,GB27S,EB38D	1.111737
1R0R.E.I_E	1R0R.E.I_I	RB16V,LB18I	-0.016345
1R0R.E.I_E	1R0R.E.I_I	TB12K,LB13R	5.259515
1R0R.E.I_E	1R0R.E.I_I	TB12M,LB13S,GB27V	3.013808
1R0R.E.I_E	1R0R.E.I_I	TB12P,LB13K,EB14D,LB18V,GB27S,SB46N	7.678323
1R0R.E.I_E	1R0R.E.I_I	TB12P,LB13K,EB14D,LB18V,SB46N	7.546121
1R0R.E.I_E	1R0R.E.I_I	TB12R,LB13R	6.496128
1R0R.E.I_E	1R0R.E.I_I	VB1I,EB5D,AB10V,TB12S,RB16M,NB23S,GB27S,EB38D,TB44I	0.285466
1R0R.E.I_E	1R0R.E.I_I	YB6H,EB14D,LB18I,NB23S,GB27S,NB31D,VB37M,EB38D	0.781732
1SBB.A.B_A	1SBB.A.B_B	LB20T	-0.099672
1SBB.A.B_A	1SBB.A.B_B	VB26Y	-1.180796
1SBB.A.B_A	1SBB.A.B_B	YB91V	0.085219
1SBB.A.B_A	1SBB.A.B_B	LB20T,VB26Y,YB91V	0.132202
1SBN.E.I_E	1SBN.E.I_I	RB38K	-0.309999
1SGD.E.I_E	1SGD.E.I_I	DB13L	-5.668659
1SGE.E.I_E	1SGE.E.I_I	EB13L	-5.982758
1SGN.E.I_E	1SGN.E.I_I	NB13L	-3.399817
1SGP.E.I_E	1SGP.E.I_I	AB13L	-2.989160
1SGQ.E.I_E	1SGQ.E.I_I	GB13L	-5.003496
1SGY.E.I_E	1SGY.E.I_I	YB13L	-1.676006
1SIB.E.I_E	1SIB.E.I_I	KB46R	-0.731527
1SMF.E.I_E	1SMF.E.I_I	EB8A	1.012809
1SMF.E.I_E	1SMF.E.I_I	IB5A	3.511419
1SMF.E.I_E	1SMF.E.I_I	KB3A	5.689056
1SMF.E.I_E	1SMF.E.I_I	SB4A	1.899972
1SMF.E.I_E	1SMF.E.I_I	TB2A	2.046052
1TM1.E.I_E	1TM1.E.I_I	EB41A	2.989437
1TM1.E.I_E	1TM1.E.I_I	EB41S	2.747769
1TM1.E.I_E	1TM1.E.I_I	MB40A	1.027668
1TM1.E.I_E	1TM1.E.I_I	MB40F	1.027668
1TM1.E.I_E	1TM1.E.I_I	MB40G	2.232905
1TM1.E.I_E	1TM1.E.I_I	MB40K	1.093564
1TM1.E.I_E	1TM1.E.I_I	MB40Y	0.056467
1TM1.E.I_E	1TM1.E.I_I	RB43A	1.256154
1TM1.E.I_E	1TM1.E.I_I	RB46A	3.417935
1TM1.E.I_E	1TM1.E.I_I	RB48A	3.010781
1TM1.E.I_E	1TM1.E.I_I	RB48C	3.235801
1TM1.E.I_E	1TM1.E.I_I	TB39A	2.650369
1TM1.E.I_E	1TM1.E.I_I	TB39D	2.099074
1TM1.E.I_E	1TM1.E.I_I	TB39P	3.756010
1TM1.E.I_E	1TM1.E.I_I	VB51A	0.024862
1TM1.E.I_E	1TM1.E.I_I	YB42A	2.580556
1TM1.E.I_E	1TM1.E.I_I	YB42G	4.680967
1TM1.E.I_E	1TM1.E.I_I	EB41S,MB40R	3.549655
1TM1.E.I_E	1TM1.E.I_I	RB48A,RB46A	5.051923
1TM1.E.I_E	1TM1.E.I_I	TB39A,EB41A	3.390396
1TM1.E.I_E	1TM1.E.I_I	TB39D,EB41A	0.754171
1TM3.E.I_E	1TM3.E.I_I	KB40M	-1.093564
1TM4.E.I_E	1TM4.E.I_I	GB40M	-2.232905
1TM5.E.I_E	1TM5.E.I_I	AB40M	-1.027668
1TM7.E.I_E	1TM7.E.I_I	YB40M	-0.056467
1TMG.E.I_E	1TMG.E.I_I	FB40M	-1.027668
1TO1.E.I_E	1TO1.E.I_I	AB42Y	-2.981582
1UUZ.A.D_A	1UUZ.A.D_D	CA64A	0.650875
1UUZ.A.D_A	1UUZ.A.D_D	HA62A	1.774828
1UUZ.A.D_A	1UUZ.A.D_D	HA62D	3.379217
1UUZ.A.D_A	1UUZ.A.D_D	HA62N	1.519609
1UUZ.A.D_A	1UUZ.A.D_D	HA62Q	1.519609
1VFB.AB.C_AB	1VFB.AB.C_C	DA161A	0.815476
1VFB.AB.C_AB	1VFB.AB.C_C	DA165A	-0.207096
1VFB.AB.C_AB	1VFB.AB.C_C	DA165E	0.078116
1VFB.AB.C_AB	1VFB.AB.C_C	DA165N	-0.128239
1VFB.AB.C_AB	1VFB.AB.C_C	DA207A	3.006347
1VFB.AB.C_AB	1VFB.AB.C_C	DB119A	0.953515
1VFB.AB.C_AB	1VFB.AB.C_C	DB18A	0.340283
1VFB.AB.C_AB	1VFB.AB.C_C	EA205A	1.157075
1VFB.AB.C_AB	1VFB.AB.C_C	GA138A	0.306603
1VFB.AB.C_AB	1VFB.AB.C_C	GA138E	-0.509990
1VFB.AB.C_AB	1VFB.AB.C_C	GA138W	0.003963
1VFB.AB.C_AB	1VFB.AB.C_C	HA30A	0.845261
1VFB.AB.C_AB	1VFB.AB.C_C	IB124A	1.231969
1VFB.AB.C_AB	1VFB.AB.C_C	KB116A	0.713770
1VFB.AB.C_AB	1VFB.AB.C_C	LA46D	5.631085
1VFB.AB.C_AB	1VFB.AB.C_C	LA46E	5.631085
1VFB.AB.C_AB	1VFB.AB.C_C	LB129A	0.171622
1VFB.AB.C_AB	1VFB.AB.C_C	NA163A	0.177798
1VFB.AB.C_AB	1VFB.AB.C_C	NA31W	0.174401
1VFB.AB.C_AB	1VFB.AB.C_C	NB19A	0.396264
1VFB.AB.C_AB	1VFB.AB.C_C	QB121A	2.878286
1VFB.AB.C_AB	1VFB.AB.C_C	RA206A	-0.099780
1VFB.AB.C_AB	1VFB.AB.C_C	RA206W	0.705290
1VFB.AB.C_AB	1VFB.AB.C_C	RA206Y	1.235932
1VFB.AB.C_AB	1VFB.AB.C_C	RB125A	1.837722
1VFB.AB.C_AB	1VFB.AB.C_C	SA135D	0.000000
1VFB.AB.C_AB	1VFB.AB.C_C	SA135E	-0.104054
1VFB.AB.C_AB	1VFB.AB.C_C	SA135N	0.144012
1VFB.AB.C_AB	1VFB.AB.C_C	SA135Q	0.078116
1VFB.AB.C_AB	1VFB.AB.C_C	SA93A	0.343278
1VFB.AB.C_AB	1VFB.AB.C_C	SB24A	0.851346
1VFB.AB.C_AB	1VFB.AB.C_C	TA137A	-0.055875
1VFB.AB.C_AB	1VFB.AB.C_C	TA52F	0.471086
1VFB.AB.C_AB	1VFB.AB.C_C	TA53R	1.646589
1VFB.AB.C_AB	1VFB.AB.C_C	TB118A	0.765438
1VFB.AB.C_AB	1VFB.AB.C_C	VB120A	0.917360
1VFB.AB.C_AB	1VFB.AB.C_C	WA159A	0.640914
1VFB.AB.C_AB	1VFB.AB.C_C	WA92A	3.039208
1VFB.AB.C_AB	1VFB.AB.C_C	YA139A	0.792034
1VFB.AB.C_AB	1VFB.AB.C_C	YA139E	1.903040
1VFB.AB.C_AB	1VFB.AB.C_C	YA208F	1.270133
1VFB.AB.C_AB	1VFB.AB.C_C	YA32A	1.528818
1VFB.AB.C_AB	1VFB.AB.C_C	YA32W	5.631085
1VFB.AB.C_AB	1VFB.AB.C_C	YA49A	0.797899
1VFB.AB.C_AB	1VFB.AB.C_C	YA50A	0.456290
1VFB.AB.C_AB	1VFB.AB.C_C	YA50K	1.716369
1VFB.AB.C_AB	1VFB.AB.C_C	YA50R	0.844702
1VFB.AB.C_AB	1VFB.AB.C_C	YB23A	0.410656
1VFB.AB.C_AB	1VFB.AB.C_C	DA161A,TB118A	1.255206
1VFB.AB.C_AB	1VFB.AB.C_C	DA207A,SB24A	3.371265
1VFB.AB.C_AB	1VFB.AB.C_C	WA159A,DB119A	2.248379
1VFB.AB.C_AB	1VFB.AB.C_C	WA92A,IB124A	3.852058
1VFB.AB.C_AB	1VFB.AB.C_C	WA92A,LB129A	3.308844
1VFB.AB.C_AB	1VFB.AB.C_C	WA92A,QB121A	3.520512
1VFB.AB.C_AB	1VFB.AB.C_C	WA92A,RB125A	3.394809
1VFB.AB.C_AB	1VFB.AB.C_C	YA139A,KB116A	1.586751
1VFB.AB.C_AB	1VFB.AB.C_C	YA208F,DB119A	2.737746
1VFB.AB.C_AB	1VFB.AB.C_C	YA208F,VB120A	2.539614
1VFB.AB.C_AB	1VFB.AB.C_C	YA32A,IB124A	2.907017
1VFB.AB.C_AB	1VFB.AB.C_C	YA32A,QB121A	1.586751
1VFB.AB.C_AB	1VFB.AB.C_C	YA50A,DB119A	1.231969
1VFB.AB.C_AB	1VFB.AB.C_C	YA50A,DB18A	1.266491
1XGP.AB.C_AB	1XGP.AB.C_C	AA248F	-4.062480
1XGP.AB.C_AB	1XGP.AB.C_C	AA248I	-2.261219
1XGP.AB.C_AB	1XGP.AB.C_C	AA248L	-2.199876
1XGP.AB.C_AB	1XGP.AB.C_C	AA248V	-1.153095
1XGQ.AB.C_AB	1XGQ.AB.C_C	VA248A	1.153095
1XGQ.AB.C_AB	1XGQ.AB.C_C	VA248F	-2.909385
1XGQ.AB.C_AB	1XGQ.AB.C_C	VA248I	-1.108124
1XGQ.AB.C_AB	1XGQ.AB.C_C	VA248L	-1.046781
1XGR.AB.C_AB	1XGR.AB.C_C	IA248A	2.261219
1XGR.AB.C_AB	1XGR.AB.C_C	IA248F	-1.801261
1XGR.AB.C_AB	1XGR.AB.C_C	IA248L	0.061343
1XGR.AB.C_AB	1XGR.AB.C_C	IA248V	1.108124
1XGT.AB.C_AB	1XGT.AB.C_C	LA248A	2.199876
1XGT.AB.C_AB	1XGT.AB.C_C	LA248F	-1.862604
1XGT.AB.C_AB	1XGT.AB.C_C	LA248I	-0.061343
1XGT.AB.C_AB	1XGT.AB.C_C	LA248V	1.046781
1XGU.AB.C_AB	1XGU.AB.C_C	FA247A	4.062480
1XGU.AB.C_AB	1XGU.AB.C_C	FA247I	1.801261
1XGU.AB.C_AB	1XGU.AB.C_C	FA247L	1.862604
1XGU.AB.C_AB	1XGU.AB.C_C	FA247V	2.909385
1Y1K.E.I_E	1Y1K.E.I_I	AB39T	-2.728342
1Y33.E.I_E	1Y33.E.I_I	PB39T	-3.756010
1Y34.E.I_E	1Y34.E.I_I	AB41E	-3.054218
1Y3B.E.I_E	1Y3B.E.I_I	SB41E	-2.747769
1Y3C.E.I_E	1Y3C.E.I_I	AB43R	-1.256154
1Y3D.E.I_E	1Y3D.E.I_I	AB48R	-3.098124
1Y48.E.I_E	1Y48.E.I_I	AB46R	-3.756010
1Y4A.E.I_E	1Y4A.E.I_I	SB40E,RB39M	-3.549655
1YQV.HL.Y_HL	1YQV.HL.Y_Y	RB45K	1.879186
1YQV.HL.Y_HL	1YQV.HL.Y_Y	RB68K,TB40S,IB55V,SB91T	5.191547
1YQV.HL.Y_HL	1YQV.HL.Y_Y	RB68K,TB40S,IB55V,SB91T,QB121H	0.035385
1YY9.CD.A_CD	1YY9.CD.A_A	AA25P	0.072288
1YY9.CD.A_CD	1YY9.CD.A_A	AA309P	1.037692
1YY9.CD.A_CD	1YY9.CD.A_A	GA265P	0.268190
1YY9.CD.A_CD	1YY9.CD.A_A	LA240P	0.030841
1YY9.CD.A_CD	1YY9.CD.A_A	NA267A	-0.057072
1YY9.CD.A_CD	1YY9.CD.A_A	NA93A	-0.742202
1YY9.CD.A_CD	1YY9.CD.A_A	SA264P	0.817911
1YY9.CD.A_CD	1YY9.CD.A_A	SA26D	-0.199344
1YY9.CD.A_CD	1YY9.CD.A_A	SA26P	-0.009115
1YY9.CD.A_CD	1YY9.CD.A_A	SA28P	-0.222399
1YY9.CD.A_CD	1YY9.CD.A_A	SA54P	-0.018372
1YY9.CD.A_CD	1YY9.CD.A_A	TA272E	-0.057072
1YY9.CD.A_CD	1YY9.CD.A_A	TA31E	-0.519157
1YY9.CD.A_CD	1YY9.CD.A_A	TA96P	4.004943
1YY9.CD.A_CD	1YY9.CD.A_A	WA263P	1.478933
1YY9.CD.A_CD	1YY9.CD.A_A	YA312P	1.652159
1YY9.CD.A_CD	1YY9.CD.A_A	SA26D,TA31E,NA93A	-1.333541
1YY9.CD.A_CD	1YY9.CD.A_A	SA26D,TA31E,NA93A,NA267A,TA272E	-0.652085
1YY9.CD.A_CD	1YY9.CD.A_A	TA31E,NA93A	-0.818900
2B2X.HL.A_HL	2B2X.HL.A_A	EA64K	-0.033449
2B2X.HL.A_HL	2B2X.HL.A_A	VA50T	0.024065
2B2X.HL.A_HL	2B2X.HL.A_A	YA262E	-0.224205
2B2X.HL.A_HL	2B2X.HL.A_A	EA64K,QA238S,YA262N	0.912023
2B2X.HL.A_HL	2B2X.HL.A_A	EA64K,QA238S,YA262N,GA102S	2.711884
2B2X.HL.A_HL	2B2X.HL.A_A	EA64K,QA238S,YA262N,SA35A	3.120451
2B2X.HL.A_HL	2B2X.HL.A_A	EA64K,QA238S,YA262N,SA35V	3.772023
2B2X.HL.A_HL	2B2X.HL.A_A	EA64K,YA262N	0.348686
2B2X.HL.A_HL	2B2X.HL.A_A	QA238S,YA262N	0.863080
2B2X.HL.A_HL	2B2X.HL.A_A	VA50T,EA64D,QA238S,YA262N	0.872162
2B2X.HL.A_HL	2B2X.HL.A_A	VA50T,EA64K,QA238S	0.992033
2B2X.HL.A_HL	2B2X.HL.A_A	VA50T,EA64K,QA238S,YA262D	1.544668
2B2X.HL.A_HL	2B2X.HL.A_A	VA50T,EA64K,QA238S,YA262E	0.954956
2B2X.HL.A_HL	2B2X.HL.A_A	VA50T,EA64K,QA238S,YA262K	1.701485
2B2X.HL.A_HL	2B2X.HL.A_A	VA50T,EA64K,QA238S,YA262N	1.043681
2B2X.HL.A_HL	2B2X.HL.A_A	VA50T,EA64K,QA238S,YA262N,FA99W	1.043681
2B2X.HL.A_HL	2B2X.HL.A_A	VA50T,EA64K,QA238S,YA262N,FA99Y	1.798688
2B2X.HL.A_HL	2B2X.HL.A_A	VA50T,EA64K,QA238S,YA262N,GA100F	1.432873
2B2X.HL.A_HL	2B2X.HL.A_A	VA50T,EA64K,QA238S,YA262N,GA100L	3.772023
2B2X.HL.A_HL	2B2X.HL.A_A	VA50T,EA64K,QA238S,YA262N,GA100M	1.145861
2B2X.HL.A_HL	2B2X.HL.A_A	VA50T,EA64K,QA238S,YA262N,GA100S	1.601678
2B2X.HL.A_HL	2B2X.HL.A_A	VA50T,EA64K,QA238S,YA262N,GA302Q	2.617070
2B2X.HL.A_HL	2B2X.HL.A_A	VA50T,EA64K,QA238S,YA262N,GA302S	1.556517
2B2X.HL.A_HL	2B2X.HL.A_A	VA50T,EA64K,QA238S,YA262N,GA53A	1.556517
2B2X.HL.A_HL	2B2X.HL.A_A	VA50T,EA64K,QA238S,YA262N,GA53N	2.299556
2B2X.HL.A_HL	2B2X.HL.A_A	VA50T,EA64K,QA238S,YA262N,GA53S	1.719577
2B2X.HL.A_HL	2B2X.HL.A_A	VA50T,EA64K,QA238S,YA262N,GA54I	2.407852
2B2X.HL.A_HL	2B2X.HL.A_A	VA50T,EA64K,QA238S,YA262N,GA54T	2.208369
2B2X.HL.A_HL	2B2X.HL.A_A	VA50T,EA64K,QA238S,YA262N,GA54Y	1.043681
2B2X.HL.A_HL	2B2X.HL.A_A	VA50T,EA64K,QA238S,YA262N,HA241K	2.208369
2B2X.HL.A_HL	2B2X.HL.A_A	VA50T,EA64K,QA238S,YA262N,HA241R	2.167982
2B2X.HL.A_HL	2B2X.HL.A_A	VA50T,EA64K,QA238S,YA262N,HA241W	2.299556
2B2X.HL.A_HL	2B2X.HL.A_A	VA50T,EA64K,QA238S,YA262N,LA259F	1.756280
2B2X.HL.A_HL	2B2X.HL.A_A	VA50T,EA64K,QA238S,YA262N,LA259K	1.905268
2B2X.HL.A_HL	2B2X.HL.A_A	VA50T,EA64K,QA238S,YA262N,LA259W	2.952103
2B2X.HL.A_HL	2B2X.HL.A_A	VA50T,EA64K,QA238S,YA262N,LA60D	0.982334
2B2X.HL.A_HL	2B2X.HL.A_A	VA50T,EA64K,QA238S,YA262N,NA240V	2.093480
2B2X.HL.A_HL	2B2X.HL.A_A	VA50T,EA64K,QA238S,YA262N,NA240W	2.617070
2B2X.HL.A_HL	2B2X.HL.A_A	VA50T,EA64K,QA238S,YA262N,NA240Y	2.952103
2B2X.HL.A_HL	2B2X.HL.A_A	VA50T,EA64K,QA238S,YA262N,NA240Y,SA301I	1.478244
2B2X.HL.A_HL	2B2X.HL.A_A	VA50T,EA64K,QA238S,YA262N,RA31Q	2.351594
2B2X.HL.A_HL	2B2X.HL.A_A	VA50T,EA64K,QA238S,YA262N,SA234R	0.828252
2B2X.HL.A_HL	2B2X.HL.A_A	VA50T,EA64K,QA238S,YA262N,SA301Q	2.818509
2B2X.HL.A_HL	2B2X.HL.A_A	VA50T,EA64K,QA238S,YA262N,SA301R	3.772023
2B2X.HL.A_HL	2B2X.HL.A_A	VA50T,EA64K,QA238S,YA262N,SA301R,NA240E	3.772023
2B2X.HL.A_HL	2B2X.HL.A_A	VA50T,EA64K,QA238S,YA262N,SA301T	3.361367
2B2X.HL.A_HL	2B2X.HL.A_A	VA50T,EA64K,QA238S,YA262N,SA35A	2.617070
2B2X.HL.A_HL	2B2X.HL.A_A	VA50T,EA64K,QA238S,YA262N,SA35A,GA102S	2.617070
2B2X.HL.A_HL	2B2X.HL.A_A	VA50T,EA64K,QA238S,YA262N,SA35Q	3.772023
2B2X.HL.A_HL	2B2X.HL.A_A	VA50T,EA64K,QA238S,YA262N,SA35V,GA102S	2.469994
2B2X.HL.A_HL	2B2X.HL.A_A	VA50T,EA64K,QA238S,YA262N,SA52M	3.120451
2B2X.HL.A_HL	2B2X.HL.A_A	VA50T,EA64K,QA238S,YA262N,TA33E,GA53Q	2.711884
2B2X.HL.A_HL	2B2X.HL.A_A	VA50T,EA64K,QA238S,YA262N,TA33I,SA52T,GA53N,GA54N	2.952103
2B2X.HL.A_HL	2B2X.HL.A_A	VA50T,EA64K,QA238S,YA262N,TA33I,SA52T,GA53Q,GA54F	2.299556
2B2X.HL.A_HL	2B2X.HL.A_A	VA50T,EA64K,QA238S,YA262N,TA33N	3.772023
2B2X.HL.A_HL	2B2X.HL.A_A	VA50T,EA64K,QA238S,YA262N,TA33V	1.478244
2B2X.HL.A_HL	2B2X.HL.A_A	VA50T,EA64K,QA238S,YA262N,WA300Q	3.120451
2B2X.HL.A_HL	2B2X.HL.A_A	VA50T,EA64K,QA238S,YA262N,WA300Q,FA243Y	1.915090
2B2X.HL.A_HL	2B2X.HL.A_A	VA50T,EA64K,QA238S,YA262N,YA58E	3.120451
2B2X.HL.A_HL	2B2X.HL.A_A	VA50T,EA64K,QA238S,YA262N,YA58Q	3.120451
2B2X.HL.A_HL	2B2X.HL.A_A	VA50T,EA64K,QA238S,YA262N,YA58W	1.864994
2B2X.HL.A_HL	2B2X.HL.A_A	VA50T,EA64K,QA238S,YA262N,YA59E	1.587932
2B2X.HL.A_HL	2B2X.HL.A_A	VA50T,EA64K,QA238S,YA262R	1.888900
2B2X.HL.A_HL	2B2X.HL.A_A	VA50T,EA64K,YA262N	0.281861
2B2X.HL.A_HL	2B2X.HL.A_A	VA50T,EA64N,QA238S,YA262N	1.007393
2B2X.HL.A_HL	2B2X.HL.A_A	VA50T,EA64Q,QA238S,YA262N	0.966032
2B2X.HL.A_HL	2B2X.HL.A_A	VA50T,EA64Q,QA238S,YA262N,LA60D	1.086690
2B2X.HL.A_HL	2B2X.HL.A_A	VA50T,QA238S,YA262N	0.966032
2B2X.HL.A_HL	2B2X.HL.A_A	VA50T,QA238S,YA262N,LA60D	0.901817
2B2X.HL.A_HL	2B2X.HL.A_A	VA50T,YA262N	0.186451
2BDN.HL.A_HL	2BDN.HL.A_A	DA31E	1.085717
2BDN.HL.A_HL	2BDN.HL.A_A	LA27K	0.874404
2BDN.HL.A_HL	2BDN.HL.A_A	LA27R	0.650875
2BDN.HL.A_HL	2BDN.HL.A_A	NA248K	3.491334
2BDN.HL.A_HL	2BDN.HL.A_A	NA248R	-0.917598
2BDN.HL.A_HL	2BDN.HL.A_A	NA28D	0.132202
2BDN.HL.A_HL	2BDN.HL.A_A	NA28Q	1.400088
2BDN.HL.A_HL	2BDN.HL.A_A	SA270D	-0.160645
2BDN.HL.A_HL	2BDN.HL.A_A	SA270E	-0.851702
2BDN.HL.A_HL	2BDN.HL.A_A	TA273D	-0.425656
2BDN.HL.A_HL	2BDN.HL.A_A	TA273E	-0.689111
2BDN.HL.A_HL	2BDN.HL.A_A	YA247K	0.675060
2FTL.E.I_E	2FTL.E.I_I	FB33A	4.092513
2FTL.E.I_E	2FTL.E.I_I	GB12A	4.392778
2FTL.E.I_E	2FTL.E.I_I	GB36A	4.942732
2FTL.E.I_E	2FTL.E.I_I	GB37A	4.092513
2FTL.E.I_E	2FTL.E.I_I	IB18A	5.021843
2FTL.E.I_E	2FTL.E.I_I	IB19A	4.092513
2FTL.E.I_E	2FTL.E.I_I	KB15A	10.399064
2FTL.E.I_E	2FTL.E.I_I	KB15D	11.502718
2FTL.E.I_E	2FTL.E.I_I	KB15E	9.424007
2FTL.E.I_E	2FTL.E.I_I	KB15F	7.027211
2FTL.E.I_E	2FTL.E.I_I	KB15G	12.352226
2FTL.E.I_E	2FTL.E.I_I	KB15H	8.781781
2FTL.E.I_E	2FTL.E.I_I	KB15I	11.171452
2FTL.E.I_E	2FTL.E.I_I	KB15L	8.864103
2FTL.E.I_E	2FTL.E.I_I	KB15M	7.692373
2FTL.E.I_E	2FTL.E.I_I	KB15N	8.033104
2FTL.E.I_E	2FTL.E.I_I	KB15Q	9.370644
2FTL.E.I_E	2FTL.E.I_I	KB15R	-0.582439
2FTL.E.I_E	2FTL.E.I_I	KB15S	7.723918
2FTL.E.I_E	2FTL.E.I_I	KB15T	10.597484
2FTL.E.I_E	2FTL.E.I_I	KB15V	11.756444
2FTL.E.I_E	2FTL.E.I_I	KB15W	8.664119
2FTL.E.I_E	2FTL.E.I_I	KB15Y	6.857010
2FTL.E.I_E	2FTL.E.I_I	KB46A	4.092513
2FTL.E.I_E	2FTL.E.I_I	PB13A	4.092513
2FTL.E.I_E	2FTL.E.I_I	RB17A	4.092513
2FTL.E.I_E	2FTL.E.I_I	RB20A	4.092513
2FTL.E.I_E	2FTL.E.I_I	RB39A	4.092513
2FTL.E.I_E	2FTL.E.I_I	TB11A	4.092513
2FTL.E.I_E	2FTL.E.I_I	VB34A	4.092513
2FTL.E.I_E	2FTL.E.I_I	YB35A	4.092513
2G2U.A.B_A	2G2U.A.B_B	DA79A	-1.543452
2G2U.A.B_A	2G2U.A.B_B	DA79E	-4.384282
2G2U.A.B_A	2G2U.A.B_B	DA79K	-0.561924
2G2U.A.B_A	2G2U.A.B_B	EB31A	0.650875
2G2U.A.B_A	2G2U.A.B_B	EB73A	-1.979437
2G2U.A.B_A	2G2U.A.B_B	EB73M	-3.001306
2G2U.A.B_A	2G2U.A.B_B	FB142A	0.275827
2G2U.A.B_A	2G2U.A.B_B	FB36A	2.763951
2G2U.A.B_A	2G2U.A.B_B	GB141A	-0.413811
2G2U.A.B_A	2G2U.A.B_B	GB48A	-0.426598
2G2U.A.B_A	2G2U.A.B_B	HB148A	1.118951
2G2U.A.B_A	2G2U.A.B_B	HB41A	1.717049
2G2U.A.B_A	2G2U.A.B_B	KB74A	-0.217335
2G2U.A.B_A	2G2U.A.B_B	RB144A	-0.342392
2G2U.A.B_A	2G2U.A.B_B	RB160A	0.669794
2G2U.A.B_A	2G2U.A.B_B	SB113A	-0.612311
2G2U.A.B_A	2G2U.A.B_B	SB130K	-1.469439
2G2U.A.B_A	2G2U.A.B_B	SB35A	-0.950899
2G2U.A.B_A	2G2U.A.B_B	SB39A	-0.956142
2G2U.A.B_A	2G2U.A.B_B	SB71A	-0.512207
2G2U.A.B_A	2G2U.A.B_B	WB112A	0.958735
2G2U.A.B_A	2G2U.A.B_B	WB150A	1.785222
2G2U.A.B_A	2G2U.A.B_B	WB162A	0.531210
2G2U.A.B_A	2G2U.A.B_B	YB143A	-1.847236
2G2U.A.B_A	2G2U.A.B_B	YB50A	-2.075722
2G2U.A.B_A	2G2U.A.B_B	YB51A	-0.628749
2G2U.A.B_A	2G2U.A.B_B	YB53A	2.301744
2G2U.A.B_A	2G2U.A.B_B	DA79A,EB73M	-2.147248
2G2U.A.B_A	2G2U.A.B_B	DA79A,EB73M,FB142A	-0.691750
2G2U.A.B_A	2G2U.A.B_B	DA79A,EB73M,KB74A	-1.556968
2G2U.A.B_A	2G2U.A.B_B	DA79A,EB73M,KB74A,FB142A	-0.987378
2G2U.A.B_A	2G2U.A.B_B	EB73A,YB143A	-1.835504
2G2U.A.B_A	2G2U.A.B_B	EB73A,YB50A	-2.452515
2G2U.A.B_A	2G2U.A.B_B	EB73M,FB142A	0.322066
2G2U.A.B_A	2G2U.A.B_B	EB73M,FB142W,YB143F	-1.108092
2G2U.A.B_A	2G2U.A.B_B	EB73M,KB74A	0.473077
2G2U.A.B_A	2G2U.A.B_B	EB73M,KB74A,FB142A	1.483059
2G2U.A.B_A	2G2U.A.B_B	EB73M,SB130K	-2.809425
2G2U.A.B_A	2G2U.A.B_B	EB73M,SB130K,FB142W,YB143F	-2.016426
2G2U.A.B_A	2G2U.A.B_B	EB73M,SB130K,FB142W,YB143F,SB146M	-2.931834
2G2U.A.B_A	2G2U.A.B_B	EB73M,SB130K,SB146M	-3.509699
2G2U.A.B_A	2G2U.A.B_B	EB73M,YB143F	-1.592455
2G2U.A.B_A	2G2U.A.B_B	WB112A,YB143A	-0.409609
2G2U.A.B_A	2G2U.A.B_B	WB150A,YB143A	0.989123
2G2U.A.B_A	2G2U.A.B_B	YB50A,YB143A	-2.075722
2G2W.A.B_A	2G2W.A.B_B	KA79D	0.452887
2I26.N.L_N	2I26.N.L_L	AA29V	0.030389
2I26.N.L_N	2I26.N.L_L	SA60R	-0.626441
2JEL.LH.P_LH	2JEL.LH.P_P	AB82S	0.000000
2JEL.LH.P_LH	2JEL.LH.P_P	DB69E	0.953515
2JEL.LH.P_LH	2JEL.LH.P_P	EB5D	0.410656
2JEL.LH.P_LH	2JEL.LH.P_P	EB5Q	0.713296
2JEL.LH.P_LH	2JEL.LH.P_P	EB66K	4.092513
2JEL.LH.P_LH	2JEL.LH.P_P	EB68A	0.410656
2JEL.LH.P_LH	2JEL.LH.P_P	EB70A	2.728342
2JEL.LH.P_LH	2JEL.LH.P_P	EB70K	4.092513
2JEL.LH.P_LH	2JEL.LH.P_P	EB75R	2.728342
2JEL.LH.P_LH	2JEL.LH.P_P	EB83A	0.000000
2JEL.LH.P_LH	2JEL.LH.P_P	EB85A	0.000000
2JEL.LH.P_LH	2JEL.LH.P_P	EB85D	0.000000
2JEL.LH.P_LH	2JEL.LH.P_P	EB85K	0.000000
2JEL.LH.P_LH	2JEL.LH.P_P	EB85Q	0.000000
2JEL.LH.P_LH	2JEL.LH.P_P	FB2W	2.620325
2JEL.LH.P_LH	2JEL.LH.P_P	FB2Y	0.000000
2JEL.LH.P_LH	2JEL.LH.P_P	HB76A	-0.410656
2JEL.LH.P_LH	2JEL.LH.P_P	HB76D	-0.650875
2JEL.LH.P_LH	2JEL.LH.P_P	KB24E	0.000000
2JEL.LH.P_LH	2JEL.LH.P_P	KB27E	0.000000
2JEL.LH.P_LH	2JEL.LH.P_P	KB72E	0.410656
2JEL.LH.P_LH	2JEL.LH.P_P	KB72R	0.000000
2JEL.LH.P_LH	2JEL.LH.P_P	KB79E	0.410656
2JEL.LH.P_LH	2JEL.LH.P_P	NB12D	0.000000
2JEL.LH.P_LH	2JEL.LH.P_P	NB38T	0.000000
2JEL.LH.P_LH	2JEL.LH.P_P	PB11E	0.000000
2JEL.LH.P_LH	2JEL.LH.P_P	QB3K	4.092513
2JEL.LH.P_LH	2JEL.LH.P_P	QB4K	1.364171
2JEL.LH.P_LH	2JEL.LH.P_P	QB57E	-0.410656
2JEL.LH.P_LH	2JEL.LH.P_P	QB71E	2.728342
2JEL.LH.P_LH	2JEL.LH.P_P	RB17G	0.000000
2JEL.LH.P_LH	2JEL.LH.P_P	RB17K	0.000000
2JEL.LH.P_LH	2JEL.LH.P_P	SB41C	1.496373
2JEL.LH.P_LH	2JEL.LH.P_P	SB43C	0.000000
2JEL.LH.P_LH	2JEL.LH.P_P	SB46C	0.000000
2JEL.LH.P_LH	2JEL.LH.P_P	SB64T	4.092513
2JEL.LH.P_LH	2JEL.LH.P_P	TB34N	6.820856
2JEL.LH.P_LH	2JEL.LH.P_P	TB34Q	0.000000
2JEL.LH.P_LH	2JEL.LH.P_P	TB36Q	0.410656
2JEL.LH.P_LH	2JEL.LH.P_P	TB62A	0.000000
2JEL.LH.P_LH	2JEL.LH.P_P	TB62N	0.000000
2JEL.LH.P_LH	2JEL.LH.P_P	TB7N	0.410656
2JEL.LH.P_LH	2JEL.LH.P_P	TB7S	0.000000
2JEL.LH.P_LH	2JEL.LH.P_P	VB6F	0.000000
2NU0.E.I_E	2NU0.E.I_I	WB13L	-1.865208
2NU1.E.I_E	2NU1.E.I_I	HB13L	-1.713876
2NU2.E.I_E	2NU2.E.I_I	RB13L	-3.366955
2NU4.E.I_E	2NU4.E.I_I	KB13L	-3.182076
2NY7.HL.G_HL	2NY7.HL.G_G	CB27I,CB226Q	0.199808
2NY7.HL.G_HL	2NY7.HL.G_G	CB27I,CB226Q,MB231A	0.203283
2NY7.HL.G_HL	2NY7.HL.G_G	GB229C,MB231A	-0.378967
2NY7.HL.G_HL	2NY7.HL.G_G	GB229C,WB13M,MB231A,CB14W,CB110V,CB27I,CB226Q	0.214721
2NY7.HL.G_HL	2NY7.HL.G_G	KB66C,EB102C,CB27I,CB226Q	0.040875
2NY7.HL.G_HL	2NY7.HL.G_G	KB66C,EB102C,WB13M,MB231A,CB14W,CB110V,CB27I,CB226Q	0.399981
2NY7.HL.G_HL	2NY7.HL.G_G	KB66C,EB103C,WB13M,MB231A,CB14W,CB110V,CB27I,CB226Q	0.300030
2NY7.HL.G_HL	2NY7.HL.G_G	WB13M,MB231A,CB14W,CB110V	1.157952
2NY7.HL.G_HL	2NY7.HL.G_G	WB13M,MB231A,CB14W,CB110V,CB27I,CB226Q	0.449248
2NY7.HL.G_HL	2NY7.HL.G_G	WB13M,MB231A,CB14W,CB110V,KB66C,EB102C	0.551262
2NY7.HL.G_HL	2NY7.HL.G_G	WB13M,SB92T,WB181S,MB231A,CB14W,CB110V,CB27I,CB226Q	-0.303726
2NYY.DC.A_DC	2NYY.DC.A_A	DA247Y	0.645757
2NYY.DC.A_DC	2NYY.DC.A_A	EA5Q	-0.249774
2NYY.DC.A_DC	2NYY.DC.A_A	EB892A	2.859595
2NYY.DC.A_DC	2NYY.DC.A_A	FB889A	0.422389
2NYY.DC.A_DC	2NYY.DC.A_A	FB925A	4.087755
2NYY.DC.A_DC	2NYY.DC.A_A	HA251R	0.101612
2NYY.DC.A_DC	2NYY.DC.A_A	IB928A	-0.009556
2NYY.DC.A_DC	2NYY.DC.A_A	KA29R	0.071900
2NYY.DC.A_DC	2NYY.DC.A_A	KB875A	0.293084
2NYY.DC.A_DC	2NYY.DC.A_A	KB895A	-0.141156
2NYY.DC.A_DC	2NYY.DC.A_A	LB891A	2.607872
2NYY.DC.A_DC	2NYY.DC.A_A	MA33Q	-0.060301
2NYY.DC.A_DC	2NYY.DC.A_A	NB890A	0.896858
2NYY.DC.A_DC	2NYY.DC.A_A	NB926A	0.100064
2NYY.DC.A_DC	2NYY.DC.A_A	QB887A	0.524568
2NYY.DC.A_DC	2NYY.DC.A_A	SA245Q	0.416362
2NYY.DC.A_DC	2NYY.DC.A_A	SA248N	-0.355930
2NYY.DC.A_DC	2NYY.DC.A_A	SB874A	-0.231982
2NYY.DC.A_DC	2NYY.DC.A_A	SB927A	0.000000
2NYY.DC.A_DC	2NYY.DC.A_A	VA36I	-0.214708
2NYY.DC.A_DC	2NYY.DC.A_A	YA30D	0.065091
2NYY.DC.A_DC	2NYY.DC.A_A	YA30Q	0.129904
2NYY.DC.A_DC	2NYY.DC.A_A	YA56Q	0.523432
2NYY.DC.A_DC	2NYY.DC.A_A	KA29S,YA30D,DA31H,SA60P	0.049968
2NYY.DC.A_DC	2NYY.DC.A_A	VA36I,EA5Q	-0.049400
2NZ9.DC.A_DC	2NZ9.DC.A_A	EB892A	2.790327
2NZ9.DC.A_DC	2NZ9.DC.A_A	FB889A	-0.049968
2NZ9.DC.A_DC	2NZ9.DC.A_A	FB925A	3.364515
2NZ9.DC.A_DC	2NZ9.DC.A_A	IB928A	0.069781
2NZ9.DC.A_DC	2NZ9.DC.A_A	KB875A	0.544598
2NZ9.DC.A_DC	2NZ9.DC.A_A	KB895A	-0.301914
2NZ9.DC.A_DC	2NZ9.DC.A_A	LB891A	2.296398
2NZ9.DC.A_DC	2NZ9.DC.A_A	NB890A	2.175600
2NZ9.DC.A_DC	2NZ9.DC.A_A	NB926A	-0.153264
2NZ9.DC.A_DC	2NZ9.DC.A_A	QB887A	0.099976
2NZ9.DC.A_DC	2NZ9.DC.A_A	SB874A	-0.120342
2NZ9.DC.A_DC	2NZ9.DC.A_A	SB927A	-0.079111
2NZ9.DC.A_DC	2NZ9.DC.A_A	SA29K,DA30Y,HA31D	-0.049968
2SGP.E.I_E	2SGP.E.I_I	PB13L	-8.445845
2SGQ.E.I_E	2SGQ.E.I_I	QB13L	-2.603541
2SIC.E.I_E	2SIC.E.I_I	MB67A	0.217859
2SIC.E.I_E	2SIC.E.I_I	MB67D	0.751532
2SIC.E.I_E	2SIC.E.I_I	MB67E	0.796098
2SIC.E.I_E	2SIC.E.I_I	MB67G	0.145223
2SIC.E.I_E	2SIC.E.I_I	MB67H	0.217859
2SIC.E.I_E	2SIC.E.I_I	MB67I	1.604390
2SIC.E.I_E	2SIC.E.I_I	MB67K	0.000000
2SIC.E.I_E	2SIC.E.I_I	MB67L	-0.240219
2SIC.E.I_E	2SIC.E.I_I	MB67R	0.000000
2SIC.E.I_E	2SIC.E.I_I	MB67V	0.713296
3BDY.HL.V_HL	3BDY.HL.V_V	DA244N,PA246A,RA247K,SA248T,TA313S,TA314S	-0.953515
3BDY.HL.V_HL	3BDY.HL.V_V	DA244N,PA246A,RA247K,SA248T,TA313S,TA314S,KA31S,DA32G,TA55S,NA56E,GA101V,DA103V	-2.671876
3BDY.HL.V_HL	3BDY.HL.V_V	DA244N,PA246A,RA247K,SA248T,TA313S,TA314S,KA31S,DA32G,TA55S,NA56E,GA101V,DA103V,RA51A,RA60A	-2.728342
3BDY.HL.V_HL	3BDY.HL.V_V	DA244N,PA246A,RA247K,SA248T,YA273F,TA313S,TA314S	-0.973600
3BDY.HL.V_HL	3BDY.HL.V_V	DA244N,PA246A,RA247K,SA248T,YA273F,TA313S,TA314S,KA31S,DA32G,TA55S,NA56E,GA101V,DA103V	-2.728342
3BE1.HL.A_HL	3BE1.HL.A_A	DA241N,PA243A,RA244K,SA245T,TA310S,TA311S	-0.675060
3BE1.HL.A_HL	3BE1.HL.A_A	DA241N,PA243A,RA244K,SA245T,TA310S,TA311S,KA30S,DA31G,TA54S,NA55E,GA100V,DA102V	-2.728342
3BE1.HL.A_HL	3BE1.HL.A_A	DA241N,PA243A,RA244K,SA245T,TA310S,TA311S,KA30S,DA31G,TA54S,NA55E,GA100V,DA102V,YA249A	-3.138999
3BE1.HL.A_HL	3BE1.HL.A_A	DA241N,PA243A,RA244K,SA245T,TA310S,TA311S,KA30S,DA31G,TA54S,NA55E,GA100V,DA102V,YA249A,IA246A	-2.728342
3BE1.HL.A_HL	3BE1.HL.A_A	DA241N,PA243A,RA244K,SA245T,YA270F,TA310S,TA311S	-0.868734
3BE1.HL.A_HL	3BE1.HL.A_A	DA241N,PA243A,RA244K,SA245T,YA270F,TA310S,TA311S,KA30S,DA31G,TA54S,NA55E,GA100V,DA102V	-2.883780
3BN9.B.CD_B	3BN9.B.CD_CD	DA214A	0.566465
3BN9.B.CD_B	3BN9.B.CD_CD	DA46A	0.422577
3BN9.B.CD_B	3BN9.B.CD_CD	DA47A	0.311247
3BN9.B.CD_B	3BN9.B.CD_CD	DA91A	6.698210
3BN9.B.CD_B	3BN9.B.CD_CD	EA163A	0.373383
3BN9.B.CD_B	3BN9.B.CD_CD	FA50A	-0.045018
3BN9.B.CD_B	3BN9.B.CD_CD	FA89A	0.639528
3BN9.B.CD_B	3BN9.B.CD_CD	FA92A	6.698210
3BN9.B.CD_B	3BN9.B.CD_CD	HA138A	0.085101
3BN9.B.CD_B	3BN9.B.CD_CD	IA26A	0.000000
3BN9.B.CD_B	3BN9.B.CD_CD	IA45A	0.835589
3BN9.B.CD_B	3BN9.B.CD_CD	KA221A	0.785320
3BN9.B.CD_B	3BN9.B.CD_CD	LA147A	0.336343
3BN9.B.CD_B	3BN9.B.CD_CD	NA90A	0.773691
3BN9.B.CD_B	3BN9.B.CD_CD	PB314H	2.428342
3BN9.B.CD_B	3BN9.B.CD_CD	QA140A	0.133164
3BN9.B.CD_B	3BN9.B.CD_CD	QA168A	-0.034714
3BN9.B.CD_B	3BN9.B.CD_CD	QA169A	2.510108
3BN9.B.CD_B	3BN9.B.CD_CD	QA218A	0.706027
3BN9.B.CD_B	3BN9.B.CD_CD	QA23A	-0.415493
3BN9.B.CD_B	3BN9.B.CD_CD	QB315V	1.224651
3BN9.B.CD_B	3BN9.B.CD_CD	RA219A	-0.093740
3BN9.B.CD_B	3BN9.B.CD_CD	RA48A	-0.045018
3BN9.B.CD_B	3BN9.B.CD_CD	RA51A	-0.071590
3BN9.B.CD_B	3BN9.B.CD_CD	RA82A	-0.159304
3BN9.B.CD_B	3BN9.B.CD_CD	SB240G	1.186638
3BN9.B.CD_B	3BN9.B.CD_CD	SB240N	1.146018
3BN9.B.CD_B	3BN9.B.CD_CD	TA144A	0.290965
3BN9.B.CD_B	3BN9.B.CD_CD	TA93A	1.132560
3BN9.B.CD_B	3BN9.B.CD_CD	TB238R	0.333055
3BN9.B.CD_B	3BN9.B.CD_CD	TB312Q	-0.021546
3BN9.B.CD_B	3BN9.B.CD_CD	TB312R	-0.058321
3BN9.B.CD_B	3BN9.B.CD_CD	YA141A	1.085138
3BN9.B.CD_B	3BN9.B.CD_CD	YA52A	0.018960
3BN9.B.CD_B	3BN9.B.CD_CD	YB313S	0.458891
3BTD.E.I_E	3BTD.E.I_I	DB13K	-11.502718
3BTE.E.I_E	3BTE.E.I_I	EB13K	-9.424007
3BTF.E.I_E	3BTF.E.I_I	FB13K	-7.027211
3BTG.E.I_E	3BTG.E.I_I	GB13K	-12.352226
3BTH.E.I_E	3BTH.E.I_I	HB13K	-8.781781
3BTM.E.I_E	3BTM.E.I_I	MB13K	-7.692373
3BTQ.E.I_E	3BTQ.E.I_I	QB13K	-9.370644
3BTT.E.I_E	3BTT.E.I_I	TB13K	-10.597484
3BTW.E.I_E	3BTW.E.I_I	WB13K	-8.664119
3BX1.A.C_A	3BX1.A.C_C	AB86T	1.837249
3BX1.A.C_A	3BX1.A.C_C	FB84V	0.410656
3BX1.A.C_A	3BX1.A.C_C	RB85G	0.355505
3BX1.A.C_A	3BX1.A.C_C	TB88V	2.838549
3BX1.A.C_A	3BX1.A.C_C	TB89A	0.170438
3BX1.A.C_A	3BX1.A.C_C	YB87A	1.298817
3BX1.A.C_A	3BX1.A.C_C	YB87I	1.782025
3G6D.LH.A_LH	3G6D.LH.A_A	HA314A	-0.953515
3G6D.LH.A_LH	3G6D.LH.A_A	WA315A	-1.497178
3G6D.LH.A_LH	3G6D.LH.A_A	EA3V,GA76R,TA77V,QA78E,EA80G	0.139880
3G6D.LH.A_LH	3G6D.LH.A_A	EA3V,GA76R,TA77V,QA78E,EA80G,DA264N	0.111228
3G6D.LH.A_LH	3G6D.LH.A_A	EA3V,GA76R,TA77V,QA78E,EA80G,FA313A,HA314A,WA315A	4.622350
3G6D.LH.A_LH	3G6D.LH.A_A	EA3V,GA76R,TA77V,QA78E,EA80G,TA89S,MA92I,VA93D,TA94K	0.271573
3G6D.LH.A_LH	3G6D.LH.A_A	KA420T,KA425T	-0.133007
3G6D.LH.A_LH	3G6D.LH.A_A	TA89S,MA92I,VA93D,TA94K	0.798334
3HFM.HL.Y_HL	3HFM.HL.Y_Y	DA32A	1.899077
3HFM.HL.Y_HL	3HFM.HL.Y_Y	DA32N	0.170438
3HFM.HL.Y_HL	3HFM.HL.Y_Y	DB101A	1.232285
3HFM.HL.Y_HL	3HFM.HL.Y_Y	DB101E	2.133836
3HFM.HL.Y_HL	3HFM.HL.Y_Y	DB101F	2.329304
3HFM.HL.Y_HL	3HFM.HL.Y_Y	DB101G	0.359008
3HFM.HL.Y_HL	3HFM.HL.Y_Y	DB101K	2.125491
3HFM.HL.Y_HL	3HFM.HL.Y_Y	DB101N	1.491780
3HFM.HL.Y_HL	3HFM.HL.Y_Y	DB101Q	2.086108
3HFM.HL.Y_HL	3HFM.HL.Y_Y	DB101R	2.280893
3HFM.HL.Y_HL	3HFM.HL.Y_Y	DB101S	1.870237
3HFM.HL.Y_HL	3HFM.HL.Y_Y	GB102V	0.395462
3HFM.HL.Y_HL	3HFM.HL.Y_Y	HB15A	-0.445517
3HFM.HL.Y_HL	3HFM.HL.Y_Y	IB98A	0.000000
3HFM.HL.Y_HL	3HFM.HL.Y_Y	KB96A	6.740302
3HFM.HL.Y_HL	3HFM.HL.Y_Y	KB96M	6.779981
3HFM.HL.Y_HL	3HFM.HL.Y_Y	KB96R	5.355400
3HFM.HL.Y_HL	3HFM.HL.Y_Y	KB97A	5.864031
3HFM.HL.Y_HL	3HFM.HL.Y_Y	KB97D	6.771456
3HFM.HL.Y_HL	3HFM.HL.Y_Y	KB97E	3.606122
3HFM.HL.Y_HL	3HFM.HL.Y_Y	KB97G	6.433435
3HFM.HL.Y_HL	3HFM.HL.Y_Y	KB97M	0.947396
3HFM.HL.Y_HL	3HFM.HL.Y_Y	KB97R	3.054218
3HFM.HL.Y_HL	3HFM.HL.Y_Y	LB75A	0.704771
3HFM.HL.Y_HL	3HFM.HL.Y_Y	NA246A	5.216466
3HFM.HL.Y_HL	3HFM.HL.Y_Y	NA246D	1.344086
3HFM.HL.Y_HL	3HFM.HL.Y_Y	NA246E	5.709924
3HFM.HL.Y_HL	3HFM.HL.Y_Y	NA247A	5.109633
3HFM.HL.Y_HL	3HFM.HL.Y_Y	NB19D	0.410656
3HFM.HL.Y_HL	3HFM.HL.Y_Y	NB19K	0.240219
3HFM.HL.Y_HL	3HFM.HL.Y_Y	NB19Q	-0.042505
3HFM.HL.Y_HL	3HFM.HL.Y_Y	NB93A	0.211313
3HFM.HL.Y_HL	3HFM.HL.Y_Y	QA268A	0.953515
3HFM.HL.Y_HL	3HFM.HL.Y_Y	RB21A	0.903723
3HFM.HL.Y_HL	3HFM.HL.Y_Y	RB21E	2.454534
3HFM.HL.Y_HL	3HFM.HL.Y_Y	RB21G	2.423160
3HFM.HL.Y_HL	3HFM.HL.Y_Y	RB21H	2.170290
3HFM.HL.Y_HL	3HFM.HL.Y_Y	RB21K	1.767133
3HFM.HL.Y_HL	3HFM.HL.Y_Y	RB21M	2.050808
3HFM.HL.Y_HL	3HFM.HL.Y_Y	RB21N	2.329304
3HFM.HL.Y_HL	3HFM.HL.Y_Y	RB21Q	2.398608
3HFM.HL.Y_HL	3HFM.HL.Y_Y	RB21W	2.133836
3HFM.HL.Y_HL	3HFM.HL.Y_Y	RB73A	-0.331545
3HFM.HL.Y_HL	3HFM.HL.Y_Y	SA31A	0.170438
3HFM.HL.Y_HL	3HFM.HL.Y_Y	SB100A	0.267779
3HFM.HL.Y_HL	3HFM.HL.Y_Y	TB89A	0.000000
3HFM.HL.Y_HL	3HFM.HL.Y_Y	WA98A	5.513151
3HFM.HL.Y_HL	3HFM.HL.Y_Y	WA98F	3.247015
3HFM.HL.Y_HL	3HFM.HL.Y_Y	WB63A	0.319330
3HFM.HL.Y_HL	3HFM.HL.Y_Y	YA265A	4.559636
3HFM.HL.Y_HL	3HFM.HL.Y_Y	YA265F	2.355922
3HFM.HL.Y_HL	3HFM.HL.Y_Y	YA265L	4.395153
3HFM.HL.Y_HL	3HFM.HL.Y_Y	YA311A	2.708257
3HFM.HL.Y_HL	3HFM.HL.Y_Y	YA311F	1.402407
3HFM.HL.Y_HL	3HFM.HL.Y_Y	YA33A	6.037779
3HFM.HL.Y_HL	3HFM.HL.Y_Y	YA33F	1.054016
3HFM.HL.Y_HL	3HFM.HL.Y_Y	YA33L	1.974704
3HFM.HL.Y_HL	3HFM.HL.Y_Y	YA33W	1.721464
3HFM.HL.Y_HL	3HFM.HL.Y_Y	YA50A	7.322839
3HFM.HL.Y_HL	3HFM.HL.Y_Y	YA50F	1.584133
3HFM.HL.Y_HL	3HFM.HL.Y_Y	YA50L	2.803081
3HFM.HL.Y_HL	3HFM.HL.Y_Y	YA53A	3.198175
3HFM.HL.Y_HL	3HFM.HL.Y_Y	YA53F	0.610533
3HFM.HL.Y_HL	3HFM.HL.Y_Y	YA53L	0.793930
3HFM.HL.Y_HL	3HFM.HL.Y_Y	YA53W	0.694840
3HFM.HL.Y_HL	3HFM.HL.Y_Y	YA58A	1.649124
3HFM.HL.Y_HL	3HFM.HL.Y_Y	YA58F	0.357293
3HFM.HL.Y_HL	3HFM.HL.Y_Y	YA58L	1.489362
3HFM.HL.Y_HL	3HFM.HL.Y_Y	YB20A	4.575827
3HFM.HL.Y_HL	3HFM.HL.Y_Y	YB20F	-0.484185
3HFM.HL.Y_HL	3HFM.HL.Y_Y	YB20L	2.185484
3HFM.HL.Y_HL	3HFM.HL.Y_Y	DA32A,KB97A	4.594497
3HFM.HL.Y_HL	3HFM.HL.Y_Y	DA32A,KB97M	1.123952
3HFM.HL.Y_HL	3HFM.HL.Y_Y	DA32N,KB97A	4.893741
3HFM.HL.Y_HL	3HFM.HL.Y_Y	DA32N,KB97M	0.302640
3HFM.HL.Y_HL	3HFM.HL.Y_Y	NA246A,KB96A	7.471731
3HFM.HL.Y_HL	3HFM.HL.Y_Y	WA98A,KB96A	7.733495
3HFM.HL.Y_HL	3HFM.HL.Y_Y	WA98F,YB20A	6.231809
3HFM.HL.Y_HL	3HFM.HL.Y_Y	YA265A,KB96A	7.733495
3HFM.HL.Y_HL	3HFM.HL.Y_Y	YA265A,KB97A	7.322839
3HFM.HL.Y_HL	3HFM.HL.Y_Y	YA265A,RB21A	6.369324
3HFM.HL.Y_HL	3HFM.HL.Y_Y	YA265F,RB21A	4.332732
3HFM.HL.Y_HL	3HFM.HL.Y_Y	YA265F,YB20A	6.226447
3HFM.HL.Y_HL	3HFM.HL.Y_Y	YA311A,RB21A	5.759324
3HFM.HL.Y_HL	3HFM.HL.Y_Y	YA311F,RB21A	4.183840
3HFM.HL.Y_HL	3HFM.HL.Y_Y	YA33A,KB97A	7.231512
3HFM.HL.Y_HL	3HFM.HL.Y_Y	YA50A,RB21A	7.944808
3IDX.HL.G_HL	3IDX.HL.G_G	CB27I,CB242Q	-2.466141
3IDX.HL.G_HL	3IDX.HL.G_G	CB27I,CB242Q,MB247A	-2.174591
3IDX.HL.G_HL	3IDX.HL.G_G	KB85C,EB121C,CB27I,CB242Q	-2.378751
3IDX.HL.G_HL	3IDX.HL.G_G	KB85C,EB121C,WB13M,MB247A,CB14W,CB129V,CB27I,CB242Q	-2.193271
3IDX.HL.G_HL	3IDX.HL.G_G	KB85C,EB122C,WB13M,MB247A,CB14W,CB129V,CB27I,CB242Q	-2.293745
3IDX.HL.G_HL	3IDX.HL.G_G	TB41C,GB245C,MB247A	0.409638
3IDX.HL.G_HL	3IDX.HL.G_G	TB41C,GB245C,WB13M,MB247A,CB14W,CB129V,CB27I,CB242Q	-2.332111
3IDX.HL.G_HL	3IDX.HL.G_G	WB13M,MB247A,CB14W,CB129V	-0.647829
3IDX.HL.G_HL	3IDX.HL.G_G	WB13M,MB247A,CB14W,CB129V,CB27I,CB242Q	-2.349040
3IDX.HL.G_HL	3IDX.HL.G_G	WB13M,MB247A,CB14W,CB129V,KB85C,EB121C	-0.361827
3IDX.HL.G_HL	3IDX.HL.G_G	WB13M,SB111T,WB200S,MB247A,CB14W,CB129V,CB27I,CB242Q	-1.864799
3KUD.A.B_A	3KUD.A.B_B	KB30A	1.953914
3KUD.A.B_A	3KUD.A.B_B	NB16R	-0.798076
3KUD.A.B_A	3KUD.A.B_B	TA35A	1.991345
3KUD.A.B_A	3KUD.A.B_B	KB30A,FB6W	2.167798
3KUD.A.B_A	3KUD.A.B_B	KB30A,FB6W,NB16R	1.205238
3KUD.A.B_A	3KUD.A.B_B	KB30A,FB6W,NB16R,VB33I	1.953914
3KUD.A.B_A	3KUD.A.B_B	KB30A,FB6W,RB12L,NB16R,VB33I	1.966656
3KUD.A.B_A	3KUD.A.B_B	KB30A,FB6W,RB12L,VB14E,NB16R,KB29R,VB33I	4.206310
3KUD.A.B_A	3KUD.A.B_B	KB30A,FB6W,VB14E,NB16R,VB33I	3.964652
3KUD.A.B_A	3KUD.A.B_B	KB30A,NB16R	0.766586
3KUD.A.B_A	3KUD.A.B_B	KB30A,TA35A	3.040660
3KUD.A.B_A	3KUD.A.B_B	KB30A,TA35A,NB16R	1.516922
3KUD.A.B_A	3KUD.A.B_B	KB30A,VB33I	2.758905
3KUD.A.B_A	3KUD.A.B_B	KB30A,YA32C,CA118S	2.897035
3KUD.A.B_A	3KUD.A.B_B	KB30A,YA32C,CA118S,NB16R	1.659799
3KUD.A.B_A	3KUD.A.B_B	TA35A,NB16R	1.489362
3KUD.A.B_A	3KUD.A.B_B	YA32C,CA118S	0.910145
3KUD.A.B_A	3KUD.A.B_B	YA32C,CA118S,NB16R	-0.035917
3L5X.A.HL_A	3L5X.A.HL_HL	YB318A	-0.829223
3L5X.A.HL_A	3L5X.A.HL_HL	EB317F,YB318G	-0.428200
3L5X.A.HL_A	3L5X.A.HL_HL	EB317H,YB318G	-0.762992
3L5X.A.HL_A	3L5X.A.HL_HL	HB315P,NB316I,EB317D,YB318A	-0.646959
3L5X.A.HL_A	3L5X.A.HL_HL	HB315P,NB316L,EB317D,YB318S	-0.633073
3L5X.A.HL_A	3L5X.A.HL_HL	HB315P,NB316L,EB317D,YB318T	-0.810413
3L5X.A.HL_A	3L5X.A.HL_HL	HB315P,NB316L,EB317D,YB318V	-0.858607
3L5X.A.HL_A	3L5X.A.HL_HL	HB315P,NB316L,YB318A	-0.444612
3L5X.A.HL_A	3L5X.A.HL_HL	HB315Q,NB316D,EB317I,YB318G	-1.551074
3L5X.A.HL_A	3L5X.A.HL_HL	HB315Q,NB316D,EB317L,YB318G	-1.785931
3L5X.A.HL_A	3L5X.A.HL_HL	HB315Q,NB316D,EB317Y,YB318G	-1.452103
3L5X.A.HL_A	3L5X.A.HL_HL	NB316D,EB317L,YB318G	-0.429821
3L5X.A.HL_A	3L5X.A.HL_HL	NB316D,EB317N,YB318S	-0.534278
3L5X.A.HL_A	3L5X.A.HL_HL	NB316D,EB317P,YB318G	-1.470618
3L5X.A.HL_A	3L5X.A.HL_HL	NB316D,EB317R,YB318D	-0.522773
3L5X.A.HL_A	3L5X.A.HL_HL	NB316D,EB317W,YB318E	-1.196885
3L5X.A.HL_A	3L5X.A.HL_HL	NB316D,EB317W,YB318G	-1.683276
3L5X.A.HL_A	3L5X.A.HL_HL	NB316D,EB317W,YB318S	-0.716447
3L5X.A.HL_A	3L5X.A.HL_HL	NB316D,EB317Y,YB318A	-0.807336
3L5X.A.HL_A	3L5X.A.HL_HL	NB316E,EB317S,YB318G	-1.265925
3L5X.A.HL_A	3L5X.A.HL_HL	NB316E,EB317W,YB318G	-1.551074
3L5X.A.HL_A	3L5X.A.HL_HL	NB316F,EB317W,YB318G	-1.233543
3L5X.A.HL_A	3L5X.A.HL_HL	NB316L,EB317D,YB318S	-0.617324
3L5X.A.HL_A	3L5X.A.HL_HL	NB316L,EB317L,YB318G	-0.626250
3L5X.A.HL_A	3L5X.A.HL_HL	NB316L,EB317M,YB318G	-0.826046
3L5X.A.HL_A	3L5X.A.HL_HL	NB316L,EB317N,YB318G	-0.695748
3L5X.A.HL_A	3L5X.A.HL_HL	NB316S,EB317H,YB318G	-1.246284
3L5X.A.HL_A	3L5X.A.HL_HL	NB316S,EB317I,YB318G	-0.807336
3L5X.A.HL_A	3L5X.A.HL_HL	NB316S,EB317S,YB318G	-0.249324
3L5X.A.HL_A	3L5X.A.HL_HL	NB316S,EB317V,YB318G	-0.517104
3L5X.A.HL_A	3L5X.A.HL_HL	NB316S,EB317W,YB318A	-0.303164
3L5X.A.HL_A	3L5X.A.HL_HL	NB316S,EB317W,YB318G	-1.272620
3L5X.A.HL_A	3L5X.A.HL_HL	NB316S,EB317Y,YB318G	-0.964619
3L5X.A.HL_A	3L5X.A.HL_HL	NB316V,EB317G,YB318G	-0.463207
3L5X.A.HL_A	3L5X.A.HL_HL	NB316V,EB317W,YB318G	-0.835628
3LB6.A.C_A	3LB6.A.C_C	FA103A	5.117307
3LB6.A.C_A	3LB6.A.C_C	IA10A	3.723132
3LB6.A.C_A	3LB6.A.C_C	KA100A	5.814426
3LB6.A.C_A	3LB6.A.C_C	KA101A	2.545272
3MZG.A.B_A	3MZG.A.B_B	HA125A	-0.114451
3MZG.A.B_A	3MZG.A.B_B	HA14A	-0.019183
3MZG.A.B_A	3MZG.A.B_B	HA160A	0.923650
3MZG.A.B_A	3MZG.A.B_B	HA167A	1.488029
3MZG.A.B_A	3MZG.A.B_B	HA17A	0.062033
3MZG.A.B_A	3MZG.A.B_B	HA182A	0.369815
3MZG.A.B_A	3MZG.A.B_B	HA33A	0.139849
3MZG.A.B_A	3MZG.A.B_B	HA46A	0.408744
3MZG.A.B_A	3MZG.A.B_B	HA84A	0.079361
3MZG.A.B_A	3MZG.A.B_B	HB188A	1.777212
3MZG.A.B_A	3MZG.A.B_B	HA167A,HB188A	2.654328
3MZW.A.B_A	3MZW.A.B_B	NB18A	0.025215
3MZW.A.B_A	3MZW.A.B_B	NB18G	0.072636
3MZW.A.B_A	3MZW.A.B_B	NB18T	-0.145223
3MZW.A.B_A	3MZW.A.B_B	NB18T,AB37S,AB41S,AB49S	-0.113191
3MZW.A.B_A	3MZW.A.B_B	NB18T,AB37S,AB41S,LB46T	-0.145223
3MZW.A.B_A	3MZW.A.B_B	NB18T,AB37S,AB41S,LB46Y	-0.053896
3MZW.A.B_A	3MZW.A.B_B	NB18T,AB49S	0.094995
3MZW.A.B_A	3MZW.A.B_B	NB18T,DB31A	0.708122
3MZW.A.B_A	3MZW.A.B_B	NB18T,DB31K	1.218948
3MZW.A.B_A	3MZW.A.B_B	NB18T,DB32E	0.213883
3MZW.A.B_A	3MZW.A.B_B	NB18T,EB42A	-0.338020
3MZW.A.B_A	3MZW.A.B_B	NB18T,LB46T	-0.179087
3MZW.A.B_A	3MZW.A.B_B	NB18T,LB46Y	-0.026336
3MZW.A.B_A	3MZW.A.B_B	NB18T,NB38E,AB49S	0.137331
3MZW.A.B_A	3MZW.A.B_B	NB18T,SB28A	-0.215004
3MZW.A.B_A	3MZW.A.B_B	NB18T,SB28K	-0.215004
3MZW.A.B_A	3MZW.A.B_B	NB1A,NB18T	0.342483
3MZW.A.B_A	3MZW.A.B_B	NB1A,NB18T,AB37S,AB41S,AB49S	-0.028794
3MZW.A.B_A	3MZW.A.B_B	NB1A,NB18T,SB28K,AB37S,AB41S,AB49S	-0.215004
3MZW.A.B_A	3MZW.A.B_B	NB1A,NB18T,SB28K,AB37S,AB41S,EB42A,AB49S	-0.234122
3MZW.A.B_A	3MZW.A.B_B	NB1A,NB18T,SB28K,AB37S,NB38E,AB41S,AB49S	0.219433
3MZW.A.B_A	3MZW.A.B_B	NB1A,NB18T,SB28K,DB31A,AB37S,AB41S,AB49S	0.448087
3MZW.A.B_A	3MZW.A.B_B	NB1A,NB18T,SB28K,DB32E,AB37S,AB41S,AB49S	-0.679910
3MZW.A.B_A	3MZW.A.B_B	NB1E,NB18T	0.384321
3MZW.A.B_A	3MZW.A.B_B	NB1E,NB18T,AB37S,AB41S,AB49S	0.281666
3N06.A.B_A	3N06.A.B_B	AA14H	0.019183
3N0P.A.B_A	3N0P.A.B_B	AA17H	-0.062033
3N4I.A.B_A	3N4I.A.B_B	EA79D	4.384282
3N85.A.LH_A	3N85.A.LH_LH	SB246A	-0.134080
3N85.A.LH_A	3N85.A.LH_LH	SB246Y	0.057148
3N85.A.LH_A	3N85.A.LH_LH	SB264G	0.487890
3N85.A.LH_A	3N85.A.LH_LH	SB266Y	-0.784955
3N85.A.LH_A	3N85.A.LH_LH	WB244K	-0.784955
3N85.A.LH_A	3N85.A.LH_LH	WB244R	-0.554216
3N85.A.LH_A	3N85.A.LH_LH	WB314F	-0.015192
3N85.A.LH_A	3N85.A.LH_LH	WB91F	0.139654
3N85.A.LH_A	3N85.A.LH_LH	WB94Y	-0.038736
3NCB.A.B_A	3NCB.A.B_B	AA167H	-1.488029
3NCC.A.B_A	3NCC.A.B_B	AB188H	-1.777212
3NGB.HL.G_HL	3NGB.HL.G_G	AA57G	-0.056055
3NGB.HL.G_HL	3NGB.HL.G_G	DA103A	0.058910
3NGB.HL.G_HL	3NGB.HL.G_G	EA312A	1.298750
3NGB.HL.G_HL	3NGB.HL.G_G	FA313A	0.845067
3NGB.HL.G_HL	3NGB.HL.G_G	GA55A	-1.256154
3NGB.HL.G_HL	3NGB.HL.G_G	GA55S	0.743376
3NGB.HL.G_HL	3NGB.HL.G_G	GA56A	1.245283
3NGB.HL.G_HL	3NGB.HL.G_G	IA30A	-0.002699
3NGB.HL.G_HL	3NGB.HL.G_G	IA30T	0.073427
3NGB.HL.G_HL	3NGB.HL.G_G	KA52A	0.612878
3NGB.HL.G_HL	3NGB.HL.G_G	KA52N	0.175048
3NGB.HL.G_HL	3NGB.HL.G_G	MA70A	0.522030
3NGB.HL.G_HL	3NGB.HL.G_G	NA105A	1.100608
3NGB.HL.G_HL	3NGB.HL.G_G	NA59A	1.738742
3NGB.HL.G_HL	3NGB.HL.G_G	PA63A	-0.041838
3NGB.HL.G_HL	3NGB.HL.G_G	PA63K	0.232627
3NGB.HL.G_HL	3NGB.HL.G_G	QA249A	-0.226905
3NGB.HL.G_HL	3NGB.HL.G_G	QA65A	-0.334921
3NGB.HL.G_HL	3NGB.HL.G_G	RA54A	-0.255218
3NGB.HL.G_HL	3NGB.HL.G_G	RA54N	0.046471
3NGB.HL.G_HL	3NGB.HL.G_G	RA62A	0.979850
3NGB.HL.G_HL	3NGB.HL.G_G	RA62Q	0.096593
3NGB.HL.G_HL	3NGB.HL.G_G	RA72A	1.616825
3NGB.HL.G_HL	3NGB.HL.G_G	SA252A	-0.142388
3NGB.HL.G_HL	3NGB.HL.G_G	TA33A	0.695805
3NGB.HL.G_HL	3NGB.HL.G_G	TA33Y	0.084232
3NGB.HL.G_HL	3NGB.HL.G_G	VA225A	-0.760942
3NGB.HL.G_HL	3NGB.HL.G_G	VA58A	1.336610
3NGB.HL.G_HL	3NGB.HL.G_G	VA58T	0.137934
3NGB.HL.G_HL	3NGB.HL.G_G	VA74A	1.070441
3NGB.HL.G_HL	3NGB.HL.G_G	VA74T	0.165013
3NGB.HL.G_HL	3NGB.HL.G_G	WA106A	4.390828
3NGB.HL.G_HL	3NGB.HL.G_G	WA47A	1.182862
3NGB.HL.G_HL	3NGB.HL.G_G	WA50A	1.271046
3NGB.HL.G_HL	3NGB.HL.G_G	YA104A	1.400722
3NGB.HL.G_HL	3NGB.HL.G_G	YA250A	0.969456
3NGB.HL.G_HL	3NGB.HL.G_G	YA250S	0.651560
3NGB.HL.G_HL	3NGB.HL.G_G	YA311A	1.990300
3NGB.HL.G_HL	3NGB.HL.G_G	YA60A	0.539618
3NGB.HL.G_HL	3NGB.HL.G_G	YA75A	-0.196121
3NGB.HL.G_HL	3NGB.HL.G_G	YA75S	0.332720
3NGB.HL.G_HL	3NGB.HL.G_G	AA57G,VA58T,PA63K,VA74T	1.674171
3NGB.HL.G_HL	3NGB.HL.G_G	CA32S,CA102A	0.259114
3NGB.HL.G_HL	3NGB.HL.G_G	IA30T,KA52N,RA54N,GA55S,AA57G,VA58T,RA62Q,PA63K,VA74T,YA75S,YA250S	0.862531
3NGB.HL.G_HL	3NGB.HL.G_G	TA33Y,GA56S,AA57G,VA58T,PA63K,VA74T,YA75S	1.939062
3NPS.A.BC_A	3NPS.A.BC_BC	DA214A	1.467400
3NPS.A.BC_A	3NPS.A.BC_BC	DA46A	0.340139
3NPS.A.BC_A	3NPS.A.BC_BC	DA47A	1.067948
3NPS.A.BC_A	3NPS.A.BC_BC	DA91A	1.507709
3NPS.A.BC_A	3NPS.A.BC_BC	EA163A	0.615624
3NPS.A.BC_A	3NPS.A.BC_BC	FA50A	0.219669
3NPS.A.BC_A	3NPS.A.BC_BC	FA89A	1.572108
3NPS.A.BC_A	3NPS.A.BC_BC	FA92A	0.463747
3NPS.A.BC_A	3NPS.A.BC_BC	HA138A	1.875931
3NPS.A.BC_A	3NPS.A.BC_BC	IA26A	0.641830
3NPS.A.BC_A	3NPS.A.BC_BC	IA45A	-0.331966
3NPS.A.BC_A	3NPS.A.BC_BC	KA221A	-0.103657
3NPS.A.BC_A	3NPS.A.BC_BC	LA147A	0.295869
3NPS.A.BC_A	3NPS.A.BC_BC	NA90A	0.253533
3NPS.A.BC_A	3NPS.A.BC_BC	QA140A	0.295869
3NPS.A.BC_A	3NPS.A.BC_BC	QA168A	-0.059250
3NPS.A.BC_A	3NPS.A.BC_BC	QA169A	0.741239
3NPS.A.BC_A	3NPS.A.BC_BC	QA218A	-0.040935
3NPS.A.BC_A	3NPS.A.BC_BC	QA23A	0.026336
3NPS.A.BC_A	3NPS.A.BC_BC	RA219A	-0.083939
3NPS.A.BC_A	3NPS.A.BC_BC	RA48A	-1.063217
3NPS.A.BC_A	3NPS.A.BC_BC	RA51A	0.138230
3NPS.A.BC_A	3NPS.A.BC_BC	RA82A	-0.151663
3NPS.A.BC_A	3NPS.A.BC_BC	TA144A	0.175048
3NPS.A.BC_A	3NPS.A.BC_BC	TA93A	0.724136
3NPS.A.BC_A	3NPS.A.BC_BC	YA141A	1.775668
3NPS.A.BC_A	3NPS.A.BC_BC	YA52A	0.452092
3QHY.A.B_A	3QHY.A.B_B	DB127A	0.380268
3QHY.A.B_A	3QHY.A.B_B	DB12A	2.255265
3QHY.A.B_A	3QHY.A.B_B	DB130A	0.961362
3QHY.A.B_A	3QHY.A.B_B	DB166A	3.498105
3QHY.A.B_A	3QHY.A.B_B	DB91A	1.889391
3QHY.A.B_A	3QHY.A.B_B	EB228A	3.012936
3QHY.A.B_A	3QHY.A.B_B	FB169A	2.062468
3QHY.A.B_A	3QHY.A.B_B	FB190A	3.075479
3QHY.A.B_A	3QHY.A.B_B	FB34A	3.984497
3QHY.A.B_A	3QHY.A.B_B	IB189A	3.067735
3QHY.A.B_A	3QHY.A.B_B	LB51A	0.816355
3QHY.A.B_A	3QHY.A.B_B	NB10A	2.255265
3QHY.A.B_A	3QHY.A.B_B	NB264A	2.695871
3QHY.A.B_A	3QHY.A.B_B	NB72A	1.605705
3QHY.A.B_A	3QHY.A.B_B	RB246A	0.534906
3QHY.A.B_A	3QHY.A.B_B	SB129A	-0.084780
3QHY.A.B_A	3QHY.A.B_B	TB17A	0.056467
3QHY.A.B_A	3QHY.A.B_B	WB112A	3.789874
3QHY.A.B_A	3QHY.A.B_B	WB13A	2.863695
3QHY.A.B_A	3QHY.A.B_B	WB229A	5.432499
3QHY.A.B_A	3QHY.A.B_B	YB151A	3.423593
3QHY.A.B_A	3QHY.A.B_B	YB168A	1.743398
3QHY.A.B_A	3QHY.A.B_B	YB208A	0.240219
3QHY.A.B_A	3QHY.A.B_B	YB33A	2.903207
3QHY.A.B_A	3QHY.A.B_B	YB73A	0.801228
3S9D.A.B_A	3S9D.A.B_B	AA116G	2.105411
3S9D.A.B_A	3S9D.A.B_B	AA116M	1.072763
3S9D.A.B_A	3S9D.A.B_B	AA12W	-0.181065
3S9D.A.B_A	3S9D.A.B_B	AB67M	-0.167811
3S9D.A.B_A	3S9D.A.B_B	DA25A	0.645420
3S9D.A.B_A	3S9D.A.B_B	DA28A	0.301372
3S9D.A.B_A	3S9D.A.B_B	DB121R	-0.080517
3S9D.A.B_A	3S9D.A.B_B	DB40A	0.000000
3S9D.A.B_A	3S9D.A.B_B	DB91A	1.337922
3S9D.A.B_A	3S9D.A.B_B	EA103A	-0.169570
3S9D.A.B_A	3S9D.A.B_B	EA34A	0.000000
3S9D.A.B_A	3S9D.A.B_B	EA82A	0.170438
3S9D.A.B_A	3S9D.A.B_B	EB17R	0.000000
3S9D.A.B_A	3S9D.A.B_B	EB39A	0.205624
3S9D.A.B_A	3S9D.A.B_B	EB39R	0.650875
3S9D.A.B_A	3S9D.A.B_B	EB66A	2.415669
3S9D.A.B_A	3S9D.A.B_B	FA20A	0.710592
3S9D.A.B_A	3S9D.A.B_B	FA50A	0.170438
3S9D.A.B_A	3S9D.A.B_B	HA27A	0.541068
3S9D.A.B_A	3S9D.A.B_B	HB166A	0.000000
3S9D.A.B_A	3S9D.A.B_B	HB65A	0.823759
3S9D.A.B_A	3S9D.A.B_B	HB84A	0.043764
3S9D.A.B_A	3S9D.A.B_B	IA17A	-0.107354
3S9D.A.B_A	3S9D.A.B_B	IB34A	1.852547
3S9D.A.B_A	3S9D.A.B_B	IB90A	1.617135
3S9D.A.B_A	3S9D.A.B_B	KA102A	0.236179
3S9D.A.B_A	3S9D.A.B_B	KA104A	0.755473
3S9D.A.B_A	3S9D.A.B_B	KA105A	0.130537
3S9D.A.B_A	3S9D.A.B_B	KA24A	0.619210
3S9D.A.B_A	3S9D.A.B_B	KA56A	0.000000
3S9D.A.B_A	3S9D.A.B_B	KA69A	0.000000
3S9D.A.B_A	3S9D.A.B_B	KA92A	0.015017
3S9D.A.B_A	3S9D.A.B_B	KB37A	0.504200
3S9D.A.B_A	3S9D.A.B_B	KB42A	0.484726
3S9D.A.B_A	3S9D.A.B_B	LA124A	1.447551
3S9D.A.B_A	3S9D.A.B_B	LA19A	1.105309
3S9D.A.B_A	3S9D.A.B_B	LA23A	3.809890
3S9D.A.B_A	3S9D.A.B_B	LA23V	2.437092
3S9D.A.B_A	3S9D.A.B_B	LA66A	0.302640
3S9D.A.B_A	3S9D.A.B_B	LA8A	1.536403
3S9D.A.B_A	3S9D.A.B_B	LA99A	-0.062421
3S9D.A.B_A	3S9D.A.B_B	MA119A	2.254743
3S9D.A.B_A	3S9D.A.B_B	MA9A	0.062125
3S9D.A.B_A	3S9D.A.B_B	MB35A	2.999771
3S9D.A.B_A	3S9D.A.B_B	MB35V	2.375030
3S9D.A.B_A	3S9D.A.B_B	NA127A	-0.042390
3S9D.A.B_A	3S9D.A.B_B	NA51A	0.000000
3S9D.A.B_A	3S9D.A.B_B	NA79A	0.170438
3S9D.A.B_A	3S9D.A.B_B	NB85A	-0.171757
3S9D.A.B_A	3S9D.A.B_B	QA33A	0.019426
3S9D.A.B_A	3S9D.A.B_B	QA48A	0.000000
3S9D.A.B_A	3S9D.A.B_B	QA76A	0.170438
3S9D.A.B_A	3S9D.A.B_B	RA115A	2.147494
3S9D.A.B_A	3S9D.A.B_B	RA120A	3.022242
3S9D.A.B_A	3S9D.A.B_B	RA15A	0.195286
3S9D.A.B_A	3S9D.A.B_B	RA16A	0.227745
3S9D.A.B_A	3S9D.A.B_B	RA26A	5.125925
3S9D.A.B_A	3S9D.A.B_B	RA26K	4.588389
3S9D.A.B_A	3S9D.A.B_B	RA26Q	6.082001
3S9D.A.B_A	3S9D.A.B_B	RA5A	0.621870
3S9D.A.B_A	3S9D.A.B_B	RA91K	0.030784
3S9D.A.B_A	3S9D.A.B_B	RA96A	0.210536
3S9D.A.B_A	3S9D.A.B_B	RB62A	0.170438
3S9D.A.B_A	3S9D.A.B_B	SA123A	1.122685
3S9D.A.B_A	3S9D.A.B_B	SA18A	-0.098698
3S9D.A.B_A	3S9D.A.B_B	SA21A	0.000000
3S9D.A.B_A	3S9D.A.B_B	SA54A	0.000000
3S9D.A.B_A	3S9D.A.B_B	SA59A	0.170438
3S9D.A.B_A	3S9D.A.B_B	SB36A	0.504991
3S9D.A.B_A	3S9D.A.B_B	SB63A	0.293934
3S9D.A.B_A	3S9D.A.B_B	TA55A	0.000000
3S9D.A.B_A	3S9D.A.B_B	TA65A	0.170438
3S9D.A.B_A	3S9D.A.B_B	TA72A	0.170438
3S9D.A.B_A	3S9D.A.B_B	TB33A	1.731171
3S9D.A.B_A	3S9D.A.B_B	TB64A	0.255810
3S9D.A.B_A	3S9D.A.B_B	VB69A	2.317686
3S9D.A.B_A	3S9D.A.B_B	WB61F	0.725028
3S9D.A.B_A	3S9D.A.B_B	WB87A	1.112253
3S9D.A.B_A	3S9D.A.B_B	YA71A	0.302640
3S9D.A.B_A	3S9D.A.B_B	YA75A	0.302640
3S9D.A.B_A	3S9D.A.B_B	YB32A	1.308297
3S9D.A.B_A	3S9D.A.B_B	AA43H,AA44E,AA47Q	-0.008713
3S9D.A.B_A	3S9D.A.B_B	AA43Y,AA44N,AA47S	-0.190819
3S9D.A.B_A	3S9D.A.B_B	DB91A,FA20A	2.384828
3S9D.A.B_A	3S9D.A.B_B	DB91A,LA124A	3.021426
3S9D.A.B_A	3S9D.A.B_B	DB91A,LA19A	2.944376
3S9D.A.B_A	3S9D.A.B_B	DB91A,RA115A	3.672301
3S9D.A.B_A	3S9D.A.B_B	DB91A,SA123A	2.678943
3S9D.A.B_A	3S9D.A.B_B	EB66A,AA116G	5.041269
3S9D.A.B_A	3S9D.A.B_B	EB66A,LA124A	3.769789
3S9D.A.B_A	3S9D.A.B_B	EB66A,LA23A	6.058160
3S9D.A.B_A	3S9D.A.B_B	EB66A,LA8A	4.092513
3S9D.A.B_A	3S9D.A.B_B	EB66A,MA119A	4.980968
3S9D.A.B_A	3S9D.A.B_B	EB66A,RA115A	4.658608
3S9D.A.B_A	3S9D.A.B_B	EB66A,RA120A	3.632457
3S9D.A.B_A	3S9D.A.B_B	EB66A,SA123A	3.543701
3S9D.A.B_A	3S9D.A.B_B	HB65A,LA124A	2.939418
3S9D.A.B_A	3S9D.A.B_B	HB65A,LA19A	3.056493
3S9D.A.B_A	3S9D.A.B_B	HB65A,LA8A	4.016778
3S9D.A.B_A	3S9D.A.B_B	HB65A,RA120A	3.846340
3S9D.A.B_A	3S9D.A.B_B	HB65A,RA5A	2.214390
3S9D.A.B_A	3S9D.A.B_B	HB65A,SA123A	1.135685
3S9D.A.B_A	3S9D.A.B_B	IB34A,AA116G	4.474027
3S9D.A.B_A	3S9D.A.B_B	IB34A,LA124A	3.561387
3S9D.A.B_A	3S9D.A.B_B	IB34A,MA119A	4.235052
3S9D.A.B_A	3S9D.A.B_B	IB34A,RA115A	4.271188
3S9D.A.B_A	3S9D.A.B_B	IB34A,RA120A	5.001758
3S9D.A.B_A	3S9D.A.B_B	IB34A,SA123A	3.006797
3S9D.A.B_A	3S9D.A.B_B	IB90A,FA20A	2.816274
3S9D.A.B_A	3S9D.A.B_B	IB90A,LA124A	3.346746
3S9D.A.B_A	3S9D.A.B_B	IB90A,LA19A	3.035703
3S9D.A.B_A	3S9D.A.B_B	IB90A,LA23A	5.449532
3S9D.A.B_A	3S9D.A.B_B	IB90A,LA8A	3.740474
3S9D.A.B_A	3S9D.A.B_B	IB90A,MA119A	4.035335
3S9D.A.B_A	3S9D.A.B_B	IB90A,RA115A	3.525470
3S9D.A.B_A	3S9D.A.B_B	IB90A,RA120A	4.908470
3S9D.A.B_A	3S9D.A.B_B	IB90A,SA123A	3.256808
3S9D.A.B_A	3S9D.A.B_B	MB35V,AA116G	5.300298
3S9D.A.B_A	3S9D.A.B_B	MB35V,LA124A	4.533203
3S9D.A.B_A	3S9D.A.B_B	MB35V,LA19A	4.316719
3S9D.A.B_A	3S9D.A.B_B	MB35V,LA23A	7.113939
3S9D.A.B_A	3S9D.A.B_B	MB35V,LA8A	4.427435
3S9D.A.B_A	3S9D.A.B_B	MB35V,MA119A	5.456684
3S9D.A.B_A	3S9D.A.B_B	MB35V,RA115A	3.705093
3S9D.A.B_A	3S9D.A.B_B	MB35V,RA120A	6.066684
3S9D.A.B_A	3S9D.A.B_B	MB35V,SA123A	4.080544
3S9D.A.B_A	3S9D.A.B_B	RA120A,EB66A	3.602474
3S9D.A.B_A	3S9D.A.B_B	TB33A,AA116G	4.351393
3S9D.A.B_A	3S9D.A.B_B	TB33A,FA20A	3.021426
3S9D.A.B_A	3S9D.A.B_B	TB33A,LA124A	3.312391
3S9D.A.B_A	3S9D.A.B_B	TB33A,LA19A	3.394809
3S9D.A.B_A	3S9D.A.B_B	TB33A,LA23A	5.961370
3S9D.A.B_A	3S9D.A.B_B	TB33A,LA8A	3.578561
3S9D.A.B_A	3S9D.A.B_B	TB33A,MA119A	4.463985
3S9D.A.B_A	3S9D.A.B_B	TB33A,RA115A	4.048243
3S9D.A.B_A	3S9D.A.B_B	TB33A,RA120A	5.268608
3S9D.A.B_A	3S9D.A.B_B	TB33A,SA123A	3.063263
3S9D.A.B_A	3S9D.A.B_B	WB87A,LA124A	2.944376
3S9D.A.B_A	3S9D.A.B_B	WB87A,LA8A	3.076578
3S9D.A.B_A	3S9D.A.B_B	WB87A,MA119A	3.846340
3S9D.A.B_A	3S9D.A.B_B	WB87A,RA5A	2.340922
3S9D.A.B_A	3S9D.A.B_B	WB87A,SA123A	2.751579
3SE3.B.A_B	3SE3.B.A_A	DB117A	0.542858
3SE3.B.A_B	3SE3.B.A_A	EB96A	0.713059
3SE3.B.A_B	3SE3.B.A_A	FB223A	1.497320
3SE3.B.A_B	3SE3.B.A_A	FB273A	0.000000
3SE3.B.A_B	3SE3.B.A_A	FB81A	0.410656
3SE3.B.A_B	3SE3.B.A_A	KB98A	1.497320
3SE3.B.A_B	3SE3.B.A_A	LB116A	0.000000
3SE3.B.A_B	3SE3.B.A_A	NB140T	0.133149
3SE3.B.A_B	3SE3.B.A_A	NB227A	0.542858
3SE3.B.A_B	3SE3.B.A_A	NB230A	0.211076
3SE3.B.A_B	3SE3.B.A_A	NB53A	-0.347762
3SE3.B.A_B	3SE3.B.A_A	RB226A	0.410656
3SE3.B.A_B	3SE3.B.A_A	SB120A	0.542858
3SE3.B.A_B	3SE3.B.A_A	SB167A	-0.239035
3SE3.B.A_B	3SE3.B.A_A	TB166A	-0.156387
3SE3.B.A_B	3SE3.B.A_A	YB148A	0.410656
3SE3.B.A_B	3SE3.B.A_A	YB55A	1.497320
3SE3.B.A_B	3SE3.B.A_A	YA43A,NA44A,SA47A	0.590210
3SE3.B.A_B	3SE3.B.A_A	YA43A,NA44E,SA47Q	1.917588
3SE3.B.A_B	3SE3.B.A_A	YA43H,NA44A,SA47Q	1.445153
3SE3.B.A_B	3SE3.B.A_A	YA43H,NA44E,SA47A	1.823857
3SE3.B.A_B	3SE3.B.A_A	YA43H,NA44E,SA47Q	2.457735
3SE3.B.A_B	3SE3.B.A_A	YA43H,NA44E,SA47Q,DA57A	2.440573
3SE3.B.A_B	3SE3.B.A_A	YA43H,NA44E,SA47Q,EA82A	2.762209
3SE3.B.A_B	3SE3.B.A_A	YA43H,NA44E,SA47Q,FA50A	2.851211
3SE3.B.A_B	3SE3.B.A_A	YA43H,NA44E,SA47Q,IA88A	2.327090
3SE3.B.A_B	3SE3.B.A_A	YA43H,NA44E,SA47Q,KA103A	2.681513
3SE3.B.A_B	3SE3.B.A_A	YA43H,NA44E,SA47Q,KA56A	2.696376
3SE3.B.A_B	3SE3.B.A_A	YA43H,NA44E,SA47Q,KA69A	2.365710
3SE3.B.A_B	3SE3.B.A_A	YA43H,NA44E,SA47Q,KA93A	2.610770
3SE3.B.A_B	3SE3.B.A_A	YA43H,NA44E,SA47Q,LA66A	3.417199
3SE3.B.A_B	3SE3.B.A_A	YA43H,NA44E,SA47Q,LA89A	2.898187
3SE3.B.A_B	3SE3.B.A_A	YA43H,NA44E,SA47Q,NA51A	3.094895
3SE3.B.A_B	3SE3.B.A_A	YA43H,NA44E,SA47Q,NA79A	2.828854
3SE3.B.A_B	3SE3.B.A_A	YA43H,NA44E,SA47Q,QA48A	2.491100
3SE3.B.A_B	3SE3.B.A_A	YA43H,NA44E,SA47Q,QA76A	2.349531
3SE3.B.A_B	3SE3.B.A_A	YA43H,NA44E,SA47Q,RA92A	2.836359
3SE3.B.A_B	3SE3.B.A_A	YA43H,NA44E,SA47Q,RA92K	2.610770
3SE3.B.A_B	3SE3.B.A_A	YA43H,NA44E,SA47Q,SA54A	2.546542
3SE3.B.A_B	3SE3.B.A_A	YA43H,NA44E,SA47Q,SA59A	2.776366
3SE3.B.A_B	3SE3.B.A_A	YA43H,NA44E,SA47Q,TA55A	2.910576
3SE3.B.A_B	3SE3.B.A_A	YA43H,NA44E,SA47Q,TA65A	2.359670
3SE3.B.A_B	3SE3.B.A_A	YA43H,NA44E,SA47Q,TA72A	2.742509
3SE3.B.A_B	3SE3.B.A_A	YA43H,NA44E,SA47Q,VA85A	2.488124
3SE3.B.A_B	3SE3.B.A_A	YA43H,NA44E,SA47Q,YA71A	2.985851
3SE3.B.A_B	3SE3.B.A_A	YA43H,NA44E,SA47Q,YA75A	3.127030
3SE3.B.A_B	3SE3.B.A_A	YA43M,NA44D,SA47L	0.713296
3SE3.B.C_B	3SE3.B.C_C	YA43A,NA44A,SA47A	0.173393
3SE3.B.C_B	3SE3.B.C_C	YA43H,NA44E,SA47Q	0.190819
3SE4.B.A_B	3SE4.B.A_A	DB117A	0.132202
3SE4.B.A_B	3SE4.B.A_A	FB223A	1.364171
3SE4.B.A_B	3SE4.B.A_A	FB273A	0.210868
3SE4.B.A_B	3SE4.B.A_A	KA134A	-0.035085
3SE4.B.A_B	3SE4.B.A_A	KA134R	0.139269
3SE4.B.A_B	3SE4.B.A_A	LA31A	-0.011969
3SE4.B.A_B	3SE4.B.A_A	LB116A	0.132202
3SE4.B.A_B	3SE4.B.A_A	MA130A	0.024659
3SE4.B.A_B	3SE4.B.A_A	NB140T	0.410656
3SE4.B.A_B	3SE4.B.A_A	NB227A	0.000000
3SE4.B.A_B	3SE4.B.A_A	NB230A	0.302936
3SE4.B.A_B	3SE4.B.A_A	PA27A	0.049696
3SE4.B.A_B	3SE4.B.A_A	PA27L	0.103059
3SE4.B.A_B	3SE4.B.A_A	RB226A	0.302936
3SE4.B.A_B	3SE4.B.A_A	SB120A	0.000000
3SE4.B.A_B	3SE4.B.A_A	TB166A	-0.542858
3SE4.B.A_B	3SE4.B.A_A	YB148A	-0.278455
3SE4.B.A_B	3SE4.B.A_A	YB55A	1.364171
3SE4.B.C_B	3SE4.B.C_C	EB69A	1.382826
3SE4.B.C_B	3SE4.B.C_C	HB172A	-0.410656
3SE4.B.C_B	3SE4.B.C_C	HB68A	-0.610237
3SE4.B.C_B	3SE4.B.C_C	IB95A	1.209325
3SE4.B.C_B	3SE4.B.C_C	KA134A	1.788574
3SE4.B.C_B	3SE4.B.C_C	KA134R	-0.936509
3SE4.B.C_B	3SE4.B.C_C	LA31A	2.728342
3SE4.B.C_B	3SE4.B.C_C	MA130A	0.572891
3SE4.B.C_B	3SE4.B.C_C	MB38A	1.666218
3SE4.B.C_B	3SE4.B.C_C	MB38V	1.165420
3SE4.B.C_B	3SE4.B.C_C	PA27A	-0.170438
3SE4.B.C_B	3SE4.B.C_C	PA27L	0.924372
3SE4.B.C_B	3SE4.B.C_C	SB39A	0.211905
3SE4.B.C_B	3SE4.B.C_C	TB36A	1.364171
3SE4.B.C_B	3SE4.B.C_C	VB72A	1.165420
3SE4.B.C_B	3SE4.B.C_C	KA134A,EB69A	1.902271
3SE4.B.C_B	3SE4.B.C_C	KA134R,EB69A	1.401481
3SE8.HL.G_HL	3SE8.HL.G_G	DA110A	-0.383096
3SE8.HL.G_HL	3SE8.HL.G_G	DA114A	-0.240219
3SE8.HL.G_HL	3SE8.HL.G_G	DA276A	0.842103
3SE8.HL.G_HL	3SE8.HL.G_G	EA228A	-0.547579
3SE8.HL.G_HL	3SE8.HL.G_G	EA318A	1.489182
3SE8.HL.G_HL	3SE8.HL.G_G	FA115A	1.050457
3SE8.HL.G_HL	3SE8.HL.G_G	FA317A	-0.850219
3SE8.HL.G_HL	3SE8.HL.G_G	FA319A	0.818957
3SE8.HL.G_HL	3SE8.HL.G_G	GA56A	0.351362
3SE8.HL.G_HL	3SE8.HL.G_G	KA52A	1.093564
3SE8.HL.G_HL	3SE8.HL.G_G	LA54A	0.053896
3SE8.HL.G_HL	3SE8.HL.G_G	NA257A	0.191228
3SE8.HL.G_HL	3SE8.HL.G_G	PA78A	0.018516
3SE8.HL.G_HL	3SE8.HL.G_G	PA81A	-0.069781
3SE8.HL.G_HL	3SE8.HL.G_G	QA254A	-0.212658
3SE8.HL.G_HL	3SE8.HL.G_G	QA63A	1.096526
3SE8.HL.G_HL	3SE8.HL.G_G	QA65A	0.540974
3SE8.HL.G_HL	3SE8.HL.G_G	QA76A	0.095344
3SE8.HL.G_HL	3SE8.HL.G_G	RA30A	-0.038863
3SE8.HL.G_HL	3SE8.HL.G_G	RA62A	1.186797
3SE8.HL.G_HL	3SE8.HL.G_G	RA72A	2.601989
3SE8.HL.G_HL	3SE8.HL.G_G	SA59A	1.132356
3SE8.HL.G_HL	3SE8.HL.G_G	VA58A	1.229614
3SE8.HL.G_HL	3SE8.HL.G_G	WA47A	1.451454
3SE8.HL.G_HL	3SE8.HL.G_G	WA50A	1.312108
3SE8.HL.G_HL	3SE8.HL.G_G	WA55A	0.748881
3SE8.HL.G_HL	3SE8.HL.G_G	YA111A	0.816592
3SE8.HL.G_HL	3SE8.HL.G_G	YA60A	0.842103
3SE9.HL.G_HL	3SE9.HL.G_G	DA77A	-0.754171
3SE9.HL.G_HL	3SE9.HL.G_G	EA315A	0.410656
3SE9.HL.G_HL	3SE9.HL.G_G	FA316A	0.023236
3SE9.HL.G_HL	3SE9.HL.G_G	GA106A	-0.302640
3SE9.HL.G_HL	3SE9.HL.G_G	GA107A	-0.605279
3SE9.HL.G_HL	3SE9.HL.G_G	GA109A	0.182170
3SE9.HL.G_HL	3SE9.HL.G_G	GA254A	0.456252
3SE9.HL.G_HL	3SE9.HL.G_G	GA57A	0.445178
3SE9.HL.G_HL	3SE9.HL.G_G	GA62A	0.045596
3SE9.HL.G_HL	3SE9.HL.G_G	LA314A	0.948756
3SE9.HL.G_HL	3SE9.HL.G_G	LA34A	0.556909
3SE9.HL.G_HL	3SE9.HL.G_G	NA60A	1.497320
3SE9.HL.G_HL	3SE9.HL.G_G	PA64A	-0.434841
3SE9.HL.G_HL	3SE9.HL.G_G	RA67A	1.445942
3SE9.HL.G_HL	3SE9.HL.G_G	RA74A	2.636225
3SE9.HL.G_HL	3SE9.HL.G_G	RA76A	-0.228487
3SE9.HL.G_HL	3SE9.HL.G_G	TA105A	-0.434841
3SE9.HL.G_HL	3SE9.HL.G_G	TA56A	-0.845498
3SE9.HL.G_HL	3SE9.HL.G_G	VA228A	-0.486392
3SE9.HL.G_HL	3SE9.HL.G_G	VA55A	-0.845498
3SE9.HL.G_HL	3SE9.HL.G_G	VA59A	0.967566
3SE9.HL.G_HL	3SE9.HL.G_G	WA48A	1.041446
3SE9.HL.G_HL	3SE9.HL.G_G	WA51A	1.255206
3SE9.HL.G_HL	3SE9.HL.G_G	YA104A	0.456252
3SE9.HL.G_HL	3SE9.HL.G_G	YA253A	1.099767
3SGB.E.I_E	3SGB.E.I_I	AB9C	0.041537
3SGB.E.I_E	3SGB.E.I_I	AB9D	0.476378
3SGB.E.I_E	3SGB.E.I_I	AB9E	0.671475
3SGB.E.I_E	3SGB.E.I_I	AB9F	-1.180640
3SGB.E.I_E	3SGB.E.I_I	AB9G	2.486466
3SGB.E.I_E	3SGB.E.I_I	AB9H	-0.453189
3SGB.E.I_E	3SGB.E.I_I	AB9I	-0.453189
3SGB.E.I_E	3SGB.E.I_I	AB9K	2.491424
3SGB.E.I_E	3SGB.E.I_I	AB9L	0.168781
3SGB.E.I_E	3SGB.E.I_I	AB9M	0.088958
3SGB.E.I_E	3SGB.E.I_I	AB9N	-0.089124
3SGB.E.I_E	3SGB.E.I_I	AB9P	0.552705
3SGB.E.I_E	3SGB.E.I_I	AB9Q	0.430190
3SGB.E.I_E	3SGB.E.I_I	AB9R	2.035646
3SGB.E.I_E	3SGB.E.I_I	AB9S	0.910983
3SGB.E.I_E	3SGB.E.I_I	AB9T	0.331072
3SGB.E.I_E	3SGB.E.I_I	AB9V	-0.722139
3SGB.E.I_E	3SGB.E.I_I	AB9W	-1.553668
3SGB.E.I_E	3SGB.E.I_I	AB9Y	-1.647278
3SGB.E.I_E	3SGB.E.I_I	EB13A	1.019236
3SGB.E.I_E	3SGB.E.I_I	EB13C	1.174675
3SGB.E.I_E	3SGB.E.I_I	EB13D	0.552705
3SGB.E.I_E	3SGB.E.I_I	EB13F	1.943608
3SGB.E.I_E	3SGB.E.I_I	EB13G	2.104953
3SGB.E.I_E	3SGB.E.I_I	EB13H	0.526074
3SGB.E.I_E	3SGB.E.I_I	EB13I	-0.623389
3SGB.E.I_E	3SGB.E.I_I	EB13K	0.168781
3SGB.E.I_E	3SGB.E.I_I	EB13L	0.779314
3SGB.E.I_E	3SGB.E.I_I	EB13M	-0.189497
3SGB.E.I_E	3SGB.E.I_I	EB13N	1.102039
3SGB.E.I_E	3SGB.E.I_I	EB13P	2.275154
3SGB.E.I_E	3SGB.E.I_I	EB13Q	0.183531
3SGB.E.I_E	3SGB.E.I_I	EB13R	1.275047
3SGB.E.I_E	3SGB.E.I_I	EB13S	1.943608
3SGB.E.I_E	3SGB.E.I_I	EB13T	2.143485
3SGB.E.I_E	3SGB.E.I_I	EB13V	0.127550
3SGB.E.I_E	3SGB.E.I_I	EB13W	1.547702
3SGB.E.I_E	3SGB.E.I_I	EB13Y	0.779314
3SGB.E.I_E	3SGB.E.I_I	GB26A	1.293484
3SGB.E.I_E	3SGB.E.I_I	GB26C	2.611657
3SGB.E.I_E	3SGB.E.I_I	GB26D	1.624989
3SGB.E.I_E	3SGB.E.I_I	GB26E	1.972751
3SGB.E.I_E	3SGB.E.I_I	GB26F	3.022313
3SGB.E.I_E	3SGB.E.I_I	GB26H	2.738189
3SGB.E.I_E	3SGB.E.I_I	GB26I	4.092513
3SGB.E.I_E	3SGB.E.I_I	GB26K	2.525013
3SGB.E.I_E	3SGB.E.I_I	GB26L	2.658148
3SGB.E.I_E	3SGB.E.I_I	GB26M	2.794064
3SGB.E.I_E	3SGB.E.I_I	GB26N	2.275154
3SGB.E.I_E	3SGB.E.I_I	GB26P	1.096864
3SGB.E.I_E	3SGB.E.I_I	GB26Q	2.956299
3SGB.E.I_E	3SGB.E.I_I	GB26R	3.507656
3SGB.E.I_E	3SGB.E.I_I	GB26S	1.607690
3SGB.E.I_E	3SGB.E.I_I	GB26T	3.034282
3SGB.E.I_E	3SGB.E.I_I	GB26V	2.827304
3SGB.E.I_E	3SGB.E.I_I	GB26W	3.912062
3SGB.E.I_E	3SGB.E.I_I	GB26Y	3.096111
3SGB.E.I_E	3SGB.E.I_I	KB7A	-2.572141
3SGB.E.I_E	3SGB.E.I_I	KB7C	-0.584857
3SGB.E.I_E	3SGB.E.I_I	KB7D	-0.623389
3SGB.E.I_E	3SGB.E.I_I	KB7E	0.032206
3SGB.E.I_E	3SGB.E.I_I	KB7F	-0.725558
3SGB.E.I_E	3SGB.E.I_I	KB7G	-0.725558
3SGB.E.I_E	3SGB.E.I_I	KB7H	-0.401461
3SGB.E.I_E	3SGB.E.I_I	KB7I	-1.344638
3SGB.E.I_E	3SGB.E.I_I	KB7L	-1.817360
3SGB.E.I_E	3SGB.E.I_I	KB7M	-1.166248
3SGB.E.I_E	3SGB.E.I_I	KB7N	-0.659544
3SGB.E.I_E	3SGB.E.I_I	KB7P	0.000000
3SGB.E.I_E	3SGB.E.I_I	KB7Q	-0.623389
3SGB.E.I_E	3SGB.E.I_I	KB7R	-0.692696
3SGB.E.I_E	3SGB.E.I_I	KB7S	-2.587597
3SGB.E.I_E	3SGB.E.I_I	KB7T	-1.949028
3SGB.E.I_E	3SGB.E.I_I	KB7V	-0.955172
3SGB.E.I_E	3SGB.E.I_I	KB7W	-0.013389
3SGB.E.I_E	3SGB.E.I_I	KB7Y	-0.584857
3SGB.E.I_E	3SGB.E.I_I	LB12A	2.972730
3SGB.E.I_E	3SGB.E.I_I	LB12C	-0.013389
3SGB.E.I_E	3SGB.E.I_I	LB12D	5.668659
3SGB.E.I_E	3SGB.E.I_I	LB12E	6.175213
3SGB.E.I_E	3SGB.E.I_I	LB12F	1.374018
3SGB.E.I_E	3SGB.E.I_I	LB12G	5.003496
3SGB.E.I_E	3SGB.E.I_I	LB12H	1.713876
3SGB.E.I_E	3SGB.E.I_I	LB12I	4.481256
3SGB.E.I_E	3SGB.E.I_I	LB12K	3.182076
3SGB.E.I_E	3SGB.E.I_I	LB12M	0.453284
3SGB.E.I_E	3SGB.E.I_I	LB12N	3.399817
3SGB.E.I_E	3SGB.E.I_I	LB12P	8.445845
3SGB.E.I_E	3SGB.E.I_I	LB12Q	2.545004
3SGB.E.I_E	3SGB.E.I_I	LB12R	3.366955
3SGB.E.I_E	3SGB.E.I_I	LB12S	4.158235
3SGB.E.I_E	3SGB.E.I_I	LB12T	3.204720
3SGB.E.I_E	3SGB.E.I_I	LB12V	3.034282
3SGB.E.I_E	3SGB.E.I_I	LB12W	1.865208
3SGB.E.I_E	3SGB.E.I_I	LB12Y	1.676006
3SGB.E.I_E	3SGB.E.I_I	NB22S	0.009847
3SGB.E.I_E	3SGB.E.I_I	NB30A	0.331072
3SGB.E.I_E	3SGB.E.I_I	NB30C	0.349705
3SGB.E.I_E	3SGB.E.I_I	NB30D	0.910983
3SGB.E.I_E	3SGB.E.I_I	NB30E	0.962710
3SGB.E.I_E	3SGB.E.I_I	NB30F	-0.141374
3SGB.E.I_E	3SGB.E.I_I	NB30G	0.311835
3SGB.E.I_E	3SGB.E.I_I	NB30H	-0.124801
3SGB.E.I_E	3SGB.E.I_I	NB30I	0.197923
3SGB.E.I_E	3SGB.E.I_I	NB30K	0.579437
3SGB.E.I_E	3SGB.E.I_I	NB30L	0.740782
3SGB.E.I_E	3SGB.E.I_I	NB30M	0.140745
3SGB.E.I_E	3SGB.E.I_I	NB30P	0.579437
3SGB.E.I_E	3SGB.E.I_I	NB30Q	0.243519
3SGB.E.I_E	3SGB.E.I_I	NB30R	0.579437
3SGB.E.I_E	3SGB.E.I_I	NB30S	0.408999
3SGB.E.I_E	3SGB.E.I_I	NB30T	0.009847
3SGB.E.I_E	3SGB.E.I_I	NB30V	-0.241876
3SGB.E.I_E	3SGB.E.I_I	NB30W	0.526074
3SGB.E.I_E	3SGB.E.I_I	NB30Y	-0.108679
3SGB.E.I_E	3SGB.E.I_I	PB8A	-0.189497
3SGB.E.I_E	3SGB.E.I_I	PB8C	-0.327423
3SGB.E.I_E	3SGB.E.I_I	PB8D	-1.033099
3SGB.E.I_E	3SGB.E.I_I	PB8E	-0.623389
3SGB.E.I_E	3SGB.E.I_I	PB8F	-0.344935
3SGB.E.I_E	3SGB.E.I_I	PB8G	0.053752
3SGB.E.I_E	3SGB.E.I_I	PB8H	0.277627
3SGB.E.I_E	3SGB.E.I_I	PB8I	-0.023634
3SGB.E.I_E	3SGB.E.I_I	PB8K	0.114054
3SGB.E.I_E	3SGB.E.I_I	PB8L	-0.141374
3SGB.E.I_E	3SGB.E.I_I	PB8M	-0.500551
3SGB.E.I_E	3SGB.E.I_I	PB8N	-0.124801
3SGB.E.I_E	3SGB.E.I_I	PB8Q	-0.316029
3SGB.E.I_E	3SGB.E.I_I	PB8R	0.311835
3SGB.E.I_E	3SGB.E.I_I	PB8S	0.065722
3SGB.E.I_E	3SGB.E.I_I	PB8T	-0.108679
3SGB.E.I_E	3SGB.E.I_I	PB8V	-0.310413
3SGB.E.I_E	3SGB.E.I_I	PB8W	-0.500551
3SGB.E.I_E	3SGB.E.I_I	PB8Y	-0.401461
3SGB.E.I_E	3SGB.E.I_I	RB15A	0.053752
3SGB.E.I_E	3SGB.E.I_I	RB15C	0.552705
3SGB.E.I_E	3SGB.E.I_I	RB15D	0.638613
3SGB.E.I_E	3SGB.E.I_I	RB15E	0.671475
3SGB.E.I_E	3SGB.E.I_I	RB15F	0.227957
3SGB.E.I_E	3SGB.E.I_I	RB15G	1.107168
3SGB.E.I_E	3SGB.E.I_I	RB15H	0.453734
3SGB.E.I_E	3SGB.E.I_I	RB15I	0.243519
3SGB.E.I_E	3SGB.E.I_I	RB15K	-0.277793
3SGB.E.I_E	3SGB.E.I_I	RB15L	0.227957
3SGB.E.I_E	3SGB.E.I_I	RB15M	0.127550
3SGB.E.I_E	3SGB.E.I_I	RB15N	0.331072
3SGB.E.I_E	3SGB.E.I_I	RB15P	7.684476
3SGB.E.I_E	3SGB.E.I_I	RB15Q	0.041537
3SGB.E.I_E	3SGB.E.I_I	RB15S	0.277627
3SGB.E.I_E	3SGB.E.I_I	RB15T	0.453734
3SGB.E.I_E	3SGB.E.I_I	RB15V	-0.023634
3SGB.E.I_E	3SGB.E.I_I	RB15W	0.311835
3SGB.E.I_E	3SGB.E.I_I	RB15Y	0.293971
3SGB.E.I_E	3SGB.E.I_I	TB11A	3.410671
3SGB.E.I_E	3SGB.E.I_I	TB11C	2.926266
3SGB.E.I_E	3SGB.E.I_I	TB11D	4.956134
3SGB.E.I_E	3SGB.E.I_I	TB11E	4.628711
3SGB.E.I_E	3SGB.E.I_I	TB11F	3.639325
3SGB.E.I_E	3SGB.E.I_I	TB11G	5.584234
3SGB.E.I_E	3SGB.E.I_I	TB11H	3.507656
3SGB.E.I_E	3SGB.E.I_I	TB11I	1.752914
3SGB.E.I_E	3SGB.E.I_I	TB11K	2.035646
3SGB.E.I_E	3SGB.E.I_I	TB11L	2.471339
3SGB.E.I_E	3SGB.E.I_I	TB11M	2.035646
3SGB.E.I_E	3SGB.E.I_I	TB11N	3.254416
3SGB.E.I_E	3SGB.E.I_I	TB11P	3.182076
3SGB.E.I_E	3SGB.E.I_I	TB11Q	2.940317
3SGB.E.I_E	3SGB.E.I_I	TB11R	1.972751
3SGB.E.I_E	3SGB.E.I_I	TB11S	2.502528
3SGB.E.I_E	3SGB.E.I_I	TB11V	2.260321
3SGB.E.I_E	3SGB.E.I_I	TB11W	3.034282
3SGB.E.I_E	3SGB.E.I_I	TB11Y	3.366955
3SGB.E.I_E	3SGB.E.I_I	YB14A	1.943608
3SGB.E.I_E	3SGB.E.I_I	YB14C	1.695244
3SGB.E.I_E	3SGB.E.I_I	YB14D	2.864587
3SGB.E.I_E	3SGB.E.I_I	YB14E	2.035646
3SGB.E.I_E	3SGB.E.I_I	YB14F	0.168781
3SGB.E.I_E	3SGB.E.I_I	YB14G	2.842396
3SGB.E.I_E	3SGB.E.I_I	YB14H	1.559792
3SGB.E.I_E	3SGB.E.I_I	YB14I	3.591963
3SGB.E.I_E	3SGB.E.I_I	YB14K	3.432970
3SGB.E.I_E	3SGB.E.I_I	YB14L	1.576145
3SGB.E.I_E	3SGB.E.I_I	YB14M	2.002784
3SGB.E.I_E	3SGB.E.I_I	YB14N	3.158532
3SGB.E.I_E	3SGB.E.I_I	YB14P	6.276340
3SGB.E.I_E	3SGB.E.I_I	YB14Q	3.281048
3SGB.E.I_E	3SGB.E.I_I	YB14R	2.760549
3SGB.E.I_E	3SGB.E.I_I	YB14S	2.035646
3SGB.E.I_E	3SGB.E.I_I	YB14T	4.871827
3SGB.E.I_E	3SGB.E.I_I	YB14V	4.421690
3SGB.E.I_E	3SGB.E.I_I	YB14W	0.388742
3SGB.E.I_E	3SGB.E.I_I	AB9D,GB26A	1.081065
3SGB.E.I_E	3SGB.E.I_I	AB9D,GB26A,NB27S	2.183827
3SGB.E.I_E	3SGB.E.I_I	AB9D,LB12A	2.619663
3SGB.E.I_E	3SGB.E.I_I	AB9D,LB12A,YB14D	5.768520
3SGB.E.I_E	3SGB.E.I_I	AB9G,LB12M,LB17V,KB23I,EB37K	3.229379
3SGB.E.I_E	3SGB.E.I_I	AB9G,TB11M,LB12M,YB14R,RB15L,GB26N,NB27D,SB45N,KB49E	8.009047
3SGB.E.I_E	3SGB.E.I_I	AB9R,LB12R	5.148537
3SGB.E.I_E	3SGB.E.I_I	AB9R,TB11K,LB12R	6.780235
3SGB.E.I_E	3SGB.E.I_I	AB9R,TB11K,LB12R,EB13S	7.194702
3SGB.E.I_E	3SGB.E.I_I	AB9R,TB11K,LB12R,RB15L	6.982303
3SGB.E.I_E	3SGB.E.I_I	AB9R,TB11P,LB12R	8.567927
3SGB.E.I_E	3SGB.E.I_I	AB9T,LB12M	0.476378
3SGB.E.I_E	3SGB.E.I_I	AB9V,TB11S	1.607690
3SGB.E.I_E	3SGB.E.I_I	AB9V,TB11S,RB15M,NB22S,KB23Q,GB26S,KB28E,EB37D	4.481256
3SGB.E.I_E	3SGB.E.I_I	DB1N,EB4D,AB9V,TB11S,EB13L,RB15M,VB36A,EB37D	2.639218
3SGB.E.I_E	3SGB.E.I_I	DB1N,EB4G,LB12M,RB15M,EB37D,KB49E	0.019533
3SGB.E.I_E	3SGB.E.I_I	EB4D,AB9V,EB13D,RB15M,GB26S,EB37D,LB42I,KB49R	1.086378
3SGB.E.I_E	3SGB.E.I_I	EB4D,AB9V,EB13D,RB15M,KB23T,GB26S,EB37D,LB42I	1.197034
3SGB.E.I_E	3SGB.E.I_I	EB4D,AB9V,TB11P,EB13D,RB15M,NB22S,GB26S,NB39S,SB45R	2.538846
3SGB.E.I_E	3SGB.E.I_I	EB4D,AB9V,TB11S,EB13D,RB15M,KB23T,GB26N,NB30I,EB37D,LB42I	4.261294
3SGB.E.I_E	3SGB.E.I_I	EB4D,AB9V,TB11S,RB15M,NB22S,GB26N,NB30D,SB45G	3.893831
3SGB.E.I_E	3SGB.E.I_I	EB4D,AB9V,TB11S,RB15M,NB22S,GB26S,EB37D	3.204720
3SGB.E.I_E	3SGB.E.I_I	EB4D,AB9V,TB11S,RB15M,NB22S,GB26S,EB37D,TB43I	3.005969
3SGB.E.I_E	3SGB.E.I_I	EB4D,AB9V,TB11S,RB15M,NB22S,GB26S,NB30D,EB37D	3.366955
3SGB.E.I_E	3SGB.E.I_I	EB4D,AB9V,TB11S,RB15M,NB22S,GB26S,NB30D,EB37D,TB43N	3.336922
3SGB.E.I_E	3SGB.E.I_I	EB4D,AB9V,TB11S,RB15M,NB22S,GB26S,NB30D,VB35F,EB37D,TB43S	3.307779
3SGB.E.I_E	3SGB.E.I_I	EB4D,AB9V,TB11S,RB15M,NB22S,GB26S,VB36A,EB37D	2.619663
3SGB.E.I_E	3SGB.E.I_I	EB4D,AB9V,TB11S,RB15M,VB36A,EB37D	1.504916
3SGB.E.I_E	3SGB.E.I_I	EB4D,AB9V,TB11S,YB14D,RB15M,NB22S,GB26S,EB37D	4.871827
3SGB.E.I_E	3SGB.E.I_I	EB4D,AB9V,YB14D,RB15M,KB23I,GB26H,NB30Y,VB36A,EB37H,LB44F	2.326881
3SGB.E.I_E	3SGB.E.I_I	EB4D,AB9V,YB14E,RB15M,EB37D	1.713876
3SGB.E.I_E	3SGB.E.I_I	EB4D,KB7M,LB12M,LB17V	0.077454
3SGB.E.I_E	3SGB.E.I_I	EB4D,KB7Q,AB9V,TB11M,LB12G,EB13D,RB15M,NB22S,GB26S,EB37D,SB45N	5.824453
3SGB.E.I_E	3SGB.E.I_I	EB4D,KB7R,AB9D,RB15M,EB37D	-0.288468
3SGB.E.I_E	3SGB.E.I_I	EB4D,KB7R,AB9V,EB13D,RB15M,GB26S,EB37D,LB42I,KB49R	-0.081480
3SGB.E.I_E	3SGB.E.I_I	EB4D,LB12F,RB15M,EB37D	0.779314
3SGB.E.I_E	3SGB.E.I_I	EB4D,LB12M,RB15M,EB37D	0.476378
3SGB.E.I_E	3SGB.E.I_I	EB4D,LB12M,RB15M,GB26D,EB37D	1.972751
3SGB.E.I_E	3SGB.E.I_I	EB4D,LB12V,RB15M,EB37D	3.034282
3SGB.E.I_E	3SGB.E.I_I	EB4D,LB12V,RB15M,GB26D,EB37D	4.029724
3SGB.E.I_E	3SGB.E.I_I	EB4D,RB15M,EB37D	0.077454
3SGB.E.I_E	3SGB.E.I_I	EB4D,RB15M,KB23Q,GB26S,NB30S,EB37D	1.695244
3SGB.E.I_E	3SGB.E.I_I	EB4D,RB15M,KB28R,EB37D	-0.141374
3SGB.E.I_E	3SGB.E.I_I	EB4D,RB15M,LB17F,NB22S,GB26S,EB37D	1.607690
3SGB.E.I_E	3SGB.E.I_I	EB4D,TB11L,RB15M,GB26D,NB30S,EB37D,TB43S	3.770815
3SGB.E.I_E	3SGB.E.I_I	EB4D,TB11R,LB12M,RB15M,EB37D	2.383407
3SGB.E.I_E	3SGB.E.I_I	EB4D,TB11S,EB13D,RB15M,NB22S,GB26S,EB37D,GB48E	4.671950
3SGB.E.I_E	3SGB.E.I_I	EB4D,YB5H,AB9V,TB11S,RB15M,NB22S,GB26S,NB30D	4.011034
3SGB.E.I_E	3SGB.E.I_I	EB4D,YB5H,TB11L,LB12Q,YB14Q,RB15K,GB26D,NB30S,EB37D	7.459469
3SGB.E.I_E	3SGB.E.I_I	EB4D,YB5H,TB11L,LB12Q,YB14Q,RB15K,LB17I,GB26D,NB30S,EB37D	7.429435
3SGB.E.I_E	3SGB.E.I_I	EB4G,KB7Q,PB8S,TB11P,LB12Q,EB13D,RB15V,LB17F,GB26S,VB36A,EB37D	4.233259
3SGB.E.I_E	3SGB.E.I_I	EB4G,KB7Q,TB11S,RB15V,LB17F,GB26S,NB30D,VB36A,EB37D	3.182076
3SGB.E.I_E	3SGB.E.I_I	EB4G,LB12M,RB15M,EB37D	0.910983
3SGB.E.I_E	3SGB.E.I_I	EB4G,LB12M,RB15M,EB37D,KB49E	0.183531
3SGB.E.I_E	3SGB.E.I_I	EB4G,LB12M,YB14S,LB17I,KB23T,GB26S,HB46Y,FB47P,KB49V	3.691053
3SGB.E.I_E	3SGB.E.I_I	KB7R,AB9R,TB11K,LB12R	5.593154
3SGB.E.I_E	3SGB.E.I_I	KB7R,PB8F,AB9R,TB11K,LB12R	5.736031
3SGB.E.I_E	3SGB.E.I_I	KB7S,PB8D,AB9Y	-4.137708
3SGB.E.I_E	3SGB.E.I_I	KB7S,PB8D,AB9Y,LB12G,EB13I,RB15K	0.095615
3SGB.E.I_E	3SGB.E.I_I	KB7T,PB8E,AB9Y	-3.857900
3SGB.E.I_E	3SGB.E.I_I	KB7T,PB8E,AB9Y,LB12G,RB15M,GB26P,NB30V	1.847206
3SGB.E.I_E	3SGB.E.I_I	LB12I,GB26D	5.845427
3SGB.E.I_E	3SGB.E.I_I	LB12M,GB26D	2.275154
3SGB.E.I_E	3SGB.E.I_I	LB12M,HB46R	0.501037
3SGB.E.I_E	3SGB.E.I_I	LB12M,HB46R,KB49E	-0.116685
3SGB.E.I_E	3SGB.E.I_I	LB12M,LB17V,KB23I,EB37K	0.819656
3SGB.E.I_E	3SGB.E.I_I	LB12M,NB30D,SB45N	1.096864
3SGB.E.I_E	3SGB.E.I_I	LB12M,SB45N	0.453734
3SGB.E.I_E	3SGB.E.I_I	LB12M,SB45N,HB46R,KB49Q	0.227957
3SGB.E.I_E	3SGB.E.I_I	LB12M,TB24S,GB26D	2.326881
3SGB.E.I_E	3SGB.E.I_I	LB12M,TB43N,KB49T	0.277627
3SGB.E.I_E	3SGB.E.I_I	LB12M,YB14Q	3.776484
3SGB.E.I_E	3SGB.E.I_I	LB12S,RB15V,LB17I	4.481256
3SGB.E.I_E	3SGB.E.I_I	NB22S,GB26A	1.330113
3SGB.E.I_E	3SGB.E.I_I	PB8S,AB9L,TB11K,LB12R	4.974818
3SGB.E.I_E	3SGB.E.I_I	PB8S,AB9R,TB11P,LB12R	8.217128
3SGB.E.I_E	3SGB.E.I_I	RB15M,KB23Q,GB26S,EB37D	2.104953
3SGB.E.I_E	3SGB.E.I_I	RB15V,LB17I	0.168781
3SGB.E.I_E	3SGB.E.I_I	TB11K,LB12R	5.307283
3SGB.E.I_E	3SGB.E.I_I	TB11M,LB12S,GB26V	6.909814
3SGB.E.I_E	3SGB.E.I_I	TB11P,LB12K	6.320305
3SGB.E.I_E	3SGB.E.I_I	TB11P,LB12K,EB13D,LB17V,GB26S,SB45N	5.055224
3SGB.E.I_E	3SGB.E.I_I	TB11P,LB12K,EB13D,LB17V,SB45N	4.912169
3SGB.E.I_E	3SGB.E.I_I	TB11P,LB12K,EB13D,LB17V,SB45N,HB46R	4.833295
3SGB.E.I_E	3SGB.E.I_I	TB11P,LB12K,GB26D	6.543063
3SGB.E.I_E	3SGB.E.I_I	TB11R,LB12R	5.552076
3SGB.E.I_E	3SGB.E.I_I	YB5H,EB13D,LB17I,NB22S,GB26S,NB30D,VB36M,EB37D	2.326881
3SGB.E.I_E	3SGB.E.I_I	YB5H,YB14D,TB24I,GB26S,NB30D,VB36L	5.612886
3TGK.E.I_E	3TGK.E.I_I	NA170D	-0.170438
3W2D.A.HL_A	3W2D.A.HL_HL	KA67N	4.624008
3W2D.A.HL_A	3W2D.A.HL_HL	KA67R	-0.428312
3W2D.A.HL_A	3W2D.A.HL_HL	YA45F	0.878337
3W2D.A.HL_A	3W2D.A.HL_HL	YA45L	2.365815
4G0N.A.B_A	4G0N.A.B_B	AB32K	-1.108953
4G0N.A.B_A	4G0N.A.B_B	DA33A	0.877040
4G0N.A.B_A	4G0N.A.B_B	DA38A	2.864766
4G0N.A.B_A	4G0N.A.B_B	EA31A	0.936812
4G0N.A.B_A	4G0N.A.B_B	EA37A	1.742959
4G0N.A.B_A	4G0N.A.B_B	FB8W	0.603454
4G0N.A.B_A	4G0N.A.B_B	HA27A	-0.290695
4G0N.A.B_A	4G0N.A.B_B	IA21A	0.871229
4G0N.A.B_A	4G0N.A.B_B	IA36A	1.742959
4G0N.A.B_A	4G0N.A.B_B	KB12A	1.832206
4G0N.A.B_A	4G0N.A.B_B	KB12E	1.916987
4G0N.A.B_A	4G0N.A.B_B	KB12M	1.322578
4G0N.A.B_A	4G0N.A.B_B	KB31A	2.584261
4G0N.A.B_A	4G0N.A.B_B	KB31E	5.065778
4G0N.A.B_A	4G0N.A.B_B	NB11A	0.679854
4G0N.A.B_A	4G0N.A.B_B	NB11D	1.808970
4G0N.A.B_A	4G0N.A.B_B	NB18R	-0.698296
4G0N.A.B_A	4G0N.A.B_B	QB13A	2.215739
4G0N.A.B_A	4G0N.A.B_B	RA41A	-0.344161
4G0N.A.B_A	4G0N.A.B_B	RB14A	1.920429
4G0N.A.B_A	4G0N.A.B_B	RB36L	5.358625
4G0N.A.B_A	4G0N.A.B_B	RB6A	2.141096
4G0N.A.B_A	4G0N.A.B_B	SA39A	0.290701
4G0N.A.B_A	4G0N.A.B_B	TA35A	2.786873
4G0N.A.B_A	4G0N.A.B_B	TA35S	2.214390
4G0N.A.B_A	4G0N.A.B_B	TB15A	1.804871
4G0N.A.B_A	4G0N.A.B_B	VA45A	-0.290695
4G0N.A.B_A	4G0N.A.B_B	VB16A	1.155396
4G0N.A.B_A	4G0N.A.B_B	VB35A	-0.005257
4G0N.A.B_A	4G0N.A.B_B	VB35I	0.551904
4G0N.A.B_A	4G0N.A.B_B	FB8W,NB18R	-0.287640
4G0N.A.B_A	4G0N.A.B_B	FB8W,NB18R,VB35I	0.363235
4G0N.A.B_A	4G0N.A.B_B	FB8W,RB14L,NB18R,VB35I	0.603454
4G0N.A.B_A	4G0N.A.B_B	FB8W,RB14L,VB16E,NB18R,KB31R,VB35I	3.604047
4G0N.A.B_A	4G0N.A.B_B	FB8W,VB16E,NB18R,VB35I	1.818733
4G0N.A.B_A	4G0N.A.B_B	KB31A,DA33A	2.613789
4G0N.A.B_A	4G0N.A.B_B	KB31A,EA31A	2.032993
4G0N.A.B_A	4G0N.A.B_B	KB31A,EA37A	3.387531
4G0N.A.B_A	4G0N.A.B_B	KB31A,RB36G	5.358625
4G0N.A.B_A	4G0N.A.B_B	NB11A,RA41A	-0.580602
4G0N.A.B_A	4G0N.A.B_B	NB11A,VA45A	0.000000
4G0N.A.B_A	4G0N.A.B_B	NB18R,AB32K	-1.279391
4G0N.A.B_A	4G0N.A.B_B	QB13A,RA41A	1.258514
4G0N.A.B_A	4G0N.A.B_B	QB13A,SA39A	2.032993
4G0N.A.B_A	4G0N.A.B_B	QB13A,VA45A	1.551360
4G0N.A.B_A	4G0N.A.B_B	RB14A,SA39A	2.226851
4G0N.A.B_A	4G0N.A.B_B	RB14A,VA45A	1.742959
4G0N.A.B_A	4G0N.A.B_B	RB6A,DA33A	2.516607
4G0N.A.B_A	4G0N.A.B_B	RB6A,DA38A	4.451485
4G0N.A.B_A	4G0N.A.B_B	RB6A,EA31A	2.129756
4G0N.A.B_A	4G0N.A.B_B	RB6A,EA37A	2.323566
4G0N.A.B_A	4G0N.A.B_B	RB6A,IA36A	4.257757
4G0N.A.B_A	4G0N.A.B_B	RB6A,NB11D	3.421207
4G0N.A.B_A	4G0N.A.B_B	TA35A,AB32K	2.578799
4G0N.A.B_A	4G0N.A.B_B	TA35A,NB18R	2.099827
4G0N.A.B_A	4G0N.A.B_B	TA35A,NB18R,AB32K	1.967625
4G0N.A.B_A	4G0N.A.B_B	TB15A,DA38A	3.000671
4G0N.A.B_A	4G0N.A.B_B	TB15A,EA31A	1.551360
4G0N.A.B_A	4G0N.A.B_B	TB15A,EA37A	2.807084
4G0N.A.B_A	4G0N.A.B_B	TB15A,IA21A	2.129756
4G0N.A.B_A	4G0N.A.B_B	TB15A,IA36A	3.000671
4G0N.A.B_A	4G0N.A.B_B	TB15A,SA39A	1.937270
4G0N.A.B_A	4G0N.A.B_B	TB15A,VA45A	1.064969
4G0N.A.B_A	4G0N.A.B_B	VB16A,EA37A	2.710342
4G0N.A.B_A	4G0N.A.B_B	VB16A,IA21A	1.551360
4G0N.A.B_A	4G0N.A.B_B	VB16A,IA36A	2.613789
4G0N.A.B_A	4G0N.A.B_B	VB35A,HA27A	0.192551
4G0N.A.B_A	4G0N.A.B_B	VB35A,IA21A	0.290701
4G0N.A.B_A	4G0N.A.B_B	YA32C,CA116S	0.735655
4G0N.A.B_A	4G0N.A.B_B	YA32C,CA116S,AB32K	-0.641830
4G0N.A.B_A	4G0N.A.B_B	YA32C,CA116S,NB18R	-0.366751
4G0N.A.B_A	4G0N.A.B_B	YA32C,CA116S,NB18R,AB32K	-1.730922
4I77.HL.Z_HL	4I77.HL.Z_Z	DA54A	2.560145
4I77.HL.Z_HL	4I77.HL.Z_Z	NA314A	1.360655
4I77.HL.Z_HL	4I77.HL.Z_Z	WA52A	2.512644
4I77.HL.Z_HL	4I77.HL.Z_Z	WA52F	2.460461
4I77.HL.Z_HL	4I77.HL.Z_Z	YA100A	0.000000
4I77.HL.Z_HL	4I77.HL.Z_Z	YA100F	0.000000
4I77.HL.Z_HL	4I77.HL.Z_Z	YA101A	1.608755
4I77.HL.Z_HL	4I77.HL.Z_Z	YA101F	0.000000
4I77.HL.Z_HL	4I77.HL.Z_Z	YA103A	2.146077
4I77.HL.Z_HL	4I77.HL.Z_Z	YA103F	0.315395
4I77.HL.Z_HL	4I77.HL.Z_Z	YA251A	0.783866
4I77.HL.Z_HL	4I77.HL.Z_Z	YA251F	0.000000
4JPK.HL.A_HL	4JPK.HL.A_A	DB141R	3.859050
4JPK.HL.A_HL	4JPK.HL.A_A	FB144I	1.388139
4JPK.HL.A_HL	4JPK.HL.A_A	FB63L	1.167809
4JPK.HL.A_HL	4JPK.HL.A_A	RB130K	0.230169
4JPK.HL.A_HL	4JPK.HL.A_A	RB81T	0.759043
4JPK.HL.A_HL	4JPK.HL.A_A	SB41G	2.152659
4JPK.HL.A_HL	4JPK.HL.A_A	TB35S	-0.032108
4JPK.HL.A_HL	4JPK.HL.A_A	VB30N	0.594861
4JPK.HL.A_HL	4JPK.HL.A_A	DB159N,DB33N	0.619245
4KRL.A.B_A	4KRL.A.B_B	DB112A	0.649973
4KRL.A.B_A	4KRL.A.B_B	RB30A	1.721060
4KRL.A.B_A	4KRL.A.B_B	DA49T,FA51A	1.853262
4KRO.A.B_A	4KRO.A.B_B	DB92A	1.504898
4KRO.A.B_A	4KRO.A.B_B	RB15A	1.584009
4KRO.A.B_A	4KRO.A.B_B	DA321T,FA323A	0.127028
4KRP.A.B_A	4KRP.A.B_B	EB105A	1.606764
4KRP.A.B_A	4KRP.A.B_B	DA277T,FA279A	0.358457
4NM8.ABCDEF.HL_ABCDEF	4NM8.ABCDEF.HL_HL	DA337N	0.650875
4NM8.ABCDEF.HL_ABCDEF	4NM8.ABCDEF.HL_HL	IA336M	0.108017
4NM8.ABCDEF.HL_ABCDEF	4NM8.ABCDEF.HL_HL	LA356Y	-0.605279
4NM8.ABCDEF.HL_ABCDEF	4NM8.ABCDEF.HL_HL	QA352R	2.927686
4NM8.ABCDEF.HL_ABCDEF	4NM8.ABCDEF.HL_HL	QA352T	2.293501
4NM8.ABCDEF.HL_ABCDEF	4NM8.ABCDEF.HL_HL	RA343M	3.387064
4NM8.ABCDEF.HL_ABCDEF	4NM8.ABCDEF.HL_HL	TA350E	-0.542858
4NM8.ABCDEF.HL_ABCDEF	4NM8.ABCDEF.HL_HL	TA350I	-0.049400
4NM8.ABCDEF.HL_ABCDEF	4NM8.ABCDEF.HL_HL	TA350R	1.201580
4U6H.AB.E_AB	4U6H.AB.E_E	NB21A	-0.348235
4U6H.AB.E_AB	4U6H.AB.E_E	QB25A	0.118888
4ZS6.HL.A_HL	4ZS6.HL.A_A	EB156A	3.040027
4ZS6.HL.A_HL	4ZS6.HL.A_A	YB160A	-0.110300
5TAR.A.B_A	5TAR.A.B_B	EB86A	1.126523
5TAR.A.B_A	5TAR.A.B_B	FB131A	0.248743
5TAR.A.B_A	5TAR.A.B_B	FB13A	0.231570
5TAR.A.B_A	5TAR.A.B_B	IB127A	-0.026336
5TAR.A.B_A	5TAR.A.B_B	MB18A	-0.215004
5TAR.A.B_A	5TAR.A.B_B	QB114A	0.157416
5TAR.A.B_A	5TAR.A.B_B	WB30A	0.659400
5TAR.A.B_A	5TAR.A.B_B	WB88A	0.384321
5TAR.A.B_A	5TAR.A.B_B	TA183A,KA184E	2.730913
5UFE.A.B_A	5UFE.A.B_B	GA12C	-0.396380
5UFE.A.B_A	5UFE.A.B_B	GA12D	-1.273908
5UFE.A.B_A	5UFE.A.B_B	GA12V	-0.727925
5UFE.A.B_A	5UFE.A.B_B	QB25R	0.292423
5UFE.A.B_A	5UFE.A.B_B	GA12D,QB25R	-0.975104
5UFE.A.B_A	5UFE.A.B_B	GA12D,QB25R,EB33G,DB34G	-0.922537
5UFE.A.B_A	5UFE.A.B_B	QB25R,EB33G,DB34G	0.097520
5UFQ.A.C_A	5UFQ.A.C_C	DA12C	0.982421
5UFQ.A.C_A	5UFQ.A.C_C	DA12G	1.273908
5UFQ.A.C_A	5UFQ.A.C_C	DA12V	0.650875
5UFQ.A.C_A	5UFQ.A.C_C	DA12G,QB25R,KB55G	1.513885
5UFQ.A.C_A	5UFQ.A.C_C	QB25R,KB55G	0.246358
5XCO.A.B_A	5XCO.A.B_B	DA13C	0.811243
5XCO.A.B_A	5XCO.A.B_B	DA13G	1.110487
5XCO.A.B_A	5XCO.A.B_B	DB12A	2.797383
5XCO.A.B_A	5XCO.A.B_B	IB9A	2.797383
5XCO.A.B_A	5XCO.A.B_B	LB7A	2.747983
5XCO.A.B_A	5XCO.A.B_B	PB13A	0.635135
5XCO.A.B_A	5XCO.A.B_B	PB6A	1.079022
5XCO.A.B_A	5XCO.A.B_B	SB10A	1.286010
5XCO.A.B_A	5XCO.A.B_B	VB14A	0.000000
5XCO.A.B_A	5XCO.A.B_B	YB11A	1.900335
5XCO.A.B_A	5XCO.A.B_B	YB8A	1.364171
5XCO.A.B_A	5XCO.A.B_B	DA13C,DB12A	2.797383
5XCO.A.B_A	5XCO.A.B_B	DA13C,IB9A	2.797383
5XCO.A.B_A	5XCO.A.B_B	DA13C,LB7A	2.797383
5XCO.A.B_A	5XCO.A.B_B	DA13C,PB13A	1.747584
5XCO.A.B_A	5XCO.A.B_B	DA13C,PB6A	2.409963
5XCO.A.B_A	5XCO.A.B_B	DA13C,SB10A	2.464354
5XCO.A.B_A	5XCO.A.B_B	DA13C,VB14A	0.859965
5XCO.A.B_A	5XCO.A.B_B	DA13C,YB11A	2.797383
5XCO.A.B_A	5XCO.A.B_B	DA13C,YB8A	2.618993
5XCO.A.B_A	5XCO.A.B_B	DA13G,DB12A	2.797383
5XCO.A.B_A	5XCO.A.B_B	DA13G,IB9A	2.797383
5XCO.A.B_A	5XCO.A.B_B	DA13G,LB7A	2.797383
5XCO.A.B_A	5XCO.A.B_B	DA13G,PB13A	2.122323
5XCO.A.B_A	5XCO.A.B_B	DA13G,PB6A	2.453868
5XCO.A.B_A	5XCO.A.B_B	DA13G,SB10A	2.791429
5XCO.A.B_A	5XCO.A.B_B	DA13G,VB14A	1.322820
5XCO.A.B_A	5XCO.A.B_B	DA13G,YB11A	2.797383
5XCO.A.B_A	5XCO.A.B_B	DA13G,YB8A	2.741508
