1A4Y.A.B_A	1A4Y.A.B_B	DA435A	3.485544
1A4Y.A.B_A	1A4Y.A.B_B	EA287A	0.100657
1A4Y.A.B_A	1A4Y.A.B_B	EA344A	0.178610
1A4Y.A.B_A	1A4Y.A.B_B	EA401A	0.883734
1A4Y.A.B_A	1A4Y.A.B_B	EB108A	-0.322725
1A4Y.A.B_A	1A4Y.A.B_B	HB114A	0.656829
1A4Y.A.B_A	1A4Y.A.B_B	HB13A	-0.296685
1A4Y.A.B_A	1A4Y.A.B_B	HB84A	0.170438
1A4Y.A.B_A	1A4Y.A.B_B	HB8A	0.904115
1A4Y.A.B_A	1A4Y.A.B_B	IA459A	0.679432
1A4Y.A.B_A	1A4Y.A.B_B	KA320A	-0.309999
1A4Y.A.B_A	1A4Y.A.B_B	KB40G	3.236800
1A4Y.A.B_A	1A4Y.A.B_B	KB40Q	4.252428
1A4Y.A.B_A	1A4Y.A.B_B	NB68A	0.117810
1A4Y.A.B_A	1A4Y.A.B_B	QB12A	0.300265
1A4Y.A.B_A	1A4Y.A.B_B	RA457A	-0.223986
1A4Y.A.B_A	1A4Y.A.B_B	RB31A	0.250522
1A4Y.A.B_A	1A4Y.A.B_B	RB32A	0.910251
1A4Y.A.B_A	1A4Y.A.B_B	RB33A	0.327074
1A4Y.A.B_A	1A4Y.A.B_B	RB5A	2.309282
1A4Y.A.B_A	1A4Y.A.B_B	RB66A	0.202909
1A4Y.A.B_A	1A4Y.A.B_B	RB70A	-0.231932
1A4Y.A.B_A	1A4Y.A.B_B	SA289A	0.042336
1A4Y.A.B_A	1A4Y.A.B_B	WA261A	0.100657
1A4Y.A.B_A	1A4Y.A.B_B	WA263A	1.171374
1A4Y.A.B_A	1A4Y.A.B_B	WA318A	1.500745
1A4Y.A.B_A	1A4Y.A.B_B	WA375A	1.035362
1A4Y.A.B_A	1A4Y.A.B_B	WB89A	0.240219
1A4Y.A.B_A	1A4Y.A.B_B	YA434A	3.262015
1A4Y.A.B_A	1A4Y.A.B_B	YA434F	0.557858
1A4Y.A.B_A	1A4Y.A.B_B	YA437A	0.836312
1A4Y.A.B_A	1A4Y.A.B_B	YA437F	0.245261
1A4Y.A.B_A	1A4Y.A.B_B	KB40G,DA435A	4.107513
1A4Y.A.B_A	1A4Y.A.B_B	KB40G,YA434A,DA435A	6.213886
1A4Y.A.B_A	1A4Y.A.B_B	KB40G,YA434A,YA437A	9.123152
1A4Y.A.B_A	1A4Y.A.B_B	KB40G,YA434F	6.665417
1A4Y.A.B_A	1A4Y.A.B_B	KB40G,YA437A	6.454105
1A4Y.A.B_A	1A4Y.A.B_B	QA430A,VA432A	0.072214
1A4Y.A.B_A	1A4Y.A.B_B	RB5A,DA435A	6.773434
1A4Y.A.B_A	1A4Y.A.B_B	RB5A,YA434A	6.979789
1A4Y.A.B_A	1A4Y.A.B_B	RB5A,YA434A,DA435A	10.107056
1A4Y.A.B_A	1A4Y.A.B_B	RB5A,YA434A,YA437A	8.531572
1A4Y.A.B_A	1A4Y.A.B_B	WA438A,SA439A,EA440A	1.785699
1A4Y.A.B_A	1A4Y.A.B_B	YA434A,DA435A	6.820856
1A4Y.A.B_A	1A4Y.A.B_B	YA434A,YA437A	6.645332
1AHW.AB.C_AB	1AHW.AB.C_C	DB167A	-0.484810
1AHW.AB.C_AB	1AHW.AB.C_C	LB165A	0.987378
1AHW.AB.C_AB	1AHW.AB.C_C	NB188A	1.078705
1AHW.AB.C_AB	1AHW.AB.C_C	TB156A	-0.074153
1AHW.AB.C_AB	1AHW.AB.C_C	TB159A	1.106266
1AHW.AB.C_AB	1AHW.AB.C_C	TB186A	1.346485
1AHW.AB.C_AB	1AHW.AB.C_C	VB187A	-0.314372
1AHW.AB.C_AB	1AHW.AB.C_C	YB145A	3.807047
1AHW.AB.C_AB	1AHW.AB.C_C	YB146A	-1.889856
1AHW.AB.C_AB	1AHW.AB.C_C	IB141Q,TB143I,YB145T	3.977485
1AHW.AB.C_AB	1AHW.AB.C_C	KB138A,DB139A	1.182001
1AHW.AB.C_AB	1AHW.AB.C_C	KB154A,KB155A	-1.330307
1AHW.AB.C_AB	1AHW.AB.C_C	KB158A,NB160A,NB162A	4.074827
1AHW.AB.C_AB	1AHW.AB.C_C	RB189A,KB190A	4.018360
1AHW.AB.C_AB	1AHW.AB.C_C	SB184A,RB185A	4.018360
1AHW.AB.C_AB	1AHW.AB.C_C	TB110A,KB111A	0.639143
1B3S.A.D_A	1B3S.A.D_D	AA102H	-5.681903
1B3S.A.D_A	1B3S.A.D_D	FB30Y	0.596094
1B3S.A.D_A	1B3S.A.D_D	AA102H,FB30Y	-5.549702
1BRS.A.D_A	1BRS.A.D_D	DA52A	-0.528113
1BRS.A.D_A	1BRS.A.D_D	DB35A	4.286403
1BRS.A.D_A	1BRS.A.D_D	DB39A	6.793056
1BRS.A.D_A	1BRS.A.D_D	EA58A	0.094494
1BRS.A.D_A	1BRS.A.D_D	EA71A	2.352895
1BRS.A.D_A	1BRS.A.D_D	EA71C	2.528762
1BRS.A.D_A	1BRS.A.D_D	EA71F	2.235180
1BRS.A.D_A	1BRS.A.D_D	EA71Q	1.452103
1BRS.A.D_A	1BRS.A.D_D	EA71S	3.010488
1BRS.A.D_A	1BRS.A.D_D	EA71W	1.657255
1BRS.A.D_A	1BRS.A.D_D	EA71Y	2.413733
1BRS.A.D_A	1BRS.A.D_D	EB74A	1.093862
1BRS.A.D_A	1BRS.A.D_D	EB78A	0.476757
1BRS.A.D_A	1BRS.A.D_D	HA100A	6.347277
1BRS.A.D_A	1BRS.A.D_D	HA100D	4.550591
1BRS.A.D_A	1BRS.A.D_D	HA100G	6.820856
1BRS.A.D_A	1BRS.A.D_D	HA100L	7.666353
1BRS.A.D_A	1BRS.A.D_D	HA100Q	4.550591
1BRS.A.D_A	1BRS.A.D_D	KA25A	5.126054
1BRS.A.D_A	1BRS.A.D_D	NA56A	3.091062
1BRS.A.D_A	1BRS.A.D_D	RA57A	4.988752
1BRS.A.D_A	1BRS.A.D_D	RA57K	2.488124
1BRS.A.D_A	1BRS.A.D_D	RA81Q	5.420026
1BRS.A.D_A	1BRS.A.D_D	RA85A	5.758411
1BRS.A.D_A	1BRS.A.D_D	TB42A	1.857630
1BRS.A.D_A	1BRS.A.D_D	WA33F	1.260262
1BRS.A.D_A	1BRS.A.D_D	WB38F	1.642626
1BRS.A.D_A	1BRS.A.D_D	WB44F	0.056467
1BRS.A.D_A	1BRS.A.D_D	YB29A	3.470544
1BRS.A.D_A	1BRS.A.D_D	YB29F	-0.132202
1BRS.A.D_A	1BRS.A.D_D	EA71A,DB35A	6.440232
1BRS.A.D_A	1BRS.A.D_D	EA71A,DB39A	7.185323
1BRS.A.D_A	1BRS.A.D_D	EA71F,DB35A	6.410199
1BRS.A.D_A	1BRS.A.D_D	EA71F,DB39A	7.471731
1BRS.A.D_A	1BRS.A.D_D	EA71Q,DB39A	7.207327
1BRS.A.D_A	1BRS.A.D_D	EA71Q,EB74A	3.527011
1BRS.A.D_A	1BRS.A.D_D	EA71W,DB35A	5.712495
1BRS.A.D_A	1BRS.A.D_D	EA71W,DB39A	6.665240
1BRS.A.D_A	1BRS.A.D_D	EA71W,EB74A	3.549655
1BRS.A.D_A	1BRS.A.D_D	HA100A,DB39A	8.991340
1BRS.A.D_A	1BRS.A.D_D	HA100A,EB74A	7.563057
1BRS.A.D_A	1BRS.A.D_D	HA100A,EB78A	6.745120
1BRS.A.D_A	1BRS.A.D_D	HA100A,TB42A	8.135627
1BRS.A.D_A	1BRS.A.D_D	HA100A,WB38F	7.642168
1BRS.A.D_A	1BRS.A.D_D	HA100A,YB29A	6.306903
1BRS.A.D_A	1BRS.A.D_D	HA100A,YB29F	5.549702
1BRS.A.D_A	1BRS.A.D_D	HA100Q,RA57A	9.308979
1BRS.A.D_A	1BRS.A.D_D	HA100Q,RA57K	6.912182
1BRS.A.D_A	1BRS.A.D_D	KA25A,DB35A	9.549198
1BRS.A.D_A	1BRS.A.D_D	KA25A,DB39A	8.278044
1BRS.A.D_A	1BRS.A.D_D	KA25A,EB74A	6.696013
1BRS.A.D_A	1BRS.A.D_D	KA25A,EB78A	5.513151
1BRS.A.D_A	1BRS.A.D_D	KA25A,TB42A	5.723925
1BRS.A.D_A	1BRS.A.D_D	KA25A,WB38F	5.113170
1BRS.A.D_A	1BRS.A.D_D	KA25A,YB29A	8.624589
1BRS.A.D_A	1BRS.A.D_D	RA57A,DB35A	6.334464
1BRS.A.D_A	1BRS.A.D_D	RA57A,DB39A	11.361335
1BRS.A.D_A	1BRS.A.D_D	RA57A,EB74A	4.970293
1BRS.A.D_A	1BRS.A.D_D	RA57A,EB78A	5.201466
1BRS.A.D_A	1BRS.A.D_D	RA57A,TB42A	6.820856
1BRS.A.D_A	1BRS.A.D_D	RA57A,WB38F	6.277997
1BRS.A.D_A	1BRS.A.D_D	RA57A,YB29A	8.122606
1BRS.A.D_A	1BRS.A.D_D	RA81Q,DB35A	9.605664
1BRS.A.D_A	1BRS.A.D_D	RA81Q,DB39A	6.439105
1BRS.A.D_A	1BRS.A.D_D	RA81Q,EB74A	6.721076
1BRS.A.D_A	1BRS.A.D_D	RA81Q,EB78A	5.764045
1BRS.A.D_A	1BRS.A.D_D	RA81Q,TB42A	6.107559
1BRS.A.D_A	1BRS.A.D_D	RA81Q,WB38F	6.758434
1BRS.A.D_A	1BRS.A.D_D	RA81Q,YB29A	8.293043
1BRS.A.D_A	1BRS.A.D_D	RA85A,DB39A	7.185323
1BRS.A.D_A	1BRS.A.D_D	RA85A,EB74A	6.866451
1BRS.A.D_A	1BRS.A.D_D	RA85A,EB78A	6.126986
1BRS.A.D_A	1BRS.A.D_D	RA85A,TB42A	7.020199
1BRS.A.D_A	1BRS.A.D_D	RA85A,WB38F	7.040989
1BRS.A.D_A	1BRS.A.D_D	RA85A,YB29A	8.052825
1C1Y.A.B_A	1C1Y.A.B_B	DA38A	2.620325
1C1Y.A.B_A	1C1Y.A.B_B	KA31E	-1.774828
1C1Y.A.B_A	1C1Y.A.B_B	KB11A	1.108953
1C1Y.A.B_A	1C1Y.A.B_B	KB11E	0.891094
1C1Y.A.B_A	1C1Y.A.B_B	KB11M	0.713296
1C1Y.A.B_A	1C1Y.A.B_B	KB30A	1.312621
1C1Y.A.B_A	1C1Y.A.B_B	KB30E	2.232905
1C1Y.A.B_A	1C1Y.A.B_B	NB10A	0.501983
1C1Y.A.B_A	1C1Y.A.B_B	NB10D	1.476288
1C1Y.A.B_A	1C1Y.A.B_B	QB12A	1.580890
1C1Y.A.B_A	1C1Y.A.B_B	RB13A	1.455498
1C1Y.A.B_A	1C1Y.A.B_B	RB35L	2.620325
1C1Y.A.B_A	1C1Y.A.B_B	RB5A	1.907029
1C1Y.A.B_A	1C1Y.A.B_B	TB14A	1.455498
1C1Y.A.B_A	1C1Y.A.B_B	VB15A	1.123952
1C1Y.A.B_A	1C1Y.A.B_B	KA31E,EA30D	-2.015046
1C1Y.A.B_A	1C1Y.A.B_B	KB30A,RB35G	2.620325
1C1Y.A.B_A	1C1Y.A.B_B	RB5A,NB10D	2.752527
1C4Z.ABC.D_ABC	1C4Z.ABC.D_D	AB56G	0.566095
1C4Z.ABC.D_ABC	1C4Z.ABC.D_D	AB95G	0.410656
1C4Z.ABC.D_ABC	1C4Z.ABC.D_D	CA324A	0.108017
1C4Z.ABC.D_ABC	1C4Z.ABC.D_D	DA145A	-0.387420
1C4Z.ABC.D_ABC	1C4Z.ABC.D_D	DA145K	0.207747
1C4Z.ABC.D_ABC	1C4Z.ABC.D_D	DA156A	0.518673
1C4Z.ABC.D_ABC	1C4Z.ABC.D_D	DA156R	1.375903
1C4Z.ABC.D_ABC	1C4Z.ABC.D_D	EB57A	0.087932
1C4Z.ABC.D_ABC	1C4Z.ABC.D_D	EB57R	0.067142
1C4Z.ABC.D_ABC	1C4Z.ABC.D_D	EB90A	-0.434841
1C4Z.ABC.D_ABC	1C4Z.ABC.D_D	EB90R	-1.002914
1C4Z.ABC.D_ABC	1C4Z.ABC.D_D	FA194A	1.596437
1C4Z.ABC.D_ABC	1C4Z.ABC.D_D	FB60A	3.014157
1C4Z.ABC.D_ABC	1C4Z.ABC.D_D	IA159A	0.410656
1C4Z.ABC.D_ABC	1C4Z.ABC.D_D	IA163A	-0.089355
1C4Z.ABC.D_ABC	1C4Z.ABC.D_D	KB61A	0.293084
1C4Z.ABC.D_ABC	1C4Z.ABC.D_D	KB61E	0.725028
1C4Z.ABC.D_ABC	1C4Z.ABC.D_D	KB6A	0.610000
1C4Z.ABC.D_ABC	1C4Z.ABC.D_D	KB6E	1.554990
1C4Z.ABC.D_ABC	1C4Z.ABC.D_D	KB93A	1.135685
1C4Z.ABC.D_ABC	1C4Z.ABC.D_D	KB93E	1.169548
1C4Z.ABC.D_ABC	1C4Z.ABC.D_D	KB97A	1.301750
1C4Z.ABC.D_ABC	1C4Z.ABC.D_D	KB97E	1.420638
1C4Z.ABC.D_ABC	1C4Z.ABC.D_D	LA139A	1.216970
1C4Z.ABC.D_ABC	1C4Z.ABC.D_D	LA143A	0.999110
1C4Z.ABC.D_ABC	1C4Z.ABC.D_D	LA146A	1.974171
1C4Z.ABC.D_ABC	1C4Z.ABC.D_D	LB30A	-0.343515
1C4Z.ABC.D_ABC	1C4Z.ABC.D_D	MA157A	1.930266
1C4Z.ABC.D_ABC	1C4Z.ABC.D_D	MA158A	0.758892
1C4Z.ABC.D_ABC	1C4Z.ABC.D_D	MA174A	-0.573247
1C4Z.ABC.D_ABC	1C4Z.ABC.D_D	NB28A	-0.178390
1C4Z.ABC.D_ABC	1C4Z.ABC.D_D	PB59A	1.409767
1C4Z.ABC.D_ABC	1C4Z.ABC.D_D	PB94A	0.850219
1C4Z.ABC.D_ABC	1C4Z.ABC.D_D	QA141A	-0.387420
1C4Z.ABC.D_ABC	1C4Z.ABC.D_D	RB2A	0.518673
1C4Z.ABC.D_ABC	1C4Z.ABC.D_D	RB2E	1.288436
1C4Z.ABC.D_ABC	1C4Z.ABC.D_D	RB3A	0.467123
1C4Z.ABC.D_ABC	1C4Z.ABC.D_D	RB3E	1.185781
1C4Z.ABC.D_ABC	1C4Z.ABC.D_D	RB49A	-0.011969
1C4Z.ABC.D_ABC	1C4Z.ABC.D_D	SA142A	0.410656
1C4Z.ABC.D_ABC	1C4Z.ABC.D_D	SA164A	-0.410656
1C4Z.ABC.D_ABC	1C4Z.ABC.D_D	SB1A	0.566095
1C4Z.ABC.D_ABC	1C4Z.ABC.D_D	TA160A	0.566095
1C4Z.ABC.D_ABC	1C4Z.ABC.D_D	TA166A	-0.132202
1C4Z.ABC.D_ABC	1C4Z.ABC.D_D	VA138A	0.566095
1C4Z.ABC.D_ABC	1C4Z.ABC.D_D	WB92A	0.821313
1C4Z.ABC.D_ABC	1C4Z.ABC.D_D	YA149A	1.288436
1C4Z.ABC.D_ABC	1C4Z.ABC.D_D	YA198L	0.821313
1C4Z.ABC.D_ABC	1C4Z.ABC.D_D	SA243P,NA245P	-0.075735
1CBW.FGH.I_FGH	1CBW.FGH.I_I	FB33A	0.142877
1CBW.FGH.I_FGH	1CBW.FGH.I_I	GB12A	0.643666
1CBW.FGH.I_FGH	1CBW.FGH.I_I	GB36A	0.932698
1CBW.FGH.I_FGH	1CBW.FGH.I_I	GB37A	0.811234
1CBW.FGH.I_FGH	1CBW.FGH.I_I	IB18A	1.415721
1CBW.FGH.I_FGH	1CBW.FGH.I_I	IB19A	0.121245
1CBW.FGH.I_FGH	1CBW.FGH.I_I	KB15A	2.076119
1CBW.FGH.I_FGH	1CBW.FGH.I_I	KB15D	5.270803
1CBW.FGH.I_FGH	1CBW.FGH.I_I	KB15E	3.906632
1CBW.FGH.I_FGH	1CBW.FGH.I_I	KB15F	-1.984657
1CBW.FGH.I_FGH	1CBW.FGH.I_I	KB15G	4.156491
1CBW.FGH.I_FGH	1CBW.FGH.I_I	KB15H	0.100170
1CBW.FGH.I_FGH	1CBW.FGH.I_I	KB15I	2.961591
1CBW.FGH.I_FGH	1CBW.FGH.I_I	KB15L	-1.597415
1CBW.FGH.I_FGH	1CBW.FGH.I_I	KB15M	-1.441799
1CBW.FGH.I_FGH	1CBW.FGH.I_I	KB15N	1.337599
1CBW.FGH.I_FGH	1CBW.FGH.I_I	KB15Q	0.308843
1CBW.FGH.I_FGH	1CBW.FGH.I_I	KB15R	-0.620486
1CBW.FGH.I_FGH	1CBW.FGH.I_I	KB15S	3.425839
1CBW.FGH.I_FGH	1CBW.FGH.I_I	KB15T	2.107856
1CBW.FGH.I_FGH	1CBW.FGH.I_I	KB15V	2.157552
1CBW.FGH.I_FGH	1CBW.FGH.I_I	KB15W	-2.461035
1CBW.FGH.I_FGH	1CBW.FGH.I_I	KB15Y	-2.641487
1CBW.FGH.I_FGH	1CBW.FGH.I_I	KB46A	0.121245
1CBW.FGH.I_FGH	1CBW.FGH.I_I	PB13A	-0.078099
1CBW.FGH.I_FGH	1CBW.FGH.I_I	RB17A	0.527460
1CBW.FGH.I_FGH	1CBW.FGH.I_I	RB20A	0.327579
1CBW.FGH.I_FGH	1CBW.FGH.I_I	RB39A	0.210964
1CBW.FGH.I_FGH	1CBW.FGH.I_I	TB11A	0.210964
1CBW.FGH.I_FGH	1CBW.FGH.I_I	VB34A	0.025775
1CBW.FGH.I_FGH	1CBW.FGH.I_I	YB35A	0.843117
1CHO.EFG.I_EFG	1CHO.EFG.I_I	AB12C	-0.326778
1CHO.EFG.I_EFG	1CHO.EFG.I_I	AB12D	0.000000
1CHO.EFG.I_EFG	1CHO.EFG.I_I	AB12E	0.225007
1CHO.EFG.I_EFG	1CHO.EFG.I_I	AB12F	-0.735482
1CHO.EFG.I_EFG	1CHO.EFG.I_I	AB12G	0.066014
1CHO.EFG.I_EFG	1CHO.EFG.I_I	AB12H	-0.326778
1CHO.EFG.I_EFG	1CHO.EFG.I_I	AB12I	0.655363
1CHO.EFG.I_EFG	1CHO.EFG.I_I	AB12K	2.498728
1CHO.EFG.I_EFG	1CHO.EFG.I_I	AB12L	0.140701
1CHO.EFG.I_EFG	1CHO.EFG.I_I	AB12M	0.140701
1CHO.EFG.I_EFG	1CHO.EFG.I_I	AB12N	-0.288909
1CHO.EFG.I_EFG	1CHO.EFG.I_I	AB12P	3.108965
1CHO.EFG.I_EFG	1CHO.EFG.I_I	AB12Q	0.442451
1CHO.EFG.I_EFG	1CHO.EFG.I_I	AB12R	0.468555
1CHO.EFG.I_EFG	1CHO.EFG.I_I	AB12S	0.066014
1CHO.EFG.I_EFG	1CHO.EFG.I_I	AB12T	0.969077
1CHO.EFG.I_EFG	1CHO.EFG.I_I	AB12V	0.938498
1CHO.EFG.I_EFG	1CHO.EFG.I_I	AB12W	-1.925330
1CHO.EFG.I_EFG	1CHO.EFG.I_I	AB12Y	-0.875531
1CHO.EFG.I_EFG	1CHO.EFG.I_I	EB16A	2.333248
1CHO.EFG.I_EFG	1CHO.EFG.I_I	EB16C	2.728342
1CHO.EFG.I_EFG	1CHO.EFG.I_I	EB16D	0.881760
1CHO.EFG.I_EFG	1CHO.EFG.I_I	EB16F	3.622681
1CHO.EFG.I_EFG	1CHO.EFG.I_I	EB16G	3.622681
1CHO.EFG.I_EFG	1CHO.EFG.I_I	EB16H	2.089729
1CHO.EFG.I_EFG	1CHO.EFG.I_I	EB16I	2.642434
1CHO.EFG.I_EFG	1CHO.EFG.I_I	EB16K	3.594646
1CHO.EFG.I_EFG	1CHO.EFG.I_I	EB16L	2.869043
1CHO.EFG.I_EFG	1CHO.EFG.I_I	EB16M	2.698309
1CHO.EFG.I_EFG	1CHO.EFG.I_I	EB16N	2.333248
1CHO.EFG.I_EFG	1CHO.EFG.I_I	EB16P	2.590766
1CHO.EFG.I_EFG	1CHO.EFG.I_I	EB16Q	1.334138
1CHO.EFG.I_EFG	1CHO.EFG.I_I	EB16R	3.681857
1CHO.EFG.I_EFG	1CHO.EFG.I_I	EB16S	2.794357
1CHO.EFG.I_EFG	1CHO.EFG.I_I	EB16T	2.909385
1CHO.EFG.I_EFG	1CHO.EFG.I_I	EB16V	2.439434
1CHO.EFG.I_EFG	1CHO.EFG.I_I	EB16W	3.160022
1CHO.EFG.I_EFG	1CHO.EFG.I_I	EB16Y	2.669166
1CHO.EFG.I_EFG	1CHO.EFG.I_I	GB29A	-0.931722
1CHO.EFG.I_EFG	1CHO.EFG.I_I	GB29C	2.543463
1CHO.EFG.I_EFG	1CHO.EFG.I_I	GB29D	3.108965
1CHO.EFG.I_EFG	1CHO.EFG.I_I	GB29E	2.615803
1CHO.EFG.I_EFG	1CHO.EFG.I_I	GB29F	0.102169
1CHO.EFG.I_EFG	1CHO.EFG.I_I	GB29H	-0.983548
1CHO.EFG.I_EFG	1CHO.EFG.I_I	GB29I	2.367356
1CHO.EFG.I_EFG	1CHO.EFG.I_I	GB29K	1.589178
1CHO.EFG.I_EFG	1CHO.EFG.I_I	GB29L	1.750689
1CHO.EFG.I_EFG	1CHO.EFG.I_I	GB29M	1.636540
1CHO.EFG.I_EFG	1CHO.EFG.I_I	GB29N	0.953515
1CHO.EFG.I_EFG	1CHO.EFG.I_I	GB29P	0.324097
1CHO.EFG.I_EFG	1CHO.EFG.I_I	GB29Q	2.383700
1CHO.EFG.I_EFG	1CHO.EFG.I_I	GB29R	1.744794
1CHO.EFG.I_EFG	1CHO.EFG.I_I	GB29S	-0.137576
1CHO.EFG.I_EFG	1CHO.EFG.I_I	GB29T	2.076340
1CHO.EFG.I_EFG	1CHO.EFG.I_I	GB29V	0.647226
1CHO.EFG.I_EFG	1CHO.EFG.I_I	GB29W	1.056630
1CHO.EFG.I_EFG	1CHO.EFG.I_I	GB29Y	-0.983548
1CHO.EFG.I_EFG	1CHO.EFG.I_I	KB10A	0.181043
1CHO.EFG.I_EFG	1CHO.EFG.I_I	KB10C	0.503269
1CHO.EFG.I_EFG	1CHO.EFG.I_I	KB10D	-0.511063
1CHO.EFG.I_EFG	1CHO.EFG.I_I	KB10E	0.181043
1CHO.EFG.I_EFG	1CHO.EFG.I_I	KB10F	1.093327
1CHO.EFG.I_EFG	1CHO.EFG.I_I	KB10G	1.822422
1CHO.EFG.I_EFG	1CHO.EFG.I_I	KB10H	0.140701
1CHO.EFG.I_EFG	1CHO.EFG.I_I	KB10I	1.545214
1CHO.EFG.I_EFG	1CHO.EFG.I_I	KB10L	0.380623
1CHO.EFG.I_EFG	1CHO.EFG.I_I	KB10M	0.426219
1CHO.EFG.I_EFG	1CHO.EFG.I_I	KB10N	-0.360987
1CHO.EFG.I_EFG	1CHO.EFG.I_I	KB10P	2.076340
1CHO.EFG.I_EFG	1CHO.EFG.I_I	KB10Q	-0.572891
1CHO.EFG.I_EFG	1CHO.EFG.I_I	KB10R	-0.377795
1CHO.EFG.I_EFG	1CHO.EFG.I_I	KB10S	-0.426639
1CHO.EFG.I_EFG	1CHO.EFG.I_I	KB10T	0.380623
1CHO.EFG.I_EFG	1CHO.EFG.I_I	KB10V	1.201936
1CHO.EFG.I_EFG	1CHO.EFG.I_I	KB10W	1.019529
1CHO.EFG.I_EFG	1CHO.EFG.I_I	KB10Y	1.075263
1CHO.EFG.I_EFG	1CHO.EFG.I_I	LB15A	4.849173
1CHO.EFG.I_EFG	1CHO.EFG.I_I	LB15C	2.642434
1CHO.EFG.I_EFG	1CHO.EFG.I_I	LB15D	7.201479
1CHO.EFG.I_EFG	1CHO.EFG.I_I	LB15E	6.756169
1CHO.EFG.I_EFG	1CHO.EFG.I_I	LB15F	-1.501747
1CHO.EFG.I_EFG	1CHO.EFG.I_I	LB15G	6.085373
1CHO.EFG.I_EFG	1CHO.EFG.I_I	LB15H	3.000712
1CHO.EFG.I_EFG	1CHO.EFG.I_I	LB15I	4.479032
1CHO.EFG.I_EFG	1CHO.EFG.I_I	LB15K	4.373346
1CHO.EFG.I_EFG	1CHO.EFG.I_I	LB15M	0.352360
1CHO.EFG.I_EFG	1CHO.EFG.I_I	LB15N	3.357031
1CHO.EFG.I_EFG	1CHO.EFG.I_I	LB15P	8.801906
1CHO.EFG.I_EFG	1CHO.EFG.I_I	LB15Q	3.255140
1CHO.EFG.I_EFG	1CHO.EFG.I_I	LB15R	4.006606
1CHO.EFG.I_EFG	1CHO.EFG.I_I	LB15S	4.986852
1CHO.EFG.I_EFG	1CHO.EFG.I_I	LB15T	4.484869
1CHO.EFG.I_EFG	1CHO.EFG.I_I	LB15V	4.273556
1CHO.EFG.I_EFG	1CHO.EFG.I_I	LB15W	-1.690949
1CHO.EFG.I_EFG	1CHO.EFG.I_I	LB15Y	-2.225073
1CHO.EFG.I_EFG	1CHO.EFG.I_I	NB25S	0.000000
1CHO.EFG.I_EFG	1CHO.EFG.I_I	NB33A	-1.364171
1CHO.EFG.I_EFG	1CHO.EFG.I_I	NB33C	-0.112539
1CHO.EFG.I_EFG	1CHO.EFG.I_I	NB33D	-1.040074
1CHO.EFG.I_EFG	1CHO.EFG.I_I	NB33E	2.333248
1CHO.EFG.I_EFG	1CHO.EFG.I_I	NB33F	2.367356
1CHO.EFG.I_EFG	1CHO.EFG.I_I	NB33G	-1.394204
1CHO.EFG.I_EFG	1CHO.EFG.I_I	NB33H	-0.735482
1CHO.EFG.I_EFG	1CHO.EFG.I_I	NB33I	-0.030033
1CHO.EFG.I_EFG	1CHO.EFG.I_I	NB33K	2.333248
1CHO.EFG.I_EFG	1CHO.EFG.I_I	NB33L	0.616879
1CHO.EFG.I_EFG	1CHO.EFG.I_I	NB33M	-0.208424
1CHO.EFG.I_EFG	1CHO.EFG.I_I	NB33P	-1.834004
1CHO.EFG.I_EFG	1CHO.EFG.I_I	NB33Q	-0.184879
1CHO.EFG.I_EFG	1CHO.EFG.I_I	NB33R	1.589178
1CHO.EFG.I_EFG	1CHO.EFG.I_I	NB33S	-1.476710
1CHO.EFG.I_EFG	1CHO.EFG.I_I	NB33T	-1.298157
1CHO.EFG.I_EFG	1CHO.EFG.I_I	NB33V	0.032862
1CHO.EFG.I_EFG	1CHO.EFG.I_I	NB33W	2.178687
1CHO.EFG.I_EFG	1CHO.EFG.I_I	NB33Y	2.566107
1CHO.EFG.I_EFG	1CHO.EFG.I_I	PB11A	0.380623
1CHO.EFG.I_EFG	1CHO.EFG.I_I	PB11C	-0.983548
1CHO.EFG.I_EFG	1CHO.EFG.I_I	PB11D	-0.851346
1CHO.EFG.I_EFG	1CHO.EFG.I_I	PB11E	-0.720093
1CHO.EFG.I_EFG	1CHO.EFG.I_I	PB11F	-0.307541
1CHO.EFG.I_EFG	1CHO.EFG.I_I	PB11G	0.636434
1CHO.EFG.I_EFG	1CHO.EFG.I_I	PB11H	-0.112539
1CHO.EFG.I_EFG	1CHO.EFG.I_I	PB11I	-0.511063
1CHO.EFG.I_EFG	1CHO.EFG.I_I	PB11K	0.386518
1CHO.EFG.I_EFG	1CHO.EFG.I_I	PB11L	-0.524559
1CHO.EFG.I_EFG	1CHO.EFG.I_I	PB11M	-0.828110
1CHO.EFG.I_EFG	1CHO.EFG.I_I	PB11N	-0.779988
1CHO.EFG.I_EFG	1CHO.EFG.I_I	PB11Q	-0.727738
1CHO.EFG.I_EFG	1CHO.EFG.I_I	PB11R	0.398135
1CHO.EFG.I_EFG	1CHO.EFG.I_I	PB11S	-0.440690
1CHO.EFG.I_EFG	1CHO.EFG.I_I	PB11T	-0.549655
1CHO.EFG.I_EFG	1CHO.EFG.I_I	PB11V	-0.549655
1CHO.EFG.I_EFG	1CHO.EFG.I_I	PB11W	-0.208424
1CHO.EFG.I_EFG	1CHO.EFG.I_I	PB11Y	-0.395094
1CHO.EFG.I_EFG	1CHO.EFG.I_I	RB18A	3.191768
1CHO.EFG.I_EFG	1CHO.EFG.I_I	RB18C	3.519622
1CHO.EFG.I_EFG	1CHO.EFG.I_I	RB18D	3.783077
1CHO.EFG.I_EFG	1CHO.EFG.I_I	RB18E	3.519622
1CHO.EFG.I_EFG	1CHO.EFG.I_I	RB18F	2.953349
1CHO.EFG.I_EFG	1CHO.EFG.I_I	RB18G	3.486107
1CHO.EFG.I_EFG	1CHO.EFG.I_I	RB18H	2.794357
1CHO.EFG.I_EFG	1CHO.EFG.I_I	RB18I	2.109262
1CHO.EFG.I_EFG	1CHO.EFG.I_I	RB18K	0.662769
1CHO.EFG.I_EFG	1CHO.EFG.I_I	RB18L	2.830511
1CHO.EFG.I_EFG	1CHO.EFG.I_I	RB18M	2.615803
1CHO.EFG.I_EFG	1CHO.EFG.I_I	RB18N	3.519622
1CHO.EFG.I_EFG	1CHO.EFG.I_I	RB18P	7.289410
1CHO.EFG.I_EFG	1CHO.EFG.I_I	RB18Q	2.478472
1CHO.EFG.I_EFG	1CHO.EFG.I_I	RB18S	3.186593
1CHO.EFG.I_EFG	1CHO.EFG.I_I	RB18T	2.669166
1CHO.EFG.I_EFG	1CHO.EFG.I_I	RB18V	2.066095
1CHO.EFG.I_EFG	1CHO.EFG.I_I	RB18W	2.439434
1CHO.EFG.I_EFG	1CHO.EFG.I_I	RB18Y	3.000712
1CHO.EFG.I_EFG	1CHO.EFG.I_I	TB14A	4.238024
1CHO.EFG.I_EFG	1CHO.EFG.I_I	TB14C	3.329099
1CHO.EFG.I_EFG	1CHO.EFG.I_I	TB14D	6.820856
1CHO.EFG.I_EFG	1CHO.EFG.I_I	TB14E	5.660643
1CHO.EFG.I_EFG	1CHO.EFG.I_I	TB14F	4.233214
1CHO.EFG.I_EFG	1CHO.EFG.I_I	TB14G	5.294449
1CHO.EFG.I_EFG	1CHO.EFG.I_I	TB14H	3.651824
1CHO.EFG.I_EFG	1CHO.EFG.I_I	TB14I	3.651824
1CHO.EFG.I_EFG	1CHO.EFG.I_I	TB14K	4.092513
1CHO.EFG.I_EFG	1CHO.EFG.I_I	TB14L	4.416611
1CHO.EFG.I_EFG	1CHO.EFG.I_I	TB14M	3.954937
1CHO.EFG.I_EFG	1CHO.EFG.I_I	TB14N	4.317521
1CHO.EFG.I_EFG	1CHO.EFG.I_I	TB14P	4.233214
1CHO.EFG.I_EFG	1CHO.EFG.I_I	TB14Q	3.681857
1CHO.EFG.I_EFG	1CHO.EFG.I_I	TB14R	3.884090
1CHO.EFG.I_EFG	1CHO.EFG.I_I	TB14S	2.350547
1CHO.EFG.I_EFG	1CHO.EFG.I_I	TB14V	3.427449
1CHO.EFG.I_EFG	1CHO.EFG.I_I	TB14W	4.158528
1CHO.EFG.I_EFG	1CHO.EFG.I_I	TB14Y	4.473137
1CHO.EFG.I_EFG	1CHO.EFG.I_I	YB17A	2.543463
1CHO.EFG.I_EFG	1CHO.EFG.I_I	YB17C	2.543463
1CHO.EFG.I_EFG	1CHO.EFG.I_I	YB17D	6.204172
1CHO.EFG.I_EFG	1CHO.EFG.I_I	YB17E	5.015995
1CHO.EFG.I_EFG	1CHO.EFG.I_I	YB17F	0.181043
1CHO.EFG.I_EFG	1CHO.EFG.I_I	YB17G	3.176107
1CHO.EFG.I_EFG	1CHO.EFG.I_I	YB17H	1.509682
1CHO.EFG.I_EFG	1CHO.EFG.I_I	YB17I	2.109262
1CHO.EFG.I_EFG	1CHO.EFG.I_I	YB17K	3.165432
1CHO.EFG.I_EFG	1CHO.EFG.I_I	YB17L	0.684447
1CHO.EFG.I_EFG	1CHO.EFG.I_I	YB17M	1.226595
1CHO.EFG.I_EFG	1CHO.EFG.I_I	YB17N	3.000712
1CHO.EFG.I_EFG	1CHO.EFG.I_I	YB17P	8.565650
1CHO.EFG.I_EFG	1CHO.EFG.I_I	YB17Q	3.154561
1CHO.EFG.I_EFG	1CHO.EFG.I_I	YB17R	2.909385
1CHO.EFG.I_EFG	1CHO.EFG.I_I	YB17S	2.869043
1CHO.EFG.I_EFG	1CHO.EFG.I_I	YB17T	3.304062
1CHO.EFG.I_EFG	1CHO.EFG.I_I	YB17V	3.463747
1CHO.EFG.I_EFG	1CHO.EFG.I_I	YB17W	0.392355
1CHO.EFG.I_EFG	1CHO.EFG.I_I	AB12D,GB29A	-0.865738
1CHO.EFG.I_EFG	1CHO.EFG.I_I	AB12D,GB29A,NB30S	-0.030033
1CHO.EFG.I_EFG	1CHO.EFG.I_I	AB12D,LB15A	4.827918
1CHO.EFG.I_EFG	1CHO.EFG.I_I	AB12D,LB15A,YB17D	10.913369
1CHO.EFG.I_EFG	1CHO.EFG.I_I	AB12G,LB15M,LB20V,KB26I,EB40K	1.114300
1CHO.EFG.I_EFG	1CHO.EFG.I_I	AB12G,TB14M,LB15M,YB17R,RB18L,GB29N,NB30D,SB48N,KB52E	9.204556
1CHO.EFG.I_EFG	1CHO.EFG.I_I	AB12R,LB15R	4.942098
1CHO.EFG.I_EFG	1CHO.EFG.I_I	AB12R,TB14K,LB15R	7.971405
1CHO.EFG.I_EFG	1CHO.EFG.I_I	AB12R,TB14K,LB15R,EB16S	8.392895
1CHO.EFG.I_EFG	1CHO.EFG.I_I	AB12R,TB14P,LB15R	8.903476
1CHO.EFG.I_EFG	1CHO.EFG.I_I	AB12T,LB15M	0.923481
1CHO.EFG.I_EFG	1CHO.EFG.I_I	AB12V,TB14S	3.610102
1CHO.EFG.I_EFG	1CHO.EFG.I_I	AB12V,TB14S,RB18M,NB25S,KB26Q,GB29S,KB31E,EB40D	6.635976
1CHO.EFG.I_EFG	1CHO.EFG.I_I	DB4N,EB7D,AB12V,TB14S,EB16L,RB18M,VB39A,EB40D	6.459869
1CHO.EFG.I_EFG	1CHO.EFG.I_I	DB4N,EB7G,LB15M,RB18M,EB40D,KB52E	1.913749
1CHO.EFG.I_EFG	1CHO.EFG.I_I	EB7D,AB12V,EB16D,RB18M,GB29S,EB40D,LB45I,KB52R	5.522699
1CHO.EFG.I_EFG	1CHO.EFG.I_I	EB7D,AB12V,EB16D,RB18M,KB26T,GB29S,EB40D,LB45I	5.681692
1CHO.EFG.I_EFG	1CHO.EFG.I_I	EB7D,AB12V,TB14P,EB16D,RB18M,NB25S,GB29S,NB42S,SB48R	7.333681
1CHO.EFG.I_EFG	1CHO.EFG.I_I	EB7D,AB12V,TB14S,EB16D,RB18M,KB26T,GB29N,NB33I,EB40D,LB45I	7.612135
1CHO.EFG.I_EFG	1CHO.EFG.I_I	EB7D,AB12V,TB14S,RB18M,NB25S,GB29N,NB33D,SB48G	4.364883
1CHO.EFG.I_EFG	1CHO.EFG.I_I	EB7D,AB12V,TB14S,RB18M,NB25S,GB29S,EB40D	5.456684
1CHO.EFG.I_EFG	1CHO.EFG.I_I	EB7D,AB12V,TB14S,RB18M,NB25S,GB29S,NB33D,EB40D	4.416611
1CHO.EFG.I_EFG	1CHO.EFG.I_I	EB7D,AB12V,TB14S,RB18M,NB25S,GB29S,NB33D,EB40D,TB46N	4.273556
1CHO.EFG.I_EFG	1CHO.EFG.I_I	EB7D,AB12V,TB14S,RB18M,NB25S,GB29S,NB33D,VB38F,EB40D,TB46S	4.233214
1CHO.EFG.I_EFG	1CHO.EFG.I_I	EB7D,AB12V,TB14S,RB18M,NB25S,GB29S,VB39A,EB40D	4.986852
1CHO.EFG.I_EFG	1CHO.EFG.I_I	EB7D,AB12V,TB14S,RB18M,VB39A,EB40D	5.248261
1CHO.EFG.I_EFG	1CHO.EFG.I_I	EB7D,AB12V,YB17E,RB18M,EB40D	7.824040
1CHO.EFG.I_EFG	1CHO.EFG.I_I	EB7D,KB10M,LB15M,LB20V	0.526876
1CHO.EFG.I_EFG	1CHO.EFG.I_I	EB7D,KB10R,AB12D,RB18M,EB40D	2.420802
1CHO.EFG.I_EFG	1CHO.EFG.I_I	EB7D,KB10R,AB12V,EB16D,RB18M,GB29S,EB40D,LB45I,KB52R	5.030046
1CHO.EFG.I_EFG	1CHO.EFG.I_I	EB7D,LB15F,RB18M,EB40D	1.037393
1CHO.EFG.I_EFG	1CHO.EFG.I_I	EB7D,LB15M,RB18M,EB40D	2.728342
1CHO.EFG.I_EFG	1CHO.EFG.I_I	EB7D,LB15M,RB18M,GB29D,EB40D	5.637727
1CHO.EFG.I_EFG	1CHO.EFG.I_I	EB7D,LB15V,RB18M,EB40D	6.612432
1CHO.EFG.I_EFG	1CHO.EFG.I_I	EB7D,LB15V,RB18M,GB29D,EB40D	9.519165
1CHO.EFG.I_EFG	1CHO.EFG.I_I	EB7D,RB18M,EB40D	2.543463
1CHO.EFG.I_EFG	1CHO.EFG.I_I	EB7D,RB18M,KB26Q,GB29S,NB33S,EB40D	1.304995
1CHO.EFG.I_EFG	1CHO.EFG.I_I	EB7D,RB18M,KB31R,EB40D	2.457498
1CHO.EFG.I_EFG	1CHO.EFG.I_I	EB7D,RB18M,LB20F,NB25S,GB29S,EB40D	2.669166
1CHO.EFG.I_EFG	1CHO.EFG.I_I	EB7D,TB14L,RB18M,GB29D,NB33S,EB40D,TB46S	9.222420
1CHO.EFG.I_EFG	1CHO.EFG.I_I	EB7D,TB14R,LB15M,RB18M,EB40D	6.531947
1CHO.EFG.I_EFG	1CHO.EFG.I_I	EB7D,TB14S,EB16D,RB18M,NB25S,GB29S,EB40D,GB51E	7.660467
1CHO.EFG.I_EFG	1CHO.EFG.I_I	EB7D,YB8H,AB12V,TB14S,RB18M,NB25S,GB29S,NB33D	4.871824
1CHO.EFG.I_EFG	1CHO.EFG.I_I	EB7D,YB8H,TB14L,LB15Q,YB17Q,RB18K,GB29D,NB33S,EB40D	11.138376
1CHO.EFG.I_EFG	1CHO.EFG.I_I	EB7D,YB8H,TB14L,LB15Q,YB17Q,RB18K,LB20I,GB29D,NB33S,EB40D	11.054070
1CHO.EFG.I_EFG	1CHO.EFG.I_I	EB7G,KB10Q,PB11S,TB14P,LB15Q,EB16D,RB18V,LB20F,GB29S,VB39A,EB40D	7.505302
1CHO.EFG.I_EFG	1CHO.EFG.I_I	EB7G,KB10Q,TB14S,RB18V,LB20F,GB29S,NB33D,VB39A,EB40D	1.636540
1CHO.EFG.I_EFG	1CHO.EFG.I_I	EB7G,LB15M,RB18M,EB40D	2.698309
1CHO.EFG.I_EFG	1CHO.EFG.I_I	EB7G,LB15M,RB18M,EB40D,KB52E	1.891047
1CHO.EFG.I_EFG	1CHO.EFG.I_I	EB7G,LB15M,YB17S,LB20I,KB26T,GB29S,HB49Y,FB50P,KB52V	2.794357
1CHO.EFG.I_EFG	1CHO.EFG.I_I	KB10R,AB12R,TB14K,LB15R	8.027130
1CHO.EFG.I_EFG	1CHO.EFG.I_I	KB10R,PB11F,AB12R,TB14K,LB15R	8.097977
1CHO.EFG.I_EFG	1CHO.EFG.I_I	KB10S,PB11D,AB12Y	-1.033277
1CHO.EFG.I_EFG	1CHO.EFG.I_I	KB10S,PB11D,AB12Y,LB15G,EB16I,RB18K	7.270104
1CHO.EFG.I_EFG	1CHO.EFG.I_I	KB10T,PB11E,AB12Y	-0.942230
1CHO.EFG.I_EFG	1CHO.EFG.I_I	KB10T,PB11E,AB12Y,LB15G,RB18M,GB29P,NB33V	5.884189
1CHO.EFG.I_EFG	1CHO.EFG.I_I	LB15M,GB29D	3.419842
1CHO.EFG.I_EFG	1CHO.EFG.I_I	LB15M,HB49R	0.140701
1CHO.EFG.I_EFG	1CHO.EFG.I_I	LB15M,HB49R,KB52E	-0.440690
1CHO.EFG.I_EFG	1CHO.EFG.I_I	LB15M,LB20V,KB26I,EB40K	1.037393
1CHO.EFG.I_EFG	1CHO.EFG.I_I	LB15M,NB33D,SB48N	-0.482412
1CHO.EFG.I_EFG	1CHO.EFG.I_I	LB15M,SB48N	0.380623
1CHO.EFG.I_EFG	1CHO.EFG.I_I	LB15M,SB48N,HB49R,KB52Q	0.272369
1CHO.EFG.I_EFG	1CHO.EFG.I_I	LB15M,TB27S,GB29D	3.581450
1CHO.EFG.I_EFG	1CHO.EFG.I_I	LB15M,TB46N,KB52T	0.655363
1CHO.EFG.I_EFG	1CHO.EFG.I_I	LB15M,YB17H,KB26Q,GB29D	4.233214
1CHO.EFG.I_EFG	1CHO.EFG.I_I	LB15M,YB17Q	3.519622
1CHO.EFG.I_EFG	1CHO.EFG.I_I	LB15S,RB18V,LB20I	7.224715
1CHO.EFG.I_EFG	1CHO.EFG.I_I	NB25S,GB29A	-0.860902
1CHO.EFG.I_EFG	1CHO.EFG.I_I	PB11S,AB12L,TB14K,LB15R	7.297601
1CHO.EFG.I_EFG	1CHO.EFG.I_I	PB11S,AB12R,TB14P,LB15R	8.470686
1CHO.EFG.I_EFG	1CHO.EFG.I_I	RB18M,KB26Q,GB29S,EB40D	3.000712
1CHO.EFG.I_EFG	1CHO.EFG.I_I	RB18V,LB20I	2.167183
1CHO.EFG.I_EFG	1CHO.EFG.I_I	TB14K,LB15R	7.402910
1CHO.EFG.I_EFG	1CHO.EFG.I_I	TB14M,LB15S,GB29V	8.988038
1CHO.EFG.I_EFG	1CHO.EFG.I_I	TB14P,LB15K	8.366069
1CHO.EFG.I_EFG	1CHO.EFG.I_I	TB14P,LB15K,EB16D,LB20V,GB29S,SB48N	7.522780
1CHO.EFG.I_EFG	1CHO.EFG.I_I	TB14P,LB15K,EB16D,LB20V,SB48N	7.144953
1CHO.EFG.I_EFG	1CHO.EFG.I_I	TB14P,LB15K,EB16D,LB20V,SB48N,HB49R	7.001898
1CHO.EFG.I_EFG	1CHO.EFG.I_I	TB14P,LB15K,GB29D	9.929821
1CHO.EFG.I_EFG	1CHO.EFG.I_I	TB14R,LB15R	7.214032
1CHO.EFG.I_EFG	1CHO.EFG.I_I	VB3I,EB7D,AB12V,TB14S,RB18M,NB25S,GB29S,EB40D,TB46I	5.426651
1CHO.EFG.I_EFG	1CHO.EFG.I_I	YB8H,EB16D,LB20I,NB25S,GB29S,NB33D,VB39M,EB40D	0.140701
1CHO.EFG.I_EFG	1CHO.EFG.I_I	YB8H,YB17D,TB27I,GB29S,NB33D,VB39L	6.886870
1CSE.E.I_E	1CSE.E.I_I	LB38D	4.411843
1CSE.E.I_E	1CSE.E.I_I	LB38E	2.382746
1CSE.E.I_E	1CSE.E.I_I	LB38G	2.280577
1CSE.E.I_E	1CSE.E.I_I	LB38I	2.982502
1CSE.E.I_E	1CSE.E.I_I	LB38P	6.765446
1CSE.E.I_E	1CSE.E.I_I	LB38S	1.188776
1CSO.E.I_E	1CSO.E.I_I	IB13L	-4.481256
1CT0.E.I_E	1CT0.E.I_I	SB13L	-4.158235
1CT4.E.I_E	1CT4.E.I_I	VB13L	-3.034282
1CZ8.HL.VW_HL	1CZ8.HL.VW_VW	LA222M	0.040875
1CZ8.HL.VW_HL	1CZ8.HL.VW_VW	LA222M,DA28T,HA31N	0.451531
1CZ8.HL.VW_HL	1CZ8.HL.VW_VW	LA222M,DA28T,HA31N,TA105K,YA103I,GA104A	1.364171
1CZ8.HL.VW_HL	1CZ8.HL.VW_VW	LA222M,DA28T,HA31N,TA105N,YA103R,GA104D	0.799767
1CZ8.HL.VW_HL	1CZ8.HL.VW_VW	LA222M,DA28T,HA31N,TA105S	0.211313
1CZ8.HL.VW_HL	1CZ8.HL.VW_VW	LA222M,DA28T,HA31N,YA101H	1.405046
1CZ8.HL.VW_HL	1CZ8.HL.VW_VW	LA222M,DA28T,HA31N,YA101H,TA105S	2.311466
1CZ8.HL.VW_HL	1CZ8.HL.VW_VW	LA222M,DA28T,HA31N,YA101H,TA105S,LA72I,TA74K	1.872169
1CZ8.HL.VW_HL	1CZ8.HL.VW_VW	LA222M,DA28T,HA31N,YA101H,TA105S,LA72V,TA74V	2.466578
1CZ8.HL.VW_HL	1CZ8.HL.VW_VW	LA222M,DA28T,HA31N,YA101H,TA105S,YA54W	1.658286
1CZ8.HL.VW_HL	1CZ8.HL.VW_VW	LA222M,DA28T,HA31N,YA103R	0.621969
1CZ8.HL.VW_HL	1CZ8.HL.VW_VW	LA222M,DA28T,HA31N,YA103R,GA104N	1.032626
1CZ8.HL.VW_HL	1CZ8.HL.VW_VW	LA222M,DA28T,HA31N,YA103W	0.754171
1CZ8.HL.VW_HL	1CZ8.HL.VW_VW	LA222M,DA28T,YA101H,TA105S	1.032626
1CZ8.HL.VW_HL	1CZ8.HL.VW_VW	LA222M,HA31N,YA101H,TA105S	1.575484
1CZ8.HL.VW_HL	1CZ8.HL.VW_VW	LA222M,YA101H,TA105S	1.102406
1CZ8.HL.VW_HL	1CZ8.HL.VW_VW	LA222M,YA54W	0.591580
1DVF.AB.CD_AB	1DVF.AB.CD_CD	DA161A	4.283173
1DVF.AB.CD_AB	1DVF.AB.CD_CD	DA165A	1.600721
1DVF.AB.CD_AB	1DVF.AB.CD_CD	DA207A	2.790763
1DVF.AB.CD_AB	1DVF.AB.CD_CD	DB159A	1.683043
1DVF.AB.CD_AB	1DVF.AB.CD_CD	EA205A	4.188524
1DVF.AB.CD_AB	1DVF.AB.CD_CD	HA30A	1.650121
1DVF.AB.CD_AB	1DVF.AB.CD_CD	HB140A	1.861434
1DVF.AB.CD_AB	1DVF.AB.CD_CD	IB208A	2.682746
1DVF.AB.CD_AB	1DVF.AB.CD_CD	KB137A	1.003967
1DVF.AB.CD_AB	1DVF.AB.CD_CD	NA163A	1.162959
1DVF.AB.CD_AB	1DVF.AB.CD_CD	NB162A	1.861434
1DVF.AB.CD_AB	1DVF.AB.CD_CD	QB211A	1.629452
1DVF.AB.CD_AB	1DVF.AB.CD_CD	RA206A	1.875485
1DVF.AB.CD_AB	1DVF.AB.CD_CD	RB213A	4.092513
1DVF.AB.CD_AB	1DVF.AB.CD_CD	SA93A	1.162959
1DVF.AB.CD_AB	1DVF.AB.CD_CD	TA137A	0.907919
1DVF.AB.CD_AB	1DVF.AB.CD_CD	WA159A	4.134849
1DVF.AB.CD_AB	1DVF.AB.CD_CD	WA92A	0.340876
1DVF.AB.CD_AB	1DVF.AB.CD_CD	YA139A	1.832291
1DVF.AB.CD_AB	1DVF.AB.CD_CD	YA208F	2.013215
1DVF.AB.CD_AB	1DVF.AB.CD_CD	YA32A	2.031279
1DVF.AB.CD_AB	1DVF.AB.CD_CD	YA49A	1.679342
1DVF.AB.CD_AB	1DVF.AB.CD_CD	YA50A	0.688082
1DVF.AB.CD_AB	1DVF.AB.CD_CD	YB209A	4.741557
1DVF.AB.CD_AB	1DVF.AB.CD_CD	YB49A	1.861434
1DVF.AB.CD_AB	1DVF.AB.CD_CD	DA161A,YB49A	4.494884
1DVF.AB.CD_AB	1DVF.AB.CD_CD	DA165A,QB211A	1.464828
1DVF.AB.CD_AB	1DVF.AB.CD_CD	DA207A,DB159A	4.321658
1DVF.AB.CD_AB	1DVF.AB.CD_CD	DA207A,HB140A	4.149977
1DVF.AB.CD_AB	1DVF.AB.CD_CD	DA207A,NB162A	4.092513
1DVF.AB.CD_AB	1DVF.AB.CD_CD	EA205A,YB209A	4.635372
1DVF.AB.CD_AB	1DVF.AB.CD_CD	NA163A,HB140A	2.527130
1DVF.AB.CD_AB	1DVF.AB.CD_CD	NA163A,NB162A	2.302123
1DVF.AB.CD_AB	1DVF.AB.CD_CD	NA163A,QB211A	1.487530
1DVF.AB.CD_AB	1DVF.AB.CD_CD	WA159A,QB211A	4.164727
1DVF.AB.CD_AB	1DVF.AB.CD_CD	YA32A,RB213A	4.652671
1DVF.AB.CD_AB	1DVF.AB.CD_CD	YA49A,HB140A	2.626221
1DVF.AB.CD_AB	1DVF.AB.CD_CD	YA49A,NB162A	2.031279
1E50.A.B_A	1E50.A.B_B	DA8A	-0.316172
1E50.A.B_A	1E50.A.B_B	KA86M	0.320086
1E50.A.B_A	1E50.A.B_B	MA48A	1.320266
1E50.A.B_A	1E50.A.B_B	NA11A	0.678436
1E50.A.B_A	1E50.A.B_B	NA51A	1.920314
1E50.A.B_A	1E50.A.B_B	NB62A	0.964808
1E50.A.B_A	1E50.A.B_B	NB99A	1.407914
1E50.A.B_A	1E50.A.B_B	RA84A	-0.191228
1E50.A.B_A	1E50.A.B_B	RB32A	1.774828
1E50.A.B_A	1E50.A.B_B	SA56A	0.978376
1E50.A.B_A	1E50.A.B_B	SB64A	0.115028
1E50.A.B_A	1E50.A.B_B	TA103A	2.185484
1E50.A.B_A	1E50.A.B_B	TA91A	1.278465
1E50.A.B_A	1E50.A.B_B	VA101A	-0.043905
1E50.A.B_A	1E50.A.B_B	VB57A	0.000000
1E50.A.B_A	1E50.A.B_B	YA55A	0.914362
1E50.A.B_A	1E50.A.B_B	DA52A,EA53A	0.391041
1EFN.A.B_A	1EFN.A.B_B	IA12A	1.451027
1EFN.A.B_A	1EFN.A.B_B	TA13H	1.243549
1EFN.A.B_A	1EFN.A.B_B	TA13H,EA14H	0.983903
1EMV.A.B_A	1EMV.A.B_B	CA21A	0.921970
1EMV.A.B_A	1EMV.A.B_B	DA24A	0.336747
1EMV.A.B_A	1EMV.A.B_B	DA49A	5.918129
1EMV.A.B_A	1EMV.A.B_B	DA58A	0.511313
1EMV.A.B_A	1EMV.A.B_B	EA28A	1.416635
1EMV.A.B_A	1EMV.A.B_B	EA29A	0.307012
1EMV.A.B_A	1EMV.A.B_B	EA30A	0.220386
1EMV.A.B_A	1EMV.A.B_B	EA39A	2.084014
1EMV.A.B_A	1EMV.A.B_B	EA40A	0.658144
1EMV.A.B_A	1EMV.A.B_B	EA43A	0.212774
1EMV.A.B_A	1EMV.A.B_B	FB86A	3.880681
1EMV.A.B_A	1EMV.A.B_B	GA47A	1.486044
1EMV.A.B_A	1EMV.A.B_B	HA44A	0.832184
1EMV.A.B_A	1EMV.A.B_B	IA51A	0.848125
1EMV.A.B_A	1EMV.A.B_B	KA33A	0.191984
1EMV.A.B_A	1EMV.A.B_B	KB97A	1.960515
1EMV.A.B_A	1EMV.A.B_B	LA31A	3.419279
1EMV.A.B_A	1EMV.A.B_B	LA34A	0.907128
1EMV.A.B_A	1EMV.A.B_B	LA50A	0.601316
1EMV.A.B_A	1EMV.A.B_B	NA22A	0.139471
1EMV.A.B_A	1EMV.A.B_B	NA67A	0.277997
1EMV.A.B_A	1EMV.A.B_B	NB72A	1.165191
1EMV.A.B_A	1EMV.A.B_B	NB75A	2.335586
1EMV.A.B_A	1EMV.A.B_B	PA45A	0.437469
1EMV.A.B_A	1EMV.A.B_B	PA54A	1.242840
1EMV.A.B_A	1EMV.A.B_B	QB92A	-0.277728
1EMV.A.B_A	1EMV.A.B_B	RB54A	1.666447
1EMV.A.B_A	1EMV.A.B_B	SA26A	0.173174
1EMV.A.B_A	1EMV.A.B_B	SA27A	0.956433
1EMV.A.B_A	1EMV.A.B_B	SA46A	0.007269
1EMV.A.B_A	1EMV.A.B_B	SA48A	2.188220
1EMV.A.B_A	1EMV.A.B_B	SA61A	0.870420
1EMV.A.B_A	1EMV.A.B_B	SB74A	-0.241128
1EMV.A.B_A	1EMV.A.B_B	SB77A	-0.232993
1EMV.A.B_A	1EMV.A.B_B	SB78A	-0.540139
1EMV.A.B_A	1EMV.A.B_B	SB84A	-0.109472
1EMV.A.B_A	1EMV.A.B_B	TA25A	0.728460
1EMV.A.B_A	1EMV.A.B_B	TA36A	0.899966
1EMV.A.B_A	1EMV.A.B_B	TA42A	0.304830
1EMV.A.B_A	1EMV.A.B_B	TB87A	0.158506
1EMV.A.B_A	1EMV.A.B_B	VA32A	2.579450
1EMV.A.B_A	1EMV.A.B_B	VA35A	1.664612
1EMV.A.B_A	1EMV.A.B_B	VA66A	1.856675
1EMV.A.B_A	1EMV.A.B_B	VB98A	1.089340
1EMV.A.B_A	1EMV.A.B_B	YA52A	4.836801
1EMV.A.B_A	1EMV.A.B_B	YA53A	4.636833
1EMV.A.B_A	1EMV.A.B_B	EA30D,LA31D,VA32N,TA36R,HA37E,EA40R,MA41L,SA46D,KA55R,EA56D,GA57D,DA58R,DA59E,SA63E,NA67K,TA68E,VA69I,QA71E	7.990223
1EMV.A.B_A	1EMV.A.B_B	FB86A,LA31A	6.679958
1EMV.A.B_A	1EMV.A.B_B	FB86A,VA32A	4.665833
1EMV.A.B_A	1EMV.A.B_B	FB86A,VA35A	4.068404
1EMV.A.B_A	1EMV.A.B_B	FB86A,YA52A	8.723507
1EMV.A.B_A	1EMV.A.B_B	FB86A,YA53A	8.263228
1EMV.A.B_A	1EMV.A.B_B	QA15E,LA16F,SA46D,KA55R,EA56D,GA57D,DA58R,DA59E,SA63E,NA67K,TA68E,VA69I,QA71E	-0.208529
1EMV.A.B_A	1EMV.A.B_B	QA15E,LA16F,TA18K,TA19K,NA22R,DA24E,TA25G,SA26A,SA27T,EA30D,LA31D,VA32N,TA36R,HA37E,EA40R,MA41L,SA46D,KA55R,EA56D,GA57D,DA58R,DA59E,SA63E,NA67K,TA68E,VA69I,QA71E	8.058494
1EMV.A.B_A	1EMV.A.B_B	QA15E,LA16F,TA18K,TA19K,NA22R,DA24E,TA25G,SA26A,SA27T,SA46D,KA55R,EA56D,GA57D,DA58R,DA59E,SA63E,NA67K,TA68E,VA69I,QA71E	1.704029
1EMV.A.B_A	1EMV.A.B_B	QA15E,LA16F,TA18K,TA19K,NA22R,DA24E,TA25G,SA26A,SA27T,SA63E,NA67K,TA68E,VA69I,QA71E	2.856625
1EMV.A.B_A	1EMV.A.B_B	QA15E,LA16F,TA18K,TA19K,NA22R,SA46D,KA55R,EA56D,GA57D,DA58R,DA59E,SA63E,NA67K,TA68E,VA69I,QA71E	1.423001
1EMV.A.B_A	1EMV.A.B_B	SA46D,KA55R,EA56D,GA57D,DA58R,DA59E,SA63E,NA67K,TA68E,VA69I,QA71E	-0.517373
1EMV.A.B_A	1EMV.A.B_B	SA63E,NA67K,TA68E,VA69I,QA71E	0.079111
1F47.A.B_A	1F47.A.B_B	DA4A	0.691506
1F47.A.B_A	1F47.A.B_B	DA7A	1.733659
1F47.A.B_A	1F47.A.B_B	DA7G	1.139342
1F47.A.B_A	1F47.A.B_B	DA7S	2.064861
1F47.A.B_A	1F47.A.B_B	FA11A	2.445483
1F47.A.B_A	1F47.A.B_B	IA8A	2.516245
1F47.A.B_A	1F47.A.B_B	KA14A	-0.042641
1F47.A.B_A	1F47.A.B_B	LA12A	2.295326
1F47.A.B_A	1F47.A.B_B	LA6A	0.925431
1F47.A.B_A	1F47.A.B_B	PA9A	-0.057565
1F47.A.B_A	1F47.A.B_B	QA15A	-0.045596
1F47.A.B_A	1F47.A.B_B	YA5A	0.869367
1F5R.A.I_A	1F5R.A.I_I	KA129Q	-1.171374
1FFW.A.B_A	1FFW.A.B_B	AA102V	1.364171
1FFW.A.B_A	1FFW.A.B_B	AA89V	0.091327
1FFW.A.B_A	1FFW.A.B_B	CB55A	0.204301
1FFW.A.B_A	1FFW.A.B_B	DA12K	0.047421
1FFW.A.B_A	1FFW.A.B_B	DB44A	-0.074153
1FFW.A.B_A	1FFW.A.B_B	DB49A	0.096285
1FFW.A.B_A	1FFW.A.B_B	EA116K	0.713296
1FFW.A.B_A	1FFW.A.B_B	EA92K	0.821313
1FFW.A.B_A	1FFW.A.B_B	EB13A	0.716771
1FFW.A.B_A	1FFW.A.B_B	EB20A	0.639143
1FFW.A.B_A	1FFW.A.B_B	FA110V	1.256154
1FFW.A.B_A	1FFW.A.B_B	FB56A	3.645940
1FFW.A.B_A	1FFW.A.B_B	HB23A	0.033864
1FFW.A.B_A	1FFW.A.B_B	IB58A	0.427830
1FFW.A.B_A	1FFW.A.B_B	TA111I	0.562285
1FFW.A.B_A	1FFW.A.B_B	TA86I	-0.319330
1FFW.A.B_A	1FFW.A.B_B	VA107M	1.131312
1FFW.A.B_A	1FFW.A.B_B	YA105W	0.713296
1FFW.A.B_A	1FFW.A.B_B	YA50C	0.125420
1FY8.E.I_E	1FY8.E.I_I	DA168N	0.170438
1FY8.E.I_E	1FY8.E.I_I	QA128K	1.171374
1GC1.G.C_G	1GC1.G.C_C	DB10A	0.000000
1GC1.G.C_G	1GC1.G.C_C	DB53A	0.302640
1GC1.G.C_G	1GC1.G.C_C	DB56A	-0.069781
1GC1.G.C_G	1GC1.G.C_C	DB63A	-0.319330
1GC1.G.C_G	1GC1.G.C_C	DB88A	-0.069781
1GC1.G.C_G	1GC1.G.C_C	EB77A	0.562285
1GC1.G.C_G	1GC1.G.C_C	EB85A	1.323296
1GC1.G.C_G	1GC1.G.C_C	EB87A	0.217859
1GC1.G.C_G	1GC1.G.C_C	EB91A	-0.128102
1GC1.G.C_G	1GC1.G.C_C	EB92A	0.016233
1GC1.G.C_G	1GC1.G.C_C	HB27A	0.282555
1GC1.G.C_G	1GC1.G.C_C	KB1A	0.062421
1GC1.G.C_G	1GC1.G.C_C	KB21A	-0.128102
1GC1.G.C_G	1GC1.G.C_C	KB22A	0.240219
1GC1.G.C_G	1GC1.G.C_C	KB29A	0.536239
1GC1.G.C_G	1GC1.G.C_C	KB2A	-0.016690
1GC1.G.C_G	1GC1.G.C_C	KB35A	0.322066
1GC1.G.C_G	1GC1.G.C_C	KB46A	1.431019
1GC1.G.C_G	1GC1.G.C_C	KB50A	0.047421
1GC1.G.C_G	1GC1.G.C_C	KB72A	-0.016690
1GC1.G.C_G	1GC1.G.C_C	KB75A	0.157965
1GC1.G.C_G	1GC1.G.C_C	KB7A	0.997890
1GC1.G.C_G	1GC1.G.C_C	KB8A	0.105268
1GC1.G.C_G	1GC1.G.C_C	KB90A	0.047421
1GC1.G.C_G	1GC1.G.C_C	LB44A	1.056020
1GC1.G.C_G	1GC1.G.C_C	LB51A	1.234023
1GC1.G.C_G	1GC1.G.C_C	NB30A	0.170438
1GC1.G.C_G	1GC1.G.C_C	NB32A	0.182654
1GC1.G.C_G	1GC1.G.C_C	NB39A	0.465625
1GC1.G.C_G	1GC1.G.C_C	NB52A	0.708338
1GC1.G.C_G	1GC1.G.C_C	NB66A	-0.033864
1GC1.G.C_G	1GC1.G.C_C	NB73A	-0.108017
1GC1.G.C_G	1GC1.G.C_C	QB20A	-0.016690
1GC1.G.C_G	1GC1.G.C_C	QB25A	0.032032
1GC1.G.C_G	1GC1.G.C_C	QB33A	0.105268
1GC1.G.C_G	1GC1.G.C_C	QB40A	-0.410656
1GC1.G.C_G	1GC1.G.C_C	QB64A	0.442689
1GC1.G.C_G	1GC1.G.C_C	QB89A	0.170438
1GC1.G.C_G	1GC1.G.C_C	QB89L	-0.310926
1GC1.G.C_G	1GC1.G.C_C	QB94A	-0.108017
1GC1.G.C_G	1GC1.G.C_C	RB58A	0.132202
1GC1.G.C_G	1GC1.G.C_C	RB59A	1.175914
1GC1.G.C_G	1GC1.G.C_C	SB19A	0.000000
1GC1.G.C_G	1GC1.G.C_C	SB23A	0.292682
1GC1.G.C_G	1GC1.G.C_C	SB31A	0.105268
1GC1.G.C_G	1GC1.G.C_C	SB42A	0.000000
1GC1.G.C_G	1GC1.G.C_C	SB49A	0.611174
1GC1.G.C_G	1GC1.G.C_C	SB60A	-0.088590
1GC1.G.C_G	1GC1.G.C_C	TB11A	0.000000
1GC1.G.C_G	1GC1.G.C_C	TB15A	0.322066
1GC1.G.C_G	1GC1.G.C_C	TB17A	-0.128102
1GC1.G.C_G	1GC1.G.C_C	TB45A	-0.148892
1GC1.G.C_G	1GC1.G.C_C	VB86A	-0.069781
1GC1.G.C_G	1GC1.G.C_C	YB82A	1.290676
1GC1.G.C_G	1GC1.G.C_C	QB40A,DB63A	-0.499247
1GC1.G.C_G	1GC1.G.C_C	QB40A,DB63A,QB89L	-0.848247
1GL0.E.I_E	1GL0.E.I_I	MB28K	-0.557858
1GL0.E.I_E	1GL0.E.I_I	MB28K,LB27R	3.837295
1GL1.A.I_A	1GL1.A.I_I	LB29V	4.259237
1GL1.A.I_A	1GL1.A.I_I	KB30M,AB31G	-0.132202
1GRN.A.B_A	1GRN.A.B_B	DA38E	0.389867
1GUA.A.B_A	1GUA.A.B_B	DA30E	0.240219
1GUA.A.B_A	1GUA.A.B_B	EA37A	1.300815
1GUA.A.B_A	1GUA.A.B_B	KB10A	-0.399938
1GUA.A.B_A	1GUA.A.B_B	KB29A	1.999214
1GUA.A.B_A	1GUA.A.B_B	KB32A	0.799277
1GUA.A.B_A	1GUA.A.B_B	NB9A	-0.399938
1GUA.A.B_A	1GUA.A.B_B	QB11A	0.100357
1GUA.A.B_A	1GUA.A.B_B	RB4A	1.000844
1GUA.A.B_A	1GUA.A.B_B	SA39A	1.400300
1GUA.A.B_A	1GUA.A.B_B	TB13A	0.701155
1GUA.A.B_A	1GUA.A.B_B	VB14A	0.100357
1GUA.A.B_A	1GUA.A.B_B	VB33A	0.200030
1GUA.A.B_A	1GUA.A.B_B	DA30E,EA31K	2.015046
1GUA.A.B_A	1GUA.A.B_B	RB4A,EA37A	1.300815
1GUA.A.B_A	1GUA.A.B_B	VB14A,EA37A	1.700674
1IAR.A.B_A	1IAR.A.B_B	EA19A	-0.319957
1IAR.A.B_A	1IAR.A.B_B	EA19R	-0.116859
1IAR.A.B_A	1IAR.A.B_B	EA9Q	3.112829
1IAR.A.B_A	1IAR.A.B_B	FA82A	-0.086471
1IAR.A.B_A	1IAR.A.B_B	FA82D	-0.580607
1IAR.A.B_A	1IAR.A.B_B	IA11A	0.068968
1IAR.A.B_A	1IAR.A.B_B	IA5A	1.171374
1IAR.A.B_A	1IAR.A.B_B	IA5R	0.796098
1IAR.A.B_A	1IAR.A.B_B	KA12E	0.139471
1IAR.A.B_A	1IAR.A.B_B	KA12S	-0.014812
1IAR.A.B_A	1IAR.A.B_B	KA77A	0.153748
1IAR.A.B_A	1IAR.A.B_B	KA77E	0.611826
1IAR.A.B_A	1IAR.A.B_B	KA84A	0.344976
1IAR.A.B_A	1IAR.A.B_B	KA84D	1.880095
1IAR.A.B_A	1IAR.A.B_B	NA15A	-0.033864
1IAR.A.B_A	1IAR.A.B_B	NA15D	-0.078067
1IAR.A.B_A	1IAR.A.B_B	NA89A	1.558794
1IAR.A.B_A	1IAR.A.B_B	QA78A	0.124842
1IAR.A.B_A	1IAR.A.B_B	QA78E	0.245075
1IAR.A.B_A	1IAR.A.B_B	QA8A	-0.022359
1IAR.A.B_A	1IAR.A.B_B	QA8R	0.038921
1IAR.A.B_A	1IAR.A.B_B	RA53Q	0.835764
1IAR.A.B_A	1IAR.A.B_B	RA81A	0.479624
1IAR.A.B_A	1IAR.A.B_B	RA81E	1.461734
1IAR.A.B_A	1IAR.A.B_B	RA85A	0.426889
1IAR.A.B_A	1IAR.A.B_B	RA85E	1.224610
1IAR.A.B_A	1IAR.A.B_B	RA88A	3.754718
1IAR.A.B_A	1IAR.A.B_B	RA88Q	2.828999
1IAR.A.B_A	1IAR.A.B_B	SA16A	-0.182755
1IAR.A.B_A	1IAR.A.B_B	SA16D	-0.103644
1IAR.A.B_A	1IAR.A.B_B	TA13A	0.978577
1IAR.A.B_A	1IAR.A.B_B	TA13D	-0.218673
1IAR.A.B_A	1IAR.A.B_B	TA6A	-0.103644
1IAR.A.B_A	1IAR.A.B_B	TA6D	1.392729
1IAR.A.B_A	1IAR.A.B_B	WA91A	0.729529
1IAR.A.B_A	1IAR.A.B_B	WA91D	1.306606
1KAC.A.B_A	1KAC.A.B_B	PA15S	-0.793381
1KAC.A.B_A	1KAC.A.B_B	SA87Y	-1.252759
1KIP.AB.C_AB	1KIP.AB.C_C	AA139Y	-0.800952
1KIR.AB.C_AB	1KIR.AB.C_C	SA50Y	-1.387715
1KNE.A.P_A	1KNE.A.P_P	AA3F	-0.115028
1KNE.A.P_A	1KNE.A.P_P	AA3K	0.894953
1KNE.A.P_A	1KNE.A.P_P	AA3L	0.000000
1KNE.A.P_A	1KNE.A.P_P	AA3T	-0.376793
1KNE.A.P_A	1KNE.A.P_P	DA40F	-0.617011
1KNE.A.P_A	1KNE.A.P_P	DA40I	0.460753
1KNE.A.P_A	1KNE.A.P_P	DA40K	-0.376793
1KNE.A.P_A	1KNE.A.P_P	DA40T	0.491941
1KNE.A.P_A	1KNE.A.P_P	KA24A	-1.267886
1KNE.A.P_A	1KNE.A.P_P	TB2F	0.096285
1KNE.A.P_A	1KNE.A.P_P	TB2I	0.274082
1KNE.A.P_A	1KNE.A.P_P	TB2K	-0.314372
1KNE.A.P_A	1KNE.A.P_P	TB2L	0.204301
1KNE.A.P_A	1KNE.A.P_P	AA3F,TB2F	0.803626
1KNE.A.P_A	1KNE.A.P_P	AA3F,TB2I	0.589743
1KNE.A.P_A	1KNE.A.P_P	AA3F,TB2K	-0.035917
1KNE.A.P_A	1KNE.A.P_P	AA3F,TB2L	0.392970
1KNE.A.P_A	1KNE.A.P_P	AA3K,TB2F	1.469277
1KNE.A.P_A	1KNE.A.P_P	AA3K,TB2I	1.398035
1KNE.A.P_A	1KNE.A.P_P	AA3K,TB2K	1.599725
1KNE.A.P_A	1KNE.A.P_P	AA3K,TB2L	1.834454
1KNE.A.P_A	1KNE.A.P_P	AA3L,TB2F	0.251723
1KNE.A.P_A	1KNE.A.P_P	AA3L,TB2I	0.065896
1KNE.A.P_A	1KNE.A.P_P	AA3L,TB2K	-0.158934
1KNE.A.P_A	1KNE.A.P_P	AA3L,TB2L	0.251723
1KNE.A.P_A	1KNE.A.P_P	AA3T,TB2F	0.785396
1KNE.A.P_A	1KNE.A.P_P	AA3T,TB2I	0.602485
1KNE.A.P_A	1KNE.A.P_P	AA3T,TB2K	-0.314372
1KNE.A.P_A	1KNE.A.P_P	AA3T,TB2L	0.563408
1KNE.A.P_A	1KNE.A.P_P	DA40F,TB2F	-0.158934
1KNE.A.P_A	1KNE.A.P_P	DA40F,TB2I	0.204301
1KNE.A.P_A	1KNE.A.P_P	DA40F,TB2K	-0.206355
1KNE.A.P_A	1KNE.A.P_P	DA40F,TB2L	0.295628
1KNE.A.P_A	1KNE.A.P_P	DA40I,TB2F	1.095395
1KNE.A.P_A	1KNE.A.P_P	DA40I,TB2I	0.614958
1KNE.A.P_A	1KNE.A.P_P	DA40I,TB2K	0.589743
1KNE.A.P_A	1KNE.A.P_P	DA40I,TB2L	0.576722
1KNE.A.P_A	1KNE.A.P_P	DA40K,TB2F	-0.035917
1KNE.A.P_A	1KNE.A.P_P	DA40K,TB2I	0.000000
1KNE.A.P_A	1KNE.A.P_P	DA40K,TB2K	0.336503
1KNE.A.P_A	1KNE.A.P_P	DA40K,TB2L	-0.314372
1KNE.A.P_A	1KNE.A.P_P	DA40T,TB2F	1.240618
1KNE.A.P_A	1KNE.A.P_P	DA40T,TB2I	0.887209
1KNE.A.P_A	1KNE.A.P_P	DA40T,TB2K	0.727075
1KNE.A.P_A	1KNE.A.P_P	DA40T,TB2L	0.251723
1KNE.A.P_A	1KNE.A.P_P	KA24A,AA3K	-0.257905
1KTZ.A.B_A	1KTZ.A.B_B	DB8A	1.521617
1KTZ.A.B_A	1KTZ.A.B_B	DB8N	2.000344
1KTZ.A.B_A	1KTZ.A.B_B	DB94A	0.814742
1KTZ.A.B_A	1KTZ.A.B_B	EB31A	1.216523
1KTZ.A.B_A	1KTZ.A.B_B	EB51A	1.080114
1KTZ.A.B_A	1KTZ.A.B_B	EB95A	1.494278
1KTZ.A.B_A	1KTZ.A.B_B	EB95Q	1.627179
1KTZ.A.B_A	1KTZ.A.B_B	FB6A	2.980065
1KTZ.A.B_A	1KTZ.A.B_B	FB86A	0.932227
1KTZ.A.B_A	1KTZ.A.B_B	HB55A	0.295628
1KTZ.A.B_A	1KTZ.A.B_B	IB101A	0.539363
1KTZ.A.B_A	1KTZ.A.B_B	IB26A	1.896481
1KTZ.A.B_A	1KTZ.A.B_B	IB29A	1.370239
1KTZ.A.B_A	1KTZ.A.B_B	LB3A	1.824924
1KTZ.A.B_A	1KTZ.A.B_B	MB88A	0.871409
1KTZ.A.B_A	1KTZ.A.B_B	NB23A	0.284953
1KTZ.A.B_A	1KTZ.A.B_B	RA13A	1.481581
1KTZ.A.B_A	1KTZ.A.B_B	RA13K	1.151698
1KTZ.A.B_A	1KTZ.A.B_B	RA64A	2.884404
1KTZ.A.B_A	1KTZ.A.B_B	RA64K	2.201497
1KTZ.A.B_A	1KTZ.A.B_B	SB25A	0.326546
1KTZ.A.B_A	1KTZ.A.B_B	SB28A	0.216517
1KTZ.A.B_A	1KTZ.A.B_B	SB28L	4.037787
1KTZ.A.B_A	1KTZ.A.B_B	TB27A	1.513547
1KTZ.A.B_A	1KTZ.A.B_B	VA62I	0.242918
1KTZ.A.B_A	1KTZ.A.B_B	VB38A	0.647964
1KTZ.A.B_A	1KTZ.A.B_B	VB53A	0.414997
1LFD.A.B_A	1LFD.A.B_B	DA38A	-0.442452
1LFD.A.B_A	1LFD.A.B_B	DA38K	-0.994115
1LFD.A.B_A	1LFD.A.B_B	DA43A	-0.340566
1LFD.A.B_A	1LFD.A.B_B	DA45K	-0.704187
1LFD.A.B_A	1LFD.A.B_B	DA81K	-1.024266
1LFD.A.B_A	1LFD.A.B_B	DB33A	1.100785
1LFD.A.B_A	1LFD.A.B_B	DB38A	3.237532
1LFD.A.B_A	1LFD.A.B_B	EA44A	-0.139149
1LFD.A.B_A	1LFD.A.B_B	EA44K	-0.193026
1LFD.A.B_A	1LFD.A.B_B	EB37A	1.150756
1LFD.A.B_A	1LFD.A.B_B	EB62A	0.190890
1LFD.A.B_A	1LFD.A.B_B	EB63A	0.285754
1LFD.A.B_A	1LFD.A.B_B	HA40A	1.460050
1LFD.A.B_A	1LFD.A.B_B	IA5A	1.412302
1LFD.A.B_A	1LFD.A.B_B	KA19A	1.924332
1LFD.A.B_A	1LFD.A.B_B	KA35A	0.357959
1LFD.A.B_A	1LFD.A.B_B	KA39A	2.113810
1LFD.A.B_A	1LFD.A.B_B	LA10K	-0.258641
1LFD.A.B_A	1LFD.A.B_B	LA42K	-0.285501
1LFD.A.B_A	1LFD.A.B_B	MA17K	-0.661147
1LFD.A.B_A	1LFD.A.B_B	NA14A	0.931576
1LFD.A.B_A	1LFD.A.B_B	NA14K	0.400304
1LFD.A.B_A	1LFD.A.B_B	NA16A	0.485963
1LFD.A.B_A	1LFD.A.B_B	NA41K	-0.634893
1LFD.A.B_A	1LFD.A.B_B	NA79K	-0.482252
1LFD.A.B_A	1LFD.A.B_B	QB25A	0.900638
1LFD.A.B_A	1LFD.A.B_B	RA7A	1.810408
1LFD.A.B_A	1LFD.A.B_B	RB41A	0.833415
1LFD.A.B_A	1LFD.A.B_B	SA20A	0.927890
1LFD.A.B_A	1LFD.A.B_B	SA9K	0.390309
1LFD.A.B_A	1LFD.A.B_B	SB39A	-0.733536
1LFD.A.B_A	1LFD.A.B_B	VB29A	0.477711
1LFD.A.B_A	1LFD.A.B_B	YA18A	3.458532
1LFD.A.B_A	1LFD.A.B_B	YA18F	1.315990
1LFD.A.B_A	1LFD.A.B_B	YA80K	0.138271
1LFD.A.B_A	1LFD.A.B_B	YB32W	-0.211313
1LFD.A.B_A	1LFD.A.B_B	YB40A	3.554531
1LFD.A.B_A	1LFD.A.B_B	YB40F	2.110396
1LFD.A.B_A	1LFD.A.B_B	DA38A,DB33A	0.200323
1LFD.A.B_A	1LFD.A.B_B	DA38K,DA43K,EA44K	-1.380128
1LFD.A.B_A	1LFD.A.B_B	DA45K,DA81K	-0.652660
1LFD.A.B_A	1LFD.A.B_B	HA40A,DB33A	2.201554
1LFD.A.B_A	1LFD.A.B_B	HA40A,SB39A	0.501125
1LFD.A.B_A	1LFD.A.B_B	HA40A,VB29A	1.919625
1LFD.A.B_A	1LFD.A.B_B	KA19A,QB25A	2.501266
1LFD.A.B_A	1LFD.A.B_B	KA35A,EB63A	0.285754
1LFD.A.B_A	1LFD.A.B_B	KA35A,SB39A	-0.099673
1LFD.A.B_A	1LFD.A.B_B	KA39A,DB38A	5.862424
1LFD.A.B_A	1LFD.A.B_B	MA17K,DA38K,DA45K	-1.880966
1LFD.A.B_A	1LFD.A.B_B	MA17K,DA38K,DA45K,DA81K	-1.329266
1LFD.A.B_A	1LFD.A.B_B	MA17K,DA45K	-0.625631
1LFD.A.B_A	1LFD.A.B_B	MA17K,DA81K	-0.654009
1LFD.A.B_A	1LFD.A.B_B	NA14A,EB37A	1.919625
1LFD.A.B_A	1LFD.A.B_B	NA14A,RB41A	1.519205
1LFD.A.B_A	1LFD.A.B_B	NA16A,QB25A	0.301782
1LFD.A.B_A	1LFD.A.B_B	NA16A,RB41A	1.083467
1LFD.A.B_A	1LFD.A.B_B	NA16A,SB39A	0.000000
1LFD.A.B_A	1LFD.A.B_B	NA16A,YB40F	2.301167
1LFD.A.B_A	1LFD.A.B_B	RA7A,EB37A	2.016676
1LFD.A.B_A	1LFD.A.B_B	SA20A,DB38A	3.169999
1LFD.A.B_A	1LFD.A.B_B	SA20A,EB37A	2.208296
1LFD.A.B_A	1LFD.A.B_B	SA20A,YB40F	1.799184
1LFD.A.B_A	1LFD.A.B_B	YA18A,DB38A	4.708083
1LFD.A.B_A	1LFD.A.B_B	YA18A,EB37A	3.458532
1LFD.A.B_A	1LFD.A.B_B	YA18A,SB39A	3.938493
1LFD.A.B_A	1LFD.A.B_B	YA18F,EB37A	1.247076
1LFD.A.B_A	1LFD.A.B_B	YA18F,RB41A	1.799184
1LFD.A.B_A	1LFD.A.B_B	YA18F,SB39A	0.800814
1LFD.A.B_A	1LFD.A.B_B	YA18F,YB40F	2.601687
1M9E.A.D_A	1M9E.A.D_D	AB76H	-1.009981
1MAH.A.F_A	1MAH.A.F_F	DA71N	1.734872
1MAH.A.F_A	1MAH.A.F_F	FA285L	1.149167
1MAH.A.F_A	1MAH.A.F_F	FA287I	1.901855
1MAH.A.F_A	1MAH.A.F_F	FA287Y	0.731058
1MAH.A.F_A	1MAH.A.F_F	FA328G	0.731058
1MAH.A.F_A	1MAH.A.F_F	WA276R	8.131130
1MAH.A.F_A	1MAH.A.F_F	YA121Q	2.772983
1MAH.A.F_A	1MAH.A.F_F	YA327A	0.356760
1MAH.A.F_A	1MAH.A.F_F	YA69N	4.816024
1MAH.A.F_A	1MAH.A.F_F	YA121Q,WA276R	8.959454
1MAH.A.F_A	1MAH.A.F_F	YA69N,WA276R	10.734282
1MAH.A.F_A	1MAH.A.F_F	YA69N,YA121Q	6.132774
1MAH.A.F_A	1MAH.A.F_F	YA69N,YA121Q,WA276R	10.926110
1MHP.HL.A_HL	1MHP.HL.A_A	FA99W	0.000000
1MHP.HL.A_HL	1MHP.HL.A_A	FA99Y	0.755007
1MHP.HL.A_HL	1MHP.HL.A_A	GA100F	0.389192
1MHP.HL.A_HL	1MHP.HL.A_A	GA100L	2.728342
1MHP.HL.A_HL	1MHP.HL.A_A	GA100M	0.102180
1MHP.HL.A_HL	1MHP.HL.A_A	GA100S	0.557997
1MHP.HL.A_HL	1MHP.HL.A_A	GA310Q	1.573389
1MHP.HL.A_HL	1MHP.HL.A_A	GA310S	0.512836
1MHP.HL.A_HL	1MHP.HL.A_A	GA53A	0.512836
1MHP.HL.A_HL	1MHP.HL.A_A	GA53N	1.255875
1MHP.HL.A_HL	1MHP.HL.A_A	GA53S	0.675896
1MHP.HL.A_HL	1MHP.HL.A_A	GA54I	1.364171
1MHP.HL.A_HL	1MHP.HL.A_A	GA54T	1.164688
1MHP.HL.A_HL	1MHP.HL.A_A	GA54Y	0.000000
1MHP.HL.A_HL	1MHP.HL.A_A	HA249K	1.164688
1MHP.HL.A_HL	1MHP.HL.A_A	HA249R	1.124301
1MHP.HL.A_HL	1MHP.HL.A_A	HA249W	1.255875
1MHP.HL.A_HL	1MHP.HL.A_A	KA64D	-0.171519
1MHP.HL.A_HL	1MHP.HL.A_A	KA64E	-0.077649
1MHP.HL.A_HL	1MHP.HL.A_A	KA64N	-0.036288
1MHP.HL.A_HL	1MHP.HL.A_A	KA64Q	-0.077649
1MHP.HL.A_HL	1MHP.HL.A_A	LA267F	0.712599
1MHP.HL.A_HL	1MHP.HL.A_A	LA267K	0.861587
1MHP.HL.A_HL	1MHP.HL.A_A	LA267W	1.908422
1MHP.HL.A_HL	1MHP.HL.A_A	LA60D	-0.061347
1MHP.HL.A_HL	1MHP.HL.A_A	NA248V	1.049799
1MHP.HL.A_HL	1MHP.HL.A_A	NA248W	1.573389
1MHP.HL.A_HL	1MHP.HL.A_A	NA248Y	1.908422
1MHP.HL.A_HL	1MHP.HL.A_A	NA270D	0.500987
1MHP.HL.A_HL	1MHP.HL.A_A	NA270E	-0.088725
1MHP.HL.A_HL	1MHP.HL.A_A	NA270K	0.657804
1MHP.HL.A_HL	1MHP.HL.A_A	NA270R	0.845219
1MHP.HL.A_HL	1MHP.HL.A_A	NA270Y	-0.051648
1MHP.HL.A_HL	1MHP.HL.A_A	RA31Q	1.307913
1MHP.HL.A_HL	1MHP.HL.A_A	SA242R	-0.215429
1MHP.HL.A_HL	1MHP.HL.A_A	SA246Q	-0.687912
1MHP.HL.A_HL	1MHP.HL.A_A	SA309Q	1.774828
1MHP.HL.A_HL	1MHP.HL.A_A	SA309R	2.728342
1MHP.HL.A_HL	1MHP.HL.A_A	SA309T	2.317686
1MHP.HL.A_HL	1MHP.HL.A_A	SA35A	1.573389
1MHP.HL.A_HL	1MHP.HL.A_A	SA35Q	2.728342
1MHP.HL.A_HL	1MHP.HL.A_A	SA52M	2.076770
1MHP.HL.A_HL	1MHP.HL.A_A	TA33N	2.728342
1MHP.HL.A_HL	1MHP.HL.A_A	TA33V	0.434563
1MHP.HL.A_HL	1MHP.HL.A_A	TA50V	-0.131658
1MHP.HL.A_HL	1MHP.HL.A_A	WA308Q	2.076770
1MHP.HL.A_HL	1MHP.HL.A_A	YA58E	2.076770
1MHP.HL.A_HL	1MHP.HL.A_A	YA58Q	2.076770
1MHP.HL.A_HL	1MHP.HL.A_A	YA58W	0.821313
1MHP.HL.A_HL	1MHP.HL.A_A	YA59E	0.544251
1MHP.HL.A_HL	1MHP.HL.A_A	KA64E,SA246Q	-0.857230
1MHP.HL.A_HL	1MHP.HL.A_A	KA64E,SA246Q,NA270Y	-1.019616
1MHP.HL.A_HL	1MHP.HL.A_A	LA60D,KA64E	-0.141864
1MHP.HL.A_HL	1MHP.HL.A_A	LA60D,KA64Q	0.043009
1MHP.HL.A_HL	1MHP.HL.A_A	NA248Y,SA309I	0.434563
1MHP.HL.A_HL	1MHP.HL.A_A	SA309R,NA248E	2.728342
1MHP.HL.A_HL	1MHP.HL.A_A	SA35A,GA102S	1.573389
1MHP.HL.A_HL	1MHP.HL.A_A	SA35V,GA102S	1.426313
1MHP.HL.A_HL	1MHP.HL.A_A	TA33E,GA53Q	1.668203
1MHP.HL.A_HL	1MHP.HL.A_A	TA33I,SA52T,GA53N,GA54N	1.908422
1MHP.HL.A_HL	1MHP.HL.A_A	TA33I,SA52T,GA53Q,GA54F	1.255875
1MHP.HL.A_HL	1MHP.HL.A_A	TA50V,GA102S	1.668203
1MHP.HL.A_HL	1MHP.HL.A_A	TA50V,KA64E	-0.180601
1MHP.HL.A_HL	1MHP.HL.A_A	TA50V,KA64E,SA246Q,NA270E	-1.267886
1MHP.HL.A_HL	1MHP.HL.A_A	TA50V,KA64E,SA246Q,NA270Y	-1.084981
1MHP.HL.A_HL	1MHP.HL.A_A	TA50V,SA246Q	-0.694995
1MHP.HL.A_HL	1MHP.HL.A_A	TA50V,SA246Q,NA270Y	-1.059416
1MHP.HL.A_HL	1MHP.HL.A_A	TA50V,SA35A	2.076770
1MHP.HL.A_HL	1MHP.HL.A_A	TA50V,SA35V	2.728342
1MHP.HL.A_HL	1MHP.HL.A_A	WA308Q,FA251Y	0.871409
1MLC.AB.E_AB	1MLC.AB.E_E	KA279D	0.018557
1MLC.AB.E_AB	1MLC.AB.E_E	NA32G	-0.877780
1MLC.AB.E_AB	1MLC.AB.E_E	NA32Y	0.000000
1MLC.AB.E_AB	1MLC.AB.E_E	NA92A	-1.253914
1MLC.AB.E_AB	1MLC.AB.E_E	SA271A	-0.379191
1MLC.AB.E_AB	1MLC.AB.E_E	SA271V	-0.494402
1MLC.AB.E_AB	1MLC.AB.E_E	TA242D	-0.151011
1MLC.AB.E_AB	1MLC.AB.E_E	TA245A	0.447207
1MLC.AB.E_AB	1MLC.AB.E_E	TA245V	0.526476
1MLC.AB.E_AB	1MLC.AB.E_E	TA245W	0.132202
1MLC.AB.E_AB	1MLC.AB.E_E	TA272D	-0.559933
1MLC.AB.E_AB	1MLC.AB.E_E	NA32G,NA92A	-0.686961
1MLC.AB.E_AB	1MLC.AB.E_E	NA32G,NA92A,SA271V,TA272D	-1.735751
1MLC.AB.E_AB	1MLC.AB.E_E	NA92A,SA271V,TA272D	-2.395260
1MLC.AB.E_AB	1MLC.AB.E_E	NA92A,TA242D,SA271V,TA272D	-2.329972
1MLC.AB.E_AB	1MLC.AB.E_E	NA92A,TA242D,SA271V,TA272D,EA249S	1.907029
1MLC.AB.E_AB	1MLC.AB.E_E	NA92A,TA242D,SA271V,TA272D,EA249S,GA313D	-2.955247
1MLC.AB.E_AB	1MLC.AB.E_E	NA92A,TA242D,SA271V,TA272D,GA313D	-0.203668
1MLC.AB.E_AB	1MLC.AB.E_E	NA92A,TA242D,SA271V,TA272D,NA32L	-2.585465
1MLC.AB.E_AB	1MLC.AB.E_E	NA92A,TA242D,SA271V,TA272D,RA312M,DA314Q	-0.410656
1MLC.AB.E_AB	1MLC.AB.E_E	NA92A,TA242D,SA271V,TA272D,SA244G	-2.359523
1MLC.AB.E_AB	1MLC.AB.E_E	NA92A,TA242D,SA271V,TA272D,SA91N	1.850563
1MLC.AB.E_AB	1MLC.AB.E_E	NA92A,TA242D,SA271V,TA272D,SA91N,SA93A	-1.611161
1MLC.AB.E_AB	1MLC.AB.E_E	NA92A,TA242D,SA271V,TA272D,YA246R,RA312S	1.850563
1MLC.AB.E_AB	1MLC.AB.E_E	NA92A,TA242D,SA271V,TA272D,YA246W,RA312V,DA314Q	0.361549
1MLC.AB.E_AB	1MLC.AB.E_E	NA92A,TA242D,SA271V,TA272D,YA273E	-1.466826
1MLC.AB.E_AB	1MLC.AB.E_E	SA271V,TA272D	-0.988171
1N8O.ABC.E_ABC	1N8O.ABC.E_E	MB80K	1.459715
1N8O.ABC.E_ABC	1N8O.ABC.E_E	MB80L	-0.062421
1N8O.ABC.E_ABC	1N8O.ABC.E_E	MB80R	1.349172
1N8Z.AB.C_AB	1N8Z.AB.C_C	DA316W	-0.685735
1N8Z.AB.C_AB	1N8Z.AB.C_C	FB539A	0.035119
1N8Z.AB.C_AB	1N8Z.AB.C_C	HA91F	0.032922
1N8Z.AB.C_AB	1N8Z.AB.C_C	LB509A	-0.023056
1N8Z.AB.C_AB	1N8Z.AB.C_C	NA30S	0.064111
1N8Z.AB.C_AB	1N8Z.AB.C_C	RA264A	2.927686
1N8Z.AB.C_AB	1N8Z.AB.C_C	RA273A	1.774828
1N8Z.AB.C_AB	1N8Z.AB.C_C	SB535A	0.030841
1N8Z.AB.C_AB	1N8Z.AB.C_C	TA94S	0.309372
1N8Z.AB.C_AB	1N8Z.AB.C_C	VB536A	0.008977
1N8Z.AB.C_AB	1N8Z.AB.C_C	YA319F	0.821313
1N8Z.AB.C_AB	1N8Z.AB.C_C	YA323V	0.223045
1N8Z.AB.C_AB	1N8Z.AB.C_C	NA30S,HA91F,YA92W	-0.071900
1N8Z.AB.C_AB	1N8Z.AB.C_C	NA30S,HA91F,YA92W,TA94S,DA316W,YA319F,YA323V	0.048722
1NMB.N.LH_N	1NMB.N.LH_LH	DB166E	2.954951
1NMB.N.LH_N	1NMB.N.LH_LH	DB166N	2.954951
1NMB.N.LH_N	1NMB.N.LH_LH	LB94V	0.900424
1NMB.N.LH_N	1NMB.N.LH_LH	TB93F	-0.023914
1NMB.N.LH_N	1NMB.N.LH_LH	TB93W	0.184273
1NMB.N.LH_N	1NMB.N.LH_LH	YB212A	2.141579
1NMB.N.LH_N	1NMB.N.LH_LH	YB214F	1.420046
1NMB.N.LH_N	1NMB.N.LH_LH	YB32F	0.466531
1P6A.A.B_A	1P6A.A.B_B	YA87S	1.252759
1PPF.E.I_E	1PPF.E.I_I	AB15C	-0.673707
1PPF.E.I_E	1PPF.E.I_I	AB15D	1.138229
1PPF.E.I_E	1PPF.E.I_I	AB15E	0.105604
1PPF.E.I_E	1PPF.E.I_I	AB15F	-0.072950
1PPF.E.I_E	1PPF.E.I_I	AB15G	1.138229
1PPF.E.I_E	1PPF.E.I_I	AB15H	0.552888
1PPF.E.I_E	1PPF.E.I_I	AB15I	0.329478
1PPF.E.I_E	1PPF.E.I_I	AB15K	1.127554
1PPF.E.I_E	1PPF.E.I_I	AB15L	0.017793
1PPF.E.I_E	1PPF.E.I_I	AB15M	-0.401338
1PPF.E.I_E	1PPF.E.I_I	AB15N	0.915471
1PPF.E.I_E	1PPF.E.I_I	AB15P	1.995459
1PPF.E.I_E	1PPF.E.I_I	AB15Q	0.249774
1PPF.E.I_E	1PPF.E.I_I	AB15R	-0.264178
1PPF.E.I_E	1PPF.E.I_I	AB15S	0.756479
1PPF.E.I_E	1PPF.E.I_I	AB15T	0.962834
1PPF.E.I_E	1PPF.E.I_I	AB15V	0.200324
1PPF.E.I_E	1PPF.E.I_I	AB15W	-0.640845
1PPF.E.I_E	1PPF.E.I_I	AB15Y	-0.185067
1PPF.E.I_E	1PPF.E.I_I	EB19A	1.203289
1PPF.E.I_E	1PPF.E.I_I	EB19C	1.402633
1PPF.E.I_E	1PPF.E.I_I	EB19D	0.577925
1PPF.E.I_E	1PPF.E.I_I	EB19F	1.364171
1PPF.E.I_E	1PPF.E.I_I	EB19G	2.120650
1PPF.E.I_E	1PPF.E.I_I	EB19H	0.690464
1PPF.E.I_E	1PPF.E.I_I	EB19I	0.723326
1PPF.E.I_E	1PPF.E.I_I	EB19K	2.120650
1PPF.E.I_E	1PPF.E.I_I	EB19L	1.071087
1PPF.E.I_E	1PPF.E.I_I	EB19M	1.148715
1PPF.E.I_E	1PPF.E.I_I	EB19N	1.212693
1PPF.E.I_E	1PPF.E.I_I	EB19P	3.210383
1PPF.E.I_E	1PPF.E.I_I	EB19Q	0.660431
1PPF.E.I_E	1PPF.E.I_I	EB19R	1.481744
1PPF.E.I_E	1PPF.E.I_I	EB19S	1.846212
1PPF.E.I_E	1PPF.E.I_I	EB19T	1.504980
1PPF.E.I_E	1PPF.E.I_I	EB19V	1.159019
1PPF.E.I_E	1PPF.E.I_I	EB19W	1.530076
1PPF.E.I_E	1PPF.E.I_I	EB19Y	1.248885
1PPF.E.I_E	1PPF.E.I_I	GB32A	0.257595
1PPF.E.I_E	1PPF.E.I_I	GB32C	1.179104
1PPF.E.I_E	1PPF.E.I_I	GB32D	2.497087
1PPF.E.I_E	1PPF.E.I_I	GB32E	1.457559
1PPF.E.I_E	1PPF.E.I_I	GB32F	1.481744
1PPF.E.I_E	1PPF.E.I_I	GB32H	1.504980
1PPF.E.I_E	1PPF.E.I_I	GB32I	4.372321
1PPF.E.I_E	1PPF.E.I_I	GB32K	3.306267
1PPF.E.I_E	1PPF.E.I_I	GB32L	3.129898
1PPF.E.I_E	1PPF.E.I_I	GB32M	2.195336
1PPF.E.I_E	1PPF.E.I_I	GB32N	1.613946
1PPF.E.I_E	1PPF.E.I_I	GB32P	0.263825
1PPF.E.I_E	1PPF.E.I_I	GB32Q	2.799726
1PPF.E.I_E	1PPF.E.I_I	GB32R	4.848992
1PPF.E.I_E	1PPF.E.I_I	GB32S	0.915471
1PPF.E.I_E	1PPF.E.I_I	GB32T	2.812400
1PPF.E.I_E	1PPF.E.I_I	GB32V	2.548172
1PPF.E.I_E	1PPF.E.I_I	GB32W	1.643979
1PPF.E.I_E	1PPF.E.I_I	GB32Y	1.203289
1PPF.E.I_E	1PPF.E.I_I	KB13A	0.756479
1PPF.E.I_E	1PPF.E.I_I	KB13C	0.962834
1PPF.E.I_E	1PPF.E.I_I	KB13D	0.631288
1PPF.E.I_E	1PPF.E.I_I	KB13E	1.132916
1PPF.E.I_E	1PPF.E.I_I	KB13F	0.962834
1PPF.E.I_E	1PPF.E.I_I	KB13G	1.248885
1PPF.E.I_E	1PPF.E.I_I	KB13H	1.014561
1PPF.E.I_E	1PPF.E.I_I	KB13I	0.631288
1PPF.E.I_E	1PPF.E.I_I	KB13L	0.401556
1PPF.E.I_E	1PPF.E.I_I	KB13M	0.208053
1PPF.E.I_E	1PPF.E.I_I	KB13N	0.660431
1PPF.E.I_E	1PPF.E.I_I	KB13P	1.266184
1PPF.E.I_E	1PPF.E.I_I	KB13Q	0.249774
1PPF.E.I_E	1PPF.E.I_I	KB13R	-0.640845
1PPF.E.I_E	1PPF.E.I_I	KB13S	0.460850
1PPF.E.I_E	1PPF.E.I_I	KB13T	0.165905
1PPF.E.I_E	1PPF.E.I_I	KB13V	0.871507
1PPF.E.I_E	1PPF.E.I_I	KB13W	0.831165
1PPF.E.I_E	1PPF.E.I_I	KB13Y	0.505585
1PPF.E.I_E	1PPF.E.I_I	LB18A	1.016960
1PPF.E.I_E	1PPF.E.I_I	LB18C	-0.089523
1PPF.E.I_E	1PPF.E.I_I	LB18D	7.613488
1PPF.E.I_E	1PPF.E.I_I	LB18E	7.063434
1PPF.E.I_E	1PPF.E.I_I	LB18F	5.169496
1PPF.E.I_E	1PPF.E.I_I	LB18G	3.332899
1PPF.E.I_E	1PPF.E.I_I	LB18H	6.471246
1PPF.E.I_E	1PPF.E.I_I	LB18I	-0.732883
1PPF.E.I_E	1PPF.E.I_I	LB18K	5.692886
1PPF.E.I_E	1PPF.E.I_I	LB18M	1.242062
1PPF.E.I_E	1PPF.E.I_I	LB18N	5.225429
1PPF.E.I_E	1PPF.E.I_I	LB18P	6.147149
1PPF.E.I_E	1PPF.E.I_I	LB18Q	3.347520
1PPF.E.I_E	1PPF.E.I_I	LB18R	7.184542
1PPF.E.I_E	1PPF.E.I_I	LB18S	3.092029
1PPF.E.I_E	1PPF.E.I_I	LB18T	0.915471
1PPF.E.I_E	1PPF.E.I_I	LB18V	-0.492664
1PPF.E.I_E	1PPF.E.I_I	LB18W	7.544181
1PPF.E.I_E	1PPF.E.I_I	LB18Y	6.635789
1PPF.E.I_E	1PPF.E.I_I	NB36A	-1.645523
1PPF.E.I_E	1PPF.E.I_I	NB36C	0.604556
1PPF.E.I_E	1PPF.E.I_I	NB36D	-3.077952
1PPF.E.I_E	1PPF.E.I_I	NB36E	-1.018349
1PPF.E.I_E	1PPF.E.I_I	NB36F	1.846212
1PPF.E.I_E	1PPF.E.I_I	NB36G	-0.571538
1PPF.E.I_E	1PPF.E.I_I	NB36H	-0.533006
1PPF.E.I_E	1PPF.E.I_I	NB36I	0.871507
1PPF.E.I_E	1PPF.E.I_I	NB36K	2.621769
1PPF.E.I_E	1PPF.E.I_I	NB36L	2.647163
1PPF.E.I_E	1PPF.E.I_I	NB36M	1.071087
1PPF.E.I_E	1PPF.E.I_I	NB36P	-2.959598
1PPF.E.I_E	1PPF.E.I_I	NB36Q	0.382923
1PPF.E.I_E	1PPF.E.I_I	NB36R	1.869756
1PPF.E.I_E	1PPF.E.I_I	NB36S	-1.346378
1PPF.E.I_E	1PPF.E.I_I	NB36T	0.552888
1PPF.E.I_E	1PPF.E.I_I	NB36V	0.345822
1PPF.E.I_E	1PPF.E.I_I	NB36W	1.721962
1PPF.E.I_E	1PPF.E.I_I	NB36Y	1.676840
1PPF.E.I_E	1PPF.E.I_I	PB14A	-0.124129
1PPF.E.I_E	1PPF.E.I_I	PB14C	-2.005016
1PPF.E.I_E	1PPF.E.I_I	PB14D	-0.492664
1PPF.E.I_E	1PPF.E.I_I	PB14E	-1.429005
1PPF.E.I_E	1PPF.E.I_I	PB14F	-1.856836
1PPF.E.I_E	1PPF.E.I_I	PB14G	0.093388
1PPF.E.I_E	1PPF.E.I_I	PB14H	-1.765509
1PPF.E.I_E	1PPF.E.I_I	PB14I	-1.651360
1PPF.E.I_E	1PPF.E.I_I	PB14K	-0.448700
1PPF.E.I_E	1PPF.E.I_I	PB14L	-2.923367
1PPF.E.I_E	1PPF.E.I_I	PB14M	-1.574453
1PPF.E.I_E	1PPF.E.I_I	PB14N	-0.640845
1PPF.E.I_E	1PPF.E.I_I	PB14Q	-0.811283
1PPF.E.I_E	1PPF.E.I_I	PB14R	-0.137646
1PPF.E.I_E	1PPF.E.I_I	PB14S	-0.571538
1PPF.E.I_E	1PPF.E.I_I	PB14T	-0.264178
1PPF.E.I_E	1PPF.E.I_I	PB14V	-1.525053
1PPF.E.I_E	1PPF.E.I_I	PB14W	-2.005016
1PPF.E.I_E	1PPF.E.I_I	PB14Y	-0.962616
1PPF.E.I_E	1PPF.E.I_I	RB21A	0.208053
1PPF.E.I_E	1PPF.E.I_I	RB21C	-0.081179
1PPF.E.I_E	1PPF.E.I_I	RB21D	0.208053
1PPF.E.I_E	1PPF.E.I_I	RB21E	0.460850
1PPF.E.I_E	1PPF.E.I_I	RB21F	-0.981248
1PPF.E.I_E	1PPF.E.I_I	RB21G	0.577925
1PPF.E.I_E	1PPF.E.I_I	RB21H	-0.492664
1PPF.E.I_E	1PPF.E.I_I	RB21I	-0.811283
1PPF.E.I_E	1PPF.E.I_I	RB21K	0.604556
1PPF.E.I_E	1PPF.E.I_I	RB21L	-0.858586
1PPF.E.I_E	1PPF.E.I_I	RB21M	-0.759615
1PPF.E.I_E	1PPF.E.I_I	RB21N	0.329478
1PPF.E.I_E	1PPF.E.I_I	RB21P	6.705569
1PPF.E.I_E	1PPF.E.I_I	RB21Q	-0.018344
1PPF.E.I_E	1PPF.E.I_I	RB21S	0.419620
1PPF.E.I_E	1PPF.E.I_I	RB21T	-0.018344
1PPF.E.I_E	1PPF.E.I_I	RB21V	-0.349610
1PPF.E.I_E	1PPF.E.I_I	RB21W	-0.533006
1PPF.E.I_E	1PPF.E.I_I	RB21Y	0.220632
1PPF.E.I_E	1PPF.E.I_I	TB17A	3.189534
1PPF.E.I_E	1PPF.E.I_I	TB17C	2.087497
1PPF.E.I_E	1PPF.E.I_I	TB17D	4.923678
1PPF.E.I_E	1PPF.E.I_I	TB17E	3.057588
1PPF.E.I_E	1PPF.E.I_I	TB17F	1.709993
1PPF.E.I_E	1PPF.E.I_I	TB17G	3.599849
1PPF.E.I_E	1PPF.E.I_I	TB17H	1.693649
1PPF.E.I_E	1PPF.E.I_I	TB17I	1.481744
1PPF.E.I_E	1PPF.E.I_I	TB17K	3.388773
1PPF.E.I_E	1PPF.E.I_I	TB17L	2.279642
1PPF.E.I_E	1PPF.E.I_I	TB17M	2.502400
1PPF.E.I_E	1PPF.E.I_I	TB17N	2.698713
1PPF.E.I_E	1PPF.E.I_I	TB17P	3.074164
1PPF.E.I_E	1PPF.E.I_I	TB17Q	1.968727
1PPF.E.I_E	1PPF.E.I_I	TB17R	3.451668
1PPF.E.I_E	1PPF.E.I_I	TB17S	1.530874
1PPF.E.I_E	1PPF.E.I_I	TB17V	1.512658
1PPF.E.I_E	1PPF.E.I_I	TB17W	2.195336
1PPF.E.I_E	1PPF.E.I_I	TB17Y	2.480854
1PPF.E.I_E	1PPF.E.I_I	YB20A	3.210383
1PPF.E.I_E	1PPF.E.I_I	YB20C	3.451668
1PPF.E.I_E	1PPF.E.I_I	YB20D	6.419518
1PPF.E.I_E	1PPF.E.I_I	YB20E	6.419518
1PPF.E.I_E	1PPF.E.I_I	YB20F	0.482041
1PPF.E.I_E	1PPF.E.I_I	YB20G	4.185901
1PPF.E.I_E	1PPF.E.I_I	YB20H	2.415752
1PPF.E.I_E	1PPF.E.I_I	YB20I	3.931631
1PPF.E.I_E	1PPF.E.I_I	YB20K	4.494069
1PPF.E.I_E	1PPF.E.I_I	YB20L	1.374911
1PPF.E.I_E	1PPF.E.I_I	YB20M	2.812400
1PPF.E.I_E	1PPF.E.I_I	YB20N	3.643814
1PPF.E.I_E	1PPF.E.I_I	YB20P	5.367161
1PPF.E.I_E	1PPF.E.I_I	YB20Q	4.697070
1PPF.E.I_E	1PPF.E.I_I	YB20R	4.372321
1PPF.E.I_E	1PPF.E.I_I	YB20S	3.643814
1PPF.E.I_E	1PPF.E.I_I	YB20T	5.055347
1PPF.E.I_E	1PPF.E.I_I	YB20V	4.185901
1PPF.E.I_E	1PPF.E.I_I	YB20W	0.235382
1PPF.E.I_E	1PPF.E.I_I	AB15D,GB32A	1.159019
1PPF.E.I_E	1PPF.E.I_I	AB15D,LB18A,YB20D	8.737915
1PPF.E.I_E	1PPF.E.I_I	AB15G,LB18M,LB23V,KB29I,EB43K	2.279642
1PPF.E.I_E	1PPF.E.I_I	AB15R,LB18R	7.327797
1PPF.E.I_E	1PPF.E.I_I	AB15T,LB18M	-1.492771
1PPF.E.I_E	1PPF.E.I_I	AB15V,TB17S	1.765727
1PPF.E.I_E	1PPF.E.I_I	AB15V,TB17S,LB18P,RB21M,NB28S,GB32N,NB36D,NB39S,SB51G	7.373743
1PPF.E.I_E	1PPF.E.I_I	AB15V,TB17S,RB21M,NB28S,KB29Q,GB32S,KB34E,EB43D	1.942096
1PPF.E.I_E	1PPF.E.I_I	DB7N,EB10D,AB15V,TB17S,EB19L,RB21M,VB42A,EB43D	1.402633
1PPF.E.I_E	1PPF.E.I_I	DB7N,EB10G,LB18M,RB21M,EB43D,KB55E	0.038462
1PPF.E.I_E	1PPF.E.I_I	EB10D,AB15V,EB19D,RB21M,GB32S,EB43D,LB48I,KB55R	2.486315
1PPF.E.I_E	1PPF.E.I_I	EB10D,AB15V,EB19D,RB21M,KB29T,GB32S,EB43D,LB48I	1.917059
1PPF.E.I_E	1PPF.E.I_I	EB10D,AB15V,TB17P,EB19D,RB21M,NB28S,GB32S,NB45S,SB51R	3.332899
1PPF.E.I_E	1PPF.E.I_I	EB10D,AB15V,TB17S,EB19D,RB21M,KB29T,GB32N,NB36I,EB43D,LB48I	4.598098
1PPF.E.I_E	1PPF.E.I_I	EB10D,AB15V,TB17S,RB21M,NB28S,GB32N,NB36D,SB51G	1.014561
1PPF.E.I_E	1PPF.E.I_I	EB10D,AB15V,TB17S,RB21M,NB28S,GB32S,EB43D	2.087497
1PPF.E.I_E	1PPF.E.I_I	EB10D,AB15V,TB17S,RB21M,NB28S,GB32S,NB36D,EB43D	-0.029629
1PPF.E.I_E	1PPF.E.I_I	EB10D,AB15V,TB17S,RB21M,NB28S,GB32S,VB42A,EB43D	1.613946
1PPF.E.I_E	1PPF.E.I_I	EB10D,AB15V,TB17S,RB21M,VB42A,EB43D	1.226526
1PPF.E.I_E	1PPF.E.I_I	EB10D,AB15V,TB17S,YB20D,RB21M,NB28S,GB32S,EB43D	7.481286
1PPF.E.I_E	1PPF.E.I_I	EB10D,AB15V,YB20D,RB21M,KB29I,GB32H,NB36Y,VB42A,EB43H,LB50F	4.923678
1PPF.E.I_E	1PPF.E.I_I	EB10D,AB15V,YB20E,RB21M,EB43D	6.527772
1PPF.E.I_E	1PPF.E.I_I	EB10D,KB13M,LB18M,LB23V	1.627997
1PPF.E.I_E	1PPF.E.I_I	EB10D,KB13R,AB15D,RB21M,EB43D	0.129305
1PPF.E.I_E	1PPF.E.I_I	EB10D,KB13R,AB15V,EB19D,RB21M,GB32S,EB43D,LB48I,KB55R	2.327005
1PPF.E.I_E	1PPF.E.I_I	EB10D,LB18F,RB21M,EB43D	4.553364
1PPF.E.I_E	1PPF.E.I_I	EB10D,LB18M,RB21M,EB43D	0.831165
1PPF.E.I_E	1PPF.E.I_I	EB10D,LB18V,RB21M,EB43D	0.038462
1PPF.E.I_E	1PPF.E.I_I	EB10D,LB18V,RB21M,GB32D,EB43D	1.402633
1PPF.E.I_E	1PPF.E.I_I	EB10D,RB21M,EB43D	-0.759615
1PPF.E.I_E	1PPF.E.I_I	EB10D,RB21M,KB29Q,GB32S,NB36S,EB43D	-0.448700
1PPF.E.I_E	1PPF.E.I_I	EB10D,RB21M,LB23F,NB28S,GB32S,EB43D	0.460850
1PPF.E.I_E	1PPF.E.I_I	EB10D,TB17L,RB21M,GB32D,NB36S,EB43D,TB49S	4.372321
1PPF.E.I_E	1PPF.E.I_I	EB10D,TB17R,LB18M,RB21M,EB43D	4.620742
1PPF.E.I_E	1PPF.E.I_I	EB10D,TB17S,EB19D,RB21M,NB28S,GB32S,EB43D,GB54E	3.281230
1PPF.E.I_E	1PPF.E.I_I	EB10D,YB11H,AB15V,TB17S,RB21M,NB28S,GB32S,NB36D	0.295370
1PPF.E.I_E	1PPF.E.I_I	EB10G,KB13Q,PB14S,TB17P,LB18Q,EB19D,RB21V,LB23F,GB32S,VB42A,EB43D	6.034609
1PPF.E.I_E	1PPF.E.I_I	EB10G,KB13Q,TB17S,RB21V,LB23F,GB32S,NB36D,VB42A,EB43D	0.505585
1PPF.E.I_E	1PPF.E.I_I	EB10G,LB18M,RB21M,EB43D,KB55E	-0.010938
1PPF.E.I_E	1PPF.E.I_I	EB10G,LB18M,YB20S,LB23I,KB29T,GB32S,HB52Y,FB53P,KB55V	5.622589
1PPF.E.I_E	1PPF.E.I_I	KB13S,PB14D,AB15Y	-0.124977
1PPF.E.I_E	1PPF.E.I_I	KB13S,PB14D,AB15Y,LB18G,EB19I,RB21K	4.031303
1PPF.E.I_E	1PPF.E.I_I	KB13T,PB14E,AB15Y	-0.755991
1PPF.E.I_E	1PPF.E.I_I	KB13T,PB14E,AB15Y,LB18G,RB21M,GB32P,NB36V	1.769350
1PPF.E.I_E	1PPF.E.I_I	LB18I,GB32D	2.523190
1PPF.E.I_E	1PPF.E.I_I	LB18M,GB32D	3.985940
1PPF.E.I_E	1PPF.E.I_I	LB18M,HB52R	1.481744
1PPF.E.I_E	1PPF.E.I_I	LB18M,LB23V,KB29I,EB43K	1.392388
1PPF.E.I_E	1PPF.E.I_I	LB18M,NB36D,SB51N	-0.858586
1PPF.E.I_E	1PPF.E.I_I	LB18M,SB51N	1.257598
1PPF.E.I_E	1PPF.E.I_I	LB18M,TB30S,GB32D	4.176571
1PPF.E.I_E	1PPF.E.I_I	LB18M,YB20Q	5.839608
1PPF.E.I_E	1PPF.E.I_I	RB21M,KB29Q,GB32S,EB43D	0.071384
1PPF.E.I_E	1PPF.E.I_I	RB21V,LB23I	-0.293084
1PPF.E.I_E	1PPF.E.I_I	VB6I,EB10D,AB15V,TB17S,RB21M,NB28S,GB32S,EB43D,TB49I	1.968727
1PPF.E.I_E	1PPF.E.I_I	YB11H,EB19D,LB23I,NB28S,GB32S,NB36D,VB42M,EB43D	0.329478
1QSE.ABC.DE_ABC	1QSE.ABC.DE_DE	RA381V	-1.225423
1R0R.E.I_E	1R0R.E.I_I	AB10C	-0.483468
1R0R.E.I_E	1R0R.E.I_I	AB10D	5.228435
1R0R.E.I_E	1R0R.E.I_I	AB10E	4.577856
1R0R.E.I_E	1R0R.E.I_I	AB10F	-2.242999
1R0R.E.I_E	1R0R.E.I_I	AB10G	1.111737
1R0R.E.I_E	1R0R.E.I_I	AB10H	1.774828
1R0R.E.I_E	1R0R.E.I_I	AB10I	-1.799517
1R0R.E.I_E	1R0R.E.I_I	AB10K	3.072984
1R0R.E.I_E	1R0R.E.I_I	AB10L	-1.755011
1R0R.E.I_E	1R0R.E.I_I	AB10M	-1.739622
1R0R.E.I_E	1R0R.E.I_I	AB10N	2.089436
1R0R.E.I_E	1R0R.E.I_I	AB10P	3.345354
1R0R.E.I_E	1R0R.E.I_I	AB10Q	1.810982
1R0R.E.I_E	1R0R.E.I_I	AB10R	5.530482
1R0R.E.I_E	1R0R.E.I_I	AB10S	1.741675
1R0R.E.I_E	1R0R.E.I_I	AB10T	1.268123
1R0R.E.I_E	1R0R.E.I_I	AB10V	-0.970091
1R0R.E.I_E	1R0R.E.I_I	AB10W	0.207066
1R0R.E.I_E	1R0R.E.I_I	AB10Y	-0.838487
1R0R.E.I_E	1R0R.E.I_I	EB14A	2.089436
1R0R.E.I_E	1R0R.E.I_I	EB14C	2.371582
1R0R.E.I_E	1R0R.E.I_I	EB14D	0.258734
1R0R.E.I_E	1R0R.E.I_I	EB14F	3.618091
1R0R.E.I_E	1R0R.E.I_I	EB14G	2.711998
1R0R.E.I_E	1R0R.E.I_I	EB14H	1.708813
1R0R.E.I_E	1R0R.E.I_I	EB14I	0.736997
1R0R.E.I_E	1R0R.E.I_I	EB14K	2.711998
1R0R.E.I_E	1R0R.E.I_I	EB14L	0.569649
1R0R.E.I_E	1R0R.E.I_I	EB14M	1.571237
1R0R.E.I_E	1R0R.E.I_I	EB14N	2.118342
1R0R.E.I_E	1R0R.E.I_I	EB14P	3.764484
1R0R.E.I_E	1R0R.E.I_I	EB14Q	1.282174
1R0R.E.I_E	1R0R.E.I_I	EB14R	2.089436
1R0R.E.I_E	1R0R.E.I_I	EB14S	3.175153
1R0R.E.I_E	1R0R.E.I_I	EB14T	4.252276
1R0R.E.I_E	1R0R.E.I_I	EB14V	0.094771
1R0R.E.I_E	1R0R.E.I_I	EB14W	1.849514
1R0R.E.I_E	1R0R.E.I_I	EB14Y	1.889856
1R0R.E.I_E	1R0R.E.I_I	GB27A	1.314587
1R0R.E.I_E	1R0R.E.I_I	GB27C	1.419905
1R0R.E.I_E	1R0R.E.I_I	GB27D	2.888105
1R0R.E.I_E	1R0R.E.I_I	GB27E	1.981183
1R0R.E.I_E	1R0R.E.I_I	GB27F	0.115028
1R0R.E.I_E	1R0R.E.I_I	GB27H	2.192495
1R0R.E.I_E	1R0R.E.I_I	GB27I	1.981183
1R0R.E.I_E	1R0R.E.I_I	GB27K	2.935408
1R0R.E.I_E	1R0R.E.I_I	GB27L	2.410737
1R0R.E.I_E	1R0R.E.I_I	GB27M	2.156578
1R0R.E.I_E	1R0R.E.I_I	GB27N	1.282174
1R0R.E.I_E	1R0R.E.I_I	GB27P	1.080047
1R0R.E.I_E	1R0R.E.I_I	GB27Q	2.032910
1R0R.E.I_E	1R0R.E.I_I	GB27R	3.471120
1R0R.E.I_E	1R0R.E.I_I	GB27S	0.911775
1R0R.E.I_E	1R0R.E.I_I	GB27T	1.678780
1R0R.E.I_E	1R0R.E.I_I	GB27V	1.957501
1R0R.E.I_E	1R0R.E.I_I	GB27W	1.401272
1R0R.E.I_E	1R0R.E.I_I	GB27Y	0.485343
1R0R.E.I_E	1R0R.E.I_I	KB8A	-0.610000
1R0R.E.I_E	1R0R.E.I_I	KB8C	-0.615670
1R0R.E.I_E	1R0R.E.I_I	KB8D	-0.593310
1R0R.E.I_E	1R0R.E.I_I	KB8E	-0.110440
1R0R.E.I_E	1R0R.E.I_I	KB8F	-0.794522
1R0R.E.I_E	1R0R.E.I_I	KB8G	-0.838487
1R0R.E.I_E	1R0R.E.I_I	KB8H	-0.593310
1R0R.E.I_E	1R0R.E.I_I	KB8I	1.123952
1R0R.E.I_E	1R0R.E.I_I	KB8L	-0.328029
1R0R.E.I_E	1R0R.E.I_I	KB8M	-0.561278
1R0R.E.I_E	1R0R.E.I_I	KB8N	-0.390840
1R0R.E.I_E	1R0R.E.I_I	KB8P	1.347827
1R0R.E.I_E	1R0R.E.I_I	KB8Q	-0.530889
1R0R.E.I_E	1R0R.E.I_I	KB8R	0.136218
1R0R.E.I_E	1R0R.E.I_I	KB8S	-0.307360
1R0R.E.I_E	1R0R.E.I_I	KB8T	0.889749
1R0R.E.I_E	1R0R.E.I_I	KB8V	0.410656
1R0R.E.I_E	1R0R.E.I_I	KB8W	-1.105437
1R0R.E.I_E	1R0R.E.I_I	KB8Y	-0.695432
1R0R.E.I_E	1R0R.E.I_I	LB13A	0.420147
1R0R.E.I_E	1R0R.E.I_I	LB13C	-1.346307
1R0R.E.I_E	1R0R.E.I_I	LB13D	4.539324
1R0R.E.I_E	1R0R.E.I_I	LB13E	2.150663
1R0R.E.I_E	1R0R.E.I_I	LB13F	0.617011
1R0R.E.I_E	1R0R.E.I_I	LB13G	2.352891
1R0R.E.I_E	1R0R.E.I_I	LB13H	0.569649
1R0R.E.I_E	1R0R.E.I_I	LB13I	3.254027
1R0R.E.I_E	1R0R.E.I_I	LB13K	3.094362
1R0R.E.I_E	1R0R.E.I_I	LB13M	-0.516260
1R0R.E.I_E	1R0R.E.I_I	LB13N	1.500390
1R0R.E.I_E	1R0R.E.I_I	LB13P	7.687727
1R0R.E.I_E	1R0R.E.I_I	LB13Q	0.593330
1R0R.E.I_E	1R0R.E.I_I	LB13R	2.935408
1R0R.E.I_E	1R0R.E.I_I	LB13S	1.571237
1R0R.E.I_E	1R0R.E.I_I	LB13T	0.159763
1R0R.E.I_E	1R0R.E.I_I	LB13V	2.156578
1R0R.E.I_E	1R0R.E.I_I	LB13W	1.523934
1R0R.E.I_E	1R0R.E.I_I	LB13Y	0.446811
1R0R.E.I_E	1R0R.E.I_I	NB23S	-0.066014
1R0R.E.I_E	1R0R.E.I_I	NB31A	-0.033153
1R0R.E.I_E	1R0R.E.I_I	NB31C	0.569649
1R0R.E.I_E	1R0R.E.I_I	NB31D	0.569649
1R0R.E.I_E	1R0R.E.I_I	NB31E	-0.205013
1R0R.E.I_E	1R0R.E.I_I	NB31F	-0.179917
1R0R.E.I_E	1R0R.E.I_I	NB31G	0.285466
1R0R.E.I_E	1R0R.E.I_I	NB31H	0.285466
1R0R.E.I_E	1R0R.E.I_I	NB31I	0.314609
1R0R.E.I_E	1R0R.E.I_I	NB31K	1.147654
1R0R.E.I_E	1R0R.E.I_I	NB31L	1.546578
1R0R.E.I_E	1R0R.E.I_I	NB31M	0.314609
1R0R.E.I_E	1R0R.E.I_I	NB31P	1.479199
1R0R.E.I_E	1R0R.E.I_I	NB31Q	-0.274438
1R0R.E.I_E	1R0R.E.I_I	NB31R	1.458942
1R0R.E.I_E	1R0R.E.I_I	NB31S	0.485343
1R0R.E.I_E	1R0R.E.I_I	NB31T	0.569649
1R0R.E.I_E	1R0R.E.I_I	NB31V	0.668739
1R0R.E.I_E	1R0R.E.I_I	NB31W	0.055733
1R0R.E.I_E	1R0R.E.I_I	NB31Y	0.182407
1R0R.E.I_E	1R0R.E.I_I	PB9A	-0.638906
1R0R.E.I_E	1R0R.E.I_I	PB9C	-0.986667
1R0R.E.I_E	1R0R.E.I_I	PB9D	-2.521276
1R0R.E.I_E	1R0R.E.I_I	PB9E	-2.242999
1R0R.E.I_E	1R0R.E.I_I	PB9F	1.382035
1R0R.E.I_E	1R0R.E.I_I	PB9G	-0.345822
1R0R.E.I_E	1R0R.E.I_I	PB9H	-0.216517
1R0R.E.I_E	1R0R.E.I_I	PB9I	1.741675
1R0R.E.I_E	1R0R.E.I_I	PB9K	0.344642
1R0R.E.I_E	1R0R.E.I_I	PB9L	1.184254
1R0R.E.I_E	1R0R.E.I_I	PB9M	-0.033153
1R0R.E.I_E	1R0R.E.I_I	PB9N	-0.917360
1R0R.E.I_E	1R0R.E.I_I	PB9Q	-1.414623
1R0R.E.I_E	1R0R.E.I_I	PB9R	1.102406
1R0R.E.I_E	1R0R.E.I_I	PB9S	0.136218
1R0R.E.I_E	1R0R.E.I_I	PB9T	1.197750
1R0R.E.I_E	1R0R.E.I_I	PB9V	1.331018
1R0R.E.I_E	1R0R.E.I_I	PB9W	0.485343
1R0R.E.I_E	1R0R.E.I_I	PB9Y	0.857467
1R0R.E.I_E	1R0R.E.I_I	RB16A	-0.096048
1R0R.E.I_E	1R0R.E.I_I	RB16C	0.115028
1R0R.E.I_E	1R0R.E.I_I	RB16D	-0.179917
1R0R.E.I_E	1R0R.E.I_I	RB16E	0.344642
1R0R.E.I_E	1R0R.E.I_I	RB16F	0.446811
1R0R.E.I_E	1R0R.E.I_I	RB16G	2.089436
1R0R.E.I_E	1R0R.E.I_I	RB16H	0.525685
1R0R.E.I_E	1R0R.E.I_I	RB16I	0.207066
1R0R.E.I_E	1R0R.E.I_I	RB16K	-0.096048
1R0R.E.I_E	1R0R.E.I_I	RB16L	0.232103
1R0R.E.I_E	1R0R.E.I_I	RB16M	0.446811
1R0R.E.I_E	1R0R.E.I_I	RB16N	-0.050452
1R0R.E.I_E	1R0R.E.I_I	RB16P	7.390505
1R0R.E.I_E	1R0R.E.I_I	RB16Q	0.182407
1R0R.E.I_E	1R0R.E.I_I	RB16S	-0.016345
1R0R.E.I_E	1R0R.E.I_I	RB16T	0.344642
1R0R.E.I_E	1R0R.E.I_I	RB16V	0.115028
1R0R.E.I_E	1R0R.E.I_I	RB16W	0.945399
1R0R.E.I_E	1R0R.E.I_I	RB16Y	0.823325
1R0R.E.I_E	1R0R.E.I_I	TB12A	0.980162
1R0R.E.I_E	1R0R.E.I_I	TB12C	0.813197
1R0R.E.I_E	1R0R.E.I_I	TB12D	2.888105
1R0R.E.I_E	1R0R.E.I_I	TB12E	3.018399
1R0R.E.I_E	1R0R.E.I_I	TB12F	-0.066014
1R0R.E.I_E	1R0R.E.I_I	TB12G	3.138999
1R0R.E.I_E	1R0R.E.I_I	TB12H	0.525685
1R0R.E.I_E	1R0R.E.I_I	TB12I	0.258734
1R0R.E.I_E	1R0R.E.I_I	TB12K	1.933820
1R0R.E.I_E	1R0R.E.I_I	TB12L	0.668739
1R0R.E.I_E	1R0R.E.I_I	TB12M	1.331018
1R0R.E.I_E	1R0R.E.I_I	TB12N	0.017864
1R0R.E.I_E	1R0R.E.I_I	TB12P	4.949980
1R0R.E.I_E	1R0R.E.I_I	TB12Q	2.221638
1R0R.E.I_E	1R0R.E.I_I	TB12R	3.345354
1R0R.E.I_E	1R0R.E.I_I	TB12S	0.859036
1R0R.E.I_E	1R0R.E.I_I	TB12V	1.008609
1R0R.E.I_E	1R0R.E.I_I	TB12W	2.935408
1R0R.E.I_E	1R0R.E.I_I	TB12Y	-0.878828
1R0R.E.I_E	1R0R.E.I_I	YB15A	5.474549
1R0R.E.I_E	1R0R.E.I_I	YB15C	3.254027
1R0R.E.I_E	1R0R.E.I_I	YB15D	5.622921
1R0R.E.I_E	1R0R.E.I_I	YB15E	4.618198
1R0R.E.I_E	1R0R.E.I_I	YB15F	0.617011
1R0R.E.I_E	1R0R.E.I_I	YB15G	6.402083
1R0R.E.I_E	1R0R.E.I_I	YB15H	3.257035
1R0R.E.I_E	1R0R.E.I_I	YB15I	2.864561
1R0R.E.I_E	1R0R.E.I_I	YB15K	5.512418
1R0R.E.I_E	1R0R.E.I_I	YB15L	2.575117
1R0R.E.I_E	1R0R.E.I_I	YB15M	3.138999
1R0R.E.I_E	1R0R.E.I_I	YB15N	5.616447
1R0R.E.I_E	1R0R.E.I_I	YB15P	6.654434
1R0R.E.I_E	1R0R.E.I_I	YB15Q	4.503170
1R0R.E.I_E	1R0R.E.I_I	YB15R	4.470017
1R0R.E.I_E	1R0R.E.I_I	YB15S	5.162713
1R0R.E.I_E	1R0R.E.I_I	YB15T	5.474549
1R0R.E.I_E	1R0R.E.I_I	YB15V	3.510074
1R0R.E.I_E	1R0R.E.I_I	YB15W	-0.364166
1R0R.E.I_E	1R0R.E.I_I	AB10D,GB27A	5.903495
1R0R.E.I_E	1R0R.E.I_I	AB10D,GB27A,NB28S	5.834188
1R0R.E.I_E	1R0R.E.I_I	AB10D,LB13A	5.530482
1R0R.E.I_E	1R0R.E.I_I	AB10D,LB13A,YB15D	8.944813
1R0R.E.I_E	1R0R.E.I_I	AB10G,LB13M,LB18V,KB24I,EB38K	1.036142
1R0R.E.I_E	1R0R.E.I_I	AB10R,LB13R	7.738048
1R0R.E.I_E	1R0R.E.I_I	AB10R,TB12K,LB13R	9.300916
1R0R.E.I_E	1R0R.E.I_I	AB10T,LB13M	0.258734
1R0R.E.I_E	1R0R.E.I_I	AB10V,TB12S	0.094771
1R0R.E.I_E	1R0R.E.I_I	AB10V,TB12S,LB13P,RB16M,NB23S,GB27N,NB31D,NB34S,SB46G	9.231593
1R0R.E.I_E	1R0R.E.I_I	AB10V,TB12S,RB16M,NB23S,KB24Q,GB27S,KB29E,EB38D	1.401272
1R0R.E.I_E	1R0R.E.I_I	DB2N,EB5D,AB10V,TB12S,EB14L,RB16M,VB37A,EB38D	-0.917360
1R0R.E.I_E	1R0R.E.I_I	DB2N,EB5G,LB13M,RB16M,EB38D,KB50E	-1.049562
1R0R.E.I_E	1R0R.E.I_I	EB5D,AB10V,EB14D,RB16M,GB27S,EB38D,LB43I,KB50R	-0.240219
1R0R.E.I_E	1R0R.E.I_I	EB5D,AB10V,EB14D,RB16M,KB24T,GB27S,EB38D,LB43I	-0.179917
1R0R.E.I_E	1R0R.E.I_I	EB5D,AB10V,TB12P,EB14D,RB16M,NB23S,GB27S,NB40S,SB46R	4.940424
1R0R.E.I_E	1R0R.E.I_I	EB5D,AB10V,TB12S,EB14D,RB16M,KB24T,GB27N,NB31I,EB38D,LB43I	1.774828
1R0R.E.I_E	1R0R.E.I_I	EB5D,AB10V,TB12S,RB16M,NB23S,GB27N,NB31D,SB46G	0.485343
1R0R.E.I_E	1R0R.E.I_I	EB5D,AB10V,TB12S,RB16M,NB23S,GB27S,EB38D	0.207066
1R0R.E.I_E	1R0R.E.I_I	EB5D,AB10V,TB12S,RB16M,NB23S,GB27S,NB31D,EB38D	0.115028
1R0R.E.I_E	1R0R.E.I_I	EB5D,AB10V,TB12S,RB16M,NB23S,GB27S,NB31D,EB38D,TB44N	0.073797
1R0R.E.I_E	1R0R.E.I_I	EB5D,AB10V,TB12S,RB16M,NB23S,GB27S,NB31D,VB36F,EB38D,TB44S	0.037101
1R0R.E.I_E	1R0R.E.I_I	EB5D,AB10V,TB12S,RB16M,NB23S,GB27S,VB37A,EB38D	-0.050452
1R0R.E.I_E	1R0R.E.I_I	EB5D,AB10V,TB12S,RB16M,VB37A,EB38D	-1.157105
1R0R.E.I_E	1R0R.E.I_I	EB5D,AB10V,TB12S,YB15D,RB16M,NB23S,GB27S,EB38D	5.331494
1R0R.E.I_E	1R0R.E.I_I	EB5D,AB10V,YB15D,RB16M,KB24I,GB27H,NB31Y,VB37A,EB38H,LB45F	5.688787
1R0R.E.I_E	1R0R.E.I_I	EB5D,AB10V,YB15E,RB16M,EB38D	2.864561
1R0R.E.I_E	1R0R.E.I_I	EB5D,KB8M,LB13M,LB18V	-1.755011
1R0R.E.I_E	1R0R.E.I_I	EB5D,KB8Q,AB10V,TB12M,LB13G,EB14D,RB16M,NB23S,GB27S,EB38D,SB46N	3.105846
1R0R.E.I_E	1R0R.E.I_I	EB5D,KB8R,AB10D,RB16M,EB38D	5.771293
1R0R.E.I_E	1R0R.E.I_I	EB5D,KB8R,AB10V,EB14D,RB16M,GB27S,EB38D,LB43I,KB50R	-0.410656
1R0R.E.I_E	1R0R.E.I_I	EB5D,LB13F,RB16M,EB38D	1.135922
1R0R.E.I_E	1R0R.E.I_I	EB5D,LB13M,RB16M,EB38D	-0.240219
1R0R.E.I_E	1R0R.E.I_I	EB5D,LB13M,RB16M,GB27D,EB38D	2.032910
1R0R.E.I_E	1R0R.E.I_I	EB5D,LB13V,RB16M,EB38D	2.382520
1R0R.E.I_E	1R0R.E.I_I	EB5D,LB13V,RB16M,GB27D,EB38D	4.662163
1R0R.E.I_E	1R0R.E.I_I	EB5D,RB16M,EB38D	0.410656
1R0R.E.I_E	1R0R.E.I_I	EB5D,RB16M,KB24Q,GB27S,NB31S,EB38D	0.668739
1R0R.E.I_E	1R0R.E.I_I	EB5D,RB16M,KB29R,EB38D	-0.081997
1R0R.E.I_E	1R0R.E.I_I	EB5D,RB16M,LB18F,NB23S,GB27S,EB38D	1.298157
1R0R.E.I_E	1R0R.E.I_I	EB5D,TB12L,RB16M,GB27D,NB31S,EB38D,TB44S	3.818075
1R0R.E.I_E	1R0R.E.I_I	EB5D,TB12R,LB13M,RB16M,EB38D	3.397081
1R0R.E.I_E	1R0R.E.I_I	EB5D,TB12S,EB14D,RB16M,NB23S,GB27S,EB38D,GB49E	1.298157
1R0R.E.I_E	1R0R.E.I_I	EB5D,YB6H,AB10V,TB12S,RB16M,NB23S,GB27S,NB31D	0.344642
1R0R.E.I_E	1R0R.E.I_I	EB5G,KB8Q,PB9S,TB12P,LB13Q,EB14D,RB16V,LB18F,GB27S,VB37A,EB38D	3.571417
1R0R.E.I_E	1R0R.E.I_I	EB5G,KB8Q,TB12S,RB16V,LB18F,GB27S,NB31D,VB37A,EB38D	0.000000
1R0R.E.I_E	1R0R.E.I_I	EB5G,LB13M,RB16M,EB38D	-0.240219
1R0R.E.I_E	1R0R.E.I_I	EB5G,LB13M,RB16M,EB38D,KB50E	-0.695432
1R0R.E.I_E	1R0R.E.I_I	EB5G,LB13M,YB15S,LB18I,KB24T,GB27S,HB47Y,FB48P,KB50V	3.345354
1R0R.E.I_E	1R0R.E.I_I	KB8S,PB9D,AB10Y	-1.929859
1R0R.E.I_E	1R0R.E.I_I	KB8S,PB9D,AB10Y,LB13G,EB14I,RB16K	0.798483
1R0R.E.I_E	1R0R.E.I_I	KB8T,PB9E,AB10Y	-0.872752
1R0R.E.I_E	1R0R.E.I_I	KB8T,PB9E,AB10Y,LB13G,RB16M,GB27P,NB31V	2.416814
1R0R.E.I_E	1R0R.E.I_I	LB13I,GB27D	5.303459
1R0R.E.I_E	1R0R.E.I_I	LB13M,GB27D	2.393260
1R0R.E.I_E	1R0R.E.I_I	LB13M,HB47R	-0.317605
1R0R.E.I_E	1R0R.E.I_I	LB13M,HB47R,KB50E	-0.917360
1R0R.E.I_E	1R0R.E.I_I	LB13M,LB18V,KB24I,EB38K	-0.838487
1R0R.E.I_E	1R0R.E.I_I	LB13M,NB31D,SB46N	-0.307360
1R0R.E.I_E	1R0R.E.I_I	LB13M,SB46N	-0.497300
1R0R.E.I_E	1R0R.E.I_I	LB13M,SB46N,HB47R,KB50Q	-0.638906
1R0R.E.I_E	1R0R.E.I_I	LB13M,TB25S,GB27D	2.145903
1R0R.E.I_E	1R0R.E.I_I	LB13M,TB44N,KB50T	-0.838487
1R0R.E.I_E	1R0R.E.I_I	LB13M,YB15Q	3.640118
1R0R.E.I_E	1R0R.E.I_I	LB13S,RB16V,LB18I	1.889856
1R0R.E.I_E	1R0R.E.I_I	NB23S,GB27A	1.253731
1R0R.E.I_E	1R0R.E.I_I	PB9S,AB10L,TB12K,LB13R	4.892764
1R0R.E.I_E	1R0R.E.I_I	RB16M,KB24Q,GB27S,EB38D	1.111737
1R0R.E.I_E	1R0R.E.I_I	RB16V,LB18I	-0.016345
1R0R.E.I_E	1R0R.E.I_I	TB12K,LB13R	5.259515
1R0R.E.I_E	1R0R.E.I_I	TB12M,LB13S,GB27V	3.013808
1R0R.E.I_E	1R0R.E.I_I	TB12P,LB13K,EB14D,LB18V,GB27S,SB46N	7.678323
1R0R.E.I_E	1R0R.E.I_I	TB12P,LB13K,EB14D,LB18V,SB46N	7.546121
1R0R.E.I_E	1R0R.E.I_I	TB12R,LB13R	6.496128
1R0R.E.I_E	1R0R.E.I_I	VB1I,EB5D,AB10V,TB12S,RB16M,NB23S,GB27S,EB38D,TB44I	0.285466
1R0R.E.I_E	1R0R.E.I_I	YB6H,EB14D,LB18I,NB23S,GB27S,NB31D,VB37M,EB38D	0.781732
1S1Q.A.B_A	1S1Q.A.B_B	DA44A	0.965521
1S1Q.A.B_A	1S1Q.A.B_B	FA42A	0.199344
1S1Q.A.B_A	1S1Q.A.B_B	FA86A	0.775250
1S1Q.A.B_A	1S1Q.A.B_B	NA43A	1.231969
1S1Q.A.B_A	1S1Q.A.B_B	VA41A	0.670753
1S1Q.A.B_A	1S1Q.A.B_B	WA73A	0.280782
1SBB.A.B_A	1SBB.A.B_B	LB20T	-0.099672
1SBB.A.B_A	1SBB.A.B_B	VB26Y	-1.180796
1SBB.A.B_A	1SBB.A.B_B	YB91V	0.085219
1SBB.A.B_A	1SBB.A.B_B	LB20T,VB26Y,YB91V	0.132202
1SGD.E.I_E	1SGD.E.I_I	DB13L	-5.668659
1SGE.E.I_E	1SGE.E.I_I	EB13L	-5.982758
1SGP.E.I_E	1SGP.E.I_I	AB13L	-2.989160
1SGQ.E.I_E	1SGQ.E.I_I	GB13L	-5.003496
1SIB.E.I_E	1SIB.E.I_I	KB46R	-0.731527
1SMF.E.I_E	1SMF.E.I_I	EB8A	1.012809
1SMF.E.I_E	1SMF.E.I_I	IB5A	3.511419
1SMF.E.I_E	1SMF.E.I_I	KB3A	5.689056
1SMF.E.I_E	1SMF.E.I_I	SB4A	1.899972
1SMF.E.I_E	1SMF.E.I_I	TB2A	2.046052
1TM1.E.I_E	1TM1.E.I_I	EB41A	2.989437
1TM1.E.I_E	1TM1.E.I_I	EB41S	2.747769
1TM1.E.I_E	1TM1.E.I_I	MB40A	1.027668
1TM1.E.I_E	1TM1.E.I_I	MB40F	1.027668
1TM1.E.I_E	1TM1.E.I_I	MB40G	2.232905
1TM1.E.I_E	1TM1.E.I_I	MB40K	1.093564
1TM1.E.I_E	1TM1.E.I_I	MB40Y	0.056467
1TM1.E.I_E	1TM1.E.I_I	RB43A	1.256154
1TM1.E.I_E	1TM1.E.I_I	RB46A	3.417935
1TM1.E.I_E	1TM1.E.I_I	RB48A	3.010781
1TM1.E.I_E	1TM1.E.I_I	RB48C	3.235801
1TM1.E.I_E	1TM1.E.I_I	TB39A	2.650369
1TM1.E.I_E	1TM1.E.I_I	TB39D	2.099074
1TM1.E.I_E	1TM1.E.I_I	TB39P	3.756010
1TM1.E.I_E	1TM1.E.I_I	VB51A	0.024862
1TM1.E.I_E	1TM1.E.I_I	YB42A	2.580556
1TM1.E.I_E	1TM1.E.I_I	YB42G	4.680967
1TM1.E.I_E	1TM1.E.I_I	EB41S,MB40R	3.549655
1TM1.E.I_E	1TM1.E.I_I	RB48A,RB46A	5.051923
1TM1.E.I_E	1TM1.E.I_I	TB39A,EB41A	3.390396
1TM1.E.I_E	1TM1.E.I_I	TB39D,EB41A	0.754171
1TM3.E.I_E	1TM3.E.I_I	KB40M	-1.093564
1TM5.E.I_E	1TM5.E.I_I	AB40M	-1.027668
1TM7.E.I_E	1TM7.E.I_I	YB40M	-0.056467
1TO1.E.I_E	1TO1.E.I_I	AB42Y	-2.981582
1UUZ.A.D_A	1UUZ.A.D_D	CA64A	0.650875
1UUZ.A.D_A	1UUZ.A.D_D	HA62A	1.774828
1UUZ.A.D_A	1UUZ.A.D_D	HA62D	3.379217
1UUZ.A.D_A	1UUZ.A.D_D	HA62N	1.519609
1UUZ.A.D_A	1UUZ.A.D_D	HA62Q	1.519609
1VFB.AB.C_AB	1VFB.AB.C_C	DA161A	0.815476
1VFB.AB.C_AB	1VFB.AB.C_C	DA165A	-0.207096
1VFB.AB.C_AB	1VFB.AB.C_C	DA165E	0.078116
1VFB.AB.C_AB	1VFB.AB.C_C	DA165N	-0.128239
1VFB.AB.C_AB	1VFB.AB.C_C	DA207A	3.006347
1VFB.AB.C_AB	1VFB.AB.C_C	DB119A	0.953515
1VFB.AB.C_AB	1VFB.AB.C_C	DB18A	0.340283
1VFB.AB.C_AB	1VFB.AB.C_C	EA205A	1.157075
1VFB.AB.C_AB	1VFB.AB.C_C	GA138A	0.306603
1VFB.AB.C_AB	1VFB.AB.C_C	GA138E	-0.509990
1VFB.AB.C_AB	1VFB.AB.C_C	GA138W	0.003963
1VFB.AB.C_AB	1VFB.AB.C_C	HA30A	0.845261
1VFB.AB.C_AB	1VFB.AB.C_C	IB124A	1.231969
1VFB.AB.C_AB	1VFB.AB.C_C	KB116A	0.713770
1VFB.AB.C_AB	1VFB.AB.C_C	LA46D	5.631085
1VFB.AB.C_AB	1VFB.AB.C_C	LA46E	5.631085
1VFB.AB.C_AB	1VFB.AB.C_C	LB129A	0.171622
1VFB.AB.C_AB	1VFB.AB.C_C	NA163A	0.177798
1VFB.AB.C_AB	1VFB.AB.C_C	NA31W	0.174401
1VFB.AB.C_AB	1VFB.AB.C_C	NB19A	0.396264
1VFB.AB.C_AB	1VFB.AB.C_C	QB121A	2.878286
1VFB.AB.C_AB	1VFB.AB.C_C	RA206A	-0.099780
1VFB.AB.C_AB	1VFB.AB.C_C	RA206W	0.705290
1VFB.AB.C_AB	1VFB.AB.C_C	RA206Y	1.235932
1VFB.AB.C_AB	1VFB.AB.C_C	RB125A	1.837722
1VFB.AB.C_AB	1VFB.AB.C_C	SA135D	0.000000
1VFB.AB.C_AB	1VFB.AB.C_C	SA135E	-0.104054
1VFB.AB.C_AB	1VFB.AB.C_C	SA135N	0.144012
1VFB.AB.C_AB	1VFB.AB.C_C	SA135Q	0.078116
1VFB.AB.C_AB	1VFB.AB.C_C	SA93A	0.343278
1VFB.AB.C_AB	1VFB.AB.C_C	SB24A	0.851346
1VFB.AB.C_AB	1VFB.AB.C_C	TA137A	-0.055875
1VFB.AB.C_AB	1VFB.AB.C_C	TA52F	0.471086
1VFB.AB.C_AB	1VFB.AB.C_C	TA53R	1.646589
1VFB.AB.C_AB	1VFB.AB.C_C	TB118A	0.765438
1VFB.AB.C_AB	1VFB.AB.C_C	VB120A	0.917360
1VFB.AB.C_AB	1VFB.AB.C_C	WA159A	0.640914
1VFB.AB.C_AB	1VFB.AB.C_C	WA92A	3.039208
1VFB.AB.C_AB	1VFB.AB.C_C	YA139A	0.792034
1VFB.AB.C_AB	1VFB.AB.C_C	YA139E	1.903040
1VFB.AB.C_AB	1VFB.AB.C_C	YA208F	1.270133
1VFB.AB.C_AB	1VFB.AB.C_C	YA32A	1.528818
1VFB.AB.C_AB	1VFB.AB.C_C	YA32W	5.631085
1VFB.AB.C_AB	1VFB.AB.C_C	YA49A	0.797899
1VFB.AB.C_AB	1VFB.AB.C_C	YA50A	0.456290
1VFB.AB.C_AB	1VFB.AB.C_C	YA50K	1.716369
1VFB.AB.C_AB	1VFB.AB.C_C	YA50R	0.844702
1VFB.AB.C_AB	1VFB.AB.C_C	YB23A	0.410656
1VFB.AB.C_AB	1VFB.AB.C_C	DA161A,TB118A	1.255206
1VFB.AB.C_AB	1VFB.AB.C_C	DA207A,SB24A	3.371265
1VFB.AB.C_AB	1VFB.AB.C_C	WA159A,DB119A	2.248379
1VFB.AB.C_AB	1VFB.AB.C_C	WA92A,IB124A	3.852058
1VFB.AB.C_AB	1VFB.AB.C_C	WA92A,LB129A	3.308844
1VFB.AB.C_AB	1VFB.AB.C_C	WA92A,QB121A	3.520512
1VFB.AB.C_AB	1VFB.AB.C_C	WA92A,RB125A	3.394809
1VFB.AB.C_AB	1VFB.AB.C_C	YA139A,KB116A	1.586751
1VFB.AB.C_AB	1VFB.AB.C_C	YA208F,DB119A	2.737746
1VFB.AB.C_AB	1VFB.AB.C_C	YA208F,VB120A	2.539614
1VFB.AB.C_AB	1VFB.AB.C_C	YA32A,IB124A	2.907017
1VFB.AB.C_AB	1VFB.AB.C_C	YA32A,QB121A	1.586751
1VFB.AB.C_AB	1VFB.AB.C_C	YA50A,DB119A	1.231969
1VFB.AB.C_AB	1VFB.AB.C_C	YA50A,DB18A	1.266491
1WQJ.I.B_I	1WQJ.I.B_B	RA20A	0.679553
1WQJ.I.B_I	1WQJ.I.B_B	RA49A	0.268245
1WQJ.I.B_I	1WQJ.I.B_B	RA54A	0.059441
1WQJ.I.B_I	1WQJ.I.B_B	RA55A	0.402399
1WQJ.I.B_I	1WQJ.I.B_B	RA35A,RA36A	1.028511
1X1W.A.D_A	1X1W.A.D_D	AB81E	-0.410656
1XD3.A.B_A	1XD3.A.B_B	DB39A	-0.410656
1XD3.A.B_A	1XD3.A.B_B	DB52A	-0.240219
1XD3.A.B_A	1XD3.A.B_B	DB58A	-0.240219
1XD3.A.B_A	1XD3.A.B_B	EB24A	-0.240219
1XD3.A.B_A	1XD3.A.B_B	EB51A	1.534609
1XD3.A.B_A	1XD3.A.B_B	HB68N	0.000000
1XD3.A.B_A	1XD3.A.B_B	IB44A	0.265981
1XD3.A.B_A	1XD3.A.B_B	KB11R	1.402407
1XD3.A.B_A	1XD3.A.B_B	KB27A	-0.062421
1XD3.A.B_A	1XD3.A.B_B	KB27R	0.265981
1XD3.A.B_A	1XD3.A.B_B	KB33R	0.000000
1XD3.A.B_A	1XD3.A.B_B	KB6A	1.344086
1XD3.A.B_A	1XD3.A.B_B	KB6R	0.302640
1XD3.A.B_A	1XD3.A.B_B	LB8A	2.676792
1XD3.A.B_A	1XD3.A.B_B	RB42L	-0.862188
1XD3.A.B_A	1XD3.A.B_B	RB54L	0.868734
1XD3.A.B_A	1XD3.A.B_B	RB72L	1.301750
1XD3.A.B_A	1XD3.A.B_B	RB74L	2.377732
1XGQ.AB.C_AB	1XGQ.AB.C_C	VA248A	1.153095
1XGQ.AB.C_AB	1XGQ.AB.C_C	VA248F	-2.909385
1XGQ.AB.C_AB	1XGQ.AB.C_C	VA248I	-1.108124
1XGQ.AB.C_AB	1XGQ.AB.C_C	VA248L	-1.046781
1XGR.AB.C_AB	1XGR.AB.C_C	IA248A	2.261219
1XGR.AB.C_AB	1XGR.AB.C_C	IA248F	-1.801261
1XGR.AB.C_AB	1XGR.AB.C_C	IA248L	0.061343
1XGR.AB.C_AB	1XGR.AB.C_C	IA248V	1.108124
1Y1K.E.I_E	1Y1K.E.I_I	AB39T	-2.728342
1Y33.E.I_E	1Y33.E.I_I	PB39T	-3.756010
1Y3B.E.I_E	1Y3B.E.I_I	SB41E	-2.747769
1Y3C.E.I_E	1Y3C.E.I_I	AB43R	-1.256154
1Y48.E.I_E	1Y48.E.I_I	AB46R	-3.756010
1Y4A.E.I_E	1Y4A.E.I_I	SB40E,RB39M	-3.549655
1YQV.HL.Y_HL	1YQV.HL.Y_Y	RB45K	1.879186
1YQV.HL.Y_HL	1YQV.HL.Y_Y	RB68K,TB40S,IB55V,SB91T	5.191547
1YQV.HL.Y_HL	1YQV.HL.Y_Y	RB68K,TB40S,IB55V,SB91T,QB121H	0.035385
2A9K.A.B_A	2A9K.A.B_B	EB65A	3.030982
2A9K.A.B_A	2A9K.A.B_B	GB55D	2.317686
2B0U.AB.C_AB	2B0U.AB.C_C	FB47A	0.542858
2B0U.AB.C_AB	2B0U.AB.C_C	FB47E	0.410656
2B0U.AB.C_AB	2B0U.AB.C_C	FB52A	0.000000
2B0U.AB.C_AB	2B0U.AB.C_C	FB52E	0.000000
2B0U.AB.C_AB	2B0U.AB.C_C	IB51A	0.000000
2B0U.AB.C_AB	2B0U.AB.C_C	IB51E	0.240219
2B0U.AB.C_AB	2B0U.AB.C_C	VB15E	0.000000
2B0Z.A.B_A	2B0Z.A.B_B	IB87F	-2.528999
2B10.A.B_A	2B10.A.B_B	SB87F	-1.164827
2B42.A.B_A	2B42.A.B_B	HA357A	1.638458
2B42.A.B_A	2B42.A.B_B	HA357K	2.567788
2B42.A.B_A	2B42.A.B_B	HA357Q	1.076116
2BDN.HL.A_HL	2BDN.HL.A_A	DA31E	1.085717
2BDN.HL.A_HL	2BDN.HL.A_A	LA27K	0.874404
2BDN.HL.A_HL	2BDN.HL.A_A	LA27R	0.650875
2BDN.HL.A_HL	2BDN.HL.A_A	NA248K	3.491334
2BDN.HL.A_HL	2BDN.HL.A_A	NA248R	-0.917598
2BDN.HL.A_HL	2BDN.HL.A_A	NA28D	0.132202
2BDN.HL.A_HL	2BDN.HL.A_A	NA28Q	1.400088
2BDN.HL.A_HL	2BDN.HL.A_A	SA270D	-0.160645
2BDN.HL.A_HL	2BDN.HL.A_A	SA270E	-0.851702
2BDN.HL.A_HL	2BDN.HL.A_A	TA273D	-0.425656
2BDN.HL.A_HL	2BDN.HL.A_A	TA273E	-0.689111
2BDN.HL.A_HL	2BDN.HL.A_A	YA247K	0.675060
2BNQ.ABC.DE_ABC	2BNQ.ABC.DE_DE	VA385C	0.501983
2BTF.A.P_A	2BTF.A.P_P	FB59A	1.595741
2BTF.A.P_A	2BTF.A.P_P	GB120F	1.720931
2BTF.A.P_A	2BTF.A.P_P	KB125A	0.460056
2BTF.A.P_A	2BTF.A.P_P	VB60E	0.978729
2C0L.A.B_A	2C0L.A.B_B	NA48A	0.687751
2C0L.A.B_A	2C0L.A.B_B	QA239R	1.486508
2C0L.A.B_A	2C0L.A.B_B	SA242Y	0.273679
2C5D.A.C_A	2C5D.A.C_C	DB61G	-0.503781
2C5D.A.C_A	2C5D.A.C_C	GB101R	-0.018231
2C5D.A.C_A	2C5D.A.C_C	GB6S	0.098972
2C5D.A.C_A	2C5D.A.C_C	VB66A	-0.599325
2C5D.A.C_A	2C5D.A.C_C	DB61G,GB101R	-0.561089
2C5D.A.C_A	2C5D.A.C_C	DB61G,VB66A	-1.040370
2C5D.A.C_A	2C5D.A.C_C	DB61G,VB66A,GB101R	-0.869932
2C5D.A.C_A	2C5D.A.C_C	EB33R,TB51R	6.113514
2C5D.A.C_A	2C5D.A.C_C	GB6S,DB61G	-0.529544
2C5D.A.C_A	2C5D.A.C_C	GB6S,DB61G,GB101R	-0.551904
2C5D.A.C_A	2C5D.A.C_C	GB6S,DB61G,VB66R	-1.235571
2C5D.A.C_A	2C5D.A.C_C	GB6S,DB61G,VB66R,GB101R	-1.483059
2C5D.A.C_A	2C5D.A.C_C	GB6S,GB101R	0.034860
2C5D.A.C_A	2C5D.A.C_C	GB6S,VB66A	-0.846996
2C5D.A.C_A	2C5D.A.C_C	GB6S,VB66A,GB101R	-0.796697
2C5D.A.C_A	2C5D.A.C_C	VB66A,GB101R	-0.656286
2C5D.AB.CD_AB	2C5D.AB.CD_CD	AA126V,AA507V	0.758892
2C5D.AB.CD_AB	2C5D.AB.CD_CD	EB30R,EB222R	0.302640
2C5D.AB.CD_AB	2C5D.AB.CD_CD	EB30R,EB33R,EB222R,EB33R	1.848981
2C5D.AB.CD_AB	2C5D.AB.CD_CD	EB33R,EB225R	1.654842
2C5D.AB.CD_AB	2C5D.AB.CD_CD	FA207A,FA588A	0.371101
2C5D.AB.CD_AB	2C5D.AB.CD_CD	FA209A,FA590A	1.061531
2C5D.AB.CD_AB	2C5D.AB.CD_CD	KA34E,KA415E	1.948220
2C5D.AB.CD_AB	2C5D.AB.CD_CD	KB178E,KB370E	0.742202
2C5D.AB.CD_AB	2C5D.AB.CD_CD	LA324A,LA705A	2.034473
2C5D.AB.CD_AB	2C5D.AB.CD_CD	LB105E,LB297E	0.240219
2C5D.AB.CD_AB	2C5D.AB.CD_CD	QB28R,QB220R	0.091327
2C5D.AB.CD_AB	2C5D.AB.CD_CD	QB96R,QB288R	0.302640
2C5D.AB.CD_AB	2C5D.AB.CD_CD	RA32E,KA34E,RA413E,KA34E	3.960311
2C5D.AB.CD_AB	2C5D.AB.CD_CD	RA32E,RA413E	1.712406
2C5D.AB.CD_AB	2C5D.AB.CD_CD	TA26D,TA407D	0.725028
2C5D.AB.CD_AB	2C5D.AB.CD_CD	TB182E,TB374E	0.742202
2C5D.AB.CD_AB	2C5D.AB.CD_CD	TB51R,TB243R	2.339020
2C5D.AB.CD_AB	2C5D.AB.CD_CD	WA238F,WA619F	0.982421
2C5D.AB.CD_AB	2C5D.AB.CD_CD	YA364A,YA745A	0.982421
2DVW.A.B_A	2DVW.A.B_B	EA180A	0.438177
2DVW.A.B_A	2DVW.A.B_B	KA114A	0.034206
2DVW.A.B_A	2DVW.A.B_B	KB62E	0.205474
2DVW.A.B_A	2DVW.A.B_B	RA39A	0.910624
2DVW.A.B_A	2DVW.A.B_B	RB7A	0.693606
2DVW.A.B_A	2DVW.A.B_B	DA37A,DA69A	0.191622
2DVW.A.B_A	2DVW.A.B_B	EB21A,EB22A	0.038346
2DVW.A.B_A	2DVW.A.B_B	RA39A,KA114A	2.362596
2DVW.A.B_A	2DVW.A.B_B	RB3A,RB4A,RB7A	2.790147
2DVW.A.B_A	2DVW.A.B_B	RB3A,RB7A	2.153378
2E7L.EQ.AD_EQ	2E7L.EQ.AD_AD	FA180R	3.059888
2FTL.E.I_E	2FTL.E.I_I	FB33A	4.092513
2FTL.E.I_E	2FTL.E.I_I	GB12A	4.392778
2FTL.E.I_E	2FTL.E.I_I	GB36A	4.942732
2FTL.E.I_E	2FTL.E.I_I	GB37A	4.092513
2FTL.E.I_E	2FTL.E.I_I	IB18A	5.021843
2FTL.E.I_E	2FTL.E.I_I	IB19A	4.092513
2FTL.E.I_E	2FTL.E.I_I	KB15A	10.399064
2FTL.E.I_E	2FTL.E.I_I	KB15D	11.502718
2FTL.E.I_E	2FTL.E.I_I	KB15E	9.424007
2FTL.E.I_E	2FTL.E.I_I	KB15F	7.027211
2FTL.E.I_E	2FTL.E.I_I	KB15G	12.352226
2FTL.E.I_E	2FTL.E.I_I	KB15H	8.781781
2FTL.E.I_E	2FTL.E.I_I	KB15I	11.171452
2FTL.E.I_E	2FTL.E.I_I	KB15L	8.864103
2FTL.E.I_E	2FTL.E.I_I	KB15M	7.692373
2FTL.E.I_E	2FTL.E.I_I	KB15N	8.033104
2FTL.E.I_E	2FTL.E.I_I	KB15Q	9.370644
2FTL.E.I_E	2FTL.E.I_I	KB15R	-0.582439
2FTL.E.I_E	2FTL.E.I_I	KB15S	7.723918
2FTL.E.I_E	2FTL.E.I_I	KB15T	10.597484
2FTL.E.I_E	2FTL.E.I_I	KB15V	11.756444
2FTL.E.I_E	2FTL.E.I_I	KB15W	8.664119
2FTL.E.I_E	2FTL.E.I_I	KB15Y	6.857010
2FTL.E.I_E	2FTL.E.I_I	KB46A	4.092513
2FTL.E.I_E	2FTL.E.I_I	PB13A	4.092513
2FTL.E.I_E	2FTL.E.I_I	RB17A	4.092513
2FTL.E.I_E	2FTL.E.I_I	RB20A	4.092513
2FTL.E.I_E	2FTL.E.I_I	RB39A	4.092513
2FTL.E.I_E	2FTL.E.I_I	TB11A	4.092513
2FTL.E.I_E	2FTL.E.I_I	VB34A	4.092513
2FTL.E.I_E	2FTL.E.I_I	YB35A	4.092513
2G2U.A.B_A	2G2U.A.B_B	DA79A	-1.543452
2G2U.A.B_A	2G2U.A.B_B	DA79E	-4.384282
2G2U.A.B_A	2G2U.A.B_B	DA79K	-0.561924
2G2U.A.B_A	2G2U.A.B_B	EB31A	0.650875
2G2U.A.B_A	2G2U.A.B_B	EB73A	-1.979437
2G2U.A.B_A	2G2U.A.B_B	EB73M	-3.001306
2G2U.A.B_A	2G2U.A.B_B	FB142A	0.275827
2G2U.A.B_A	2G2U.A.B_B	FB36A	2.763951
2G2U.A.B_A	2G2U.A.B_B	GB141A	-0.413811
2G2U.A.B_A	2G2U.A.B_B	GB48A	-0.426598
2G2U.A.B_A	2G2U.A.B_B	HB148A	1.118951
2G2U.A.B_A	2G2U.A.B_B	HB41A	1.717049
2G2U.A.B_A	2G2U.A.B_B	KB74A	-0.217335
2G2U.A.B_A	2G2U.A.B_B	RB144A	-0.342392
2G2U.A.B_A	2G2U.A.B_B	RB160A	0.669794
2G2U.A.B_A	2G2U.A.B_B	SB113A	-0.612311
2G2U.A.B_A	2G2U.A.B_B	SB130K	-1.469439
2G2U.A.B_A	2G2U.A.B_B	SB35A	-0.950899
2G2U.A.B_A	2G2U.A.B_B	SB39A	-0.956142
2G2U.A.B_A	2G2U.A.B_B	SB71A	-0.512207
2G2U.A.B_A	2G2U.A.B_B	WB112A	0.958735
2G2U.A.B_A	2G2U.A.B_B	WB150A	1.785222
2G2U.A.B_A	2G2U.A.B_B	WB162A	0.531210
2G2U.A.B_A	2G2U.A.B_B	YB143A	-1.847236
2G2U.A.B_A	2G2U.A.B_B	YB50A	-2.075722
2G2U.A.B_A	2G2U.A.B_B	YB51A	-0.628749
2G2U.A.B_A	2G2U.A.B_B	YB53A	2.301744
2G2U.A.B_A	2G2U.A.B_B	DA79A,EB73M	-2.147248
2G2U.A.B_A	2G2U.A.B_B	DA79A,EB73M,FB142A	-0.691750
2G2U.A.B_A	2G2U.A.B_B	DA79A,EB73M,KB74A	-1.556968
2G2U.A.B_A	2G2U.A.B_B	DA79A,EB73M,KB74A,FB142A	-0.987378
2G2U.A.B_A	2G2U.A.B_B	EB73A,YB143A	-1.835504
2G2U.A.B_A	2G2U.A.B_B	EB73A,YB50A	-2.452515
2G2U.A.B_A	2G2U.A.B_B	EB73M,FB142A	0.322066
2G2U.A.B_A	2G2U.A.B_B	EB73M,FB142W,YB143F	-1.108092
2G2U.A.B_A	2G2U.A.B_B	EB73M,KB74A	0.473077
2G2U.A.B_A	2G2U.A.B_B	EB73M,KB74A,FB142A	1.483059
2G2U.A.B_A	2G2U.A.B_B	EB73M,SB130K	-2.809425
2G2U.A.B_A	2G2U.A.B_B	EB73M,SB130K,FB142W,YB143F	-2.016426
2G2U.A.B_A	2G2U.A.B_B	EB73M,SB130K,FB142W,YB143F,SB146M	-2.931834
2G2U.A.B_A	2G2U.A.B_B	EB73M,SB130K,SB146M	-3.509699
2G2U.A.B_A	2G2U.A.B_B	EB73M,YB143F	-1.592455
2G2U.A.B_A	2G2U.A.B_B	WB112A,YB143A	-0.409609
2G2U.A.B_A	2G2U.A.B_B	WB150A,YB143A	0.989123
2G2U.A.B_A	2G2U.A.B_B	YB50A,YB143A	-2.075722
2G2W.A.B_A	2G2W.A.B_B	KA79D	0.452887
2J12.A.B_A	2J12.A.B_B	SA116A	0.953515
2J1K.C.T_C	2J1K.C.T_T	GA10D	0.183752
2J1K.C.T_C	2J1K.C.T_T	RA155A	0.051550
2J1K.C.T_C	2J1K.C.T_T	RA24A	0.764846
2J8U.ABC.EF_ABC	2J8U.ABC.EF_EF	AA66K	-0.940625
2KSO.A.B_A	2KSO.A.B_B	HB20E	-0.155438
2KSO.A.B_A	2KSO.A.B_B	KA10D	0.331545
2KSO.A.B_A	2KSO.A.B_B	KA49D	1.340935
2KSO.A.B_A	2KSO.A.B_B	KA49E	1.340935
2KSO.A.B_A	2KSO.A.B_B	RA43E	-0.662379
2KSO.A.B_A	2KSO.A.B_B	KA10D,DB25K	0.387420
2KSO.A.B_A	2KSO.A.B_B	KA10E,EB27K	0.643230
2KSO.A.B_A	2KSO.A.B_B	KA49D,DB36K	0.176107
2KSO.A.B_A	2KSO.A.B_B	RA43E,HB20E	0.454562
2KSO.A.B_A	2KSO.A.B_B	RA43E,HB20R	-0.821313
2NU0.E.I_E	2NU0.E.I_I	WB13L	-1.865208
2NU1.E.I_E	2NU1.E.I_I	HB13L	-1.713876
2NU4.E.I_E	2NU4.E.I_I	KB13L	-3.182076
2NY7.HL.G_HL	2NY7.HL.G_G	CB27I,CB226Q	0.199808
2NY7.HL.G_HL	2NY7.HL.G_G	CB27I,CB226Q,MB231A	0.203283
2NY7.HL.G_HL	2NY7.HL.G_G	GB229C,MB231A	-0.378967
2NY7.HL.G_HL	2NY7.HL.G_G	GB229C,WB13M,MB231A,CB14W,CB110V,CB27I,CB226Q	0.214721
2NY7.HL.G_HL	2NY7.HL.G_G	KB66C,EB102C,CB27I,CB226Q	0.040875
2NY7.HL.G_HL	2NY7.HL.G_G	KB66C,EB102C,WB13M,MB231A,CB14W,CB110V,CB27I,CB226Q	0.399981
2NY7.HL.G_HL	2NY7.HL.G_G	KB66C,EB103C,WB13M,MB231A,CB14W,CB110V,CB27I,CB226Q	0.300030
2NY7.HL.G_HL	2NY7.HL.G_G	WB13M,MB231A,CB14W,CB110V	1.157952
2NY7.HL.G_HL	2NY7.HL.G_G	WB13M,MB231A,CB14W,CB110V,CB27I,CB226Q	0.449248
2NY7.HL.G_HL	2NY7.HL.G_G	WB13M,MB231A,CB14W,CB110V,KB66C,EB102C	0.551262
2NY7.HL.G_HL	2NY7.HL.G_G	WB13M,SB92T,WB181S,MB231A,CB14W,CB110V,CB27I,CB226Q	-0.303726
2NYY.DC.A_DC	2NYY.DC.A_A	DA247Y	0.645757
2NYY.DC.A_DC	2NYY.DC.A_A	EA5Q	-0.249774
2NYY.DC.A_DC	2NYY.DC.A_A	EB892A	2.859595
2NYY.DC.A_DC	2NYY.DC.A_A	FB889A	0.422389
2NYY.DC.A_DC	2NYY.DC.A_A	FB925A	4.087755
2NYY.DC.A_DC	2NYY.DC.A_A	HA251R	0.101612
2NYY.DC.A_DC	2NYY.DC.A_A	IB928A	-0.009556
2NYY.DC.A_DC	2NYY.DC.A_A	KA29R	0.071900
2NYY.DC.A_DC	2NYY.DC.A_A	KB875A	0.293084
2NYY.DC.A_DC	2NYY.DC.A_A	KB895A	-0.141156
2NYY.DC.A_DC	2NYY.DC.A_A	LB891A	2.607872
2NYY.DC.A_DC	2NYY.DC.A_A	MA33Q	-0.060301
2NYY.DC.A_DC	2NYY.DC.A_A	NB890A	0.896858
2NYY.DC.A_DC	2NYY.DC.A_A	NB926A	0.100064
2NYY.DC.A_DC	2NYY.DC.A_A	QB887A	0.524568
2NYY.DC.A_DC	2NYY.DC.A_A	SA245Q	0.416362
2NYY.DC.A_DC	2NYY.DC.A_A	SA248N	-0.355930
2NYY.DC.A_DC	2NYY.DC.A_A	SB874A	-0.231982
2NYY.DC.A_DC	2NYY.DC.A_A	SB927A	0.000000
2NYY.DC.A_DC	2NYY.DC.A_A	VA36I	-0.214708
2NYY.DC.A_DC	2NYY.DC.A_A	YA30D	0.065091
2NYY.DC.A_DC	2NYY.DC.A_A	YA30Q	0.129904
2NYY.DC.A_DC	2NYY.DC.A_A	YA56Q	0.523432
2NYY.DC.A_DC	2NYY.DC.A_A	KA29S,YA30D,DA31H,SA60P	0.049968
2NYY.DC.A_DC	2NYY.DC.A_A	VA36I,EA5Q	-0.049400
2NZ9.DC.A_DC	2NZ9.DC.A_A	EB892A	2.790327
2NZ9.DC.A_DC	2NZ9.DC.A_A	FB889A	-0.049968
2NZ9.DC.A_DC	2NZ9.DC.A_A	FB925A	3.364515
2NZ9.DC.A_DC	2NZ9.DC.A_A	IB928A	0.069781
2NZ9.DC.A_DC	2NZ9.DC.A_A	KB875A	0.544598
2NZ9.DC.A_DC	2NZ9.DC.A_A	KB895A	-0.301914
2NZ9.DC.A_DC	2NZ9.DC.A_A	LB891A	2.296398
2NZ9.DC.A_DC	2NZ9.DC.A_A	NB890A	2.175600
2NZ9.DC.A_DC	2NZ9.DC.A_A	NB926A	-0.153264
2NZ9.DC.A_DC	2NZ9.DC.A_A	QB887A	0.099976
2NZ9.DC.A_DC	2NZ9.DC.A_A	SB874A	-0.120342
2NZ9.DC.A_DC	2NZ9.DC.A_A	SB927A	-0.079111
2NZ9.DC.A_DC	2NZ9.DC.A_A	SA29K,DA30Y,HA31D	-0.049968
2O3B.A.B_A	2O3B.A.B_B	DB75E	5.437875
2O3B.A.B_A	2O3B.A.B_B	DB75N	5.903258
2O3B.A.B_A	2O3B.A.B_B	EB24A	5.474915
2O3B.A.B_A	2O3B.A.B_B	EB24D	0.599325
2O3B.A.B_A	2O3B.A.B_B	EB24Q	5.398363
2O3B.A.B_A	2O3B.A.B_B	QB74A	3.232964
2O3B.A.B_A	2O3B.A.B_B	WB76A	4.073704
2O3B.A.B_A	2O3B.A.B_B	QB74A,WB76A	5.755610
2OI9.AQ.BC_AQ	2OI9.AQ.BC_BC	FA180R	3.100763
2OOB.A.B_A	2OOB.A.B_B	AA9E	3.103360
2OOB.A.B_A	2OOB.A.B_B	GA13S	0.235364
2OOB.A.B_A	2OOB.A.B_B	KA7E	-0.178300
2OOB.A.B_A	2OOB.A.B_B	AA6S,KA7E	0.161161
2OOB.A.B_A	2OOB.A.B_B	AA6S,KA7E,AA9E,GA13S	3.103360
2OOB.A.B_A	2OOB.A.B_B	AA9E,GA13S	3.103360
2OOB.A.B_A	2OOB.A.B_B	IA27E,IA38E	0.284283
2PCB.A.B_A	2PCB.A.B_B	AA193F	0.733677
2PCB.A.B_A	2PCB.A.B_B	DA34N	0.821313
2PCB.A.B_A	2PCB.A.B_B	EA290N	0.871009
2PCB.A.B_A	2PCB.A.B_B	EA291Q	-0.056526
2PCB.A.B_A	2PCB.A.B_B	EA32Q	0.605753
2PCB.A.B_A	2PCB.A.B_B	EA35Q	0.676007
2PYE.ABC.DE_ABC	2PYE.ABC.DE_DE	QB52P,SB53F,SB54W,GB245S,AB246V,TB248M,LB96T,LB97S,DB98G,TB100S,LB290V	-2.447168
2PYE.ABC.DE_ABC	2PYE.ABC.DE_DE	QB52T,SB53P,SB54W,GB245A,AB246I,GB247Q	-4.409873
2PYE.ABC.DE_ABC	2PYE.ABC.DE_DE	TB248I,LB96T,LB97S,DB98G,TB100S,LB290V	3.546009
2PYE.ABC.DE_ABC	2PYE.ABC.DE_DE	YB32D,QB52T,SB53P,SB54W,GB245A,AB246I,GB247Q	3.197774
2PYE.ABC.DE_ABC	2PYE.ABC.DE_DE	YB32D,TB248I,LB96T,LB97S,DB98G,TB100S,LB290V	3.368212
2QJ9.AB.C_AB	2QJ9.AB.C_C	AB43T,MB47L,KB48G,YB49L	-0.462206
2QJ9.AB.C_AB	2QJ9.AB.C_C	AB43T,MB47L,KB48G,YB49L,GB11H,DB15E,AB30T,IB31M	0.422872
2QJ9.AB.C_AB	2QJ9.AB.C_C	RB57K,TB59S,IB61K,PB62A,HB63Q,QB64L,SB67T	-0.729986
2QJB.AB.C_AB	2QJB.AB.C_C	HB11G,EB15D,TB30A,MB31I	-0.885079
2QJB.AB.C_AB	2QJB.AB.C_C	RB57K,TB59S,IB61K,PB62A,HB63Q,QB64L,SB67T,TB43A,LB47M,GB48K,LB49Y,HB11G,EB15D,TB30A,MB31I	-1.152858
2QJB.AB.C_AB	2QJB.AB.C_C	TB43A,LB47M,GB48K,LB49Y,HB11G,EB15D,TB30A,MB31I	-0.422872
2UWE.ABC.EF_ABC	2UWE.ABC.EF_EF	AA163T	0.404320
2VIR.AB.C_AB	2VIR.AB.C_C	SB115L	3.681857
2VIR.AB.C_AB	2VIR.AB.C_C	TB89I	4.913826
2VLQ.A.B_A	2VLQ.A.B_B	AB86F	-3.880681
2VN5.A.B_A	2VN5.A.B_B	AB14S,LB15T	1.276192
2VN5.A.B_A	2VN5.A.B_B	SB42A,TB43F	0.255810
2VN5.A.B_A	2VN5.A.B_B	SB42A,TB43F,AB14Q,LB15Q	0.150863
2VN5.A.B_A	2VN5.A.B_B	SB42A,TB43F,AB14S,LB15T	0.348235
2VN5.A.B_A	2VN5.A.B_B	SB42A,TB43F,FB17A,LB45A	4.963522
2VN5.A.B_A	2VN5.A.B_B	SB42A,TB43F,IA83A	0.919372
2VN5.A.B_A	2VN5.A.B_B	SB42A,TB43F,KA127G	0.506200
2VN5.A.B_A	2VN5.A.B_B	SB42A,TB43F,LA77A	3.150731
2VN5.A.B_A	2VN5.A.B_B	SB42A,TB43F,LA77A,LA79A	5.738830
2VN5.A.B_A	2VN5.A.B_B	SB42A,TB43F,LA79A	2.846152
2VN5.A.B_A	2VN5.A.B_B	SB42A,TB43F,MA125G	1.546341
2VN5.A.B_A	2VN5.A.B_B	SB42A,TB43F,MA125G,KA127A	2.342060
2VN5.A.B_A	2VN5.A.B_B	SB42A,TB43F,NA37A	1.186581
2VN5.A.B_A	2VN5.A.B_B	SB42A,TB43F,NA81A	0.592826
2VN5.A.B_A	2VN5.A.B_B	SB42A,TB43F,SA66A	-0.087979
2VN5.A.B_A	2VN5.A.B_B	SB42A,TB43F,SA66A,SA68A,SA75A	0.136923
2VN5.A.B_A	2VN5.A.B_B	SB42A,TB43F,SA75A	0.000000
2VN5.A.B_A	2VN5.A.B_B	SB42A,TB43F,TA35A	0.303823
2VN5.A.B_A	2VN5.A.B_B	SB42A,TB43F,TA35A,NA37A	1.631412
2VN5.A.B_A	2VN5.A.B_B	SB42A,TB43F,TA35A,NA37A,NA81A	3.059888
2VN5.A.B_A	2VN5.A.B_B	SB42A,TB43F,TA35A,NA37A,YA39A	3.647714
2VN5.A.B_A	2VN5.A.B_B	SB42A,TB43F,TA35A,NA37A,YA39A,NA81A	5.046028
2VN5.A.B_A	2VN5.A.B_B	SB42A,TB43F,YA39A	1.255917
2VN5.A.B_A	2VN5.A.B_B	SB42Q,TB43Q	0.939122
3BE1.HL.A_HL	3BE1.HL.A_A	DA241N,PA243A,RA244K,SA245T,TA310S,TA311S	-0.675060
3BE1.HL.A_HL	3BE1.HL.A_A	DA241N,PA243A,RA244K,SA245T,TA310S,TA311S,KA30S,DA31G,TA54S,NA55E,GA100V,DA102V	-2.728342
3BE1.HL.A_HL	3BE1.HL.A_A	DA241N,PA243A,RA244K,SA245T,TA310S,TA311S,KA30S,DA31G,TA54S,NA55E,GA100V,DA102V,YA249A	-3.138999
3BE1.HL.A_HL	3BE1.HL.A_A	DA241N,PA243A,RA244K,SA245T,TA310S,TA311S,KA30S,DA31G,TA54S,NA55E,GA100V,DA102V,YA249A,IA246A	-2.728342
3BE1.HL.A_HL	3BE1.HL.A_A	DA241N,PA243A,RA244K,SA245T,YA270F,TA310S,TA311S	-0.868734
3BE1.HL.A_HL	3BE1.HL.A_A	DA241N,PA243A,RA244K,SA245T,YA270F,TA310S,TA311S,KA30S,DA31G,TA54S,NA55E,GA100V,DA102V	-2.883780
3BN9.B.CD_B	3BN9.B.CD_CD	DA214A	0.566465
3BN9.B.CD_B	3BN9.B.CD_CD	DA46A	0.422577
3BN9.B.CD_B	3BN9.B.CD_CD	DA47A	0.311247
3BN9.B.CD_B	3BN9.B.CD_CD	DA91A	6.698210
3BN9.B.CD_B	3BN9.B.CD_CD	EA163A	0.373383
3BN9.B.CD_B	3BN9.B.CD_CD	FA50A	-0.045018
3BN9.B.CD_B	3BN9.B.CD_CD	FA89A	0.639528
3BN9.B.CD_B	3BN9.B.CD_CD	FA92A	6.698210
3BN9.B.CD_B	3BN9.B.CD_CD	HA138A	0.085101
3BN9.B.CD_B	3BN9.B.CD_CD	IA26A	0.000000
3BN9.B.CD_B	3BN9.B.CD_CD	IA45A	0.835589
3BN9.B.CD_B	3BN9.B.CD_CD	KA221A	0.785320
3BN9.B.CD_B	3BN9.B.CD_CD	LA147A	0.336343
3BN9.B.CD_B	3BN9.B.CD_CD	NA90A	0.773691
3BN9.B.CD_B	3BN9.B.CD_CD	PB314H	2.428342
3BN9.B.CD_B	3BN9.B.CD_CD	QA140A	0.133164
3BN9.B.CD_B	3BN9.B.CD_CD	QA168A	-0.034714
3BN9.B.CD_B	3BN9.B.CD_CD	QA169A	2.510108
3BN9.B.CD_B	3BN9.B.CD_CD	QA218A	0.706027
3BN9.B.CD_B	3BN9.B.CD_CD	QA23A	-0.415493
3BN9.B.CD_B	3BN9.B.CD_CD	QB315V	1.224651
3BN9.B.CD_B	3BN9.B.CD_CD	RA219A	-0.093740
3BN9.B.CD_B	3BN9.B.CD_CD	RA48A	-0.045018
3BN9.B.CD_B	3BN9.B.CD_CD	RA51A	-0.071590
3BN9.B.CD_B	3BN9.B.CD_CD	RA82A	-0.159304
3BN9.B.CD_B	3BN9.B.CD_CD	SB240G	1.186638
3BN9.B.CD_B	3BN9.B.CD_CD	SB240N	1.146018
3BN9.B.CD_B	3BN9.B.CD_CD	TA144A	0.290965
3BN9.B.CD_B	3BN9.B.CD_CD	TA93A	1.132560
3BN9.B.CD_B	3BN9.B.CD_CD	TB238R	0.333055
3BN9.B.CD_B	3BN9.B.CD_CD	TB312Q	-0.021546
3BN9.B.CD_B	3BN9.B.CD_CD	TB312R	-0.058321
3BN9.B.CD_B	3BN9.B.CD_CD	YA141A	1.085138
3BN9.B.CD_B	3BN9.B.CD_CD	YA52A	0.018960
3BN9.B.CD_B	3BN9.B.CD_CD	YB313S	0.458891
3BP8.A.C_A	3BP8.A.C_C	AB51F	0.615494
3BP8.A.C_A	3BP8.A.C_C	FA115A	0.708987
3BP8.A.C_A	3BP8.A.C_C	FA115A,AB51F	-0.774552
3BT1.A.U_A	3BT1.A.U_U	AB18S	0.072636
3BT1.A.U_A	3BT1.A.U_U	AB223S	-0.233814
3BT1.A.U_A	3BT1.A.U_U	AB240S	-0.179087
3BT1.A.U_A	3BT1.A.U_U	AB242S	-0.315661
3BT1.A.U_A	3BT1.A.U_U	AB248S	0.127028
3BT1.A.U_A	3BT1.A.U_U	AB253S	0.204838
3BT1.A.U_A	3BT1.A.U_U	DB100A	1.692025
3BT1.A.U_A	3BT1.A.U_U	DB11A	-0.026336
3BT1.A.U_A	3BT1.A.U_U	DB122A	0.788206
3BT1.A.U_A	3BT1.A.U_U	DB138A	1.295998
3BT1.A.U_A	3BT1.A.U_U	DB139A	1.048510
3BT1.A.U_A	3BT1.A.U_U	DB161A	-0.097802
3BT1.A.U_A	3BT1.A.U_U	DB212A	-0.068173
3BT1.A.U_A	3BT1.A.U_U	DB22A	0.231570
3BT1.A.U_A	3BT1.A.U_U	DB252A	0.061132
3BT1.A.U_A	3BT1.A.U_U	DB260A	0.105866
3BT1.A.U_A	3BT1.A.U_U	DB273A	0.049400
3BT1.A.U_A	3BT1.A.U_U	DB74A	0.305210
3BT1.A.U_A	3BT1.A.U_U	EB104A	0.814838
3BT1.A.U_A	3BT1.A.U_U	EB117A	-0.294115
3BT1.A.U_A	3BT1.A.U_U	EB118A	0.000000
3BT1.A.U_A	3BT1.A.U_U	EB130A	0.037430
3BT1.A.U_A	3BT1.A.U_U	EB132A	-0.161913
3BT1.A.U_A	3BT1.A.U_U	EB133A	-0.145223
3BT1.A.U_A	3BT1.A.U_U	EB15A	0.116541
3BT1.A.U_A	3BT1.A.U_U	EB16A	0.083921
3BT1.A.U_A	3BT1.A.U_U	EB176A	0.025215
3BT1.A.U_A	3BT1.A.U_U	EB181A	0.460056
3BT1.A.U_A	3BT1.A.U_U	EB183A	0.391015
3BT1.A.U_A	3BT1.A.U_U	EB206A	-0.113191
3BT1.A.U_A	3BT1.A.U_U	EB207A	-0.253240
3BT1.A.U_A	3BT1.A.U_U	EB228A	0.176843
3BT1.A.U_A	3BT1.A.U_U	EB33A	0.377550
3BT1.A.U_A	3BT1.A.U_U	EB34A	0.342483
3BT1.A.U_A	3BT1.A.U_U	EB36A	0.094995
3BT1.A.U_A	3BT1.A.U_U	EB37A	0.049400
3BT1.A.U_A	3BT1.A.U_U	EB39A	0.157416
3BT1.A.U_A	3BT1.A.U_U	EB42A	-0.196773
3BT1.A.U_A	3BT1.A.U_U	EB49A	-0.026336
3BT1.A.U_A	3BT1.A.U_U	EB68A	0.049400
3BT1.A.U_A	3BT1.A.U_U	EB92A	0.204838
3BT1.A.U_A	3BT1.A.U_U	FB157A	0.700275
3BT1.A.U_A	3BT1.A.U_U	FB163A	1.063674
3BT1.A.U_A	3BT1.A.U_U	FB165A	0.127028
3BT1.A.U_A	3BT1.A.U_U	FB209A	0.195652
3BT1.A.U_A	3BT1.A.U_U	FB254A	0.893949
3BT1.A.U_A	3BT1.A.U_U	GB10A	0.265433
3BT1.A.U_A	3BT1.A.U_U	GB131A	-0.215004
3BT1.A.U_A	3BT1.A.U_U	GB134A	-0.082802
3BT1.A.U_A	3BT1.A.U_U	GB144A	1.250980
3BT1.A.U_A	3BT1.A.U_U	GB146A	1.440215
3BT1.A.U_A	3BT1.A.U_U	GB150A	0.516523
3BT1.A.U_A	3BT1.A.U_U	GB156A	-0.233814
3BT1.A.U_A	3BT1.A.U_U	GB177A	0.327854
3BT1.A.U_A	3BT1.A.U_U	GB189A	-0.097802
3BT1.A.U_A	3BT1.A.U_U	GB197A	0.025215
3BT1.A.U_A	3BT1.A.U_U	GB202A	-0.410656
3BT1.A.U_A	3BT1.A.U_U	GB20A	0.000000
3BT1.A.U_A	3BT1.A.U_U	GB215A	-0.097802
3BT1.A.U_A	3BT1.A.U_U	GB225A	0.712007
3BT1.A.U_A	3BT1.A.U_U	GB238A	-0.082802
3BT1.A.U_A	3BT1.A.U_U	GB251A	0.176843
3BT1.A.U_A	3BT1.A.U_U	GB268A	-0.294115
3BT1.A.U_A	3BT1.A.U_U	GB35A	0.320402
3BT1.A.U_A	3BT1.A.U_U	GB60A	0.297465
3BT1.A.U_A	3BT1.A.U_U	GB72A	0.240219
3BT1.A.U_A	3BT1.A.U_U	GB79A	0.222792
3BT1.A.U_A	3BT1.A.U_U	GB82A	0.094995
3BT1.A.U_A	3BT1.A.U_U	GB97A	-0.663896
3BT1.A.U_A	3BT1.A.U_U	HB108A	0.417061
3BT1.A.U_A	3BT1.A.U_U	HB126A	0.391015
3BT1.A.U_A	3BT1.A.U_U	HB141A	0.649741
3BT1.A.U_A	3BT1.A.U_U	HB158A	0.204838
3BT1.A.U_A	3BT1.A.U_U	HB164A	1.028425
3BT1.A.U_A	3BT1.A.U_U	HB201A	0.012741
3BT1.A.U_A	3BT1.A.U_U	HB227A	0.265433
3BT1.A.U_A	3BT1.A.U_U	HB247A	0.049400
3BT1.A.U_A	3BT1.A.U_U	HB249A	0.281666
3BT1.A.U_A	3BT1.A.U_U	HB258A	0.049400
3BT1.A.U_A	3BT1.A.U_U	HB271A	0.147459
3BT1.A.U_A	3BT1.A.U_U	HB47A	0.391015
3BT1.A.U_A	3BT1.A.U_U	IB128A	-0.315661
3BT1.A.U_A	3BT1.A.U_U	IB179A	0.363771
3BT1.A.U_A	3BT1.A.U_U	IB211A	0.147459
3BT1.A.U_A	3BT1.A.U_U	IB259A	0.137331
3BT1.A.U_A	3BT1.A.U_U	IB28A	0.072636
3BT1.A.U_A	3BT1.A.U_U	IB63A	0.116541
3BT1.A.U_A	3BT1.A.U_U	IB94A	0.186322
3BT1.A.U_A	3BT1.A.U_U	KB137A	0.647156
3BT1.A.U_A	3BT1.A.U_U	KB167A	0.281666
3BT1.A.U_A	3BT1.A.U_U	KB173A	0.692322
3BT1.A.U_A	3BT1.A.U_U	KB196A	0.248743
3BT1.A.U_A	3BT1.A.U_U	KB230A	0.265433
3BT1.A.U_A	3BT1.A.U_U	KB266A	0.094995
3BT1.A.U_A	3BT1.A.U_U	KB43A	0.222792
3BT1.A.U_A	3BT1.A.U_U	KB50A	0.642226
3BT1.A.U_A	3BT1.A.U_U	KB62A	0.417061
3BT1.A.U_A	3BT1.A.U_U	KB7A	0.273605
3BT1.A.U_A	3BT1.A.U_U	LB111A	1.464627
3BT1.A.U_A	3BT1.A.U_U	LB121A	0.460056
3BT1.A.U_A	3BT1.A.U_U	LB142A	0.723511
3BT1.A.U_A	3BT1.A.U_U	LB148A	1.662416
3BT1.A.U_A	3BT1.A.U_U	LB166A	0.745870
3BT1.A.U_A	3BT1.A.U_U	LB180A	0.671961
3BT1.A.U_A	3BT1.A.U_U	LB182A	0.731058
3BT1.A.U_A	3BT1.A.U_U	LB185A	0.204838
3BT1.A.U_A	3BT1.A.U_U	LB19A	0.176843
3BT1.A.U_A	3BT1.A.U_U	LB1A	0.342483
3BT1.A.U_A	3BT1.A.U_U	LB210A	-0.523847
3BT1.A.U_A	3BT1.A.U_U	LB221A	0.265433
3BT1.A.U_A	3BT1.A.U_U	LB23A	0.460056
3BT1.A.U_A	3BT1.A.U_U	LB250A	0.417061
3BT1.A.U_A	3BT1.A.U_U	LB31A	0.312855
3BT1.A.U_A	3BT1.A.U_U	LB38A	0.521884
3BT1.A.U_A	3BT1.A.U_U	LB40A	0.870712
3BT1.A.U_A	3BT1.A.U_U	LB55A	1.110931
3BT1.A.U_A	3BT1.A.U_U	LB61A	-0.128991
3BT1.A.U_A	3BT1.A.U_U	LB66A	1.376913
3BT1.A.U_A	3BT1.A.U_U	LB73A	0.231570
3BT1.A.U_A	3BT1.A.U_U	LB75A	0.516523
3BT1.A.U_A	3BT1.A.U_U	LB91A	-0.161913
3BT1.A.U_A	3BT1.A.U_U	MB101A	0.410656
3BT1.A.U_A	3BT1.A.U_U	MB217A	1.028425
3BT1.A.U_A	3BT1.A.U_U	MB235A	0.049400
3BT1.A.U_A	3BT1.A.U_U	MB244A	0.127028
3BT1.A.U_A	3BT1.A.U_U	MB256A	0.738511
3BT1.A.U_A	3BT1.A.U_U	MB4A	0.037430
3BT1.A.U_A	3BT1.A.U_U	NB155A	0.601662
3BT1.A.U_A	3BT1.A.U_U	NB159A	0.370701
3BT1.A.U_A	3BT1.A.U_U	NB160Q	0.391015
3BT1.A.U_A	3BT1.A.U_U	NB170Q	0.176843
3BT1.A.U_A	3BT1.A.U_U	NB184A	0.327854
3BT1.A.U_A	3BT1.A.U_U	NB188A	-0.233814
3BT1.A.U_A	3BT1.A.U_U	NB198Q	0.012741
3BT1.A.U_A	3BT1.A.U_U	NB218A	-0.179087
3BT1.A.U_A	3BT1.A.U_U	NB231A	0.335214
3BT1.A.U_A	3BT1.A.U_U	NB257A	-0.233814
3BT1.A.U_A	3BT1.A.U_U	NB52Q	0.633449
3BT1.A.U_A	3BT1.A.U_U	NB80A	0.204838
3BT1.A.U_A	3BT1.A.U_U	NB9A	0.305210
3BT1.A.U_A	3BT1.A.U_U	PB116A	-0.253240
3BT1.A.U_A	3BT1.A.U_U	PB136A	0.335214
3BT1.A.U_A	3BT1.A.U_U	PB149A	0.596979
3BT1.A.U_A	3BT1.A.U_U	PB152A	0.460056
3BT1.A.U_A	3BT1.A.U_U	PB178A	-0.273325
3BT1.A.U_A	3BT1.A.U_U	PB186A	-0.013021
3BT1.A.U_A	3BT1.A.U_U	PB216A	-0.113191
3BT1.A.U_A	3BT1.A.U_U	PB229A	0.049400
3BT1.A.U_A	3BT1.A.U_U	PB272A	-0.013021
3BT1.A.U_A	3BT1.A.U_U	QB109A	0.083921
3BT1.A.U_A	3BT1.A.U_U	QB112A	-0.128991
3BT1.A.U_A	3BT1.A.U_U	QB119A	-0.068173
3BT1.A.U_A	3BT1.A.U_U	QB129A	-0.097802
3BT1.A.U_A	3BT1.A.U_U	QB187A	-0.179087
3BT1.A.U_A	3BT1.A.U_U	QB191A	-0.196773
3BT1.A.U_A	3BT1.A.U_U	QB219A	-0.068173
3BT1.A.U_A	3BT1.A.U_U	QB21A	0.312855
3BT1.A.U_A	3BT1.A.U_U	QB232A	0.094995
3BT1.A.U_A	3BT1.A.U_U	QB246A	0.460056
3BT1.A.U_A	3BT1.A.U_U	QB5A	0.061132
3BT1.A.U_A	3BT1.A.U_U	QB78A	0.240219
3BT1.A.U_A	3BT1.A.U_U	RB105A	0.404181
3BT1.A.U_A	3BT1.A.U_U	RB107A	0.265433
3BT1.A.U_A	3BT1.A.U_U	RB114A	0.213883
3BT1.A.U_A	3BT1.A.U_U	RB135A	-0.019448
3BT1.A.U_A	3BT1.A.U_U	RB13A	0.273605
3BT1.A.U_A	3BT1.A.U_U	RB140A	0.584113
3BT1.A.U_A	3BT1.A.U_U	RB143A	0.669694
3BT1.A.U_A	3BT1.A.U_U	RB190A	0.320402
3BT1.A.U_A	3BT1.A.U_U	RB214A	-0.026336
3BT1.A.U_A	3BT1.A.U_U	RB237A	0.195652
3BT1.A.U_A	3BT1.A.U_U	RB25A	1.016965
3BT1.A.U_A	3BT1.A.U_U	RB2A	0.094995
3BT1.A.U_A	3BT1.A.U_U	RB30A	0.460056
3BT1.A.U_A	3BT1.A.U_U	RB53A	0.888225
3BT1.A.U_A	3BT1.A.U_U	RB58A	-0.068173
3BT1.A.U_A	3BT1.A.U_U	RB87A	0.240219
3BT1.A.U_A	3BT1.A.U_U	RB89A	0.281666
3BT1.A.U_A	3BT1.A.U_U	SB102A	0.610919
3BT1.A.U_A	3BT1.A.U_U	SB110A	0.248743
3BT1.A.U_A	3BT1.A.U_U	SB115A	0.012741
3BT1.A.U_A	3BT1.A.U_U	SB154A	-0.039956
3BT1.A.U_A	3BT1.A.U_U	SB194A	-0.273325
3BT1.A.U_A	3BT1.A.U_U	SB199A	-0.128991
3BT1.A.U_A	3BT1.A.U_U	SB204A	-0.215004
3BT1.A.U_A	3BT1.A.U_U	SB205A	-0.215004
3BT1.A.U_A	3BT1.A.U_U	SB233A	-0.179087
3BT1.A.U_A	3BT1.A.U_U	SB243A	-0.068173
3BT1.A.U_A	3BT1.A.U_U	SB255A	0.213883
3BT1.A.U_A	3BT1.A.U_U	SB262A	-0.068173
3BT1.A.U_A	3BT1.A.U_U	SB267A	-0.145223
3BT1.A.U_A	3BT1.A.U_U	SB44A	0.222792
3BT1.A.U_A	3BT1.A.U_U	SB48A	0.404181
3BT1.A.U_A	3BT1.A.U_U	SB56A	0.049400
3BT1.A.U_A	3BT1.A.U_U	SB65A	0.312855
3BT1.A.U_A	3BT1.A.U_U	SB81A	0.257147
3BT1.A.U_A	3BT1.A.U_U	SB86A	0.240219
3BT1.A.U_A	3BT1.A.U_U	SB88A	0.195652
3BT1.A.U_A	3BT1.A.U_U	SB95A	0.870712
3BT1.A.U_A	3BT1.A.U_U	SB98A	1.156527
3BT1.A.U_A	3BT1.A.U_U	SB99A	0.297465
3BT1.A.U_A	3BT1.A.U_U	TB125A	1.002914
3BT1.A.U_A	3BT1.A.U_U	TB162A	-0.082802
3BT1.A.U_A	3BT1.A.U_U	TB171A	0.273605
3BT1.A.U_A	3BT1.A.U_U	TB172A	0.410656
3BT1.A.U_A	3BT1.A.U_U	TB200A	-0.233814
3BT1.A.U_A	3BT1.A.U_U	TB208A	0.231570
3BT1.A.U_A	3BT1.A.U_U	TB224A	-0.215004
3BT1.A.U_A	3BT1.A.U_U	TB226A	-0.026336
3BT1.A.U_A	3BT1.A.U_U	TB241A	0.349665
3BT1.A.U_A	3BT1.A.U_U	TB265A	0.061132
3BT1.A.U_A	3BT1.A.U_U	TB26A	0.186322
3BT1.A.U_A	3BT1.A.U_U	TB27A	0.910797
3BT1.A.U_A	3BT1.A.U_U	TB46A	0.460056
3BT1.A.U_A	3BT1.A.U_U	TB51A	0.712007
3BT1.A.U_A	3BT1.A.U_U	TB54A	0.391015
3BT1.A.U_A	3BT1.A.U_U	TB59A	0.553073
3BT1.A.U_A	3BT1.A.U_U	TB64A	0.659400
3BT1.A.U_A	3BT1.A.U_U	TB67A	0.186322
3BT1.A.U_A	3BT1.A.U_U	TB84A	-0.082802
3BT1.A.U_A	3BT1.A.U_U	TB8A	0.176843
3BT1.A.U_A	3BT1.A.U_U	VB123A	0.788206
3BT1.A.U_A	3BT1.A.U_U	VB124A	0.745870
3BT1.A.U_A	3BT1.A.U_U	VB14A	0.281666
3BT1.A.U_A	3BT1.A.U_U	VB222A	-0.493459
3BT1.A.U_A	3BT1.A.U_U	VB236A	0.157416
3BT1.A.U_A	3BT1.A.U_U	VB261A	0.240219
3BT1.A.U_A	3BT1.A.U_U	VB29A	0.715866
3BT1.A.U_A	3BT1.A.U_U	VB41A	0.488962
3BT1.A.U_A	3BT1.A.U_U	VB69A	0.222792
3BT1.A.U_A	3BT1.A.U_U	VB70A	0.147459
3BT1.A.U_A	3BT1.A.U_U	VB83A	0.281666
3BT1.A.U_A	3BT1.A.U_U	WB127A	-0.436992
3BT1.A.U_A	3BT1.A.U_U	WB32A	-0.013021
3BT1.A.U_A	3BT1.A.U_U	YB147A	-0.113191
3BT1.A.U_A	3BT1.A.U_U	YB193A	-0.068173
3BT1.A.U_A	3BT1.A.U_U	YB234A	0.186322
3BT1.A.U_A	3BT1.A.U_U	YB57A	1.200563
3BT1.A.U_A	3BT1.A.U_U	YB85A	0.248743
3BT1.A.U_A	3BT1.A.U_U	YB90A	0.176843
3BTE.E.I_E	3BTE.E.I_I	EB13K	-9.424007
3BTF.E.I_E	3BTF.E.I_I	FB13K	-7.027211
3BTH.E.I_E	3BTH.E.I_I	HB13K	-8.781781
3BTM.E.I_E	3BTM.E.I_I	MB13K	-7.692373
3BTT.E.I_E	3BTT.E.I_I	TB13K	-10.597484
3BTW.E.I_E	3BTW.E.I_I	WB13K	-8.664119
3BX1.A.C_A	3BX1.A.C_C	AB86T	1.837249
3BX1.A.C_A	3BX1.A.C_C	FB84V	0.410656
3BX1.A.C_A	3BX1.A.C_C	RB85G	0.355505
3BX1.A.C_A	3BX1.A.C_C	TB88V	2.838549
3BX1.A.C_A	3BX1.A.C_C	TB89A	0.170438
3BX1.A.C_A	3BX1.A.C_C	YB87A	1.298817
3BX1.A.C_A	3BX1.A.C_C	YB87I	1.782025
3C60.CD.AB_CD	3C60.CD.AB_AB	DA195A	0.047421
3C60.CD.AB_CD	3C60.CD.AB_AB	DA268A	0.047421
3C60.CD.AB_CD	3C60.CD.AB_AB	DA56A	0.698296
3C60.CD.AB_CD	3C60.CD.AB_AB	EA184A	0.047421
3C60.CD.AB_CD	3C60.CD.AB_AB	EA251A	0.047421
3C60.CD.AB_CD	3C60.CD.AB_AB	EA258A	0.000000
3C60.CD.AB_CD	3C60.CD.AB_AB	EA261A	0.047421
3C60.CD.AB_CD	3C60.CD.AB_AB	EA276A	0.000000
3C60.CD.AB_CD	3C60.CD.AB_AB	FA183A	0.000000
3C60.CD.AB_CD	3C60.CD.AB_AB	HA273A	1.085717
3C60.CD.AB_CD	3C60.CD.AB_AB	HA69A	0.359106
3C60.CD.AB_CD	3C60.CD.AB_AB	IA259A	0.047421
3C60.CD.AB_CD	3C60.CD.AB_AB	KA187A	1.152858
3C60.CD.AB_CD	3C60.CD.AB_AB	KA189A	2.151185
3C60.CD.AB_CD	3C60.CD.AB_AB	KA192A	0.000000
3C60.CD.AB_CD	3C60.CD.AB_AB	KA40A	1.594432
3C60.CD.AB_CD	3C60.CD.AB_AB	KA68A	0.562285
3C60.CD.AB_CD	3C60.CD.AB_AB	KA76A	0.047421
3C60.CD.AB_CD	3C60.CD.AB_AB	LA61A	0.943557
3C60.CD.AB_CD	3C60.CD.AB_AB	NA191A	0.000000
3C60.CD.AB_CD	3C60.CD.AB_AB	NA63A	0.953515
3C60.CD.AB_CD	3C60.CD.AB_AB	PA257A	0.000000
3C60.CD.AB_CD	3C60.CD.AB_AB	QA186A	1.166799
3C60.CD.AB_CD	3C60.CD.AB_AB	QA256A	0.000000
3C60.CD.AB_CD	3C60.CD.AB_AB	QA58A	0.963308
3C60.CD.AB_CD	3C60.CD.AB_AB	QA62A	0.868734
3C60.CD.AB_CD	3C60.CD.AB_AB	RA262A	2.026455
3C60.CD.AB_CD	3C60.CD.AB_AB	RA264A	0.000000
3C60.CD.AB_CD	3C60.CD.AB_AB	RA272A	0.047421
3C60.CD.AB_CD	3C60.CD.AB_AB	SA255A	0.000000
3C60.CD.AB_CD	3C60.CD.AB_AB	TA269A	1.166799
3C60.CD.AB_CD	3C60.CD.AB_AB	VA194A	0.000000
3C60.CD.AB_CD	3C60.CD.AB_AB	VA66A	1.250200
3C60.CD.AB_CD	3C60.CD.AB_AB	VA73A	0.000000
3C60.CD.AB_CD	3C60.CD.AB_AB	YA252A	0.000000
3D5S.A.C_A	3D5S.A.C_C	AB31R	-1.883175
3EQS.A.B_A	3EQS.A.B_B	EB5A	1.114622
3EQS.A.B_A	3EQS.A.B_B	FB3A	5.558497
3EQS.A.B_A	3EQS.A.B_B	LB10A	3.334362
3EQS.A.B_A	3EQS.A.B_B	LB9A	-0.170438
3EQS.A.B_A	3EQS.A.B_B	NB8A	-1.111737
3EQS.A.B_A	3EQS.A.B_B	SB11A	0.117202
3EQS.A.B_A	3EQS.A.B_B	SB2A	1.263514
3EQS.A.B_A	3EQS.A.B_B	TB1A	0.391847
3EQS.A.B_A	3EQS.A.B_B	WB7A	6.410199
3EQS.A.B_A	3EQS.A.B_B	YB6A	3.110555
3EQY.A.C_A	3EQY.A.C_C	EB5A	1.223192
3EQY.A.C_A	3EQY.A.C_C	FB3A	5.660986
3EQY.A.C_A	3EQY.A.C_C	LB10A	2.324615
3EQY.A.C_A	3EQY.A.C_C	LB9A	0.033864
3EQY.A.C_A	3EQY.A.C_C	NB8A	-0.749213
3EQY.A.C_A	3EQY.A.C_C	PB12A	0.295628
3EQY.A.C_A	3EQY.A.C_C	SB11A	0.152751
3EQY.A.C_A	3EQY.A.C_C	SB2A	0.871409
3EQY.A.C_A	3EQY.A.C_C	TB1A	0.374739
3EQY.A.C_A	3EQY.A.C_C	WB7A	6.046428
3EQY.A.C_A	3EQY.A.C_C	YB6A	2.587363
3H9S.ABC.DE_ABC	3H9S.ABC.DE_DE	AA150P	0.163168
3HFM.HL.Y_HL	3HFM.HL.Y_Y	DA32A	1.899077
3HFM.HL.Y_HL	3HFM.HL.Y_Y	DA32N	0.170438
3HFM.HL.Y_HL	3HFM.HL.Y_Y	DB101A	1.232285
3HFM.HL.Y_HL	3HFM.HL.Y_Y	DB101E	2.133836
3HFM.HL.Y_HL	3HFM.HL.Y_Y	DB101F	2.329304
3HFM.HL.Y_HL	3HFM.HL.Y_Y	DB101G	0.359008
3HFM.HL.Y_HL	3HFM.HL.Y_Y	DB101K	2.125491
3HFM.HL.Y_HL	3HFM.HL.Y_Y	DB101N	1.491780
3HFM.HL.Y_HL	3HFM.HL.Y_Y	DB101Q	2.086108
3HFM.HL.Y_HL	3HFM.HL.Y_Y	DB101R	2.280893
3HFM.HL.Y_HL	3HFM.HL.Y_Y	DB101S	1.870237
3HFM.HL.Y_HL	3HFM.HL.Y_Y	GB102V	0.395462
3HFM.HL.Y_HL	3HFM.HL.Y_Y	HB15A	-0.445517
3HFM.HL.Y_HL	3HFM.HL.Y_Y	IB98A	0.000000
3HFM.HL.Y_HL	3HFM.HL.Y_Y	KB96A	6.740302
3HFM.HL.Y_HL	3HFM.HL.Y_Y	KB96M	6.779981
3HFM.HL.Y_HL	3HFM.HL.Y_Y	KB96R	5.355400
3HFM.HL.Y_HL	3HFM.HL.Y_Y	KB97A	5.864031
3HFM.HL.Y_HL	3HFM.HL.Y_Y	KB97D	6.771456
3HFM.HL.Y_HL	3HFM.HL.Y_Y	KB97E	3.606122
3HFM.HL.Y_HL	3HFM.HL.Y_Y	KB97G	6.433435
3HFM.HL.Y_HL	3HFM.HL.Y_Y	KB97M	0.947396
3HFM.HL.Y_HL	3HFM.HL.Y_Y	KB97R	3.054218
3HFM.HL.Y_HL	3HFM.HL.Y_Y	LB75A	0.704771
3HFM.HL.Y_HL	3HFM.HL.Y_Y	NA246A	5.216466
3HFM.HL.Y_HL	3HFM.HL.Y_Y	NA246D	1.344086
3HFM.HL.Y_HL	3HFM.HL.Y_Y	NA246E	5.709924
3HFM.HL.Y_HL	3HFM.HL.Y_Y	NA247A	5.109633
3HFM.HL.Y_HL	3HFM.HL.Y_Y	NB19D	0.410656
3HFM.HL.Y_HL	3HFM.HL.Y_Y	NB19K	0.240219
3HFM.HL.Y_HL	3HFM.HL.Y_Y	NB19Q	-0.042505
3HFM.HL.Y_HL	3HFM.HL.Y_Y	NB93A	0.211313
3HFM.HL.Y_HL	3HFM.HL.Y_Y	QA268A	0.953515
3HFM.HL.Y_HL	3HFM.HL.Y_Y	RB21A	0.903723
3HFM.HL.Y_HL	3HFM.HL.Y_Y	RB21E	2.454534
3HFM.HL.Y_HL	3HFM.HL.Y_Y	RB21G	2.423160
3HFM.HL.Y_HL	3HFM.HL.Y_Y	RB21H	2.170290
3HFM.HL.Y_HL	3HFM.HL.Y_Y	RB21K	1.767133
3HFM.HL.Y_HL	3HFM.HL.Y_Y	RB21M	2.050808
3HFM.HL.Y_HL	3HFM.HL.Y_Y	RB21N	2.329304
3HFM.HL.Y_HL	3HFM.HL.Y_Y	RB21Q	2.398608
3HFM.HL.Y_HL	3HFM.HL.Y_Y	RB21W	2.133836
3HFM.HL.Y_HL	3HFM.HL.Y_Y	RB73A	-0.331545
3HFM.HL.Y_HL	3HFM.HL.Y_Y	SA31A	0.170438
3HFM.HL.Y_HL	3HFM.HL.Y_Y	SB100A	0.267779
3HFM.HL.Y_HL	3HFM.HL.Y_Y	TB89A	0.000000
3HFM.HL.Y_HL	3HFM.HL.Y_Y	WA98A	5.513151
3HFM.HL.Y_HL	3HFM.HL.Y_Y	WA98F	3.247015
3HFM.HL.Y_HL	3HFM.HL.Y_Y	WB63A	0.319330
3HFM.HL.Y_HL	3HFM.HL.Y_Y	YA265A	4.559636
3HFM.HL.Y_HL	3HFM.HL.Y_Y	YA265F	2.355922
3HFM.HL.Y_HL	3HFM.HL.Y_Y	YA265L	4.395153
3HFM.HL.Y_HL	3HFM.HL.Y_Y	YA311A	2.708257
3HFM.HL.Y_HL	3HFM.HL.Y_Y	YA311F	1.402407
3HFM.HL.Y_HL	3HFM.HL.Y_Y	YA33A	6.037779
3HFM.HL.Y_HL	3HFM.HL.Y_Y	YA33F	1.054016
3HFM.HL.Y_HL	3HFM.HL.Y_Y	YA33L	1.974704
3HFM.HL.Y_HL	3HFM.HL.Y_Y	YA33W	1.721464
3HFM.HL.Y_HL	3HFM.HL.Y_Y	YA50A	7.322839
3HFM.HL.Y_HL	3HFM.HL.Y_Y	YA50F	1.584133
3HFM.HL.Y_HL	3HFM.HL.Y_Y	YA50L	2.803081
3HFM.HL.Y_HL	3HFM.HL.Y_Y	YA53A	3.198175
3HFM.HL.Y_HL	3HFM.HL.Y_Y	YA53F	0.610533
3HFM.HL.Y_HL	3HFM.HL.Y_Y	YA53L	0.793930
3HFM.HL.Y_HL	3HFM.HL.Y_Y	YA53W	0.694840
3HFM.HL.Y_HL	3HFM.HL.Y_Y	YA58A	1.649124
3HFM.HL.Y_HL	3HFM.HL.Y_Y	YA58F	0.357293
3HFM.HL.Y_HL	3HFM.HL.Y_Y	YA58L	1.489362
3HFM.HL.Y_HL	3HFM.HL.Y_Y	YB20A	4.575827
3HFM.HL.Y_HL	3HFM.HL.Y_Y	YB20F	-0.484185
3HFM.HL.Y_HL	3HFM.HL.Y_Y	YB20L	2.185484
3HFM.HL.Y_HL	3HFM.HL.Y_Y	DA32A,KB97A	4.594497
3HFM.HL.Y_HL	3HFM.HL.Y_Y	DA32A,KB97M	1.123952
3HFM.HL.Y_HL	3HFM.HL.Y_Y	DA32N,KB97A	4.893741
3HFM.HL.Y_HL	3HFM.HL.Y_Y	DA32N,KB97M	0.302640
3HFM.HL.Y_HL	3HFM.HL.Y_Y	NA246A,KB96A	7.471731
3HFM.HL.Y_HL	3HFM.HL.Y_Y	WA98A,KB96A	7.733495
3HFM.HL.Y_HL	3HFM.HL.Y_Y	WA98F,YB20A	6.231809
3HFM.HL.Y_HL	3HFM.HL.Y_Y	YA265A,KB96A	7.733495
3HFM.HL.Y_HL	3HFM.HL.Y_Y	YA265A,KB97A	7.322839
3HFM.HL.Y_HL	3HFM.HL.Y_Y	YA265A,RB21A	6.369324
3HFM.HL.Y_HL	3HFM.HL.Y_Y	YA265F,RB21A	4.332732
3HFM.HL.Y_HL	3HFM.HL.Y_Y	YA265F,YB20A	6.226447
3HFM.HL.Y_HL	3HFM.HL.Y_Y	YA311A,RB21A	5.759324
3HFM.HL.Y_HL	3HFM.HL.Y_Y	YA311F,RB21A	4.183840
3HFM.HL.Y_HL	3HFM.HL.Y_Y	YA33A,KB97A	7.231512
3HFM.HL.Y_HL	3HFM.HL.Y_Y	YA50A,RB21A	7.944808
3HG1.ABC.DE_ABC	3HG1.ABC.DE_DE	SB244F,VB245G,GB246P,IB247Y	-2.026550
3HG1.ABC.DE_ABC	3HG1.ABC.DE_DE	SB244W,VB245G,GB246P,IB247F	-1.774828
3HG1.ABC.DE_ABC	3HG1.ABC.DE_DE	SB244W,VB245G,GB246P,IB247F,GB293N,TB294L,EB296G,LB297W	-2.980065
3HG1.ABC.DE_ABC	3HG1.ABC.DE_DE	SB244W,VB245G,GB246P,IB247F,TB294M,EB296G,LB297W,FB298Q	-2.295326
3HG1.ABC.DE_ABC	3HG1.ABC.DE_DE	SB244Y,VB245G,GB246P,IB247F	-1.582030
3HG1.ABC.DE_ABC	3HG1.ABC.DE_DE	SB244Y,VB245G,GB246P,IB247F,GB293N,TB294L,EB296G,LB297W	-2.854875
3HG1.ABC.DE_ABC	3HG1.ABC.DE_DE	SB244Y,VB245G,GB246P,IB247F,TB294M,EB296G,LB297W,FB298Q	-1.490704
3HG1.ABC.DE_ABC	3HG1.ABC.DE_DE	SB244Y,VB245G,GB246P,IB247Y	-1.730922
3HH2.AB.C_AB	3HH2.AB.C_C	FB47A	1.325308
3HH2.AB.C_AB	3HH2.AB.C_C	FB47E	0.713296
3HH2.AB.C_AB	3HH2.AB.C_C	FB52A	1.272844
3HH2.AB.C_AB	3HH2.AB.C_C	FB52E	0.816592
3HH2.AB.C_AB	3HH2.AB.C_C	IB51A	0.713296
3HH2.AB.C_AB	3HH2.AB.C_C	IB51E	0.862188
3HH2.AB.C_AB	3HH2.AB.C_C	VB15E	0.684390
3IDX.HL.G_HL	3IDX.HL.G_G	CB27I,CB242Q	-2.466141
3IDX.HL.G_HL	3IDX.HL.G_G	CB27I,CB242Q,MB247A	-2.174591
3IDX.HL.G_HL	3IDX.HL.G_G	KB85C,EB121C,CB27I,CB242Q	-2.378751
3IDX.HL.G_HL	3IDX.HL.G_G	KB85C,EB121C,WB13M,MB247A,CB14W,CB129V,CB27I,CB242Q	-2.193271
3IDX.HL.G_HL	3IDX.HL.G_G	KB85C,EB122C,WB13M,MB247A,CB14W,CB129V,CB27I,CB242Q	-2.293745
3IDX.HL.G_HL	3IDX.HL.G_G	TB41C,GB245C,MB247A	0.409638
3IDX.HL.G_HL	3IDX.HL.G_G	TB41C,GB245C,WB13M,MB247A,CB14W,CB129V,CB27I,CB242Q	-2.332111
3IDX.HL.G_HL	3IDX.HL.G_G	WB13M,MB247A,CB14W,CB129V	-0.647829
3IDX.HL.G_HL	3IDX.HL.G_G	WB13M,MB247A,CB14W,CB129V,CB27I,CB242Q	-2.349040
3IDX.HL.G_HL	3IDX.HL.G_G	WB13M,MB247A,CB14W,CB129V,KB85C,EB121C	-0.361827
3IDX.HL.G_HL	3IDX.HL.G_G	WB13M,SB111T,WB200S,MB247A,CB14W,CB129V,CB27I,CB242Q	-1.864799
3LB6.A.C_A	3LB6.A.C_C	FA103A	5.117307
3LB6.A.C_A	3LB6.A.C_C	IA10A	3.723132
3LB6.A.C_A	3LB6.A.C_C	KA100A	5.814426
3LB6.A.C_A	3LB6.A.C_C	KA101A	2.545272
3LZF.AB.HL_AB	3LZF.AB.HL_HL	DA187E	0.498588
3LZF.AB.HL_AB	3LZF.AB.HL_HL	DA222G	0.538100
3LZF.AB.HL_AB	3LZF.AB.HL_HL	DA187E,DA222G	0.127443
3M63.A.B_A	3M63.A.B_B	DA46A	2.234206
3M63.A.B_A	3M63.A.B_B	EA33A	0.646344
3M63.A.B_A	3M63.A.B_B	EA55A	0.346352
3M63.A.B_A	3M63.A.B_B	FA113A	1.791517
3M63.A.B_A	3M63.A.B_B	GA102A	0.124707
3M63.A.B_A	3M63.A.B_B	IA110A	1.089092
3M63.A.B_A	3M63.A.B_B	LA50A	0.576421
3M63.A.B_A	3M63.A.B_B	RA98A	-0.185293
3M63.A.B_A	3M63.A.B_B	TA54A	0.311377
3M63.A.B_A	3M63.A.B_B	VA106A	1.838939
3M63.A.B_A	3M63.A.B_B	YA103A	3.650577
3M63.A.B_A	3M63.A.B_B	GB8F,QB9K,SB65Q,HB67V,VB69M	0.187128
3N06.A.B_A	3N06.A.B_B	AA14H	0.019183
3N0P.A.B_A	3N0P.A.B_B	AA17H	-0.062033
3N85.A.LH_A	3N85.A.LH_LH	SB246A	-0.134080
3N85.A.LH_A	3N85.A.LH_LH	SB246Y	0.057148
3N85.A.LH_A	3N85.A.LH_LH	SB264G	0.487890
3N85.A.LH_A	3N85.A.LH_LH	SB266Y	-0.784955
3N85.A.LH_A	3N85.A.LH_LH	WB244K	-0.784955
3N85.A.LH_A	3N85.A.LH_LH	WB244R	-0.554216
3N85.A.LH_A	3N85.A.LH_LH	WB314F	-0.015192
3N85.A.LH_A	3N85.A.LH_LH	WB91F	0.139654
3N85.A.LH_A	3N85.A.LH_LH	WB94Y	-0.038736
3NCB.A.B_A	3NCB.A.B_B	AA167H	-1.488029
3NCC.A.B_A	3NCC.A.B_B	AB188H	-1.777212
3NVQ.B.A_B	3NVQ.B.A_A	RB157E	1.545855
3NVQ.B.A_B	3NVQ.B.A_A	RB159E	1.560855
3PWP.ABC.DE_ABC	3PWP.ABC.DE_DE	GA377L	-0.634185
3PWP.ABC.DE_ABC	3PWP.ABC.DE_DE	GA377L,IA384V	-0.385795
3QDG.ABC.DE_ABC	3QDG.ABC.DE_DE	AB251P	-0.065896
3QDG.ABC.DE_ABC	3QDG.ABC.DE_DE	DB26W	-1.562269
3QDG.ABC.DE_ABC	3QDG.ABC.DE_DE	DB26Y	-1.793838
3QDG.ABC.DE_ABC	3QDG.ABC.DE_DE	FB296W	0.934504
3QDG.ABC.DE_ABC	3QDG.ABC.DE_DE	FB296Y	1.394560
3QDG.ABC.DE_ABC	3QDG.ABC.DE_DE	GB28I	0.866331
3QDG.ABC.DE_ABC	3QDG.ABC.DE_DE	GB28L	1.388606
3QDG.ABC.DE_ABC	3QDG.ABC.DE_DE	GB28N	0.851702
3QDG.ABC.DE_ABC	3QDG.ABC.DE_DE	GB28P	1.091920
3QDG.ABC.DE_ABC	3QDG.ABC.DE_DE	GB28Y	1.502577
3QDG.ABC.DE_ABC	3QDG.ABC.DE_DE	LB294W	-0.702992
3QDG.ABC.DE_ABC	3QDG.ABC.DE_DE	RB27P	0.138406
3QDG.ABC.DE_ABC	3QDG.ABC.DE_DE	RB27W	0.596483
3QDG.ABC.DE_ABC	3QDG.ABC.DE_DE	TB298F	-0.038652
3QDG.ABC.DE_ABC	3QDG.ABC.DE_DE	DB26W,LB294W	-3.354783
3QDG.ABC.DE_ABC	3QDG.ABC.DE_DE	DB26Y,LB294W	-3.543451
3QIB.ABP.CD_ABP	3QIB.ABP.CD_CD	AA251G	2.204041
3QIB.ABP.CD_ABP	3QIB.ABP.CD_CD	AA61G	0.892289
3QIB.ABP.CD_ABP	3QIB.ABP.CD_CD	AA64G	0.610000
3QIB.ABP.CD_ABP	3QIB.ABP.CD_CD	AA68G	0.845067
3QIB.ABP.CD_ABP	3QIB.ABP.CD_CD	DA254A	0.862905
3QIB.ABP.CD_ABP	3QIB.ABP.CD_CD	EA237A	0.000000
3QIB.ABP.CD_ABP	3QIB.ABP.CD_CD	EA244A	1.212812
3QIB.ABP.CD_ABP	3QIB.ABP.CD_CD	EA247A	1.821420
3QIB.ABP.CD_ABP	3QIB.ABP.CD_CD	EA75A	0.000000
3QIB.ABP.CD_ABP	3QIB.ABP.CD_CD	HA259A	0.051550
3QIB.ABP.CD_ABP	3QIB.ABP.CD_CD	KA353A	3.138999
3QIB.ABP.CD_ABP	3QIB.ABP.CD_CD	KA353R	2.237034
3QIB.ABP.CD_ABP	3QIB.ABP.CD_CD	KA67A	0.566095
3QIB.ABP.CD_ABP	3QIB.ABP.CD_CD	LB289P	-0.369724
3QIB.ABP.CD_ABP	3QIB.ABP.CD_CD	NB94P	0.786813
3QIB.ABP.CD_ABP	3QIB.ABP.CD_CD	QA242A	1.763957
3QIB.ABP.CD_ABP	3QIB.ABP.CD_CD	QA57A	0.264834
3QIB.ABP.CD_ABP	3QIB.ABP.CD_CD	RB89P	-0.119368
3QIB.ABP.CD_ABP	3QIB.ABP.CD_CD	SA241A	0.026336
3QIB.ABP.CD_ABP	3QIB.ABP.CD_CD	TA255A	0.749847
3QIB.ABP.CD_ABP	3QIB.ABP.CD_CD	TA356A	3.138999
3QIB.ABP.CD_ABP	3QIB.ABP.CD_CD	TA356N	1.223835
3QIB.ABP.CD_ABP	3QIB.ABP.CD_CD	TA356S	1.075723
3QIB.ABP.CD_ABP	3QIB.ABP.CD_CD	YA351A	3.138999
3QIB.ABP.CD_ABP	3QIB.ABP.CD_CD	YA351F	0.108017
3QIB.ABP.CD_ABP	3QIB.ABP.CD_CD	KA67A,EA244A	1.507048
3QIB.ABP.CD_ABP	3QIB.ABP.CD_CD	YA351F,TA356S	1.216970
3RF3.A.C_A	3RF3.A.C_C	AB8K	1.729232
3SE3.B.A_B	3SE3.B.A_A	DB117A	0.542858
3SE3.B.A_B	3SE3.B.A_A	EB96A	0.713059
3SE3.B.A_B	3SE3.B.A_A	FB223A	1.497320
3SE3.B.A_B	3SE3.B.A_A	FB273A	0.000000
3SE3.B.A_B	3SE3.B.A_A	FB81A	0.410656
3SE3.B.A_B	3SE3.B.A_A	KB98A	1.497320
3SE3.B.A_B	3SE3.B.A_A	LB116A	0.000000
3SE3.B.A_B	3SE3.B.A_A	NB140T	0.133149
3SE3.B.A_B	3SE3.B.A_A	NB227A	0.542858
3SE3.B.A_B	3SE3.B.A_A	NB230A	0.211076
3SE3.B.A_B	3SE3.B.A_A	NB53A	-0.347762
3SE3.B.A_B	3SE3.B.A_A	RB226A	0.410656
3SE3.B.A_B	3SE3.B.A_A	SB120A	0.542858
3SE3.B.A_B	3SE3.B.A_A	SB167A	-0.239035
3SE3.B.A_B	3SE3.B.A_A	TB166A	-0.156387
3SE3.B.A_B	3SE3.B.A_A	YB148A	0.410656
3SE3.B.A_B	3SE3.B.A_A	YB55A	1.497320
3SE3.B.A_B	3SE3.B.A_A	YA43A,NA44A,SA47A	0.590210
3SE3.B.A_B	3SE3.B.A_A	YA43A,NA44E,SA47Q	1.917588
3SE3.B.A_B	3SE3.B.A_A	YA43H,NA44A,SA47Q	1.445153
3SE3.B.A_B	3SE3.B.A_A	YA43H,NA44E,SA47A	1.823857
3SE3.B.A_B	3SE3.B.A_A	YA43H,NA44E,SA47Q	2.457735
3SE3.B.A_B	3SE3.B.A_A	YA43H,NA44E,SA47Q,DA57A	2.440573
3SE3.B.A_B	3SE3.B.A_A	YA43H,NA44E,SA47Q,EA82A	2.762209
3SE3.B.A_B	3SE3.B.A_A	YA43H,NA44E,SA47Q,FA50A	2.851211
3SE3.B.A_B	3SE3.B.A_A	YA43H,NA44E,SA47Q,IA88A	2.327090
3SE3.B.A_B	3SE3.B.A_A	YA43H,NA44E,SA47Q,KA103A	2.681513
3SE3.B.A_B	3SE3.B.A_A	YA43H,NA44E,SA47Q,KA56A	2.696376
3SE3.B.A_B	3SE3.B.A_A	YA43H,NA44E,SA47Q,KA69A	2.365710
3SE3.B.A_B	3SE3.B.A_A	YA43H,NA44E,SA47Q,KA93A	2.610770
3SE3.B.A_B	3SE3.B.A_A	YA43H,NA44E,SA47Q,LA66A	3.417199
3SE3.B.A_B	3SE3.B.A_A	YA43H,NA44E,SA47Q,LA89A	2.898187
3SE3.B.A_B	3SE3.B.A_A	YA43H,NA44E,SA47Q,NA51A	3.094895
3SE3.B.A_B	3SE3.B.A_A	YA43H,NA44E,SA47Q,NA79A	2.828854
3SE3.B.A_B	3SE3.B.A_A	YA43H,NA44E,SA47Q,QA48A	2.491100
3SE3.B.A_B	3SE3.B.A_A	YA43H,NA44E,SA47Q,QA76A	2.349531
3SE3.B.A_B	3SE3.B.A_A	YA43H,NA44E,SA47Q,RA92A	2.836359
3SE3.B.A_B	3SE3.B.A_A	YA43H,NA44E,SA47Q,RA92K	2.610770
3SE3.B.A_B	3SE3.B.A_A	YA43H,NA44E,SA47Q,SA54A	2.546542
3SE3.B.A_B	3SE3.B.A_A	YA43H,NA44E,SA47Q,SA59A	2.776366
3SE3.B.A_B	3SE3.B.A_A	YA43H,NA44E,SA47Q,TA55A	2.910576
3SE3.B.A_B	3SE3.B.A_A	YA43H,NA44E,SA47Q,TA65A	2.359670
3SE3.B.A_B	3SE3.B.A_A	YA43H,NA44E,SA47Q,TA72A	2.742509
3SE3.B.A_B	3SE3.B.A_A	YA43H,NA44E,SA47Q,VA85A	2.488124
3SE3.B.A_B	3SE3.B.A_A	YA43H,NA44E,SA47Q,YA71A	2.985851
3SE3.B.A_B	3SE3.B.A_A	YA43H,NA44E,SA47Q,YA75A	3.127030
3SE3.B.A_B	3SE3.B.A_A	YA43M,NA44D,SA47L	0.713296
3SE4.B.A_B	3SE4.B.A_A	DB117A	0.132202
3SE4.B.A_B	3SE4.B.A_A	FB223A	1.364171
3SE4.B.A_B	3SE4.B.A_A	FB273A	0.210868
3SE4.B.A_B	3SE4.B.A_A	KA134A	-0.035085
3SE4.B.A_B	3SE4.B.A_A	KA134R	0.139269
3SE4.B.A_B	3SE4.B.A_A	LA31A	-0.011969
3SE4.B.A_B	3SE4.B.A_A	LB116A	0.132202
3SE4.B.A_B	3SE4.B.A_A	MA130A	0.024659
3SE4.B.A_B	3SE4.B.A_A	NB140T	0.410656
3SE4.B.A_B	3SE4.B.A_A	NB227A	0.000000
3SE4.B.A_B	3SE4.B.A_A	NB230A	0.302936
3SE4.B.A_B	3SE4.B.A_A	PA27A	0.049696
3SE4.B.A_B	3SE4.B.A_A	PA27L	0.103059
3SE4.B.A_B	3SE4.B.A_A	RB226A	0.302936
3SE4.B.A_B	3SE4.B.A_A	SB120A	0.000000
3SE4.B.A_B	3SE4.B.A_A	TB166A	-0.542858
3SE4.B.A_B	3SE4.B.A_A	YB148A	-0.278455
3SE4.B.A_B	3SE4.B.A_A	YB55A	1.364171
3SE8.HL.G_HL	3SE8.HL.G_G	DA110A	-0.383096
3SE8.HL.G_HL	3SE8.HL.G_G	DA114A	-0.240219
3SE8.HL.G_HL	3SE8.HL.G_G	DA276A	0.842103
3SE8.HL.G_HL	3SE8.HL.G_G	EA228A	-0.547579
3SE8.HL.G_HL	3SE8.HL.G_G	EA318A	1.489182
3SE8.HL.G_HL	3SE8.HL.G_G	FA115A	1.050457
3SE8.HL.G_HL	3SE8.HL.G_G	FA317A	-0.850219
3SE8.HL.G_HL	3SE8.HL.G_G	FA319A	0.818957
3SE8.HL.G_HL	3SE8.HL.G_G	GA56A	0.351362
3SE8.HL.G_HL	3SE8.HL.G_G	KA52A	1.093564
3SE8.HL.G_HL	3SE8.HL.G_G	LA54A	0.053896
3SE8.HL.G_HL	3SE8.HL.G_G	NA257A	0.191228
3SE8.HL.G_HL	3SE8.HL.G_G	PA78A	0.018516
3SE8.HL.G_HL	3SE8.HL.G_G	PA81A	-0.069781
3SE8.HL.G_HL	3SE8.HL.G_G	QA254A	-0.212658
3SE8.HL.G_HL	3SE8.HL.G_G	QA63A	1.096526
3SE8.HL.G_HL	3SE8.HL.G_G	QA65A	0.540974
3SE8.HL.G_HL	3SE8.HL.G_G	QA76A	0.095344
3SE8.HL.G_HL	3SE8.HL.G_G	RA30A	-0.038863
3SE8.HL.G_HL	3SE8.HL.G_G	RA62A	1.186797
3SE8.HL.G_HL	3SE8.HL.G_G	RA72A	2.601989
3SE8.HL.G_HL	3SE8.HL.G_G	SA59A	1.132356
3SE8.HL.G_HL	3SE8.HL.G_G	VA58A	1.229614
3SE8.HL.G_HL	3SE8.HL.G_G	WA47A	1.451454
3SE8.HL.G_HL	3SE8.HL.G_G	WA50A	1.312108
3SE8.HL.G_HL	3SE8.HL.G_G	WA55A	0.748881
3SE8.HL.G_HL	3SE8.HL.G_G	YA111A	0.816592
3SE8.HL.G_HL	3SE8.HL.G_G	YA60A	0.842103
3SEK.B.C_B	3SEK.B.C_C	FB47A	2.229389
3SEK.B.C_B	3SEK.B.C_C	FB47E	4.455748
3SEK.B.C_B	3SEK.B.C_C	LB11E	2.887276
3SEK.B.C_B	3SEK.B.C_C	LB44A	2.680921
3SEK.B.C_B	3SEK.B.C_C	LB44E	4.455748
3SEK.B.C_B	3SEK.B.C_C	LB48A	3.408846
3SEK.B.C_B	3SEK.B.C_C	LB48E	4.215530
3SF4.A.D_A	3SF4.A.D_D	EB19R	1.926456
3SF4.A.D_A	3SF4.A.D_D	KB27D	0.410656
3SF4.A.D_A	3SF4.A.D_D	NA264R	1.225766
3SF4.A.D_A	3SF4.A.D_D	RA202E	2.365107
3SF4.A.D_A	3SF4.A.D_D	WB8A	3.073828
3SZK.AB.C_AB	3SZK.AB.C_C	DB120A	0.673664
3SZK.AB.C_AB	3SZK.AB.C_C	DB121A	0.695610
3SZK.AB.C_AB	3SZK.AB.C_C	DB48A	0.204301
3SZK.AB.C_AB	3SZK.AB.C_C	DB51A	0.204301
3SZK.AB.C_AB	3SZK.AB.C_C	EB123A	0.838487
3SZK.AB.C_AB	3SZK.AB.C_C	EB124A	0.695610
3SZK.AB.C_AB	3SZK.AB.C_C	FB43A	2.219348
3SZK.AB.C_AB	3SZK.AB.C_C	FB44A	2.200963
3SZK.AB.C_AB	3SZK.AB.C_C	GB122A	0.374739
3SZK.AB.C_AB	3SZK.AB.C_C	HB42A	2.536616
3SZK.AB.C_AB	3SZK.AB.C_C	KB56A	0.096285
3SZK.AB.C_AB	3SZK.AB.C_C	KB57A	-0.035917
3SZK.AB.C_AB	3SZK.AB.C_C	NB35A	0.125190
3SZK.AB.C_AB	3SZK.AB.C_C	NB66A	0.204301
3SZK.AB.C_AB	3SZK.AB.C_C	QB39A	0.766586
3SZK.AB.C_AB	3SZK.AB.C_C	SB69A	1.514223
3SZK.AB.C_AB	3SZK.AB.C_C	TB38A	0.932227
3SZK.AB.C_AB	3SZK.AB.C_C	TB70A	1.469277
3SZK.AB.C_AB	3SZK.AB.C_C	VB27A	0.096285
3SZK.AB.C_AB	3SZK.AB.C_C	YB40A	2.904848
3SZK.AB.C_AB	3SZK.AB.C_C	YB41A	2.982339
3TGK.E.I_E	3TGK.E.I_I	NA170D	-0.170438
3UIG.A.P_A	3UIG.A.P_P	DA67A	2.039231
3UIG.A.P_A	3UIG.A.P_P	EA47A	0.646746
3UIG.A.P_A	3UIG.A.P_P	EA61A	1.758561
3UIG.A.P_A	3UIG.A.P_P	EA72A	1.793058
3UIG.A.P_A	3UIG.A.P_P	KA58A	0.446574
3VR6.ABCDEF.GH_ABCDEF	3VR6.ABCDEF.GH_GH	AB138S	-0.340876
3VR6.ABCDEF.GH_ABCDEF	3VR6.ABCDEF.GH_GH	LB139N	0.709582
3VR6.ABCDEF.GH_ABCDEF	3VR6.ABCDEF.GH_GH	LB28N	0.309999
3VR6.ABCDEF.GH_ABCDEF	3VR6.ABCDEF.GH_GH	LB29N	0.675060
3VR6.ABCDEF.GH_ABCDEF	3VR6.ABCDEF.GH_GH	RB134A	0.830498
3VR6.ABCDEF.GH_ABCDEF	3VR6.ABCDEF.GH_GH	RB135A	0.899266
3VR6.ABCDEF.GH_ABCDEF	3VR6.ABCDEF.GH_GH	LA2147A,LA2598A,LA3053A	1.136773
3VR6.ABCDEF.GH_ABCDEF	3VR6.ABCDEF.GH_GH	LA477A,LA1069A,LA1651A,VA478A,VA1070A,VA1652A	-0.221988
3VR6.ABCDEF.GH_ABCDEF	3VR6.ABCDEF.GH_GH	LA477A,LA1069A,LA1651A,VA478A,VA1070A,VA1652A,LA2147A,LA2598A,LA3053A	-0.170438
3VR6.ABCDEF.GH_ABCDEF	3VR6.ABCDEF.GH_GH	LA477A,LA1069A,LA1651A,VA478A,VA1070A,VA1652A,LB139N	-0.079111
3VR6.ABCDEF.GH_ABCDEF	3VR6.ABCDEF.GH_GH	LA477A,LA1069A,LA1651A,VA478A,VA1070A,VA1652A,RB134A,RB135A	2.049801
3VR6.ABCDEF.GH_ABCDEF	3VR6.ABCDEF.GH_GH	RA2108E,RA2559E,RA3014E	0.287640
3VR6.ABCDEF.GH_ABCDEF	3VR6.ABCDEF.GH_GH	RA2108K,RA2559K,RA3014K	1.213160
3VR6.ABCDEF.GH_ABCDEF	3VR6.ABCDEF.GH_GH	RA476A,RA1068A,RA1650A	-0.278455
3VR6.ABCDEF.GH_ABCDEF	3VR6.ABCDEF.GH_GH	RA476A,RA1068A,RA1650A,RB134A,RB135A	1.317983
3VR6.ABCDEF.GH_ABCDEF	3VR6.ABCDEF.GH_GH	RB134A,RB135A	1.400088
3VR6.ABCDEF.GH_ABCDEF	3VR6.ABCDEF.GH_GH	VA2146A,VA2597A,VA3052A	0.698296
3VR6.ABCDEF.GH_ABCDEF	3VR6.ABCDEF.GH_GH	VA2146A,VA2597A,VA3052A,RB134A,RB135A	1.131312
3W2D.A.HL_A	3W2D.A.HL_HL	KA67N	4.624008
3W2D.A.HL_A	3W2D.A.HL_HL	KA67R	-0.428312
3W2D.A.HL_A	3W2D.A.HL_HL	YA45F	0.878337
3W2D.A.HL_A	3W2D.A.HL_HL	YA45L	2.365815
4B0M.A.BM_A	4B0M.A.BM_BM	AB127G	0.297723
4B0M.A.BM_A	4B0M.A.BM_BM	LB175A	1.908985
4B0M.A.BM_A	4B0M.A.BM_BM	MA8A	0.429925
4B0M.A.BM_A	4B0M.A.BM_BM	PB233A	0.405740
4B0M.A.BM_A	4B0M.A.BM_BM	PB233S	0.758075
4B0M.A.BM_A	4B0M.A.BM_BM	PB234A	1.915778
4B0M.A.BM_A	4B0M.A.BM_BM	PB234S	1.994285
4B0M.A.BM_A	4B0M.A.BM_BM	YB144G	0.629268
4B0M.A.BM_A	4B0M.A.BM_BM	YB172A	1.652940
4B0M.A.BM_A	4B0M.A.BM_BM	PB233S,PB234A	2.072551
4B0M.A.BM_A	4B0M.A.BM_BM	TA7G,MA8A	0.441657
4B0M.A.BM_A	4B0M.A.BM_BM	YB144G,YB172A	2.204752
4BFI.A.B_A	4BFI.A.B_B	FB95A	2.077467
4BFI.A.B_A	4BFI.A.B_B	FB95D	2.728342
4BFI.A.B_A	4BFI.A.B_B	KB99E	2.317686
4BFI.A.B_A	4BFI.A.B_B	LB29K	2.077467
4BFI.A.B_A	4BFI.A.B_B	LB91A	1.307210
4BFI.A.B_A	4BFI.A.B_B	NB43A	2.317686
4BFI.A.B_A	4BFI.A.B_B	NB43D	2.728342
4BFI.A.B_A	4BFI.A.B_B	NB93K	2.728342
4BFI.A.B_A	4BFI.A.B_B	QB26K	-0.219837
4BFI.A.B_A	4BFI.A.B_B	QB6K	-0.011969
4BFI.A.B_A	4BFI.A.B_B	SB17D	0.030784
4CPA.A.I_A	4CPA.A.I_I	PB35G	2.596140
4CPA.A.I_A	4CPA.A.I_I	VB37A	2.325533
4CPA.A.I_A	4CPA.A.I_I	VB37F	0.000000
4CPA.A.I_A	4CPA.A.I_I	VB37G	3.734722
4CPA.A.I_A	4CPA.A.I_I	VB37I	0.199344
4CPA.A.I_A	4CPA.A.I_I	VB37L	1.279391
4CPA.A.I_A	4CPA.A.I_I	YB36F	0.000000
4CPA.A.I_A	4CPA.A.I_I	YB36G	0.501983
4CVW.A.C_A	4CVW.A.C_C	DA720R	3.047672
4CVW.A.C_A	4CVW.A.C_C	DA720W	1.221294
4CVW.A.C_A	4CVW.A.C_C	LB34G	2.728342
4CVW.A.C_A	4CVW.A.C_C	LB34W	0.335562
4CVW.A.C_A	4CVW.A.C_C	RB27A	1.828724
4CVW.A.C_A	4CVW.A.C_C	RB31A	2.077467
4CVW.A.C_A	4CVW.A.C_C	RB31W	1.490704
4CVW.A.C_A	4CVW.A.C_C	VB35D	4.920838
4CVW.A.C_A	4CVW.A.C_C	LB34G,VB35D	7.745464
4E6K.AB.G_AB	4E6K.AB.G_G	KB40A	0.501983
4E6K.AB.G_AB	4E6K.AB.G_G	LB5A	1.903428
4E6K.AB.G_AB	4E6K.AB.G_G	YB2F	0.696914
4E6K.AB.G_AB	4E6K.AB.G_G	EA81A,EA238A	2.584812
4E6K.AB.G_AB	4E6K.AB.G_G	EA85A,EA242A	3.072575
4E6K.AB.G_AB	4E6K.AB.G_G	LA68A,LA225A	2.669897
4EKD.A.B_A	4EKD.A.B_B	CA147R	-0.056467
4G0N.A.B_A	4G0N.A.B_B	AB32K	-1.108953
4G0N.A.B_A	4G0N.A.B_B	DA33A	0.877040
4G0N.A.B_A	4G0N.A.B_B	DA38A	2.864766
4G0N.A.B_A	4G0N.A.B_B	EA31A	0.936812
4G0N.A.B_A	4G0N.A.B_B	EA37A	1.742959
4G0N.A.B_A	4G0N.A.B_B	FB8W	0.603454
4G0N.A.B_A	4G0N.A.B_B	HA27A	-0.290695
4G0N.A.B_A	4G0N.A.B_B	IA21A	0.871229
4G0N.A.B_A	4G0N.A.B_B	IA36A	1.742959
4G0N.A.B_A	4G0N.A.B_B	KB12A	1.832206
4G0N.A.B_A	4G0N.A.B_B	KB12E	1.916987
4G0N.A.B_A	4G0N.A.B_B	KB12M	1.322578
4G0N.A.B_A	4G0N.A.B_B	KB31A	2.584261
4G0N.A.B_A	4G0N.A.B_B	KB31E	5.065778
4G0N.A.B_A	4G0N.A.B_B	NB11A	0.679854
4G0N.A.B_A	4G0N.A.B_B	NB11D	1.808970
4G0N.A.B_A	4G0N.A.B_B	NB18R	-0.698296
4G0N.A.B_A	4G0N.A.B_B	QB13A	2.215739
4G0N.A.B_A	4G0N.A.B_B	RA41A	-0.344161
4G0N.A.B_A	4G0N.A.B_B	RB14A	1.920429
4G0N.A.B_A	4G0N.A.B_B	RB36L	5.358625
4G0N.A.B_A	4G0N.A.B_B	RB6A	2.141096
4G0N.A.B_A	4G0N.A.B_B	SA39A	0.290701
4G0N.A.B_A	4G0N.A.B_B	TA35A	2.786873
4G0N.A.B_A	4G0N.A.B_B	TA35S	2.214390
4G0N.A.B_A	4G0N.A.B_B	TB15A	1.804871
4G0N.A.B_A	4G0N.A.B_B	VA45A	-0.290695
4G0N.A.B_A	4G0N.A.B_B	VB16A	1.155396
4G0N.A.B_A	4G0N.A.B_B	VB35A	-0.005257
4G0N.A.B_A	4G0N.A.B_B	VB35I	0.551904
4G0N.A.B_A	4G0N.A.B_B	FB8W,NB18R	-0.287640
4G0N.A.B_A	4G0N.A.B_B	FB8W,NB18R,VB35I	0.363235
4G0N.A.B_A	4G0N.A.B_B	FB8W,RB14L,NB18R,VB35I	0.603454
4G0N.A.B_A	4G0N.A.B_B	FB8W,RB14L,VB16E,NB18R,KB31R,VB35I	3.604047
4G0N.A.B_A	4G0N.A.B_B	FB8W,VB16E,NB18R,VB35I	1.818733
4G0N.A.B_A	4G0N.A.B_B	KB31A,DA33A	2.613789
4G0N.A.B_A	4G0N.A.B_B	KB31A,EA31A	2.032993
4G0N.A.B_A	4G0N.A.B_B	KB31A,EA37A	3.387531
4G0N.A.B_A	4G0N.A.B_B	KB31A,RB36G	5.358625
4G0N.A.B_A	4G0N.A.B_B	NB11A,RA41A	-0.580602
4G0N.A.B_A	4G0N.A.B_B	NB11A,VA45A	0.000000
4G0N.A.B_A	4G0N.A.B_B	NB18R,AB32K	-1.279391
4G0N.A.B_A	4G0N.A.B_B	QB13A,RA41A	1.258514
4G0N.A.B_A	4G0N.A.B_B	QB13A,SA39A	2.032993
4G0N.A.B_A	4G0N.A.B_B	QB13A,VA45A	1.551360
4G0N.A.B_A	4G0N.A.B_B	RB14A,SA39A	2.226851
4G0N.A.B_A	4G0N.A.B_B	RB14A,VA45A	1.742959
4G0N.A.B_A	4G0N.A.B_B	RB6A,DA33A	2.516607
4G0N.A.B_A	4G0N.A.B_B	RB6A,DA38A	4.451485
4G0N.A.B_A	4G0N.A.B_B	RB6A,EA31A	2.129756
4G0N.A.B_A	4G0N.A.B_B	RB6A,EA37A	2.323566
4G0N.A.B_A	4G0N.A.B_B	RB6A,IA36A	4.257757
4G0N.A.B_A	4G0N.A.B_B	RB6A,NB11D	3.421207
4G0N.A.B_A	4G0N.A.B_B	TA35A,AB32K	2.578799
4G0N.A.B_A	4G0N.A.B_B	TA35A,NB18R	2.099827
4G0N.A.B_A	4G0N.A.B_B	TA35A,NB18R,AB32K	1.967625
4G0N.A.B_A	4G0N.A.B_B	TB15A,DA38A	3.000671
4G0N.A.B_A	4G0N.A.B_B	TB15A,EA31A	1.551360
4G0N.A.B_A	4G0N.A.B_B	TB15A,EA37A	2.807084
4G0N.A.B_A	4G0N.A.B_B	TB15A,IA21A	2.129756
4G0N.A.B_A	4G0N.A.B_B	TB15A,IA36A	3.000671
4G0N.A.B_A	4G0N.A.B_B	TB15A,SA39A	1.937270
4G0N.A.B_A	4G0N.A.B_B	TB15A,VA45A	1.064969
4G0N.A.B_A	4G0N.A.B_B	VB16A,EA37A	2.710342
4G0N.A.B_A	4G0N.A.B_B	VB16A,IA21A	1.551360
4G0N.A.B_A	4G0N.A.B_B	VB16A,IA36A	2.613789
4G0N.A.B_A	4G0N.A.B_B	VB35A,HA27A	0.192551
4G0N.A.B_A	4G0N.A.B_B	VB35A,IA21A	0.290701
4G0N.A.B_A	4G0N.A.B_B	YA32C,CA116S	0.735655
4G0N.A.B_A	4G0N.A.B_B	YA32C,CA116S,AB32K	-0.641830
4G0N.A.B_A	4G0N.A.B_B	YA32C,CA116S,NB18R	-0.366751
4G0N.A.B_A	4G0N.A.B_B	YA32C,CA116S,NB18R,AB32K	-1.730922
4GNK.A.B_A	4GNK.A.B_B	KA294A	0.098972
4GNK.A.B_A	4GNK.A.B_B	LB764A	-1.420638
4GNK.A.B_A	4GNK.A.B_B	TB540E	-0.188669
4GNK.A.B_A	4GNK.A.B_B	DA279A,PA281D	0.121331
4GNK.A.B_A	4GNK.A.B_B	KA294A,LB764A	-1.552840
4GNK.A.B_A	4GNK.A.B_B	LB764A,DA279A,PA281D	-1.723277
4GU0.A.E_A	4GU0.A.E_E	LB20A,TB22A,RB26A	0.916397
4GXU.ABCDEF.MN_ABCDEF	4GXU.ABCDEF.MN_MN	DA189E	2.166058
4GXU.ABCDEF.MN_ABCDEF	4GXU.ABCDEF.MN_MN	DA224G	1.961756
4GXU.ABCDEF.MN_ABCDEF	4GXU.ABCDEF.MN_MN	DA189E,DA224G	3.011555
4HRN.A.D_A	4HRN.A.D_D	FB47A	2.460563
4HRN.A.D_A	4HRN.A.D_D	LB17A	2.598380
4HRN.A.D_A	4HRN.A.D_D	SB43A	0.803082
4HRN.A.D_A	4HRN.A.D_D	VB44A	2.811925
4HSA.AB.C_AB	4HSA.AB.C_C	HA59S	-0.122646
4HSA.AB.C_AB	4HSA.AB.C_C	RA28V	0.581094
4HSA.AB.C_AB	4HSA.AB.C_C	WA40V	-0.222426
4HSA.AB.C_AB	4HSA.AB.C_C	YA58I	0.117573
4J2L.A.CD_A	4J2L.A.CD_CD	LA118E	-0.631125
4J2L.A.CD_A	4J2L.A.CD_CD	LB20S	1.688500
4J2L.A.CD_A	4J2L.A.CD_CD	SA34D	-0.970492
4J2L.A.CD_A	4J2L.A.CD_CD	VA23A	0.089891
4J2L.A.CD_A	4J2L.A.CD_CD	WB17A	2.230584
4J2L.A.CD_A	4J2L.A.CD_CD	SA34D,LA118E	0.697008
4J2L.A.CD_A	4J2L.A.CD_CD	VA23A,LA118E	0.436846
4J2L.A.CD_A	4J2L.A.CD_CD	VA23A,SA34D	2.266683
4K71.A.BC_A	4K71.A.BC_BC	AA545V	1.470993
4K71.A.BC_A	4K71.A.BC_BC	GA503E	0.742202
4K71.A.BC_A	4K71.A.BC_BC	HA462A	1.051574
4K71.A.BC_A	4K71.A.BC_BC	HA462F	1.009981
4K71.A.BC_A	4K71.A.BC_BC	HB157A	0.644255
4K71.A.BC_A	4K71.A.BC_BC	HB157F	0.185067
4K71.A.BC_A	4K71.A.BC_BC	AA418T,GA503E,AA545V	3.129041
4K71.A.BC_A	4K71.A.BC_BC	GA503E,AA545V	2.849380
4K71.A.BC_A	4K71.A.BC_BC	GA503R,AA545V	1.667994
4K71.A.BC_A	4K71.A.BC_BC	MA416V,AA418T	1.092546
4K71.A.BC_A	4K71.A.BC_BC	MA416V,AA418T,AA545V	2.854191
4K71.A.BC_A	4K71.A.BC_BC	MA416V,AA418T,GA503E,AA545V	3.636605
4K71.A.BC_A	4K71.A.BC_BC	MA416V,AA418T,GA503R	2.322624
4K71.A.BC_A	4K71.A.BC_BC	MA416V,AA418T,GA503R,AA545V	2.891328
4K71.A.BC_A	4K71.A.BC_BC	MA416V,GA503E,AA545V	2.927686
4KRL.A.B_A	4KRL.A.B_B	DB112A	0.649973
4KRL.A.B_A	4KRL.A.B_B	RB30A	1.721060
4KRL.A.B_A	4KRL.A.B_B	DA49T,FA51A	1.853262
4L3E.ABC.DE_ABC	4L3E.ABC.DE_DE	EA166A	1.217519
4L3E.ABC.DE_ABC	4L3E.ABC.DE_DE	NB52A	-0.459746
4L3E.ABC.DE_ABC	4L3E.ABC.DE_DE	QA155A	1.259037
4L3E.ABC.DE_ABC	4L3E.ABC.DE_DE	RA65A	1.301750
4L3E.ABC.DE_ABC	4L3E.ABC.DE_DE	YB247A	2.228330
4L3E.ABC.DE_ABC	4L3E.ABC.DE_DE	YB26A	2.784809
4L3E.ABC.DE_ABC	4L3E.ABC.DE_DE	YB50A	0.467998
4L3E.ABC.DE_ABC	4L3E.ABC.DE_DE	NB52A,EA166A	1.091682
4L3E.ABC.DE_ABC	4L3E.ABC.DE_DE	RA65A,YB247A	3.809300
4L3E.ABC.DE_ABC	4L3E.ABC.DE_DE	RA65A,YB26A	4.440749
4L3E.ABC.DE_ABC	4L3E.ABC.DE_DE	YB26A,RA65A	4.370968
4L3E.ABC.DE_ABC	4L3E.ABC.DE_DE	YB26D,WB294L	3.543451
4L3E.ABC.DE_ABC	4L3E.ABC.DE_DE	YB50A,QA155A	1.090514
4LRX.AB.CD_AB	4LRX.AB.CD_CD	HA56N	0.325876
4MYW.A.B_A	4MYW.A.B_B	IB48A	2.573214
4MYW.A.B_A	4MYW.A.B_B	TB31A,QB32A,EB93A,NB101A	-0.529820
4NKQ.C.AB_C	4NKQ.C.AB_AB	DA99K	-0.331545
4NKQ.C.AB_C	4NKQ.C.AB_AB	DB499A	0.158222
4NKQ.C.AB_C	4NKQ.C.AB_AB	DB499R	0.202788
4NKQ.C.AB_C	4NKQ.C.AB_AB	DB538A	0.110028
4NKQ.C.AB_C	4NKQ.C.AB_AB	DB588A	1.615561
4NKQ.C.AB_C	4NKQ.C.AB_AB	DB588E	0.468221
4NKQ.C.AB_C	4NKQ.C.AB_AB	DB588N	1.941902
4NKQ.C.AB_C	4NKQ.C.AB_AB	EA8R	2.640410
4NKQ.C.AB_C	4NKQ.C.AB_AB	EB504A	-0.353092
4NKQ.C.AB_C	4NKQ.C.AB_AB	IA6G	0.334457
4NKQ.C.AB_C	4NKQ.C.AB_AB	IB503A	-0.050452
4NKQ.C.AB_C	4NKQ.C.AB_AB	KB501A	0.385967
4NKQ.C.AB_C	4NKQ.C.AB_AB	KB501D	1.061531
4NKQ.C.AB_C	4NKQ.C.AB_AB	KB502A	-0.199344
4NKQ.C.AB_C	4NKQ.C.AB_AB	KB502D	-0.199344
4NKQ.C.AB_C	4NKQ.C.AB_AB	KB533A	-0.561278
4NKQ.C.AB_C	4NKQ.C.AB_AB	LA15D	-0.235133
4NKQ.C.AB_C	4NKQ.C.AB_AB	LB534A	0.236175
4NKQ.C.AB_C	4NKQ.C.AB_AB	NA14D	-0.601884
4NKQ.C.AB_C	4NKQ.C.AB_AB	NA4E	-0.390571
4NKQ.C.AB_C	4NKQ.C.AB_AB	NB493A	0.099901
4NKQ.C.AB_C	4NKQ.C.AB_AB	QB532A	-0.398687
4NKQ.C.AB_C	4NKQ.C.AB_AB	RA10D	0.111412
4NKQ.C.AB_C	4NKQ.C.AB_AB	RA11D	-0.205504
4NKQ.C.AB_C	4NKQ.C.AB_AB	RB492A	0.119986
4NKQ.C.AB_C	4NKQ.C.AB_AB	RB492D	-0.077386
4NKQ.C.AB_C	4NKQ.C.AB_AB	RB568Q	0.576429
4NKQ.C.AB_C	4NKQ.C.AB_AB	RB590A	0.360205
4NKQ.C.AB_C	4NKQ.C.AB_AB	RB590D	-0.290671
4NKQ.C.AB_C	4NKQ.C.AB_AB	RB590M	2.296188
4NKQ.C.AB_C	4NKQ.C.AB_AB	SB535A	0.275424
4NKQ.C.AB_C	4NKQ.C.AB_AB	TB500A	0.319330
4NKQ.C.AB_C	4NKQ.C.AB_AB	YB494A	-0.375451
4NKQ.C.AB_C	4NKQ.C.AB_AB	YB494F	-0.234204
4NKQ.C.AB_C	4NKQ.C.AB_AB	DA99K,DB499R	0.815236
4NKQ.C.AB_C	4NKQ.C.AB_AB	DA99K,KB502D	-0.501983
4NKQ.C.AB_C	4NKQ.C.AB_AB	DA99K,RB492D	0.176453
4NKQ.C.AB_C	4NKQ.C.AB_AB	DA99K,RB492D,KB502D	0.535559
4NKQ.C.AB_C	4NKQ.C.AB_AB	DB499A,TB500A,KB501A	0.353585
4NKQ.C.AB_C	4NKQ.C.AB_AB	DB588A,VB589A	2.076726
4NKQ.C.AB_C	4NKQ.C.AB_AB	DB588A,VB589A,RB590A,IB591A	-0.120233
4NKQ.C.AB_C	4NKQ.C.AB_AB	DB588Q,VB589Q	2.223105
4NKQ.C.AB_C	4NKQ.C.AB_AB	IB591A,LB592A	0.271429
4NKQ.C.AB_C	4NKQ.C.AB_AB	IB591Q,LB592Q	0.856203
4NKQ.C.AB_C	4NKQ.C.AB_AB	KB502A,IB503A,EB504A	-0.701327
4NKQ.C.AB_C	4NKQ.C.AB_AB	LB489A,TB490A,SB491A	0.110028
4NKQ.C.AB_C	4NKQ.C.AB_AB	RB492A,NB493A,YB494A	-0.331545
4NKQ.C.AB_C	4NKQ.C.AB_AB	RB492D,KB502D	1.313719
4NKQ.C.AB_C	4NKQ.C.AB_AB	YB531A,QB532A,KB533A,LB534A,SB535A,YB536A	-0.310756
4NKQ.C.AB_C	4NKQ.C.AB_AB	YB531A,YB536A	-0.627174
4NM8.ABCDEF.HL_ABCDEF	4NM8.ABCDEF.HL_HL	DA337N	0.650875
4NM8.ABCDEF.HL_ABCDEF	4NM8.ABCDEF.HL_HL	IA336M	0.108017
4NM8.ABCDEF.HL_ABCDEF	4NM8.ABCDEF.HL_HL	LA356Y	-0.605279
4NM8.ABCDEF.HL_ABCDEF	4NM8.ABCDEF.HL_HL	QA352R	2.927686
4NM8.ABCDEF.HL_ABCDEF	4NM8.ABCDEF.HL_HL	QA352T	2.293501
4NM8.ABCDEF.HL_ABCDEF	4NM8.ABCDEF.HL_HL	RA343M	3.387064
4NM8.ABCDEF.HL_ABCDEF	4NM8.ABCDEF.HL_HL	TA350E	-0.542858
4NM8.ABCDEF.HL_ABCDEF	4NM8.ABCDEF.HL_HL	TA350I	-0.049400
4NM8.ABCDEF.HL_ABCDEF	4NM8.ABCDEF.HL_HL	TA350R	1.201580
4NZW.A.B_A	4NZW.A.B_B	EB124A	0.357180
4NZW.A.B_A	4NZW.A.B_B	EB49A	0.325469
4NZW.A.B_A	4NZW.A.B_B	KA77A	0.076017
4O27.A.B_A	4O27.A.B_B	EB122A	0.301691
4O27.A.B_A	4O27.A.B_B	EB42A	0.371472
4O27.A.B_A	4O27.A.B_B	KA88A	1.024873
4O27.A.B_A	4O27.A.B_B	YA215A	1.195311
4OFY.A.D_A	4OFY.A.D_D	DA38A	0.548853
4OFY.A.D_A	4OFY.A.D_D	EA88A	0.282208
4OFY.A.D_A	4OFY.A.D_D	FA40A	4.604454
4OFY.A.D_A	4OFY.A.D_D	LB42A	2.567862
4OFY.A.D_A	4OFY.A.D_D	MA36A	0.084111
4OFY.A.D_A	4OFY.A.D_D	QA34A	1.176756
4OFY.A.D_A	4OFY.A.D_D	QA85A	1.733235
4OFY.A.D_A	4OFY.A.D_D	QB34A	2.870501
4OFY.A.D_A	4OFY.A.D_D	QB86A	4.645329
4OFY.A.D_A	4OFY.A.D_D	RB96A	3.421207
4OFY.A.D_A	4OFY.A.D_D	SA87A	0.142159
4OFY.A.D_A	4OFY.A.D_D	QA34A,FA40A	4.140707
4OFY.A.D_A	4OFY.A.D_D	QA34A,MA36A,FA40A,SA87A	4.461577
4OZG.ABJ.GH_ABJ	4OZG.ABJ.GH_GH	DB292A	1.650078
4OZG.ABJ.GH_ABJ	4OZG.ABJ.GH_GH	FB288A	1.434785
4OZG.ABJ.GH_ABJ	4OZG.ABJ.GH_GH	FB290A	0.883546
4OZG.ABJ.GH_ABJ	4OZG.ABJ.GH_GH	LB50A	1.186186
4OZG.ABJ.GH_ABJ	4OZG.ABJ.GH_GH	NB244A	-0.111024
4OZG.ABJ.GH_ABJ	4OZG.ABJ.GH_GH	NB29A	-0.071659
4OZG.ABJ.GH_ABJ	4OZG.ABJ.GH_GH	QB242A	0.805158
4OZG.ABJ.GH_ABJ	4OZG.ABJ.GH_GH	RB289A	1.744044
4OZG.ABJ.GH_ABJ	4OZG.ABJ.GH_GH	YB240F	-0.647137
4OZG.ABJ.GH_ABJ	4OZG.ABJ.GH_GH	YB295F	0.533790
4OZG.ABJ.GH_ABJ	4OZG.ABJ.GH_GH	YB31A	1.744044
4OZG.ABJ.GH_ABJ	4OZG.ABJ.GH_GH	YB33F	1.744044
4P23.CD.AB_CD	4P23.CD.AB_AB	DA192A	0.170438
4P23.CD.AB_CD	4P23.CD.AB_AB	DA264A	0.091327
4P23.CD.AB_CD	4P23.CD.AB_AB	DA56A	0.991751
4P23.CD.AB_CD	4P23.CD.AB_AB	EA181A	1.166799
4P23.CD.AB_CD	4P23.CD.AB_AB	EA247A	0.091327
4P23.CD.AB_CD	4P23.CD.AB_AB	EA254A	0.170438
4P23.CD.AB_CD	4P23.CD.AB_AB	EA257A	0.170438
4P23.CD.AB_CD	4P23.CD.AB_AB	EA272A	0.091327
4P23.CD.AB_CD	4P23.CD.AB_AB	FA180A	0.000000
4P23.CD.AB_CD	4P23.CD.AB_AB	HA269A	0.170438
4P23.CD.AB_CD	4P23.CD.AB_AB	HA69A	0.617011
4P23.CD.AB_CD	4P23.CD.AB_AB	IA255A	0.170438
4P23.CD.AB_CD	4P23.CD.AB_AB	KA184A	2.230622
4P23.CD.AB_CD	4P23.CD.AB_AB	KA186A	2.568344
4P23.CD.AB_CD	4P23.CD.AB_AB	KA189A	0.091327
4P23.CD.AB_CD	4P23.CD.AB_AB	KA40A	1.193733
4P23.CD.AB_CD	4P23.CD.AB_AB	KA68A	0.682907
4P23.CD.AB_CD	4P23.CD.AB_AB	KA76A	0.170438
4P23.CD.AB_CD	4P23.CD.AB_AB	LA61A	0.953515
4P23.CD.AB_CD	4P23.CD.AB_AB	NA188A	0.000000
4P23.CD.AB_CD	4P23.CD.AB_AB	NA63A	1.511965
4P23.CD.AB_CD	4P23.CD.AB_AB	PA253A	0.091327
4P23.CD.AB_CD	4P23.CD.AB_AB	QA183A	0.682907
4P23.CD.AB_CD	4P23.CD.AB_AB	QA252A	0.170438
4P23.CD.AB_CD	4P23.CD.AB_AB	QA58A	0.972941
4P23.CD.AB_CD	4P23.CD.AB_AB	QA62A	1.910966
4P23.CD.AB_CD	4P23.CD.AB_AB	RA258A	2.071513
4P23.CD.AB_CD	4P23.CD.AB_AB	RA260A	0.091327
4P23.CD.AB_CD	4P23.CD.AB_AB	RA268A	0.091327
4P23.CD.AB_CD	4P23.CD.AB_AB	SA251A	0.000000
4P23.CD.AB_CD	4P23.CD.AB_AB	TA265A	0.000000
4P23.CD.AB_CD	4P23.CD.AB_AB	VA191A	0.000000
4P23.CD.AB_CD	4P23.CD.AB_AB	VA66A	1.166799
4P23.CD.AB_CD	4P23.CD.AB_AB	VA73A	0.000000
4P23.CD.AB_CD	4P23.CD.AB_AB	YA248A	0.240219
4P5T.CD.AB_CD	4P5T.CD.AB_AB	DA192A	0.000000
4P5T.CD.AB_CD	4P5T.CD.AB_AB	DA263A	0.000000
4P5T.CD.AB_CD	4P5T.CD.AB_AB	DA56A	0.617011
4P5T.CD.AB_CD	4P5T.CD.AB_AB	EA181A	1.061531
4P5T.CD.AB_CD	4P5T.CD.AB_AB	EA246A	0.240219
4P5T.CD.AB_CD	4P5T.CD.AB_AB	EA253A	0.617011
4P5T.CD.AB_CD	4P5T.CD.AB_AB	EA256A	1.009981
4P5T.CD.AB_CD	4P5T.CD.AB_AB	EA271A	0.000000
4P5T.CD.AB_CD	4P5T.CD.AB_AB	FA180A	0.000000
4P5T.CD.AB_CD	4P5T.CD.AB_AB	HA268A	0.796098
4P5T.CD.AB_CD	4P5T.CD.AB_AB	HA69A	1.009981
4P5T.CD.AB_CD	4P5T.CD.AB_AB	IA254A	0.091327
4P5T.CD.AB_CD	4P5T.CD.AB_AB	KA184A	1.991546
4P5T.CD.AB_CD	4P5T.CD.AB_AB	KA186A	1.549238
4P5T.CD.AB_CD	4P5T.CD.AB_AB	KA189A	0.240219
4P5T.CD.AB_CD	4P5T.CD.AB_AB	KA40A	1.138582
4P5T.CD.AB_CD	4P5T.CD.AB_AB	KA68A	0.991751
4P5T.CD.AB_CD	4P5T.CD.AB_AB	KA76A	0.359106
4P5T.CD.AB_CD	4P5T.CD.AB_AB	LA61A	1.009981
4P5T.CD.AB_CD	4P5T.CD.AB_AB	NA188A	0.000000
4P5T.CD.AB_CD	4P5T.CD.AB_AB	NA63A	1.496373
4P5T.CD.AB_CD	4P5T.CD.AB_AB	PA252A	0.000000
4P5T.CD.AB_CD	4P5T.CD.AB_AB	QA183A	1.654842
4P5T.CD.AB_CD	4P5T.CD.AB_AB	QA251A	0.000000
4P5T.CD.AB_CD	4P5T.CD.AB_AB	QA58A	0.000000
4P5T.CD.AB_CD	4P5T.CD.AB_AB	QA62A	0.000000
4P5T.CD.AB_CD	4P5T.CD.AB_AB	RA257A	2.074497
4P5T.CD.AB_CD	4P5T.CD.AB_AB	RA259A	0.000000
4P5T.CD.AB_CD	4P5T.CD.AB_AB	RA267A	0.000000
4P5T.CD.AB_CD	4P5T.CD.AB_AB	SA250A	0.000000
4P5T.CD.AB_CD	4P5T.CD.AB_AB	TA264A	0.821313
4P5T.CD.AB_CD	4P5T.CD.AB_AB	VA191A	0.091327
4P5T.CD.AB_CD	4P5T.CD.AB_AB	VA66A	0.868734
4P5T.CD.AB_CD	4P5T.CD.AB_AB	VA73A	0.000000
4P5T.CD.AB_CD	4P5T.CD.AB_AB	YA247A	0.170438
4PWX.AB.CD_AB	4PWX.AB.CD_CD	DA250A	1.143379
4PWX.AB.CD_AB	4PWX.AB.CD_CD	DB60K	0.370956
4PWX.AB.CD_AB	4PWX.AB.CD_CD	EA201K	1.729232
4PWX.AB.CD_AB	4PWX.AB.CD_CD	EA206A	1.039172
4PWX.AB.CD_AB	4PWX.AB.CD_CD	EA246K	1.729232
4PWX.AB.CD_AB	4PWX.AB.CD_CD	EB17A	-0.684739
4PWX.AB.CD_AB	4PWX.AB.CD_CD	EB67K	1.103867
4PWX.AB.CD_AB	4PWX.AB.CD_CD	FA194A	1.729232
4PWX.AB.CD_AB	4PWX.AB.CD_CD	HB19A	-0.348235
4PWX.AB.CD_AB	4PWX.AB.CD_CD	KA359A	0.202470
4PWX.AB.CD_AB	4PWX.AB.CD_CD	KA359D	0.118888
4PWX.AB.CD_AB	4PWX.AB.CD_CD	KA362A	0.447863
4PWX.AB.CD_AB	4PWX.AB.CD_CD	KA362D	0.261765
4PWX.AB.CD_AB	4PWX.AB.CD_CD	KB1A	0.468120
4PWX.AB.CD_AB	4PWX.AB.CD_CD	KB9A	-0.274082
4PWX.AB.CD_AB	4PWX.AB.CD_CD	QA205A	1.013958
4PWX.AB.CD_AB	4PWX.AB.CD_CD	QB20A	-0.177798
4PWX.AB.CD_AB	4PWX.AB.CD_CD	RA365A	0.359106
4PWX.AB.CD_AB	4PWX.AB.CD_CD	RA563A	1.729232
4PWX.AB.CD_AB	4PWX.AB.CD_CD	RB23A	1.729232
4PWX.AB.CD_AB	4PWX.AB.CD_CD	RB28A	1.729232
4PWX.AB.CD_AB	4PWX.AB.CD_CD	RB31A	0.334672
4PWX.AB.CD_AB	4PWX.AB.CD_CD	YA198A	1.729232
4PWX.AB.CD_AB	4PWX.AB.CD_CD	YB15A	0.754610
4PWX.AB.CD_AB	4PWX.AB.CD_CD	YB16A	1.144969
4RA0.A.C_A	4RA0.A.C_C	AB66V	0.931155
4RA0.A.C_A	4RA0.A.C_C	RB101G	0.247488
4RA0.A.C_A	4RA0.A.C_C	AB66V,RB101G	0.953515
4RA0.A.C_A	4RA0.A.C_C	GB61D,AB66V	1.102140
4RA0.A.C_A	4RA0.A.C_C	GB61D,AB66V,RB101G	1.109047
4RA0.A.C_A	4RA0.A.C_C	SB6G,AB66V	0.767548
4RA0.A.C_A	4RA0.A.C_C	SB6G,AB66V,RB101G	0.710983
4RA0.A.C_A	4RA0.A.C_C	SB6G,GB61D,AB66V	1.145801
4RA0.A.C_A	4RA0.A.C_C	SB6G,GB61D,AB66V,RB101G	1.183396
4RS1.A.B_A	4RS1.A.B_B	DA28A	2.592230
4RS1.A.B_A	4RS1.A.B_B	DA28K	3.619436
4RS1.A.B_A	4RS1.A.B_B	DA92A	1.926734
4RS1.A.B_A	4RS1.A.B_B	DA92K	3.618676
4RS1.A.B_A	4RS1.A.B_B	DA92N	1.430067
4RS1.A.B_A	4RS1.A.B_B	DA92R	3.130221
4RS1.A.B_A	4RS1.A.B_B	EA25A	1.502577
4RS1.A.B_A	4RS1.A.B_B	EA25K	2.140138
4RS1.A.B_A	4RS1.A.B_B	EA88A	0.476552
4RS1.A.B_A	4RS1.A.B_B	EA88K	0.336503
4RS1.A.B_A	4RS1.A.B_B	EA88Q	0.924957
4RS1.A.B_A	4RS1.A.B_B	EA8R	0.394424
4RS1.A.B_A	4RS1.A.B_B	EB176A	-0.694590
4RS1.A.B_A	4RS1.A.B_B	FA99A	3.626325
4RS1.A.B_A	4RS1.A.B_B	IA6G	0.856287
4RS1.A.B_A	4RS1.A.B_B	IB175A	-0.275981
4RS1.A.B_A	4RS1.A.B_B	KA91A	-0.115028
4RS1.A.B_A	4RS1.A.B_B	KA91E	0.125190
4RS1.A.B_A	4RS1.A.B_B	KA91Q	0.274082
4RS1.A.B_A	4RS1.A.B_B	KB174A	0.871208
4RS1.A.B_A	4RS1.A.B_B	KB203A	0.276282
4RS1.A.B_A	4RS1.A.B_B	LA95A	2.365587
4RS1.A.B_A	4RS1.A.B_B	LB204A	0.072255
4RS1.A.B_A	4RS1.A.B_B	NA89A	1.290018
4RS1.A.B_A	4RS1.A.B_B	NA89D	0.295628
4RS1.A.B_A	4RS1.A.B_B	NA89K	0.910145
4RS1.A.B_A	4RS1.A.B_B	NB150A	-0.046389
4RS1.A.B_A	4RS1.A.B_B	QA79A	0.469951
4RS1.A.B_A	4RS1.A.B_B	QA79E	1.212153
4RS1.A.B_A	4RS1.A.B_B	QB202A	1.354172
4RS1.A.B_A	4RS1.A.B_B	RA10D	0.178390
4RS1.A.B_A	4RS1.A.B_B	RA11D	0.190122
4RS1.A.B_A	4RS1.A.B_B	SB205A	0.615990
4RS1.A.B_A	4RS1.A.B_B	TB172A	0.480713
4RS1.A.B_A	4RS1.A.B_B	YB151A	-0.655854
4RS1.A.B_A	4RS1.A.B_B	YB151F	-0.449058
4RS1.A.B_A	4RS1.A.B_B	DA28K,DA92K	4.122902
4RS1.A.B_A	4RS1.A.B_B	EA25K,DA28K	4.122902
4RS1.A.B_A	4RS1.A.B_B	EA25K,DA92K	4.122902
4RS1.A.B_A	4RS1.A.B_B	LA95A,FA99A	4.122902
4RS1.A.B_A	4RS1.A.B_B	LB146A,TB147A,SB148A	-0.215934
4RS1.A.B_A	4RS1.A.B_B	NB116A,SB117A,KB118A,RB119A	-0.046389
4RS1.A.B_A	4RS1.A.B_B	RB47A,EB48A,HB52A	-0.546588
4RS1.A.B_A	4RS1.A.B_B	YB201A,YB206A	0.720931
4U6H.AB.E_AB	4U6H.AB.E_E	NB21A	-0.348235
4U6H.AB.E_AB	4U6H.AB.E_E	QB25A	0.118888
4UYP.A.D_A	4UYP.A.D_D	AB18F,AB54F,SB15I,IB16N	4.680967
4UYP.A.D_A	4UYP.A.D_D	DB23Q,DB59Q,SB15I,IB16N	4.472781
4UYP.A.D_A	4UYP.A.D_D	IB51S,IB16N	1.974171
4UYP.A.D_A	4UYP.A.D_D	IB51S,NB52I,SB15I,IB16N	-0.211313
4UYP.A.D_A	4UYP.A.D_D	LB20Y,LB56Y,SB15I,IB16N	0.240219
4UYP.A.D_A	4UYP.A.D_D	NB52I,SB15I	3.837295
4UYP.A.D_A	4UYP.A.D_D	RB14N,KB50N,SB15I,IB16N	0.689111
4UYP.A.D_A	4UYP.A.D_D	SB15I,IB16N	-0.255218
4WND.A.B_A	4WND.A.B_B	NA263R	-0.020790
4WND.A.B_A	4WND.A.B_B	RA201E	2.795849
4WND.A.B_A	4WND.A.B_B	RA201E,NA263R	3.857380
4X4M.AB.E_AB	4X4M.AB.E_E	HB154A	0.383096
4X4M.AB.E_AB	4X4M.AB.E_E	HB154E	1.985130
4X4M.AB.E_AB	4X4M.AB.E_E	KB153A	0.639547
4X4M.AB.E_AB	4X4M.AB.E_E	KB153E	0.953515
4X4M.AB.E_AB	4X4M.AB.E_E	RB155A	1.740171
4X4M.AB.E_AB	4X4M.AB.E_E	RB155E	0.641830
4X4M.AB.E_AB	4X4M.AB.E_E	KB153A,HB154A,RB155A	1.788142
4YEB.A.B_A	4YEB.A.B_B	AA114S	0.069391
4YEB.A.B_A	4YEB.A.B_B	DA133A	1.367666
4YEB.A.B_A	4YEB.A.B_B	FB131A	2.417466
4YEB.A.B_A	4YEB.A.B_B	RB88T	0.277578
4YFD.A.B_A	4YFD.A.B_B	DB7A	-0.054727
4YFD.A.B_A	4YFD.A.B_B	EA259A	1.216523
4YFD.A.B_A	4YFD.A.B_B	KB71A	1.475085
4YFD.A.B_A	4YFD.A.B_B	RA169A	0.159446
4YFD.A.B_A	4YFD.A.B_B	RA48A	0.284953
4YFD.A.B_A	4YFD.A.B_B	WB4A	1.132602
4YFD.A.B_A	4YFD.A.B_B	EA207G,LA208S,RA209S,EA210G	-0.035917
4YFD.A.B_A	4YFD.A.B_B	EA207Q,RA209E,EA210Q	0.172612
5C6T.HL.A_HL	5C6T.HL.A_A	EB194A	1.091160
5C6T.HL.A_HL	5C6T.HL.A_A	FA99A	1.460684
5C6T.HL.A_HL	5C6T.HL.A_A	FB192A	1.998096
5C6T.HL.A_HL	5C6T.HL.A_A	FB199A	2.759414
5C6T.HL.A_HL	5C6T.HL.A_A	FB200A	0.410656
5C6T.HL.A_HL	5C6T.HL.A_A	IB201A	0.886008
5C6T.HL.A_HL	5C6T.HL.A_A	NA97A	1.526579
5C6T.HL.A_HL	5C6T.HL.A_A	NB183A	0.284124
5C6T.HL.A_HL	5C6T.HL.A_A	NB186A	0.363235
5C6T.HL.A_HL	5C6T.HL.A_A	NB188A	-0.366751
5C6T.HL.A_HL	5C6T.HL.A_A	RA161A	0.123016
5C6T.HL.A_HL	5C6T.HL.A_A	RA31S	0.311685
5C6T.HL.A_HL	5C6T.HL.A_A	SA32A	-0.868734
5C6T.HL.A_HL	5C6T.HL.A_A	TB185A	0.338020
5C6T.HL.A_HL	5C6T.HL.A_A	YA104A	0.363235
5C6T.HL.A_HL	5C6T.HL.A_A	YA160A	0.551904
5C6T.HL.A_HL	5C6T.HL.A_A	YA98A	1.717449
5C6T.HL.A_HL	5C6T.HL.A_A	YB182A	3.209791
5C6T.HL.A_HL	5C6T.HL.A_A	NB195A,DB197A	0.586764
5C6T.HL.A_HL	5C6T.HL.A_A	YB182A,NB195A,DB197A	2.943742
5CYK.A.B_A	5CYK.A.B_B	EB52A	-2.115968
5CYK.A.B_A	5CYK.A.B_B	EB52R	-2.680372
5CYK.A.B_A	5CYK.A.B_B	EB52R,EB47D	-2.315311
5CYK.A.B_A	5CYK.A.B_B	EB52R,TB50Q	-2.617951
5CYK.A.B_A	5CYK.A.B_B	EB52R,VB54W	-2.115968
5K39.A.B_A	5K39.A.B_B	FB142A	2.717537
5K39.A.B_A	5K39.A.B_B	IB148A	2.053059
5K39.A.B_A	5K39.A.B_B	MB108A	-0.477855
5K39.A.B_A	5K39.A.B_B	MB112A	-0.233123
5K39.A.B_A	5K39.A.B_B	SB115A	0.450341
5M2O.A.B_A	5M2O.A.B_B	EA80A	0.699855
5M2O.A.B_A	5M2O.A.B_B	HA117A	0.883034
5M2O.A.B_A	5M2O.A.B_B	IB17A	2.026362
5M2O.A.B_A	5M2O.A.B_B	KA73A	-0.757076
5M2O.A.B_A	5M2O.A.B_B	KB32A	1.063626
5M2O.A.B_A	5M2O.A.B_B	LA75A	1.627034
5M2O.A.B_A	5M2O.A.B_B	LB65A	0.850652
5M2O.A.B_A	5M2O.A.B_B	NA120A	0.449897
5M2O.A.B_A	5M2O.A.B_B	NA64A	0.041853
5M2O.A.B_A	5M2O.A.B_B	NA71A	0.154846
5M2O.A.B_A	5M2O.A.B_B	QB25A	1.144911
5M2O.A.B_A	5M2O.A.B_B	QB61A	-0.157751
5M2O.A.B_A	5M2O.A.B_B	SB18A	0.047045
5M2O.A.B_A	5M2O.A.B_B	VB21A	2.443841
5M2O.A.B_A	5M2O.A.B_B	EA80A,HA117A	2.529977
5M2O.A.B_A	5M2O.A.B_B	EA80A,NA120A	1.210967
5M2O.A.B_A	5M2O.A.B_B	HA117A,NA120A	2.338982
5M2O.A.B_A	5M2O.A.B_B	NA71A,EA80A	1.028942
5M2O.A.B_A	5M2O.A.B_B	NA71A,HA117A	2.286818
5M2O.A.B_A	5M2O.A.B_B	NA71A,NA120A	2.459463
5M2O.A.B_A	5M2O.A.B_B	VB21A,QB25A	3.317599
5UFE.A.B_A	5UFE.A.B_B	GA12C	-0.396380
5UFE.A.B_A	5UFE.A.B_B	GA12D	-1.273908
5UFE.A.B_A	5UFE.A.B_B	GA12V	-0.727925
5UFE.A.B_A	5UFE.A.B_B	QB25R	0.292423
5UFE.A.B_A	5UFE.A.B_B	GA12D,QB25R	-0.975104
5UFE.A.B_A	5UFE.A.B_B	GA12D,QB25R,EB33G,DB34G	-0.922537
5UFE.A.B_A	5UFE.A.B_B	QB25R,EB33G,DB34G	0.097520
5XCO.A.B_A	5XCO.A.B_B	DA13C	0.811243
5XCO.A.B_A	5XCO.A.B_B	DA13G	1.110487
5XCO.A.B_A	5XCO.A.B_B	DB12A	2.797383
5XCO.A.B_A	5XCO.A.B_B	IB9A	2.797383
5XCO.A.B_A	5XCO.A.B_B	LB7A	2.747983
5XCO.A.B_A	5XCO.A.B_B	PB13A	0.635135
5XCO.A.B_A	5XCO.A.B_B	PB6A	1.079022
5XCO.A.B_A	5XCO.A.B_B	SB10A	1.286010
5XCO.A.B_A	5XCO.A.B_B	VB14A	0.000000
5XCO.A.B_A	5XCO.A.B_B	YB11A	1.900335
5XCO.A.B_A	5XCO.A.B_B	YB8A	1.364171
5XCO.A.B_A	5XCO.A.B_B	DA13C,DB12A	2.797383
5XCO.A.B_A	5XCO.A.B_B	DA13C,IB9A	2.797383
5XCO.A.B_A	5XCO.A.B_B	DA13C,LB7A	2.797383
5XCO.A.B_A	5XCO.A.B_B	DA13C,PB13A	1.747584
5XCO.A.B_A	5XCO.A.B_B	DA13C,PB6A	2.409963
5XCO.A.B_A	5XCO.A.B_B	DA13C,SB10A	2.464354
5XCO.A.B_A	5XCO.A.B_B	DA13C,VB14A	0.859965
5XCO.A.B_A	5XCO.A.B_B	DA13C,YB11A	2.797383
5XCO.A.B_A	5XCO.A.B_B	DA13C,YB8A	2.618993
5XCO.A.B_A	5XCO.A.B_B	DA13G,DB12A	2.797383
5XCO.A.B_A	5XCO.A.B_B	DA13G,IB9A	2.797383
5XCO.A.B_A	5XCO.A.B_B	DA13G,LB7A	2.797383
5XCO.A.B_A	5XCO.A.B_B	DA13G,PB13A	2.122323
5XCO.A.B_A	5XCO.A.B_B	DA13G,PB6A	2.453868
5XCO.A.B_A	5XCO.A.B_B	DA13G,SB10A	2.791429
5XCO.A.B_A	5XCO.A.B_B	DA13G,VB14A	1.322820
5XCO.A.B_A	5XCO.A.B_B	DA13G,YB11A	2.797383
5XCO.A.B_A	5XCO.A.B_B	DA13G,YB8A	2.741508
